studyName,studyId,summary,initiative,studyLeads,institutions,manifestation,diseaseFocus,studyStatus,dataStatus,fundingAgency,accessRequirements,acknowledgementStatements,dataType,relatedStudies,studyFileviewId,id,grantDOI,Resource_id
A 3D Cutaneous Neurofibroma Model for Automated High-Throughput Drug Screenings,syn:syn11374354,"Given the absence of therapeutic options and the heterogeneous nature of cutaneous neurofibromas (cNF), a physiological system that supports the growth of cNF tumor cells is required for drug screening efforts. We aim to adapt our optimized high-throughput 3D ring approach to develop a novel preclinical cNF model.  My laboratory has developed a robust high-throughput system to establish tumor organoids using a specific geometry to minimize sample handling and cell seeding density. By seeding cells in Matrigel in a mini-ring format we are able to routinely generate organoids from cell lines and primary samples in a format suitable for automation and high-throughput drug screenings. The approach does not necessitate of a priori cell expansion and allows to pinpoint drug sensitivities in within 5-6 days, hence avoiding most of the issues that arise from sample senescence and/or accumulation of genetic changes that can occur with prolonged time in culture. Our method is particularly suited to sustain growth of clinically relevant heterogeneous primary samples, both malignant as well as benign such as Schwann cells or fibroblasts. A single clinical sample can provide sufficient material to screen hundreds of drugs and identify individual drug susceptibilities. Here we aim to extend our proven method to cNF specimens to establish a reliable pre-clinical model. We will use primary samples obtained from NF1 patients and establish cNF organoids to elucidate disease biology and enable therapeutic testing. We anticipate collecting n=10 samples from adult NF1 patients through established collaborations with the UCLA NF clinic. We will characterize the tissues by histopathology and next generation sequencing (NGS) and determine whether the cNF 3D models recapitulate all the major features of the tumor of origin. While beyond the scope of the current project, the cNF models developed and validated here may be used in the future to perform automated high throughput 3D drug screenings to identify possible new therapeutic options for NF1 patients.",Cutaneous Neurofibroma Initiative,Alice Soragni,"University of California, Los Angeles",:Cutaneous_Neurofibroma,:Neurofibromatosis_Type_1,Active,Under Embargo,NTAP,The data from this study is currently under embargo. Please contact the principal investigator for access to the data.,,:Image|:Gene_Expression,syn:syn8016635|syn:syn11374333,syn:syn11601495,syn11374354,https://doi.org/10.54464/pc.gr.147702,
Synodos NF2,syn:syn2343195,"Synodos for NF2 is a first-of-its-kind neurofibromatosis research collaboration dedicated to defeating the rare genetic disorder neurofibromatosis type 2 (NF2). This unique consortium brings together a multidisciplinary team of scientists from twelve world-class labs at academic and medical centers of excellence, who have pledged to work closely together - sharing information, datasets, results and more - at every step in research development, with the goal of speeding up the drug discovery process. The end goal of this effort is to find new approaches to the diagnosis and treatment of two primary NF2-related tumors: schwannoma and meningioma. The expectation is to take the work from discovery to pre-clinical development, resulting in the development of an Investigational New Drug (IND) for NF2. Presently, two of three data releases have been conducted, with high-throughput drug screening data and more gene expression/kinomics data to be released in the future.",Synodos,Jaishri Blakeley|D. Wade Clapp|James Gusella|Scott Plotkin,Johns Hopkins Medical Institute|Indiana University|Massachusetts General Hospital|Harvard Medical School|University of Central Florida|FLI-Leibniz-Germany|University of North Carolina|Ohio State University|Sage Bionetworks|Children's Tumor Foundation,:Schwannoma|:Meningioma,:Neurofibromatosis_Type_2,Completed,Available,CTF,Accessing the data from this study requires a Synapse account.,"If you use data from this study in a publication or talk, please cite the following publication: ""The Synodos for NF2 Consortium, et al. (2018) Traditional and systems biology based drug discovery for the rare tumor syndrome neurofibromatosis type 2. PLoS ONE 13(6): e0197350. https://doi.org/10.1371/journal.pone.0197350."" In addition, please acknowledge the NF Data Portal using the following statement: ""The results published here are in whole or in part based on data obtained from the NF Data Portal (http://www.nfdataportal.org) and made available through the NF Open Science Initiative.""",:Drug_Screen|:Kinomics|:Gene_Expression|:Genomic_Variants|:,syn:syn23532273|syn:syn26238842|syn:syn26383473,syn:syn11614200,syn2343195,https://www.doi.org/10.48105/pc.gr.88541|https://www.doi.org/10.48105/pc.gr.88552|https://www.doi.org/10.48105/pc.gr.88580|https://www.doi.org/10.48105/pc.gr.88495|https://www.doi.org/10.48105/pc.gr.88438|https://www.doi.org/10.48105/pc.gr.88461|https://www.doi.org/10.48105/pc.gr.88567|https://www.doi.org/10.48105/pc.gr.88682|https://www.doi.org/10.48105/pc.gr.88823,
A Nerve Sheath Tumor Bank from Patients with Neurofibromatosis Type 1 (NF1),syn:syn4939902,"Surgery is currently the only treatment option for patients with NF1 with symptomatic plexiform neurofibromas (pNF). Progress developing nonsurgical therapy for pNF has been limited by a number of factors including 1) the lack of cell culture based models of pNF, 2) a limited number of animal models of pNF, and 3) limited access of investigators to primary pNF tissue from NF1 patients. Although progress is being made in the development and utilization of animal models and cell culture models, the limited availability of primary patient tissue remains a gap. The goal of this project is to establish a biospecimen and xenograft bank from NF1 patients with pNF and malignant peripheral nerve sheath tumors (MPNST) and to increase accessibility of these tissues to the research community.",Open Proposal Program,Christine Pratilas,Johns Hopkins Medical Institute,:Plexiform_Neurofibroma|:Unknown_Annotation|:Cutaneous_Neurofibroma,:Neurofibromatosis_Type_1,Active,Partially Available,NTAP,Accessing the data from this study requires a Synapse account. You must also [request access](https://www.synapse.org/#!Synapse:syn4939902/wiki/593715) from the study investigators.,"If you use data from this study in a publication or talk, please cite the following preprint: """"Pollard, K, et al. A clinically and genomically annotated nerve sheath tumor biospecimen repository. bioRxiv 2019.12.19.871897; doi: https://doi.org/10.1101/2019.12.19.871897 .” In addition, please acknowledge the NF Data Portal using the following statement: """"The results published here are in whole or in part based on data obtained from the NF Data Portal (http://www.nfdataportal.org) and made available through the NF Open Science Initiative.""""",:Gene_Expression|:Genomic_Variants|:Image,syn:syn4939906|syn:syn7217946|syn:syn4939874,syn:syn13363852,syn4939902,https://doi.org/10.54464/pc.gr.147684,
A Robust Plexiform Neurofibroma Model for Preclinical Drug Screening,syn:syn8016635,"We utilized a genetically engineered mouse model as a tool to identify the cell of origin for plexiform neurofibroma. Using genetic labeling for cell-lineage tracing, we showed that the embryonic GAP43+PLP+ Schwann cell precursors originate from dorsal spinal nerve roots are the cells of origin for plexiform neurofibromas. Our studies point to the importance of stem cells and their immediate progenitors in the initiation of tumors, consistent with the notion that these neoplasms originate in a subset of primitive precursors and that most cells in an organ do not generate tumors. The identity of the tumor cell of origin and facility for isolation and expansion of these DRG/nerve root neurosphere cells (DNSCs), which contain the embryonic GAP43+PLP+ Schwann cell precursors, allow us to reconstruct all the biological steps from the original cells to tumor stage to delineate mechanism of neurofibromagenesis. Most importantly, the ability to isolate embryonic PLP+ GAP43+ cells for ex vivo expansion and Nf1 ablation to generate classic sciatic plexiform neurofibromas provides a reliable and robust non-germline neurofibroma model for in vivo drug screening with a quantifiable and reproducible outcome measure (via bioluminescent scan) to select lead compounds for clinical assessment. In this application, we propose to establish the utility of this non-germline plexiform neurofibroma (pNF) model as a rapid preclinical therapeutic drug screening tool to identify effective therapies for pNF. To achieve this goal, we will first explore the possibility of long term storage of DNSCs to maintain their tumorigenic potential for reliable and rapid plexiform neurofibromagenesis. Next, we will develop it into a robust plexiform neurofibroma model for preclinical drug screening by testing therapeutic effects of different pharmacological interventions.",Open Proposal Program,Lu Le,University of Texas Southwestern Medical Center,:Plexiform_Neurofibroma,:Neurofibromatosis_Type_1,Completed,Under Embargo,NTAP,The data from this study is currently under embargo. Please contact the principal investigator for access to the data.,,:Drug_Screen,syn:syn11374354|syn:syn11374333,syn:syn12582871,syn8016635,https://doi.org/10.54464/pc.gr.147686,
Acceptance and Commitment Training for Chronic Pain in Adolescents and Young Adults with Neurofibromatosis Type I and Plexiform Neurofibromas: A Randomized Controlled Trial,syn:syn4939896,"NF1-related pain is often not well-controlled with medication and many of the medications cause significant side effects. To our knowledge, only one prior study (by our group) has examined the effectiveness of a psychological intervention for chronic pain in adolescents and young adults (AYA) with NF1 and PNs. Acceptance and Commitment Therapy (ACT) is a type of therapy that focuses on encouraging individuals to engage in more adaptive ways of coping with pain. The goal of ACT is not to eliminate the person's pain, but to optimize the person's functioning despite their pain. This study is examining the impact of an 8-week ACT intervention on pain interference and other variables among AYA ages 16-34 years with NF1, one or more PNs, and chronic pain. We also are exploring the role of heart rate variability (HRV), which is a physiological marker of pain, in this population. The goal of this project is to establish ACT's effectiveness as a psychological intervention tool targeting chronic pain in patients with NF1/PN, in order to improve daily functioning and pain interference. Our primary goal is to compare changes in pain interference scores from pre- to post- intervention between the ACT group and the waitlist (WL) group. Secondary aims include examining baseline to post-treatment changes in quality of life, pain severity, depression, pain-related anxiety, and HRV, assessed by electrocardiogram (ECG); comparing the ACT and WL groups on pre-post changes in quality of life, pain intensity, depression, pain-related anxiety, and HRV; and examining the relationships of HRV with pain and psychosocial variables.",Open Proposal Program,Staci Martin,National Cancer Institute,:Plexiform_Neurofibroma,:Neurofibromatosis_Type_1,Active,None,NTAP,,,,syn:syn4939912,syn:syn15666830,syn4939896,https://doi.org/10.54464/pc.gr.147681,
Can targeted therapy prevent neurofibroma growth in mice?,syn:syn4939872,"Preliminary efficacy studies conducted through the NFTC showed that DhhCre;Nf1fl/fl;Stat3fl/fl mice had minimal nerve disruption and, although neurofibromas formed, they were dramatically reduced in size as compared to those in DhhCre;Nf1fl/fl mice. As a result, the hypothesis was formulated that Stat3 inhibition using a Stat3 Antisense RNA will prevent tumor formation in a mouse neurofibroma model. The inhibitor, AZD 9150 / ISIS 481464 showed efficacy in multiple myeloma and is in Phase1/1b trials in other cancers. If this same inhibitor shows efficacy in preventing tumor formation, pre-clinical studies will be executed to assess dosing strategies for limited duration.",Open Proposal Program,Nancy Ratner,Cincinnati Children's Hospital Medical Center,:Plexiform_Neurofibroma,:Neurofibromatosis_Type_1,Completed,None,NTAP,,,,syn:syn11374345|syn:syn4939892|syn:syn4939890|syn:syn8012599|syn:syn22268639,syn:syn19554982,syn4939872,https://doi.org/10.54464/pc.gr.147676,
Development of a Child Neurofibromatosis Type 1 Health Related Quality of Life Measure,syn:syn4939878,"To develop and test the feasibility, reliability and validity of the child self-report and parent proxy-report versions of the Pediatric Quality of Life InventoryTM (PedsQL-TM) NF1 module for pediatric patients ages 5-25 with NF1 from the perspectives of patients and parents. The PedsQL(TM) NF1 Module Scales demonstrated acceptable to excellent measurement properties, and may be utilized as standardized metrics to assess NF1-specific symptoms and problems in clinical research and practice in children, adolescents, and young adults. The PedsQL(TM) NF1 Module will have a significant impact on the design of clinical trials targeted to better understand and improve clinical treatment for NF1.",Patient Reported Outcomes,Nancy Swigonski,Indiana University,:Plexiform_Neurofibroma,:Neurofibromatosis_Type_1,Completed,Under Embargo,NTAP,The data from this study is currently under embargo. Please contact the principal investigator for access to the data.,,:Survey_Data,syn:syn4939880|syn:syn4939888|syn:syn12051335|syn:syn4939894,syn:syn9922960,syn4939878,https://doi.org/10.54464/pc.gr.147664,
Combination Index Validation Studies (2 drug combinations),syn:syn4939876,"Preliminary High-throughput screening (HTS) data generated at National Center for Advancing Translational Sciences (NCATS) implicated a number of different compounds as potential candidates and combinations suitable for moving forward to preclinical testing, with nine combinations prioritized for validation in murine primary embryonic Schwann cell lines and/or immortalized cell lines. The goal of these experiments was to validate the results of preliminary HTS at NIH/NCATS by Dr. Ferrer.",Open Proposal Program,D. Wade Clapp,Indiana University,:Plexiform_Neurofibroma,:Neurofibromatosis_Type_1,Completed,Under Embargo,NTAP,The data from this study is currently under embargo. Please contact the principal investigator for access to the data.,,:Drug_Screen,syn:syn8016599|syn:syn7239479|syn:syn26238964,syn:syn8449585,syn4939876,https://doi.org/10.54464/pc.gr.147694,
"Cutaneous Neurofibroma - Models, Biology, and Translation",syn:syn11374333,"There are still gaps in our knowledge of cNF pathogenesis that could be addressed by the adoption of a systemic approach to decipher all the biological steps in cNF development from the cell of origin to tumor stage to identify the rate limiting step that can be therapeutically targeted to prevent or delay cNF formation. Therefore, in this application, we propose a set specific aims to fill this knowledge gap: We will define the identity of the cNF cell of origin in mice that will guide us to identify the cells of origin for human cNF. We will next decipher how the cell of origin and the tumor microenvironment contribute to drive cNF initiation that will uncover its pathogenesis to delineate biological steps and mechanisms in tumor development as well as generating of preclinical models system that elucidate cNF biology and enable preclinical therapeutic testing. Our overall project will advance via two parallel but interwoven efforts: (1) Characterize cNF cell of origin to trace their developmental origin as well as to define their phenotypes and interactions with the tumor microenvironment. This will provide a framework for elucidating the functional contributions of cNF cell of origin in neurofibroma development. (2) To determine biological steps that are critical for cNF development. A major innovation in our work is linking these approaches in a synergistic manner to our novel neurofibroma models that can be used broadly to decipher the pathogenesis as well as pre-clinical models for therapeutic testing.",Cutaneous Neurofibroma Initiative,Lu Le,University of Texas Southwestern Medical Center,:Cutaneous_Neurofibroma,:Neurofibromatosis_Type_1,Completed,Under Embargo,NTAP,The data from this study is currently under embargo. Please contact the principal investigator for access to the data.,,:Image|:Gene_Expression,syn:syn11374354|syn:syn8016635,syn:syn25795489,syn11374333,https://doi.org/10.54464/pc.gr.147699,
Deconstruction and Reconstitution of NF1 Cutaneous Neurofibromas,syn:syn11374357,"Our goal is to substantially increase understanding of the pathophysiology of the cutaneous neurofibromas (cNFs) that are a major burden to many patients with type 1 neurofibromatosis (NF1). We will do this by first deconstructing human cNFs through single-cell transcriptomics (scRNA-Seq) to rigorously define the cell populations and sub-populations in these complex tumors. We will then develop three-dimensional (3D) co-culture models of these tumors as a step toward pathomimetic systems for more accurate preclinical therapeutic screening.The goal of the first aim is to use scRNA-Seq to develop an unbiased portrait of the cellular composition of NF1 cNFs. Each tumor that is deconstructed will be a milestone along the way to reaching that goal. We anticipate that at least 8 tumors will need to be deconstructed to take account of the high degree of heterogeneity in the these tumors. Approximately 10,000 cells from each sample will be subject to scRNA-Seq, with the rest used for development of primary cNF cells and fibroblasts for use in Aim Two. The second aim has the goal of development of pathomimetic avatars of NF1 cNFs that will be useful for therapeutic testing. The number and complexity of the avatars required will be determined by the results of the scRNA-Seq. Milestones will be successful development of 3D culture and co-culture conditions for the cell types and of quantitative assays for their morphology, proliferation, and apoptosis.",Cutaneous Neurofibroma Initiative,Raymond Mattingly,Wayne State University,:Cutaneous_Neurofibroma,:Neurofibromatosis_Type_1,Active,Under Embargo,NTAP,,,:|:Cellular_Physiology,syn:syn11374353|syn:syn11374339|syn:syn11374341|syn:syn4939910|syn:syn26238926,syn:syn11601503,syn11374357,https://doi.org/10.54464/pc.gr.147703,
Development of a needs-based quality of life Patient Reported Outcome measure specific patients with NF1-associated pNFs,syn:syn4939880,"The goal of this project is to establish that interventions to NF1-associated pNFs improve/benefit a patient's QoL, in addition to clinical status. The study was designed to develop a patient-based measure that determines the impact of plexiforms on need fulfilment in affected individuals. The model underlying the new measure is that illness and its treatment affect individuals by limiting their ability to meet their human needs. Needs are fundamental to life as they motivate us to take appropriate actions. The work is being conducted in parallel in the US and UK. Consequently, the final scale will be valid for use in both countries individually or combined. A secondary aim of the study is to work with the European Medicines Agency (EMA) to gain favourable Qualification Opinion for the new PRO. This will ensure that data generated from the measure in clinical trials will be accepted by the EMA.",Patient Reported Outcomes,Stephen McKenna,Galen Research,:Plexiform_Neurofibroma,:Neurofibromatosis_Type_1,Completed,None,NTAP,,,,syn:syn4939878|syn:syn4939888|syn:syn12051335|syn:syn4939894,syn:syn19554989,syn4939880,https://doi.org/10.54464/pc.gr.147663,
Development of Patient Reported Outcomes System for Patients with NF1-Associated Plexiform Neurofibromas using Mixed Method Approach,syn:syn4939888,"Patient Reported Outcome (PRO) measures assess the treatment outcomes most relevant to patients, and constitute potential outcomes to evaluate in clinical trials. PROs meeting FDA guidelines are critical to ensuring patient-centered endpoints are incorporated. Historically, NF1-associated plexiform neurofibromas (pNF) treatment trials have under-utilized PROs specific to pNF. A psychometrically sound measure incorporating input from patients, families and clinicians, is critical for inclusion in treatment trials. To address the need for a pNF-specific PRO measure for use in clinical trials, this project sought to develop a PRO measurement system utilizing input from patients, families and clinicians, as well as well as psychometric analysis methods to ensure the developed measures are reliable and valid. Specifically this project designed a PRO system for children and young adults with pNF by (1) establishing a conceptual model describing HRQOL, 2) Developing item pools (e.g., pain, stigma, and organ dysfucntion measures), 3) Evaluating psychometric properties of the pools, 4) affirming clinical differences.",Patient Reported Outcomes,Jin-Shei Lai,Northwestern University,:Plexiform_Neurofibroma,:Neurofibromatosis_Type_1,Completed,Available,NTAP,Accessing the data from this study requires a Synapse account.,,:Survey_Data,syn:syn4939878|syn:syn4939880|syn:syn12051335|syn:syn4939894,syn:syn15666651,syn4939888,https://doi.org/10.54464/pc.gr.147662,
Drug Screening of pNF Cell Lines,syn:syn4939906,"A lack of cellular model systems was identified as a major gap in pNF therapeutics-focused research when NTAP was launched in 2012. Hence, creating a cell culture initiative was an early priority. While current animal models can faithfully mimic some aspects of pNF (tumor histology, imaging characteristics, natural history), they are based on relatively narrow genetically engineered platforms and are not fully representative of human NF1 diversity. Moreover, the tumors in these models are slow growing (requiring 9-12 months for a single compound efficacy study) and costly. Hence, there is a need for in vivo models that allow more rapid drug screening (particularly when considering possible combinatorial therapies) and a need for in vitro models that allow more facile manipulation of the NF1 gene in order to understand the molecular genomics influencing tumor behavior. The goal of this project is to create a panel of cell culture systems that represent pNF complexity and can be utilized to both screen new compounds as well as to identify new therapeutic targets.",Cell Culture Initiative,Marc Ferrer,National Center for Advancing Translational Sciences,:Plexiform_Neurofibroma,:Neurofibromatosis_Type_1,Completed,Partially Available,NTAP,Accessing the data from this study requires a Synapse account.,"If you use data from this study in a publication or talk, please cite the following publication: ""Ferrer M, Gosline SJC, Stathis M, et al. Pharmacological and genomic profiling of neurofibromatosis type 1 plexiform neurofibroma-derived schwann cells. Sci Data. 2018;5:180106. Published 2018 Jun 12. doi:10.1038/sdata.2018.106."" In addition, please acknowledge the NF Data Portal using the following statement: ""The results published here are in whole or in part based on data obtained from the NF Data Portal (http://www.nfdataportal.org) and made available through the NF Open Science Initiative.""",:Drug_Screen|:Drug_Combination_Screen,syn:syn4939902|syn:syn7217946|syn:syn4939874,syn:syn7850572,syn4939906,,"[""3a507bfd-7d2b-4238-b79a-83fe985c2cea"", ""3a8f5be4-aa22-48f2-9a76-9412010ecd45"", ""844b598c-0171-4972-91c3-27aa21b45d52"", ""5502caf5-4cf1-418f-bf50-164cfa316b0f"", ""3dedf9d2-614c-4cf9-8d18-aff8aa2dc0eb"", ""ab60aae5-7860-4d1d-bb02-208e6631c78b"", ""2c4c8b02-f12e-4a17-a408-38ae88dd841d"", ""b44361f2-9021-4920-901a-b1a1f9143f97"", ""be2333d6-6716-4d13-947d-41f4198497a4""]"
Identification of pathways triggered by Schwann cell-fibroblast interactions driving cutaneous neurofibroma growth,syn:syn11374353,"Inactivation of the NF1 gene in SCs is believed to be the cause triggering cNF formation. Extensive analysis has shown that from a genetic and genomic perspective, there is no additional recurrent genetic alteration besides the NF1 inactivation involved in cNFs. Despite its simple genetic etiology, the contribution of the interactions among cells composing cNFs need to be investigated to better understand their role in cNF formation and their potential influence on treatment response. In this work, we propose to use co-cultures of cNF-derived primary SCs and FBs to identify expression signatures in cNFs that are specifically due to SC-FB heterotypic interactions. For this purpose we will compare RNA-Seq data from cNFs, their single cell primary cultures and co-cultures of SCs and FBs. Furthermore, we will identify the genetic variation present in gene coding regions of neurofibroma donors. Since SCs and FBs used in co-cultures will belong to different individuals, we estimate to dissect about 75% of the expression signature due to SC-FB interactions by assigning each differently expressed gene to a specific cell type, according to their genetic variation. Signaling pathways represented by expression signatures will be analyzed and their disruption tested functionally. The goal of this study is to understand the signaling between SCs and FBs within cNFs and their importance and impact on their viability, proliferation capacity and contribution to cNF development.",Cutaneous Neurofibroma Initiative,Eduard Serra,IGPT,:Cutaneous_Neurofibroma,:Neurofibromatosis_Type_1,Active,Under Embargo,NTAP,The data from this study is currently under embargo. Please contact the principal investigator for access to the data.,,:Genomic_Variants|:Gene_Expression,syn:syn11374357|syn:syn11374339|syn:syn11374341|syn:syn4939910|syn:syn26238926,syn:syn11601488,syn11374353,https://doi.org/10.54464/pc.gr.147704,
Genetic Studies of Neurofibromatosis,syn:syn11374339,"NF1 cutaneous neurofibromas (cNFs) have some similarities to non-cutaneous (plexiform) neurofibromas, but there are also differences whose molecular bases are not well characterized. There is also heterogeneity within cNFs, e.g. NF1 mutations and phenotypes. To improve our understanding of cNF biology, we will develop characterized cNF Schwann cell two-hit cultures/lines, and perform exome RNA sequence analysis in these resources as well as primary tissue (intact and isolated single cells). Heterozygous Schwann cell lines will also be developed and studied from some of the same tumors.",Cutaneous Neurofibroma Initiative,Peggy Wallace,University of Florida,:Cutaneous_Neurofibroma,:Neurofibromatosis_Type_1,Active,Under Embargo,NTAP,The data from this study is currently under embargo. Please contact the principal investigator for access to the data.,,:Image,syn:syn11374357|syn:syn11374353|syn:syn11374341|syn:syn4939910|syn:syn26238926,syn:syn11601459,syn11374339,https://doi.org/10.54464/pc.gr.147705,
Identifying preclinical predictors of clinical success in NF1,syn:syn12051335,This project intends to characterize the current landscape of preclinical models and clinical trials in neurofibromatosis type 1 with the goal of identifying better preclinical measures.,Independent,Jaishri Blakeley,Johns Hopkins University,:Plexiform_Neurofibroma|:Unknown_Annotation,:Unknown_Annotation,Active,Under Embargo,NTAP,The data from this study is currently under embargo. Please contact the principal investigator for access to the data.,,,syn:syn4939878|syn:syn4939880|syn:syn4939888|syn:syn4939894,syn:syn15665016,syn12051335,,
Imaging Biomarkers of Neurofibromatosis Type 1-Associated Optic Pathway Glioma,syn:syn4939894,"The mechanism of visual acuity loss in optic pathway gliomas (OPG) involves damage to white matter connections due to tumor infiltration or compression of the visual pathway. Non-invasive methods of investigating white matter tract integrity and tissue microstructure may help measure and predict visual acuity in children with OPG. Research supported by the Francis S. Collins Scholarship examines two innovative and non-invasive measures of tissue microstructure: Diffusion Tensor Imaging (DTI) is a magnetic resonance technique to quantify white matter tracts and assess tract damage by measuring the preferential motion of water molecules along and not across hydrophobic myelin. In preliminary data, measures of white matter integrity in the optic radiations of children with OPG are associated with current visual acuity and may predict visual acuity one year later. Magnetic Resonance Fingerprinting (MRF) uses pseudo-randomized magnetic resonance acquisition parameters and a matching algorithm to rapidly quantify T1, T2, M0 and off-resonance signals. These measures of tissue microstructure have been associated with identification of tissue type and tumor grade, but have never before been available so rapidly and reliably. The goal of this project is to interrogate 2 two promising advanced magnetic resonance techniques, DTI and MRF, investigating tissue microstructure in OPG.",Francis S. Collins Scholars Program,Peter De Blank,University Hospitals,:Low_Grade_Glioma,:Neurofibromatosis_Type_1,Active,None,NTAP,,,,syn:syn4939878|syn:syn4939880|syn:syn4939888|syn:syn12051335,syn:syn11678415,syn4939894,https://doi.org/10.54464/pc.gr.147651,
Leveraging human induced pluripotent stem cells (iPSCs) to determine the impact of patient-derived NF1 gene mutations on peripheral sensory neuron-driven Schwann cell growth,syn:syn11374345,"Cutaneous or dermal neurofibromas (cNFs) are composed of neoplastic Schwann cells embedded in a microenvironment containing terminal nerve endings, fibroblasts, mast cells, and macrophages. While caused by loss of NF1 protein function in Schwannian lineage cells, studies in mouse plexiform neurofibroma models have revealed a critical role for non-neoplastic stromal cells (fibroblasts, mast cells, and macrophages) in tumor formation, maintenance, and continued growth. In this regard, inhibition of stromal cell (mast cells, macrophages) function in preclinical genetically-engineered mice resulted in attenuated plexiform neurofibroma growth. In addition to fibroblasts, mast cells, and macrophages, the NF1-deficient Schwann cells in cNFs often grow in proximity to terminal nerve endings. The intimate relationship between neurons and Schwann cells during normal peripheral nervous system development and function raises the intriguing possibility that neurons are important drivers of cNF growth. This notion is supported by recent studies in which the proliferation of myelinating cells in the central nervous system (oligodendrocytes) is regulated by neuronal production of a novel growth factor (neuroligin-3). Based on these provocative findings, we hypothesize that peripheral sensory neurons accelerate NF1-deficient Schwann cell growth through the elaboration of mitogens. To identify these potentially clinically-actionable mitogens, we have designed a series of milestone-driven experiments using a novel collection of patient-derived and isogenic human induced pluripotent stem cells harboring NF1-patient germline NF1 gene mutations.",Cutaneous Neurofibroma Initiative,David Gutmann,Washington University in St. Louis,:Cutaneous_Neurofibroma,:Neurofibromatosis_Type_1,Active,Under Embargo,NTAP,The data from this study is currently under embargo. Please contact the principal investigator for access to the data.,,:Image|:Gene_Expression,syn:syn4939872|syn:syn4939892|syn:syn4939890|syn:syn8012599|syn:syn22268639,syn:syn11601473,syn11374345,https://doi.org/10.54464/pc.gr.147698,
Microenvironmental targets of cutaneous neurofibromas: T-cells and mast cells as tumor contributors,syn:syn11374341,"Immunity has a central and complex role in tumor growth, which can be utilized when developing new treatment modalities for tumors. To date, the role of immune system in cNFs has gained little attention. Transformed cells are normally eradicated by cooperation of innate and adaptive immune cells. Immune surveillance could be expected to recognize neurofibromin neoepitopes resulting from the second hit of the NF1 gene, but this is not taking place in cNFs. Mast cells are known to be abundant in cNFs and they are increasingly more interesting as druggable targets in tumor biology and neurogenic itch. It is also not known whether mast cells of cNFs are tumorigenic or anti- tumorigenic. The goal of this project is to prove that T cells and mast cells are valid targets for the treatment of cNF. Elucidating the characteristics, roles and effects of these prominent tumor microenvironment components in promoting tumorigenesis could be used to facilitate finding of targeted therapies for the treatment of cNF. The therapeutic modalities include those already approved and those being developed for tumor biology as well as for inflammatory diseases.",Cutaneous Neurofibroma Initiative,Juha Peltonen|Sirkku Peltonen,University of Turku,:Cutaneous_Neurofibroma,:Neurofibromatosis_Type_1,Active,Under Embargo,NTAP,The data from this study is currently under embargo. Please contact the principal investigator for access to the data.,,:Image|:Isoform_Expression,syn:syn11374357|syn:syn11374353|syn:syn11374339|syn:syn4939910|syn:syn26238926,syn:syn11601468,syn11374341,https://doi.org/10.54464/pc.gr.147701,
Modeling signaling networks of NF1-deficient Schwann cells and plexiform neurofibromas using mass spectrometry-based proteomics,syn:syn8016599,"We aim to identify putative proteomic and/or phosphoproteomic signatures associated with loss of NF1. Recent advances in mass-spectrometry (MS)-based proteomics permit the determination of the extent, localization, and site-specific stoichiometry of protein phosphorylation. We propose using two complementary MS-based approaches to define (i) the proteome and phosphoproteome and (ii) the activated kinome signature of NF1-deficient Schwann cells (SCs). We will perform analyses on a panel of SC lines derived from PNs. Transcriptome profiling of cell lines will complement these data sets, together providing a detailed view of the cellular signaling networks and the molecular targets controlled by neurofibromin in a cell-type relevant to the disease. Finally, we will use small molecule inhibitors to both known and any novel signaling pathways we identify to examine the adaptive kinome in treated cell lines. Combining the use of a novel panel of cell lines with the sensitivity of high-end MS, we expect to identify signaling pathways and targets previously implicated as being important in NF1-associated tumors, as well as new and unexpected targets downstream of NF1.",Open Proposal Program,James Walker,Massachusetts General Hospital,:Plexiform_Neurofibroma,:Neurofibromatosis_Type_1,Active,None,NTAP,,,,syn:syn4939876|syn:syn7239479|syn:syn26238964,syn:syn15666926,syn8016599,https://doi.org/10.54464/pc.gr.147691,
Identification of Neurofibroma Growth and Drug Resistance Pathways,syn:syn4939892,"Up to 50%> of children with NF1 develop plexiform neurofibromas that can cause severe disfigurement and serious morbidity-- and death when they compress vital organs. Most plexiform neurofibromas are resistant to chemotherapy and surgical removal is often impossible due to tumor size, location, and nerve integration. We jo not know why some human neurofibromas grow slowly and some rapidly, nor why some neurofibromas respond to therapy but others do not. Plexiform neurofibromas grow most aggressively in young children, and an appealing (unproven) idea is that transiently blocking growth of plexiform neurofibromas early in tumor development will prevent tumor progression. Models to study these critical issues have been lacking. Our laboratory has recently developed mouse models that recapitulate 1) slow and fast growing neurofibromas, and 2) neurofibromas that respond or fail to respond to targeted molecular therapy. We plan to use new methods in gene expression analysis to identify molecular pathways that correlate with these phenotypes in mouse models, with verification on human tissues. We also plan test if early treatment delays or halts neurofibroma formation by administering drugs before tumors develop in a neurofibroma mouse model.",Open Proposal Program,Nancy Ratner,Cincinnati Children's Hospital Medical Center,:Plexiform_Neurofibroma,:Neurofibromatosis_Type_1,Completed,Under Embargo,NTAP,,,:Gene_Expression,syn:syn4939872|syn:syn11374345|syn:syn4939890|syn:syn8012599|syn:syn22268639,syn:syn8449651,syn4939892,https://doi.org/10.54464/pc.gr.147677,
Neurofibromatosis Type 1 Dermal Neurofibroma Longitudinal Natural History Study and Selumetinib Clinical Trial,syn:syn8012530,"Previous reports have correlated increased burden of dermal neurofibromas (DNs) with age and pregnancy, but longitudinal data are not available to establish a quantitative natural history of these tumors. Moreover, the genomic mechanisms responsible for dermal tumor proliferation are not completely understood, although biallelic inactivation of the NF1 gene is known to be required. The NF1 gene encodes neurofibromin, which negatively regulates the Ras/MAPK signaling cascade that includes the RAF/MEK/ERK and PI3K/AKT/mTOR pro-growth pathways. Current therapeutic development for NF1-related tumors target components of this pathway; however, clinical trials directed at dermal neurofibromas have been hampered by the difficulty in measuring and counting dermal neurofibromas. The overall goal of this project is to complete a longitudinal natural history study of dermal neurofibromas to enhance current knowledge of dermal neurofibroma development as well as improve the design, implementation, and interpretation of clinical trials targeting DNs. To address the clinical trial facet of this project, a trial using the MEK1/2 inhibitor selumetinib will be piloted. We will also evaluate the quality of life impact of dermal neurofibromas before and during Selumetinib treatment. For both facets of this study, we will examine genomic alterations that correlate with DN development and selumetinib response.",Francis S. Collins Scholars Program,Ashley Cannon,University of Alabama Medical Center,:Cutaneous_Neurofibroma,:Neurofibromatosis_Type_1,Active,None,NTAP,,,,syn:syn5714288|syn:syn5714290|syn:syn5714423|syn:syn22268689|syn:syn22267284|syn:syn22266606|syn:syn23532271|syn:syn23662493,syn:syn11678417,syn8012530,https://doi.org/10.54464/pc.gr.147655,
Cutaneous Neurofibroma Data Resource,syn:syn4984604,"In 2013, CTF began a neurofibromatosis biobank to collect NF samples to better study the disease. With all samples being collected under the same protocol, the biobank enables comprehensive analysis of diverse NF samples. To showcase the value the biobank, CTF has kicked off a pilot project designed to characterize the molecular landscape of cutaneous neurofibromas (NF) that grow in NF1 patients, sponsored by the Children's Tumor Foundation. This project includes high-throughput data from 11 different patient tumors and matched blood samples. These data are then compared with one another to assess the distinct landscape of cutaneous NF for each patient.",Independent,Salvatore La Rosa|Annette Bakker|Justin Guinney,Children's Tumor Foundation|Sage Bionetworks|HudsonAlpha,:Cutaneous_Neurofibroma,:Neurofibromatosis_Type_1,Completed,Available,CTF,Accessing the data from this study requires a Synapse account. You must also [request access](https://www.synapse.org/#!Synapse:syn4984604/wiki/594099) from the Children's Tumor Foundation.,"If you use data from this study in a publication or talk, please cite the following publication: ""Gosline SJ� Weinberg H, Knight P, et al. A high-throughput molecular data resource for cutaneous neurofibromas. Sci Data. 2017;4:170045. Published 2017 Apr 11. doi:10.1038/sdata.2017.45."" In addition, please acknowledge the NF Data Portal using the following statement: ""The results published here are in whole or in part based on data obtained from the NF Data Portal (http://www.nfdataportal.org) and made available through the NF Open Science Initiative.""",:Proteomics|:Genomic_Variants|:Gene_Expression|:Genomic_Variants|:Proteomics|:Clinical_Data|:Gene_Expression|:Genomic_Variants,syn:syn11817821|syn:syn20608511,syn:syn11614202,syn4984604,https://www.doi.org/10.48105/pc.gr.88515,
Synodos NF1 Preclinical Models (Iowa Sanford Exemplar),syn:syn5610446,"The aim of Synodos for NF1 is to find solutions to the unique problems that affect NF1 patients in the fastest, most efficient manner by sharing their real-time data and results. In Project 2 of the Synodos for NF1 Consortium, researchers will develop and perfect animal models that will most accurately replicate human reaction to drugs in preclinical testing. Two teams will independently generate models; this project consists of results from the Iowa team, and includes members from the University of Iowa, University of Arizona, Exemplar Genetics and Sanford Health.",Synodos,Jill Weimer,University of Iowa|University of Arizona|Exemplar Genetics|Sanford Health,:Plexiform_Neurofibroma,:Neurofibromatosis_Type_1,Completed,Available,CTF,"Accessing animal model data from this project requires a Synapse account. <br><br>  Accessing human biospecimen genomics data from this project requires submission of an Intended Data Use Statement and agreement to Data Access Terms of Use.  <br><br> To access data from this project, please follow these steps:  <br><br> **1**: Register for a Synapse account [here](https://www.synapse.org/#!RegisterAccount:0) (if you do not already have one). <br> **2**: Navigate to the [data files page](https://www.synapse.org/#!Synapse:syn11898002). <br> **3**: Click on ""Request Access"" next to the ""lock"" symbol. <br> **4**: Follow the instructions on that page. You will be prompted to ""Request access to Data"" by clicking the Request Access button and submitting an Intended Data Use statement (1-3 paragraphs in English) to be posted publicly. You will also need to review the Terms of Use and click �Accept Terms of Use"". If you have questions about the data access process please post them to the [discussion forum](https://www.synapse.org/#!Synapse:syn5610418/discussion/default). <br>","The Data Contributors encourage project results to be made publicly available according to the following terms: <br/> <br/>  You will provide any results that are to be publicly disclosed to the Data Contributor for review according to the following timelines: Manuscripts 30 days in advance and abstracts 10 days in advance. <em>The Data Contributor may request in writing that the proposed publication/disclosure be delayed for up to 30 additional days as necessary to protect proprietary information.</em> **Please email materials for review to benjamin-darbro@uiowa.edu**<br/> <br/> You will acknowledge the NF Data Portal using the following statement: ""The results published here are in whole or in part based on data obtained from the NF Data Portal http://www.nfdataportal.org and made available through the NF Open Science Initiative.""  <br/> <br/> If you use the transcriptomic data provided by the **Synodos NF1 Preclinical Models (Iowa Sanford Exemplar) Study** in a publication or talk, you will cite the following paper: <em>Kohlmeyer JL, Kaemmer CA, Pulliam C, et al. RABL6A Is an Essential Driver of MPNSTs that Negatively Regulates the RB1 Pathway and Sensitizes Tumor Cells to CDK4/6 Inhibitors. Clin Cancer Res. 2020. https://doi.org/10.1158/1078-0432.ccr-19-2706</em>",:Image|:Clinical_Data|:Gene_Expression|:Weight|:Behavior_Process|:Weight|:Proteomics|:Behavior_Process|:Genomic_Variants,syn:syn5610425,syn:syn15672867,syn5610446,https://www.doi.org/10.48105/pc.gr.88596|https://www.doi.org/10.48105/pc.gr.88485|https://www.doi.org/10.48105/pc.gr.88591|https://www.doi.org/10.48105/pc.gr.88489|https://www.doi.org/10.48105/pc.gr.88430,
Synodos NF1 Preclinical Models (Minnesota CCHMC Recombinetics),syn:syn5610425,"The aim of Synodos for NF1 is to find solutions to the unique problems that affect NF1 patients in the fastest, most efficient manner by sharing their real-time data and results. In Project 2 of the Synodos for NF1 Consortium, researchers will develop and perfect animal models that will most accurately replicate human reaction to drugs in preclinical testing. Two teams will independently generate models; this project consists of results from the Minnesota team, and includes members from the University of Minnesota, Cincinnati Children's Hospital, the National Cancer Institute, and Recombinetics Inc.",Synodos,David Largaespada|Nancy Ratner,University of Minnesota|Cincinnati Children's Hospital Medical Center|Recombinetics|National Cancer Institute,:Plexiform_Neurofibroma,:Neurofibromatosis_Type_1,Completed,Available,CTF,Accessing the data from this study requires a Synapse account.,,:Image|:Gene_Expression|:Drug_Screen,syn:syn5610446,syn:syn15672871,syn5610425,https://www.doi.org/10.48105/pc.gr.88660|https://www.doi.org/10.48105/pc.gr.88739|https://www.doi.org/10.48105/pc.gr.88572,
"DHART SPORE Project 1: Molecular, Developmental, and Genetic Evaluation of Plexiform Neurofibromas to Inform Clinical Trials",syn:syn5714288,"The objective of Project 1 is to extend these promising data to investigate the developmental, molecular, and pharmacokinetic effects of c-kit and MEK inhibition alone and in combination. Our investigative team will characterize the adaptive responses of PNs to these kinase inhibitors in GEM models and in parallel studies in patients. The aims of Project 1 are: Aim 1: Evaluate tumor and circulating markers before and after treatment with the MEK inhibitor selumetinib in pediatric and adult patients with NF1 associated plexiform neurofibromas. Aim 2: Evaluate the molecular adaptive responses, PK/PD and clinical response of plexiform neurofibromas in genetically engineered mice (GEM) with selumetinib alone, and in combination with imatinib mesylate. Aim 3: Utilize GEM models to identify the optimal therapeutic window(s) of c-kit (SCF) inhibition at distinct embryonic and adult stages of PN formation utilizing Nf1flox/- and Nf1flox/-;Scf flox/flox mice under the transcriptional control of a PLP tamoxifen + Cre transgene. The translational impact of this project involves: (1) defining therapeutic window(s) for c-kit inhibition at distinct embryonic and adult stages of PN formation; (2) investigating a rational approach to combinatorial therapy based on simultaneously interfering with paracrine growth signals emanating from the tumor microenvironment while also targeting aberrant Raf/MEK/ERK pathway activation in tumor cells; and (3) defining novel biomarkers by analyzing tumor specimens and blood obtained both prior to and after treatment.",Developmental and HyperActive Ras Tumor Specialized Programs of Research Excellence,D. Wade Clapp|Jaishri Blakeley|Brigitte Widemann|Lu Le,"Indiana University School of Medicine|Johns Hopkins Medical Institute|National Institute of Health|University of Texas, Southwestern",:Plexiform_Neurofibroma,:Neurofibromatosis_Type_1,Active,Under Embargo,NIH-NCI,The data from this study is currently under embargo. Please contact the principal investigator for access to the data.,,:Image|:Drug_Screen|:Kinomics|:Volume|:Pharmacokinetic_Study|:Gene_Expression,syn:syn8012530|syn:syn5714290|syn:syn5714423|syn:syn22268689|syn:syn22267284|syn:syn22266606|syn:syn23532271|syn:syn23662493,syn:syn17038349,syn5714288,,
DHART SPORE Project 2: Targeted Therapies for Malignant Peripheral Nerve Sheath Tumors (MPNST),syn:syn5714289,"Malignant peripheral nerve sheath tumors (MPNST) evolve from pre-existing plexiform neurofibromas, and we therefore hypothesize that these aggressive sarcomas continue to express some of the transcriptional programs present in the initiating fetal precursor population. This, in turn, might create novel synthetic lethal dependencies that can be exploited therapeutically. Indeed, Dr. Parada recently identified CXCR4 and CDK4/6 as key drivers of MPNST cell proliferation and tumor progression in GEM models. The major goals of Project 2 are to translate these provocative preclinical data and to harness functional imaging to develop better markers of early response in MPNST. The translational impact of these studies encompasses the development of a biomarker profile to identify early markers of MPNST progression and evaluate efficacy of CXCR4 and CDK4/6 inhibitors in clinical trials.",Developmental and HyperActive Ras Tumor Specialized Programs of Research Excellence,Luis Parada|Steven X. Skapek,"Memorial Sloan Kettering Cancer Center|University of Texas, Southwestern",:Unknown_Annotation,:Neurofibromatosis_Type_1,Active,Under Embargo,NIH-NCI,The data from this study is currently under embargo. Please contact the principal investigator for access to the data.,,:Genomic_Variants|:Gene_Expression,syn:syn7217935|syn:syn17098100|syn:syn23639889|syn:syn23651229|syn:syn25999248,syn:syn17038350,syn5714289,,
DHART SPORE Project 3: A High Content Clinical Trial of the MEK Inhibitor Trametinib in Juvenile Myelomonocytic Leukemia (JMML).,syn:syn5714290,"Children with NF1 are predisposed to juvenile myelomonocytic leukemia (JMML), an aggressive myeloproliferative neoplasm (MPN) that responds poorly to chemotherapy. Hematopoietic stem cell transplantation (HSCT) cures ~50% of patients. Our studies of JMML specimens proved that NF1 functions as a tumor suppressor gene in hematopoietic cells, and provided the first direct evidence of deregulated Ras signaling in primary cancer cells from NF1 patients. These studies support the role of hyperactive Ras signaling in JMML pathogenesis, and our group and other researchers subsequently discovered mutations in NRAS, KRAS, PTPN11, and CBL in JMML patient specimens. Overall, >85% of JMML cases have mutations in one of these genes, including 15-20% with clinical NF1 or mutations in the NF1 gene. Despite the routine use of HSCT, up to 30% of JMML patients progress to acute myeloid leukemia (AML). Consistent with the molecular genetics of JMML, using the Mx1-Cre transgene to inactivate the conditional mutant Nf1flox allele generated by the Parada lab or to express oncogenic KrasG12D or NrasG12D in the hematopoietic compartment induces a JMML-like MPN in mice. Preclinical trials in these accurate GEM models revealed remarkable efficacy of MEK inhibitors. Importantly, however, this, treatment does not eradicate mutant bone marrow cells, but modulates their proliferation and differentiation in vivo. The overall goals of Project 3 are to translate these promising preclinical data in JMML patients though an innovative clinical trial that includes deep molecular analysis. The translational impact of these studies involves rigorously testing a novel therapeutic strategy for an aggressive pediatric cancer with deep molecular analysis of primary leukemia cells to ascertain mechanisms of response and resistance.",Developmental and HyperActive Ras Tumor Specialized Programs of Research Excellence,Kevin Shannon|Mignon Loh,"University of California, San Francisco",:Unknown_Annotation,:Neurofibromatosis_Type_1,Active,Under Embargo,NIH-NCI,The data from this study is currently under embargo. Please contact the principal investigator for access to the data.,,:Gene_Expression|:Genomic_Variants|:Image,syn:syn8012530|syn:syn5714288|syn:syn5714423|syn:syn22268689|syn:syn22267284|syn:syn22266606|syn:syn23532271|syn:syn23662493,syn:syn17038351,syn5714290,,
DHART SPORE Project 4: Subsequent Malignant Neoplasms (SMNs) Among NF1 Cancer Survivors.,syn:syn5714423,"Subsequent malignant neoplasms (SMNs) are histologically distinct cancers that develop months to years after patients receive radiation and/or chemotherapy to cure a primary malignancy. SMNs are a fundamental problem in cancer survivors. Compelling data generated by Drs. Nakamura and Shannon in GEM mice demonstrated that irradiation cooperates strongly with heterozygous Nf1 inactivation in the development of a spectrum of SMNs that recapitulate common SMNs in human patients with and without NF1. Project 4 will translate these novel data and will systematically assess the incidence of SMNs in NF1 patients and examine associated risk factors such as age at diagnosis, anatomic site of the primary tumor, and dose and duration of prior treatment. Data compiled by the NCI-funded Childhood Cancer Survivor Study (CCSS) will play an integral role in Project 4. The aims of Project 4 are: Aim 1. To describe the magnitude of risk of second malignant neoplasms (SMNs) in individuals with NF1. Aim 2. To perform comparative oncogenomics to identify genetic alterations associated with radiation-induced tumorigenesis in individuals with NF1. Aim 3. To validate in model systems the biologic importance of candidate pathways in radiation-induced tumorigenesis and to determine whether radiotherapy promotes transformation of plexiform neurofibromas to MPNSTs in vivo. The translational impact of this work involves informing current clinical practice in the treatment of tumors arising in NF1 patients to reduce the risk of SMN, and generating insights into the underlying biology of SMN that will lead to new therapies for these common, aggressive, and largely refractory cancers.",Developmental and HyperActive Ras Tumor Specialized Programs of Research Excellence,Smita Bhatia|Jean L. Nakamura,"University of Alabama|University of California, San Francisco|Children's Hospital of Philadelphia|City of Hope",:Unknown_Annotation,:Neurofibromatosis_Type_1,Active,Under Embargo,NIH-NCI,The data from this study is currently under embargo. Please contact the principal investigator for access to the data.,,:Genomic_Variants|:Gene_Expression,syn:syn8012530|syn:syn5714288|syn:syn5714290|syn:syn22268689|syn:syn22267284|syn:syn22266606|syn:syn23532271|syn:syn23662493,syn:syn17038352,syn5714423,,
Synodos NF1 Low Grade Glioma,syn:syn5698493,"Low-grade gliomas (LGGs) are brain tumors that affect children with NF1. Despite their prevalence, there are few effective treatment options for patients with LGG. The goal of the Synodos for NF1 - Low Grade Glioma projects is to improve our understanding of the molecular underpinnings of LGGs, and identify new drug targets that could lead to better treatments for this tumor type.",Synodos,David Gutmann|Michael Fisher,"Washington University in St. Louis|Children's Hospital of Philadelphia|University of California, San Francisco|German Cancer Research Center",:Low_Grade_Glioma,:Neurofibromatosis_Type_1,Active,Under Embargo,CTF,The data from this study is currently under embargo. Please contact the principal investigator for access to the data.,,:Genomic_Variants|:Gene_Expression|:Chromatin_Activity,syn:syn6633069|syn:syn25881328|syn:syn25999950,syn:syn11614205,syn5698493,https://www.doi.org/10.48105/pc.gr.88554|https://www.doi.org/10.48105/pc.gr.88527|https://www.doi.org/10.48105/pc.gr.88428|https://www.doi.org/10.48105/pc.gr.88778|https://www.doi.org/10.48105/pc.gr.88603,
Columbia University NF1 Glioma Project,syn:syn6633069,"This study aims to obtain the genomic landscape of glioma associated with NF1 syndrome. While the clinical aspects of NF1 are well characterized and the pathogenesis of plexiform neurofibromas has been widely studied, surprisingly little is known about the genetic and epigenetic changes in the NF1 mutant glioma. This has hindered the development of effective therapies for NF1-mutant cancers. To address this challenge and uncover the driver genes in NF1-glioma, The team will analyze whole-exome and transcriptome data from glioma samples of pediatric and adult NF1 patients. Alterations in the genetic networks will be contextualized in the natural genetic and cellular environment of a specific tumor, and the key driving modules on which specific NF1-glioma subgroups rely for growth, survival and progression will be identified. With this information in hand, we can target the critical alterations with specific drugs, often already available for other types of diseases. The specific aims are to (1) comprehensively characterize the genomic and epigenetic landscape of NF1 gliomas from patients of all age groups, (2) identify driver genetic alterations in NF1-gliomas from the integration of somatic copy number variations, mutations and gene fusions (translocations), (3) reconstruct a somatic alteration network for the inference of mutual exclusivity and co-occurrence of genetic aberrations in NF1-gliomas and (4) validate the functional significance of the inferred alterations in neural systems in vitro and in vivo, and target therapeutically key genetic nodes with highly specific inhibitors.",Synodos,Antonio Iavarone,Columbia University|University of Sannio,:Low_Grade_Glioma,:Neurofibromatosis_Type_1,Completed,Available,CTF,Accessing the data from this study requires a Synapse account.,"If you use data from this study in a publication or talk, please cite the following publication: ""D�Angelo, F., Ceccarelli, M., Tala et al. The molecular landscape of glioma in patients with Neurofibromatosis 1. Nat Med 25, 176�187 (2019). https://doi.org/10.1038/s41591-018-0263-8"" In addition, please acknowledge the NF Data Portal using the following statement: ""The results published here are in whole or in part based on data obtained from the NF Data Portal (http://www.nfdataportal.org) and made available through the NF Open Science Initiative.",:Genomic_Variants|:Chromatin_Activity|:Gene_Expression,syn:syn5698493|syn:syn25881328|syn:syn25999950,syn:syn11614207,syn6633069,https://www.doi.org/10.48105/pc.gr.88398,
Development of a Novel Plexiform Neurofibroma Farming System for 96-well Plate Drug Screening,syn:syn7217946,"Plexiform neurofibromas (PNFs) are relatively slow growing benign tumors that are difficult to maintain in culture over long passages. As benign tumors, PNFs are likely to be more dependent on factors in the microenvironment, such as the extracellular matrix (ECM) and paracrine growth factors, compared to malignant tumors. It is now clear that many cell types grow better in three-dimensional cultures than on two-dimensional growth surfaces, and it may be that PNFs will growth more robustly in a system that mimics their in vivo growth patterns. The goal of this project is to determine the optimum ECM substrate for nf1 null Schwann cell growth, and to develop a pNF culture system to be used in 96-well based assays (preclinical screening applications). The main goal is to improve the culture conditions for PNF cells, so that these benign tumors can be more reliably cultured from primary tumors. Our secondary goal is to develop culture conditions that lead to PNF gene expression that most closely mimics PNF cells in primary tumors. By developing faithful culture conditions, PNF cells can be tested in drug screen assays with more accurate cell responses to compounds being tested.",Cell Culture Initiative,Karlyne Reilly,National Institutes of Health,:Plexiform_Neurofibroma,:Neurofibromatosis_Type_1,Completed,None,NTAP,,,,syn:syn4939902|syn:syn4939906|syn:syn4939874,syn:syn15666932,syn7217946,https://doi.org/10.54464/pc.gr.147671,
Novel therapeutic development of NF1-associated malignant peripheral nerve sheath tumor (MPNST),syn:syn11681835,"Malignant Peripheral Nerve Sheath Tumor (MPNST) arising from the cellular component of the peripheral nerves represents a group of highly aggressive soft tissue sarcomas with limited treatment options. They can occur in the setting of type I neurofibromatosis (NF1-associated), or sporadically or in association with prior radiotherapy (RT-associated). Using comprehensive genomic approaches, we and others have discovered that the majority of MPNSTs have inactivation of three tumor suppressor pathways, including the NF1, the CDKN2A (INK4A/ARF) and the Polycomb repressive complex 2 (PRC2) pathways. Here, we propose to use multidisciplinary approaches to establish authentic MPNST model systems for preclinical investigation. We will also evaluate a combination treatment strategy of trametinib (a MEK inhibitor) and ribociclib (a CDK4/6 inhibitor) in various cell line and animal models of MPNST. Lastly, we will conduct a screen using RNA interference technology to identify and characterize the genes that are important for MPNST growth and survival when the PRC2 pathway is inactivated. These studies will build important resources for the NF1-research community and can identify novel treatment strategies and streamline clinical therapeutic development for patients with NF1-associated MPNSTs.",Francis S. Collins Scholars Program,Ping Chi,Memorial Sloan Kettering Cancer Center,:Unknown_Annotation,:Neurofibromatosis_Type_1,Active,None,NTAP,,,,syn:syn22267323|syn:syn22267330|syn:syn22268652|syn:syn25961160|syn:syn26241781|syn:syn26347297,syn:syn15667121,syn11681835,https://doi.org/10.54464/pc.gr.147657,
Development of a novel treatment approach to Neurofibromatosis Type 1-related MPNST using genetically engineered Clostridium novyi-NT,syn:syn4939884,"Due to the invasive nature and high incidence of metastases of malignant peripheral nerve sheath tumors (MPNSTs), surgery is the only treatment modality proven to have survival benefit and even when maximal surgery is feasible, these tumors are almost never curable. MPNSTs develop tumor hypoxia and necrosis as a pathophysiologic consequence of structurally and functionally disturbed microcirculation. Although tumor hypoxia is strongly associated with tumor propagation and treatment resistance, it also offers the perfect niche for the growth of the """"therapeutic"""" anaerobic spore-forming bacterium Clostridium novyi-NT (C. novyi-NT). C. novyi-NT's oncolytic potential has been successfully used to treat a variety of solid cancers. Once injected, C. novyi-NT spores germinate in tumor hypoxia while vegetative bacteria cannot survive in normoxia and sporulate. We recently demonstrated robust and reproducible antitumor responses when C. novyi-NT spores were injected into dogs with spontaneous peripheral nerve sheath tumors and in human patients with therapy resistant sarcomas (NCT01924689). The goal of this project is to explore C. novyi-NT as a novel therapeutic for NF1-associated MPNSTs (gather preclinical evidence substantiating clinical trial for for C. novyi-NT therapy in NF1 patients with MPNSTs)",Francis S. Collins Scholars Program,Verena Staedtke,Johns Hopkins Medical Institute,:Plexiform_Neurofibroma,:Neurofibromatosis_Type_1,Active,None,NTAP,,,,syn:syn4939904|syn:syn11374337|syn:syn11374349|syn:syn5562324|syn:syn18904024,syn:syn11678414,syn4939884,https://doi.org/10.54464/pc.gr.147653,
Exploring the Plexiform Neurofibroma Interactome,syn:syn4939890,"NF1 mutations in Schwann cells (SCs) drive neurofibroma formation; thus the primary neoplastic cell type in neurofibromas is derived from the SC lineage. The SC genes that are deregulated in mouse and human neurofibromas have not been fully identified. Many cell types are present in neurofibromas besides SCs. These include fibroblasts, mast cells, macrophages, and endothelial cells that are NF1 wild type (as in solitary neurofibroma or in somatic mosaic patients) or NF1 heterozygous (as in many NF1 patients and some mouse models). But how these cells and the intercellular communications contribute to plexiform neurofibroma growth is unknown. It has been recently identified that macrophage is a major cell type in neurofibromas. Macrophages shift gene expression and function in response to the environment, including after nerve injury. Macrophages show anti- tumor effects by secreting free-radicals and recruiting the adaptive immune system (primarily T-cells). However as tumors progress, macrophages stimulate tumor growth and blood vessel formation. Injury-associated inflammation facilitates neurofibroma development by recruiting macrophages in mouse models. How these inter- and intra-cellular interactions contribute to neurofibroma formation has not been studied yet. The goals of this project are to characterize gene expression profiles of Schwann cells and macrophages in mouse nerves and neurofibromas, identify cytokine/chemokine pathways that slow or promote tumor growth and identify molecular networks that mediate intra- and inter-cellular signaling in controlling neurofibroma growth.",Open Proposal Program,Jianqiang Wu|Kakajan Komurov,Cincinnati Children's Hospital Medical Center,:Plexiform_Neurofibroma,:Neurofibromatosis_Type_1,Completed,Available,NTAP,Accessing the data from this study requires a Synapse account.,"If you use data from this study in a publication or talk, please cite the following publication: ""Choi K, Komurov K, Fletcher JS, Jousma E, Cancelas JA, Wu J, Ratner N. An inflammatory gene signature distinguishes neurofibroma Schwann cells and macrophages from cells in the normal peripheral nervous system. Scientific Reports 2017 Mar; 7, 43315. DOI:10.1038/srep43315."" In addition, please acknowledge the NF Data Portal using the following statement: ""The results published here are in whole or in part based on data obtained from the NF Data Portal (http://www.nfdataportal.org) and made available through the NF Open Science Initiative.""",:Gene_Expression,syn:syn4939872|syn:syn11374345|syn:syn4939892|syn:syn8012599|syn:syn22268639,syn:syn8449668,syn4939890,https://doi.org/10.54464/pc.gr.147674,
Plexiform Neurofibroma Model Systems for Preclinical Drug Screening,syn:syn7217928,"The high vascularity of plexiform neurofibromas (PNs) can cause major problems during surgery. Most in vitro drug testing is still performed on cells growing in two dimensions (2D) on plastic dishes. In comparison to 2D cultures, cells growing in a 3-dimensional (3D) matrix that models the (patho) physiological environment typically: 1) adopt a morphology that better recapitulates that in vivo; 2) exhibit slower growth more akin to those in vivo; and 3) demonstrate drug sensitivity and resistance that may better reflect potential therapeutic response. Our goals were to develop and optimize robust 3D co-culture models of NF1 PNs to allow preclinical drug screening that is both much more representative of likely translational effectiveness than provided by testing in 2D mono-culture, and at a much higher throughput than is available in animal models. Further, we predict that programs such as the NF Clinical Trials Consortium are more likely to be successful if they build on data from robust and representative pre-clinical models. Our aims were therefore to: 1. Develop, characterize and optimize 3D co-culture models to include the cell types found in NF1 PNs; and 2. Test potential drugs in the 3D models of NF1 PNs, with a focus on candidates chosen for translational potential.",Cell Culture Initiative,Raymond Mattingly,Wayne State University,:Plexiform_Neurofibroma,:Neurofibromatosis_Type_1,Completed,Available,NTAP,Accessing the data from this study requires a Synapse account.,,:Cellular_Physiology|:Drug_Screen,syn:syn4939916,syn:syn11581628,syn7217928,https://doi.org/10.54464/pc.gr.147669,"[""3a8f5be4-aa22-48f2-9a76-9412010ecd45"", ""b44361f2-9021-4920-901a-b1a1f9143f97"", ""13ae2445-21e3-4b75-ae70-317a3d5ee40c"", ""be2333d6-6716-4d13-947d-41f4198497a4"", ""ab60aae5-7860-4d1d-bb02-208e6631c78b""]"
Evotec Drug Target Research,syn:syn7239560,A drug-target database was built by Evotec using publicly available data in order to define targets of the Minnesota Synodos NF1 screening molecules. A similar resource can be found in the Drug-Target Explorer project conducted by Sage Bionetworks.,Independent,Tim James,Evotec,,:Unknown_Annotation,Completed,Available,CTF,Accessing the data from this study requires a Synapse account.,,,syn:syn11672851,syn:syn11614208,syn7239560,,
A primary plexiform neurofibroma cell culture model for use in cell-based high-throughput screens,syn:syn7217935,"A cardinal feature of NF1 is the development of dermal (DN) and plexiform neurofibromas (PN), benign tumors that form in the dermis or along a nerve plexus, respectively. While these tumors are histologically similar - both are complex tumors containing a number of cell types including proliferating Schwann lineage cells (from which the tumors arise), fibroblasts, and infiltrating mast cells - they arise in different locations of the body and at different developmental time points. Although initially benign, PN can undergo malignant transformation and develop into MPNSTs. The only treatment for PN is surgery, however complete resection is often difficult due to nerve involvement. The goal of this project is to generate a physiologically relevant PN cellular model system for use in preclinical drug screening.",Cell Culture Initiative,Luis Parada,Memorial Sloan Kettering Cancer Center,:Plexiform_Neurofibroma,:Neurofibromatosis_Type_1,Completed,None,NTAP,,,,syn:syn5714289|syn:syn17098100|syn:syn23639889|syn:syn23651229|syn:syn25999248,syn:syn15666931,syn7217935,https://doi.org/10.54464/pc.gr.147670,
pNF Cell Line Characterization Studies,syn:syn4939874,"A lack of cellular model systems was recently identified as a major gap in pNF research that was slowing therapeutic discovery by relying on costly, time-consuming animal systems to identify agents that might be effective against these tumors. When NTAP was initiated, there were 2 cell culture systems for pNF from a single lab that had not been fully characterized and were not deemed suitable for drug discovery. As a direct result of NTAP's efforts, there are now 6 cell culture systems available that are actively used in the pipeline of drug discovery. These cultures are intended to model the importance of the micro-environment in pNF and the heterogeneity of these tumors. The goal of this project is the genetic characterization of NF1-/-, NF1-/+, and NF1+/+ cell-lines to be available as a tool-set for the community.",Cell Culture Initiative,Jaishri Blakeley|Marc Ferrer,National Center for Advancing Translational Sciences|Sage Bionetworks|Johns Hopkins Medical Institute,:Plexiform_Neurofibroma,:Neurofibromatosis_Type_1,Completed,Available,NTAP,Accessing the data from this study requires a Synapse account.,"If you use data from this study in a publication or talk, please cite the following publication: ""Ferrer M, Gosline SJC, Stathis M, et al. Pharmacological and genomic profiling of neurofibromatosis type 1 plexiform neurofibroma-derived schwann cells. Sci Data. 2018;5:180106. Published 2018 Jun 12. doi:10.1038/sdata.2018.106."" In addition, please acknowledge the NF Data Portal using the following statement: ""The results published here are in whole or in part based on data obtained from the NF Data Portal (http://www.nfdataportal.org) and made available through the NF Open Science Initiative.""",:Genomic_Variants|:Gene_Expression|:Drug_Screen,syn:syn4939902|syn:syn4939906|syn:syn7217946,syn:syn7817226,syn4939874,,"[""b44361f2-9021-4920-901a-b1a1f9143f97"", ""844b598c-0171-4972-91c3-27aa21b45d52"", ""5502caf5-4cf1-418f-bf50-164cfa316b0f"", ""be2333d6-6716-4d13-947d-41f4198497a4"", ""2c4c8b02-f12e-4a17-a408-38ae88dd841d"", ""3a507bfd-7d2b-4238-b79a-83fe985c2cea"", ""98beda5b-9b28-4119-829a-2a0219d77af7"", ""13ae2445-21e3-4b75-ae70-317a3d5ee40c"", ""8fdc5f7a-ef8c-4193-a5c0-04577c3b134d""]"
Development of Plexiform Neurofibroma Cellular Assay for High-Throughput Screening,syn:syn7239479,"There is a need for effective therapies for neurofibromas, particularly the larger, plexiform neurofibromas. Tissue culture is an important tool for research. However, it is difficult to derive enriched human Schwann cell cultures, and most enter replicative senescence after 6-10 passages, impeding cell-based research in NF1. We are well-positioned to develop cellular models, and collaborate with a robotics R&D/Lead Optimization group. THe goals of this project is to identify (create/characterize) semi-immortalized pNF and normal/heterozygous SC lines with suitable phenotypes, such that these lines can be tested in and transitioned to an HTS environment.",Cell Culture Initiative,Peggy Wallace,University of Florida,:Plexiform_Neurofibroma,:Neurofibromatosis_Type_1,Completed,None,NTAP,,"If you use data from this study in a publication or talk, please cite the following publication: """"Li H, Chang LJ, Neubauer DR, Muir DF, Wallace MR. Immortalization of human normal and NF1 neurofibroma Schwann cells. Lab Invest. 2016;96(10):1105-1115. doi:10.1038/labinvest.2016.88."""" In addition, please acknowledge the NF Data Portal using the following statement: """"The results published here are in whole or in part based on data obtained from the NF Data Portal (http://www.nfdataportal.org) and made available through the NF Open Science Initiative",,syn:syn4939876|syn:syn8016599|syn:syn26238964,syn:syn15666933,syn7239479,https://doi.org/10.54464/pc.gr.147673,
Perpetuating NF1 heterozygous and NF1 homozygous negative plexiform neurofibroma-derived tumor cells through the generation of induced pluripotent stem (iPS) cells,syn:syn4939918,"In order to identify effective drugs against plexiform neurofibroma (PNF) formation/ progression we need to test them in the right in vitro and in vivo model systems. This involves, among other things, being able to use large quantities of NF1(+/-) and (-/-) cells closely resembling cells driving PNF formation and growth. PNF-derived NF1(+/-) and (-/-) iPS cells have been generated and can be used to test differentiation protocols towards the Neural Crest (NC) -Schwann cell (SC) lineage. Differentiated cells at different points of this lineage commitment can be characterized and engrafted into the sciatic nerve of nude mice to test their tumor-formation capacity and, in this way, interrogate about the identity of the cells originating PNFs. Two things, the setting up the right in vitro iPSC differentiation conditions towards NC and SC in one side and on the other, the characterization of the different steps of differentiation in the NC-SC lineage, will proportionate the basis for performing future drug screenings for PNFs using iPSC-derived cells. The goals of this project are to (1) set up in vitro conditions to efficiently differentiate iPS cells into cells of the Neural Crest -Schwann cell lineage. Characterize the methylome and transcriptome of these cells with distinct NF1 genotypes and test their potential engraftment/tumor formation capacity. (2) Generate new iPSC and edit control iPSC with distinct NF1 genotypes to interrogate the presence of epigenetic memory in the PNF-derived iPS cells generated",Cell Culture Initiative,Eduard Serra,IGTP,:Plexiform_Neurofibroma,:Neurofibromatosis_Type_1,Active,Under Embargo,NTAP,The data from this study is currently under embargo. Please contact the principal investigator for access to the data.,,:Chromatin_Activity|:Gene_Expression|:Genomic_Variants,syn:syn7231973,syn:syn15666930,syn4939918,https://doi.org/10.54464/pc.gr.147672,
"Differentiation of NF1 heterozygous and NF1 homozygous negative iPS cells into cells of the Neural Crest-Schwann cell lineage: setting up conditions, characterization of the different differentiation steps and understanding epigenetic status of PNF-derived iPS cells",syn:syn7231973,"Plexiform neurofibromas (pNFs) differ from discrete neurofibromas (dNFs) in their moment of appearance (though to be congenital in pNFs), the importance of the extension of the nerve and tissues affected (larger in pNFs) and their potential to progress to malignancy, not present in dNFs. Regarding genomics and transcriptomics, Schwann cells (SC) derived from dNFs and pNFs are very much alike. So what is different among these tumors that confer pNFs a risk to become malignant? The extent of affected tissue? The location? The temporal window at which a neural crest-derived cell committed to the SC lineage acquires a double inactivation of the NF1 gene? A particular cellular composition? A combination of factors? The goals of this project are to (1) Explore the degree of genomic, molecular and cellular variation within a whole plexiform neurofibroma (pNF) and (2) Obtain, authenticate and characterize NF1-/- and NF1+/- induced pluripotent stem cells (iPSC) derived from pNFs.",Open Proposal Program,Eduard Serra,IGTP,:Plexiform_Neurofibroma,:Neurofibromatosis_Type_1,Completed,Available,NTAP,Accessing the data from this study requires a Synapse account. You must also [request access](https://www.synapse.org/#!Synapse:syn4939902/wiki/593715) from the study investigators.,"If you use data from this study in a publication or talk, please cite the following publication: """"Carrió M, Mazuelas H, Richaud-Patin Y, et al. Reprogramming Captures the Genetic and Tumorigenic Properties of Neurofibromatosis Type 1 Plexiform Neurofibromas [published correction appears in Stem Cell Reports. 2019 Mar 5;12(3):639-641]. Stem Cell Reports. 2019;12(2):411–426. doi: 10.1016/j.stemcr.2019.01.001"""" In addition, please acknowledge the NF Data Portal using the following statement: """"The results published here are in whole or in part based on data obtained from the NF Data Portal (http://www.nfdataportal.org) and made available through the NF Open Science Initiative",:Genomic_Variants,syn:syn4939918,syn:syn8662666,syn7231973,https://doi.org/10.54464/pc.gr.147685,
Development of a Preclinical NF1-MPNST Platform Suitable for Precision Oncology Drug Discovery and Evaluation,syn:syn11638893,"One of the most common malignancies affecting adults with neurofibromatosis type 1 (NF1) are malignant peripheral nerve sheath tumors (MPNSTs), highly aggressive sarcomas that typically develop from benign plexiform neurofibromas. 8-13% of individuals with NF1 will develop MPNSTs during young adulthood. There are few therapeutic options, and the vast majority of people with these cancers will die within 5 years of diagnosis. Despite advances in our understanding of the pathobiology of these tumors and the identification of seemingly-promising therapeutic targets using a single mouse MPNST model system (NPCis mice and derivative cell lines), no investigational agents have demonstrated efficacy following translation to human clinical trials. However, there is limited genetic diversity being modeled in these systems, which does not capture the full spectrum of genetic diversity that characterizes human NF1-MPNSTs. In this regard, p53 loss, a common feature of the currently-used preclinical models, is observed in a minority of human MPNSTs. We hypothesize that one of the major reasons that rationally-chosen drugs underperform in human clinical trials is that the preclinical models used to discover and evaluate promising therapeutic agents do not capture the genetic heterogeneity of the human cancer. To optimize clinical translation, we aim to develop a collection of MPNST Patient Derived Xenografts (MPNST-PDXs) for the NF community, which more fully represent the spectrum of genetic heterogeneity seen in the human condition. The main goal of this research project is to develop a set of NF1-MPNST PDX lines that captures the spectrum of molecular heterogeneity of the human disease. The proposal aims to meet the following objectives: a. Create enabling resources including 10 NF1-MPNST PDX lines for preclinical studies. b. Histologically and genomically characterize these 10 NF1-MPNST PDX lines, thereby defining the molecular heterogeneity of these tumors. c. Determine whether there is a correlation between molecular subtype and response to chemotherapy or targeted therapy. d. Assess potential adaptive mechanisms or tumor resistance by assessing genomic changes following treatment.",Francis S. Collins Scholars Program,Angela Hirbe,Washington University in St. Louis,:Unknown_Annotation,:Neurofibromatosis_Type_1,Completed,Available,NTAP|NFRI,"Accessing data from this project requires submission of an Intended Data Use Statement and agreement to Data Access Terms of Use.  <br><br> To request access to data from this project, please follow the steps outlined [here](https://www.synapse.org/#!Synapse:syn11638893/wiki/608144).","Please cite the following work: ""Dehner C, et al. Chromosome 8 gain is associated with high-grade transformation in MPNST. JCI Insight. 2021 Mar 22;6(6):e146351. doi: 10.1172/jci.insight.146351.” <br> Please acknowledge the NF Data Portal using the following statement: ""The results published here are in whole or in part based on data obtained from the NF Data Portal http://www.nfdataportal.org and made available through the NF Open Science Initiative.""",:Image|:Gene_Expression|:Genomic_Variants|:Drug_Screen,syn:syn21984813,syn:syn11678418,syn11638893,https://doi.org/10.54464/pc.gr.147656,
Synodos Schwannomatosis,syn:syn9727752,"Synodos for Schwannomatosis is a two-year initiative that will bring together basic, translational, and clinical researchers towards the end goal of developing effective treatments for schwannomatosis. The project aims to perform an extensive molecular analysis of schwannomatosis tumor samples to identify new therapeutic targets, and advance the understanding and management of the disease, with a focus on pain. Experts from institutions spread across four different countries are working together to 1) develop a clinically annotated schwannomatosis biobank; 2) develop a comprehensive pain registry for schwannomatosis patients; 3) establish the genomic and epigenomic landscape of schwannomatosis to identify disease-driving alterations; and 4) correlate the molecular findings with key clinical parameters, including pain.",Synodos,Gelareh Zadeh|Laura Papi,University Health Network of Toronto|University of Florence|Columbia University|Massachusetts General Hospital|Johns Hopkins University,:Schwannoma,:Schwannomatosis,Completed,Available,CTF,"Accessing data from this project requires submission of an Intended Data Use Statement and agreement to Data Access Terms of Use.  <br><br> To access data from this project, please follow these steps:  <br><br> **1**: Register for a Synapse account [here](https://www.synapse.org/#!RegisterAccount:0) (if you do not already have one). <br> **2**: Navigate to the [data files page](https://www.synapse.org/#!Synapse:syn17262902). <br> **3**: Click on ""Request Access"" next to the ""lock"" symbol. <br> **4**: Follow the instructions on that page. You will be prompted to ""Request access to Data"" by clicking the Request Access button and submitting an Intended Data Use statement (1-3 paragraphs in English) to be posted publicly. You will also need to review the Terms of Use and click �Accept Terms of Use"". If you have questions about the data access process please post them to the [discussion forum](https://www.synapse.org/#!Synapse:syn9727752/discussion/default). <br>","If you publish work using data from this project, please: </br> <ul> <li>Acknowledge the research participants as data contributors by including the following statement: �The research team would like to thank the patients who generously shared their time and tissue for the purposes of this project.�</li> <li>Cite the study investigators on all publications or presentations resulting from the use of these data as follows: Mansouri, S., Suppiah, S., Mamatjan, Y. et al. Epigenomic, genomic, and transcriptomic landscape of schwannomatosis. Acta Neuropathol (2020). https://doi.org/10.1007/s00401-020-02230-x </li> <li>Acknowledge the NF Data Portal using the following statement: ""The results published here are in whole or in part based on data obtained from the NF Data Portal (http://www.nfdataportal.org) and made available through the NF Open Science Initiative.""</li> </ul>",:Genomic_Variants|:Chromatin_Activity|:Gene_Expression,syn:syn23532258|syn:syn24875850,syn:syn11614209,syn9727752,https://www.doi.org/10.48105/pc.gr.88686|https://www.doi.org/10.48105/pc.gr.88399|https://www.doi.org/10.48105/pc.gr.88666|https://www.doi.org/10.48105/pc.gr.88421|https://www.doi.org/10.48105/pc.gr.88390,
The Role of MEK-inhibitors for the Prevention and Treatment of Optic Pathway Gliomas in an Nf1 Deficient Mouse Model,syn:syn4939914,"Optic pathway gliomas (OPGs) develop in 15-20% of children with NF1 and are associated with vision loss. My preliminary data, using an NF1-deficient mouse model, indicates that there are two critical steps that need to take place in order for optic pathway gliomas to form. The first step occurs early during optic nerve development, occurring before 21 days of life. The second step involves immune cell infiltration, and thus swelling of the optic nerve and loss of retinal ganglion cells (which results in vision loss). This second step occurs around 60 days of life, and continues to progress as the mouse ages. The goal of this project is to understand this process, and develop a therapeutic plan that can be used to prevent OPG formation.",Francis S. Collins Scholars Program,Miriam Bornhorst,Children's National,:Low_Grade_Glioma,:Neurofibromatosis_Type_1,Active,None,NTAP,,,,syn:syn21650395|syn:syn21650464,syn:syn15666928,syn4939914,https://doi.org/10.54464/pc.gr.147654,
Regulation of GCPII for the Diagnosis and Treatment of Neurofibromas,syn:syn4939904,"Preliminary data suggest that GCPII may be useful as diagnostic marker in clinical pathology to differentiate histologically similar but clinically distinct malignant vs. benign NF1 tumors. This is of great clinical need as there is no consistent method to differentiate neurofibromas and MPNSTs pathologically. GCPII is selectively expressed on non-myelinating Schwann cells in the PNS (Berger, Luthi-Carter et al. 1999), which is thought to be the cell of origin for neurofibroma tumor development. Recent (unpublished data) demonstrated that small molecule GCPII inhibitors could enhance Schwann cell-mediated myelination both in vitro and in vivo, possibly by inducing non-myelinating Schwann cells to differentiate into a myelinating phenotype. By extension, it was considered conceivable that GCPII inhibition could limit the non-myelinating Schwann cell proliferation that occurs in neurofibromas by inducing the Schwann cells into a differentiated phenotype. The goals of this project are to evaluate (1) the Schwann cell enzyme Glutamate Carboxypeptidase II (GCPII) as a potential diagnostic marker to distinguish between malignant and benign peripheral nerve sheath tumors in patients with neurofibromatosis type 1 (NF1), and (2) the potential therapeutic effect of inhibiting GCPII enzymatic activity on the growth of neurofibroma tumors in animal models.",Open Proposal Program,Barbara Slusher|Nancy Ratner|Anat Stemmer-Rachamimov,Johns Hopkins Medical Institute|Cincinnati Children's Hospital Medical Center,:Plexiform_Neurofibroma,:Neurofibromatosis_Type_1,Completed,None,NTAP,,,,syn:syn4939884|syn:syn11374337|syn:syn11374349|syn:syn5562324|syn:syn18904024,syn:syn15666677,syn4939904,https://doi.org/10.54464/pc.gr.147678,
Screening of Plexiform Neurofibroma 3D Models,syn:syn4939916,"In our primary NTAP project we developed and optimized 3D models of NF1 plexiform neurofibromas (PNs) with the goal of providing efficient and effective systems for secondary screening of compounds that would be identified as promising new approaches for these tumors. Another primary NTAP project was performed at NCATS to screen for potential therapeutics using the CellTiter-Glo assay of proliferation as the read-out in a 1536-well 2D growth format. The goals of this project are to prove that cells grown in 3D matrices, as compared to those growing in 2D (on plastic) will exhibit drug sensitivity that is a better clinical predictor.",Cell Culture Initiative,Raymond Mattingly,Wayne State University,:Plexiform_Neurofibroma,:Neurofibromatosis_Type_1,Completed,Available,NTAP,Accessing the data from this study requires a Synapse account.,,:Drug_Screen,syn:syn7217928,syn:syn8449638,syn4939916,,
Search of the molecular mechanisms sustaining plexiform neurofibroma formation in a novel three-dimensional in vitro model,syn:syn8016577,"Mechanical cues, including tissue geometry and intracellular forces, have been shown to regulate the neoplastic transformation process up to malignancy. The hypothesis of this project is that the neoplastic phenotype of Schwann cells (SCs) is fostered by the amplification of integrated signaling pathways triggered not only by loss of neurofibromin and by the ensuing Ras hyperactivation, but also by deregulation in the composition and physical properties of the extracellular matrix (ECM). The goal of this project is to determine the role of the Extracellular Matrix (ECM) in the neoplastic transformation of Schwann cells (SCs).",Open Proposal Program,Federica Chiara,University of Padova,:Plexiform_Neurofibroma,:Neurofibromatosis_Type_1,Completed,None,NTAP,,,,syn:syn22266552,syn:syn15666927,syn8016577,https://doi.org/10.54464/pc.gr.147692,
Use of the mouse model of cutaneous neurofibromas for identification of cells of origin and drug screening studies,syn:syn11374337,"Despite major progress in the understanding of the mechanisms driving development of NFs, the cells of origin and scenario governing initiation of cNFs, remains unknown. We have recently shown that the neural crest derived boundary cap (BC) cells, transiently present at the interface between central and peripheral nervous system in a mouse embryo, migrate sequentially along nerve roots and along peripheral nerves under the skin, two locations where NFs develop with a higher incidence in NF1 patients. Furthermore, in the adult skin, BC derivatives correspond to various types of Schwann cells and dermal stem cells with gliogenic potential, two cell populations considered as the primary pathogenic target of NF1. Based on these observations, we hypothesized that BCs could be directly implicated in the development NFs. To explore such possibility, we have generated mouse line carrying NF1 loss combined with fluorescent tracer in BC cells and their derivatives. All mutant mice develop both paraspinal plexiform and cutaneous NFs whose location and cellular composition faithfully recapitulates NFs present in human NF1 patients.The aim of this study is to take advantage of this unique model and our extensive expertise of NF1 pathology and of mechanisms governing the development of Schwann cells to tackle three important issues concerning the initiation and progression, cellular origin and novel treatment of cNFs.",Cutaneous Neurofibroma Initiative,Piotr Topilko,IBENS,:Cutaneous_Neurofibroma,:Neurofibromatosis_Type_1,Active,Under Embargo,NTAP,The data from this study is currently under embargo. Please contact the principal investigator for access to the data.,,:Image|:Gene_Expression,syn:syn4939884|syn:syn4939904|syn:syn11374349|syn:syn5562324|syn:syn18904024,syn:syn11601451,syn11374337,https://doi.org/10.54464/pc.gr.147706,
Prevention trial for tumor formation in mice modeling NF1 microdeletion patients,syn:syn4939908,"The presentation of NF1 features however is not uniform, even within patients of the same family. Genotype-phenotype correlations have thus far been unsuccessful at predicting which patients will develop what features. The only exception is patients carrying an NF1 microdeletion. These patients have a uniform germline deletion of 1.4Mb containing 14 genes, including NF1 and have a more severe phenotype. The vast majority of microdeletion patients present themselves with >1000 cutaneous and subcutaneous neurofibromas. They are at increased risk for the development of plexiform neurofibromas (76% vs 43-50%) and have a 4-fold increase in lifetime risk for MPNSTs (up to 50%); tumors also arise at a younger age. As a consequence NF1 microdeletion patients are followed up more rigorously and any complaint of pain or growing tumors is seldom ignored. NF1 microdeletion patients would benefit tremendously from the development of therapies that would prevent the onset MPNSTs and by inference of plexiform neurofibromas. In this patient group the benefits would outweigh the risk of conducting a prevention trial. The goals of this project are to determine if BRD4 inhibitors can prevent or delay the onset of tumors in a mouse model for MPNST development in NF1 microdeletion patients (NPS mice) and if the treatment with BRD4 inhibitors alters the recruitment of immune cells to tumor initiation sites. Specifically we ask if there is an enhanced recruitment of anti-tumor immune cells, like cytotoxic T-cells, or a reduction in immune suppressive myeloid cells.",Open Proposal Program,Thomas de Raedt,Brigham and Women’s Hospital,:Unknown_Annotation,:Neurofibromatosis_Type_1,Completed,None,NTAP,,,,syn:syn23664726,syn:syn19287828,syn4939908,https://doi.org/10.54464/pc.gr.147680,
Targeting the mechanisms underlying cutaneous neurofibroma formation in NF1: a clinical translational approach,syn:syn4939910,"Cutaneous neurofibromas (CNFs) can be distinguished from other cutaneous manifestations of NF1 based on their size (0.5-3cm), sessile or polypoid morphology, and typical lack of pigment. CNFs account for substantial morbidity and disfigurement in NF1. Unlike plexiform neurofibromas, which are congenital lesions, CNFs manifest during adolescence suggesting that their pathogenesis is influenced by environmental or hormonal factors. CNFs are comprised of a confederacy of cell types with distinct embryonic lineages, including Schwann-like cells, perineural cells (neural crest or neuro-ectoderm), fibroblasts (mesoderm), and mast cells (bone marrow-derived). The goal of this project is to develop new therapy strategies for peripheral nerve sheath tumors associated with Neurofibromatosis Type 1: Cutaneous Neurofibromas (CNFs) and Malignant Peripheral Nerve Sheath Tumors (MPNSTs).",Francis S. Collins Scholars Program,Matthew R. Steensma,Spectrum Health,:Cutaneous_Neurofibroma|:Unknown_Annotation,:Neurofibromatosis_Type_1,Completed,Under Embargo,NTAP,The data from this study is currently under embargo. Please contact the principal investigator for access to the data.,,:Genomic_Variants|:Chromatin_Activity|:Gene_Expression,syn:syn11374357|syn:syn11374353|syn:syn11374339|syn:syn11374341|syn:syn26238926,syn:syn11678416,syn4939910,https://doi.org/10.54464/pc.gr.147652,
Testing the Pharmacologic role of Molecular Target inhibition on Plexiform Neurofibromas in a Genetically Engineered Mouse Model that closely Phenocopies Human Neurofibromatosis Type 1,syn:syn8012599,"In a recent gene therapy study performed in the laboratory of Dr. Xandra Breakefield, the efficacy and safety of recombinant adeno-associated viral (AAV) virus mediated delivery of Caspase-1 was tested in a schwannoma mouse model. These studies identified that direct injection of the AAV product into the sciatic schwannoma lead to the regression of well-established tumors and importantly, prevented new tumors from developing (Prabhaka et al., 2013, Human Gene Therapy). Utilizing a similar concept and in collaboration with Dr. Breakefield, we will test the efficacy of AAV serotypes and its associated control serotype in preventing (as well as reducing) existing tumor volume and number in our Nf1 plexiform neurofibroma mouse model.  Angiogenesis plays a major role in tumor development, growth, and invasion of nearby cells, wherein endoglin is expressed on tumor vessels and is essential for angiogenesis. We hypothesize that inhibition of the endoglin pathway as well as the VEGF pathway in a combinatory therapeutic setting using our Nf1 tumor bearing mouse model will provide signification tumor reduction of plexiform neurofibromas.  Neurofibromas are complex tumors composed of Schwann cells, mast cells, fibroblasts and perineurial cells embedded in collagen that provide a lattice for tumor invasion. Fibroblasts are a major cellular constituent in neurofibromas and are a source of collagen that constitutes ~50% of the dry weight of the tumor. Work performed in our lab has shown that two of the prevalent heterozygous cells found in neurofibromas, mast cells and fibroblasts interact directly to contribute to the tumorigenic phenotype. Nf1+/- mast cells secrete elevated concentrations of the profibrotic transforming growth factor-beta (TGF-beta). We will conduct studies exploring a TGF-beta inhibitor, as we foresee this as a potential drug target that could be accelerated to in human testing if successful in our preclinical work.  Goals of Project: To evaluate the therapeutic efficacy of various AAV serotypes, a TGF- beta inhibitor, a VEGF inhibitor and a VEGFR inhibitor against existing plexiform neurofibromas utilizing a novel genetically engineered mouse model of plexiform neurofibroma.",Open Proposal Program,D. Wade Clapp,Indiana University,:Plexiform_Neurofibroma,:Neurofibromatosis_Type_1,Active,Under Embargo,NTAP,The data from this study is currently under embargo. Please contact the principal investigator for access to the data.,,,syn:syn4939872|syn:syn11374345|syn:syn4939892|syn:syn4939890|syn:syn22268639,syn:syn15666937,syn8012599,https://doi.org/10.54464/pc.gr.147689,
Drug-Target Explorer,syn:syn11672851,"Phenotypic high-throughput screens are often utilized in modern oncology drug discovery pipelines. Such screens are conducted with an array of molecules (panels of oncology drugs, drugs for other indications, and compounds with possibly unknown bioactivity), ultimately measuring a biological change within a disease model. While these screens can yield valuable hits, they also present the challenge of identifying the target(s) that mediate the effect seen in the screen for several reasons. For example, many drugs have a polypharmacologic target profile making it hard to identify which targets are biologically relevant for a given drug. Furthermore, some libraries contain molecules for which drug-target studies have never been conducted. To address these challenges, we developed an application that enables exploration of the chemical-biological interaction space. Drug-target interaction data from ChEMBL (CC BY-SA 3.0), ChemicalProbes.org (CC BY-SA 3.0), DGIdb (open), DrugBank (CC BY-NC 4.0, used with approval), and Klaeger, et al, 2017 was collected for over 280,000 molecules. In addition, when quantitative data were obtained, pChEMBL values were calculated. Each molecule was annotated with a name and chemical structure, and every target was annotated with protein & gene identifiers. An interactive web interface was developed using the R Shiny platform and cheminformatics R packages.",Independent,Robert Allaway|Sara Gosline,Sage Bionetworks,,:Unknown_Annotation,Active,Available,CTF,Accessing the data from this study requires a Synapse account.,"If you use data from this study in a publication or talk, please cite the following publication: ""Allaway RJ, La Rosa S, Guinney J, Gosline SJC. Probing the chemical-biological relationship space with the Drug Target Explorer. J Cheminform. 2018;10(1):41. Published 2018 Aug 20. doi:10.1186/s13321-018-0297-4."" In addition, please acknowledge the NF Data Portal using the following statement: ""The results published here are in whole or in part based on data obtained from the NF Data Portal (http://www.nfdataportal.org) and made available through the NF Open Science Initiative.""",,syn:syn7239560,syn:syn15665015,syn11672851,,
NF Cell Line Compound Screens,syn:syn11817821,"This project created the first college course in drug screening, and specifically screened for drugs for NF1 and NF2 related tumor types. Students screened drugs, both known and novel, against NF tumor cell models. The known drugs will serve as a starting point for comparison with other screening efforts. In total, 130 drugs were screened against 11 different NF-related cell lines.",Independent,Jeffrey Field,University of Pennsylvania,:Unknown_Annotation,:Neurofibromatosis_Type_1,Completed,Partially Available,CTF,Accessing the data from this study requires a Synapse account.,"If you use data from this study in a publication or talk, please cite the following publication: ""Guo J, Grovola MR, Xie H, et al. Comprehensive pharmacological profiling of neurofibromatosis cell lines. Am J Cancer Res. 2017;7(4):923��_934. Published 2017 Apr 1."" In addition, please acknowledge the NF Data Portal using the following statement: ""The results published here are in whole or in part based on data obtained from the NF Data Portal (http://www.nfdataportal.org) and made available through the NF Open Science Initiative.""",:Drug_Screen|:Image|:Genomic_Variants,syn:syn4984604|syn:syn20608511,syn:syn11818313,syn11817821,,
The Development and Validation of PRO Measures to Assess Pain in Individuals with NF1 and pNF,syn:syn4939912,"Clinical trials for the treatment of PNs in children and adults with NF1 are underway. The FDA recommends including endpoints in NF1 clinical trials that assess changes in symptoms, such as pain, in addition to tumor reduction. Currently, no valid PRO measures exist that assess PN-related pain and its effect on daily functioning. The first phase of this limited-site study is to modify existing PRO pain tools using qualitative methods to ensure understanding of the concepts being assessed and to examine how the current tools work in the NF1/PN population. The second phase is to examine the psychometric properties of the modified PROs in individuals with NF1 and PNs. The goal of this project is to produce the most reliable, valid, and feasible measures of pain intensity and pain interference, as end-points in clinical trials or intervention studies.",Patient Reported Outcomes,Pamela Wolters,National Institutes of Health,:Plexiform_Neurofibroma,:Neurofibromatosis_Type_1,Active,None,NTAP,,,,syn:syn4939896,syn:syn19554968,syn4939912,https://doi.org/10.54464/pc.gr.147665,
TRAPping the metabolic adaptations of plexiform neurofibroma,syn:syn8016650,"We have previously shown that in tumor cells the Ras/ERK transduction pathway has a mitochondrial branch, and that the mitochondrial chaperone TRAP1 increases intracellular succinate, thus activating the tumorigenic programs mastered by the transcription factor HIF1. These observations suggest the possibility that hyperactive ERK might target TRAP1 in mitochondria of PN cells, thus leading to succinate-dependent, pro-neoplastic HIF-1 activation. This project aims at investigating the possibility that hyperactive Ras/ERK signalling could contribute to pro-neoplastic metabolic rearrangements in mitochondria of neurofibroma cells by regulating TRAP1 chaperone activity, thus crucially contributing to the processes of growth and malignant transformation of PNs. We will dissect the mode of action of TRAP1, connecting it with the metabolic status of PNs and MPNSTs, which will be thoroughly investigated in in vivo tumor models.",Open Proposal Program,Giorgio Colombo|Andrea Rasola,,:Plexiform_Neurofibroma,:Neurofibromatosis_Type_1,Active,Under Embargo,NTAP,,,,syn:syn23532255,syn:syn15666923,syn8016650,https://doi.org/10.54464/pc.gr.147688|https://doi.org/10.54464/pc.gr.147687,
Modeling cNF with human Schwann Cells via tunable and reversible control of NF1 protein,syn:syn11374349,"We will combine the human Schwann cell specification system and temporal 'SMASh' control of NF1 protein to develop a humanized cNF model with hESCs (Figure). First, we will modify the NF1 locus by 'knocking-out' one allele of NF1 and 'knocking-in' the SMASh tag and Puro-selection cassette (as a donor vector) into the other allele. The Lee and Kim labs have been working on genetic editing in human pluripotent stem cells for over three years and have generated many 'knock-in' and 'knock-out' lines. After verification of the gene targeting and pluripotency of the selected clones, established NF1-/SMASh hESC clones will be subjected to our Schwann cell specification protocol. We will treat cells with the asunaprevir (ASv) chemical compound at different time points to assess any cellular and molecular changes, either in intact cells or isolated populations (SOX10::GFP+ neural crest cells, CD49d+ Schwann cell precursors and EGFR+ Schwann cells). The goal of this project is to generate a viable human Schwann cell model for cNF and identify differences in susceptibility to NF1 loss in different stages of Schwann cell development. In addition, we will provide the tunable and reversible method of control of NF1 expression (culminated in NF1-/SMASh hESCs) to the general neurofibroma and neurofibromatosis research community.",Cutaneous Neurofibroma Initiative,Gabsang Lee,Johns Hopkins University,:Cutaneous_Neurofibroma,:Neurofibromatosis_Type_1,Active,Under Embargo,NTAP,The data from this study is currently under embargo. Please contact the principal investigator for access to the data.,,:Genomic_Variants|:Image|:Gene_Expression,syn:syn4939884|syn:syn4939904|syn:syn11374337|syn:syn5562324|syn:syn18904024,syn:syn11601481,syn11374349,https://doi.org/10.54464/pc.gr.147700,
Imaging predictors of malignant peripheral nerve sheath tumors,syn:syn17098100,"Malignant peripheral nerve sheath tumors (MPNST) are aggressive soft tissue sarcomas and the leading cause of mortality among neurofibromatosis type 1 (NF1) patients. Most MPNSTs arise from pre-existing internal plexiform neurofibromas (PNs). The only known effective treatment is complete surgical resection with negative margins but this can be limited by diffuse tumor infiltration into adjacent nerves. A limitation to current methods for detection, using standard MRI sequences, is that they are qualitative in nature, and do not reliably distinguish between benign PNs and MPNSTs. The recognition of pre-malignant tumor foci at a quantitative level before development of a clinical MPNST would be highly coveted to enable early intervention. Radiomics is a high-throughput computational method that extracts quantitative features from MRI, such as tumor volume, intensity, shape, and texture. It is hypothesized that radiomic features that will allow for differentiation between benign and malignant tumors can be identified from the analysis of a large database of MPNST and PN image files with paired clinical data, from which a predictive model can be built and validated in a prospective fashion. For this approach, MRI scans and clinical data from 200 NF1 patients will be collected from eight participating sites, including data on previously described risk factors of MPNST. Following review of the provided images to determine which are of sufficient quality for inclusion, a training set (N = 60 in each MPNST and PN group) and validation set (N = 20 in each MPNST and PN group) of 160 patients total will be assembled. Radiomics analysis will be utilized to identify MRI features that differentiate between benign and malignant tumors. The ability of the identified radiomic features (from the training/validation phase) to predict malignant transformation will then be evaluated in an independent test set of 40 patients (N = 20 MPNST, N = 20 PN). Finally, the creation and validation of a predictive model with the ability to stratify patients by their risk of future malignant transformation will be pursued. From this work, the identification of patients at risk of developing MPNST will be realized, thereby enabling early intervention and substantially improving patient morbidity and mortality.",Francis S. Collins Scholars Program,Ina Ly,Massachusetts General Hospital,:Unknown_Annotation,:Neurofibromatosis_Type_1,Active,None,NTAP,,,,syn:syn5714289|syn:syn7217935|syn:syn23639889|syn:syn23651229|syn:syn25999248,syn:syn17100984,syn17098100,https://doi.org/10.54464/pc.gr.147659,
The role of GABA in the working memory impairments in Neurofibromatosis Type 1,syn:syn17100988,"Much of the real life impact of NF1 on children and families relates to learning and behavioural difficulties with long term consequences on academic and occupational functioning. Problems with working memory (WM) are particularly relevant for day-to-day functioning since they are important listening and following instructions, reasoning and making decisions. The aim of this study is to understand the brain mechanisms underlying WM difficulties in NF1 and discover new treatments that might be used to help. This study will investigate how the brain chemical GABA as assessed with Magnetic Resonance Spectroscopy (MRS) relates to WM difficulties in NF1 as assessed by cognitive studies and correlated with functional MRI measures such as blood-oxygen level-dependent (BOLD). I hypothesize that GABA concentration is related to WM performance on cognitive studies. Using a mechanistic experimental trial, transcranial Direct Current Stimulation (tDCS) will be used to modulate GABA. We will then study the relationship between baseline GABA levels and WM and levels of GABA after tDCS and its relationahip to WM as assessed both BOLD signal on MRI and WM performance metrics. The clinical study will be conducted in a cohort of 30 adolescents aged 11-17 years (randomized, crossover design) with NF1, applying real or sham tDCS to the dorsolateral prefrontal cortex (DLPFC). The 30 patients enrolled in the study will visit clinic two times, for a total of 60 patient visits. State-of-art real time imaging techniques such as MRS and task based functional MRI (fMRI) will be used to investigate the effect of tDCS on GABA concentration, changes in functional plasticity, and working memory. Exploration of the structural imaging markers that might relate with WM metrics will also be investigated. NF1 focused research will be conducted 3 days a week. It is anticipated that findings from this study will not only help elucidate the neural underpinnings of WM deficits in people with NF1 but, also provide the biologic and functional evidence to support tDCS a novel, low-cost intervention that can be to improve WM in people with NF1.",Francis S. Collins Scholars Program,Shruti Garg,University of Manchester,,:Neurofibromatosis_Type_1,Active,Under Embargo,NTAP,,,,syn:syn25999239|syn:syn26410510|syn:syn26438193,syn:syn17100997,syn17100988,https://doi.org/10.54464/pc.gr.147658,
Phenotypic screening of anti-NF2 drug candidates in merlin-deficient and normal mouse Schwann cells,syn:syn5562324,"This project was a collaboration between Cenix Bioscience and the University of Central Florida. MS01 and MS11 mouse Schwann cells (NF2-/- and NF2 wild-type) were screened with 95 drugs and vehicle conditions for 48 hours in an 8-point dose response format. The screen also included a 30 minute incubation wih 10 uM EdU to assess DNA synthesis. Phenotypic measurements were performed with an automated microscope (Image Express) and analyzed with the Definiens automated image analysis software. A variety of phenotypes were assessed for all conditions, including EdU-positive nuclei, number of nuclei, oversized nuclei, mitotic nuclei, undersized nuclei, non-ellipsoid nuclei, and condensed nuclei. MS11 were mouse Schwann cells purchased from ScienCell (#M1700). MS01 were derived from Schwann cells from the sciatic nerves of adult Nf2flox2/flox2 mice that underwent Nf2 exon 2 deletion by in vitro infection with a Cre-expressing adenovirus.",Independent,Cristina Fernandez-Valle,University of Central Florida,:Schwannoma,:Neurofibromatosis_Type_2,Completed,Available,CTF,Accessing the data from this study requires a Synapse account.,"If you use data from this study in a publication or talk, please cite the following publication: ""Petrilli AM, Fuse MA, Donnan MS, et al. A chemical biology approach identified PI3K as a potential therapeutic target for neurofibromatosis type 2. Am J Transl Res. 2014;6(5):471��_493. Published 2014 Oct 11."" In addition, please acknowledge the NF Data Portal using the following statement: ""The results published here are in whole or in part based on data obtained from the NF Data Portal (http://www.nfdataportal.org) and made available through the NF Open Science Initiative.""",:Drug_Screen,syn:syn4939884|syn:syn4939904|syn:syn11374337|syn:syn11374349|syn:syn18904024,syn:syn18460035,syn5562324,,
Optical dopamine monitoring with dLight1 reveals mesolimbic phenotypes in a mouse model of neurofibromatosis type 1.,syn:syn18904024,"We employed the genetically encoded optical dopamine sensor dLight1 to monitor dopaminergic neurotransmission in the ventral striatum of NF1 mice during motivated behavior. Additionally, we developed novel systemic AAV vectors to facilitate morphological reconstruction of dopaminergic populations in cleared tissue. We found that NF1 mice exhibit reduced spontaneous dopaminergic neurotransmission that was associated with excitation/inhibition imbalance in the ventral tegmental area and abnormal neuronal morphology. Additionally, NF1 mice had more robust dopaminergic and behavioral responses to salient visual stimuli. These phenotypes were reversible, stimulus-dependent, and independent of learning. Overall, these studies provide a first in vivo characterization of dopaminergic circuit function in the context of NF1 and reveal novel pathophysiological mechanisms.",Independent,J. Elliott Robinson|Viviana Gradinaru,California Institute of Technology,,:Neurofibromatosis_Type_1,Completed,Available,CTF,Accessing the data from this study requires a Synapse account.,"If you use data from this study in a publication or talk, please cite the following publication: ""Robinson JE, Coughlin GM, Hori AM, et al. Optical dopamine monitoring with dLight1 reveals mesolimbic phenotypes in a mouse model of neurofibromatosis type 1. Elife. 2019;8:e48983. Published 2019 Sep 23. doi:10.7554/eLife.48983."" In addition, please acknowledge the NF Data Portal using the following statement: ""The results published here are in whole or in part based on data obtained from the NF Data Portal (http://www.nfdataportal.org) and made available through the NF Open Science Initiative.""",:Behavior_Process|:Electrophysiology|:|:Proteomics,syn:syn4939884|syn:syn4939904|syn:syn11374337|syn:syn11374349|syn:syn5562324,syn:syn18918530,syn18904024,,
Exploring Nonsense Suppression as a Treatment for NF1,syn:syn21641813,"Nonsense mutations comprise around 20% of NF1 mutations. Nonsense mutations are gene lesions that introduce a premature termination codon (PTC) into a messenger RNA (mRNA). A PTC reduces protein expression through two mechanisms. First, a PTC prematurely terminates translation of an mRNA, which prevents the formation of a full-length, functional protein. Second, a PTC can trigger the nonsense-mediated mRNA decay (NMD) pathway, which degrades the mRNA and prevents it from undergoing translation. Together, these two PTC-mediated mechanisms can severely reduce neurofibromin protein expression and function. Since PTCs are found in a significant number of NF1 patients, we propose to identify therapies that suppress the effects of PTCs to restore neurofibromin protein expression and function. Work previously funded by the Cystic Fibrosis Foundation (CFF) developed and characterized reporters that can detect compounds capable of suppressing termination at PTCs and/or inhibiting nonsense-mediated mRNA decay (NMD) of PTC-containing mRNAs. A total of 771,345 small molecules were screened and 157 compounds were confirmed as hits. The project proposed here would examine whether this collection of new, validated, PTC suppression agents restore full-length neurofibromin protein and its function in NF1 cell and animal models that carry nonsense mutations. The goal of this study is to identify multiple compounds for advancement to Investigational New Drug (IND) status in preparation for future clinical trials.",Gene Therapy Initiative,David Bedwell,"University of Alabama, Birmingham",,:Neurofibromatosis_Type_1,Active,None,GFF,The data from this study is currently under embargo. Please contact the principal investigator for access to the data.,,,syn:syn21641876|syn:syn21642027,syn:syn21666953,,,
Genome Editing with Engineered Vectors to Correct Neurofibromatosis Type I,syn:syn21641872,"Neurofibromatosis type I (NF1) is caused by mutations to the NF1 gene that lead to the development of tumors of the peripheral nervous system. Gene therapy has seen tremendous advances in recent years in the delivery of genes to select tissues to compensate for mutations that cause genetic disease. However, there are two primary challenges that prevent extending these developments to NF1. First, there is currently no method to deliver genes to the cells that initiate tumor development. Second, the NF1 gene is particularly large and is not accommodated within the size-restricted viruses currently used for gene therapy. A team was assembled with the unique and complementary expertise to overcome both of these challenges and apply the resulting technology to clinically relevant animal models of NF1. First, an innovative strategy will be used to engineer new viruses that target the tumor initiating cells of the peripheral nervous system. Second, CRISPR-based genome editing will be used to restore the mutated NF1 gene, thereby circumventing the need to deliver a copy of the full-length NF1 gene sequence. Finally, the ability of these engineered viruses and genome editing strategies to reduce tumor burden in a mouse model of NF1 will be tested. Each of these approaches have been successfully applied in the context of other disease areas, and through this project this success will be extended to address the challenges of developing a gene therapy for NF1. This work will also involve several technological advances that will be generally useful to the field and complement other strategies being explored to apply gene therapy and genome editing to NF1. The team is further complemented by direct clinical experience with NF1 patients. This project applies some of the most exciting modern biotechnologies to a particularly challenging disease that will be certain to catalyze new innovations for treating NF1.",Gene Therapy Initiative,Charles Gersbach,Duke University,,:Neurofibromatosis_Type_1,Active,None,GFF,The data from this study is currently under embargo. Please contact the principal investigator for access to the data.,,,syn:syn21641931|syn:syn21641945|syn:syn21641955|syn:syn21641985,syn:syn21667850,,,
Ataluren-promoted therapeutic nonsense suppression for neurofibromatosis,syn:syn21641876,"Nonsense codons are words in the genetic code that instruct the gene expression apparatus to stop the process of protein synthesis at a precise point, i.e., they delineate the boundary of the information in a gene that encodes a specific protein. Although nonsense codons are normally an integral part of the flow of information from DNA to RNA to protein, they also arise in random places within genes because of a specific type of mutation known as a nonsense mutation. Such mutations halt the process of protein synthesis prematurely and thus inactivate the function of genes and cause genetic disorders. Nonsense mutations comprise ~20% of the disease-causing mutations in neurofibromatosis type 1 (NF1). The drug, ataluren, can suppress protein synthesis termination at premature nonsense codons and produce limited but functionally significant quantities of essential proteins in patients with Duchenne muscular dystrophy (DMD) and in mouse and tissue culture models of multiple diseases. In the experiments of this proposal mouse cells will be grown and live mice whose NF1 genes harbor nonsense mutations and test whether ataluren can restore the synthesis and function of the NF1 protein in these cells and animals. Success with these experiments will lead to the initiation of phase 2 proof-of-concept clinical trials with neurofibromatosis patients whose disease is caused by nonsense mutations.",Gene Therapy Initiative,Allan Jacobson,University of Massachusetts,,:Neurofibromatosis_Type_1,Active,None,GFF,The data from this study is currently under embargo. Please contact the principal investigator for access to the data.,,,syn:syn21641813|syn:syn21642027,syn:syn21668311,,,
NF1 Gene Rescue in Translational Animal Models,syn:syn21641931,"The goal of this project is to test new technologies for correcting NF1 mutations at the genome or DNA level instead of current efforts that are focused largely on regulating targets in the NF1 signaling pathway. The proposal establishes a new collaborative team that brings together the expertise of two laboratories, each of which has established critical technologies and reagents on hand that provides a new approach for treating NF1. The Kesterson lab (UAB) has established several critical reagents for the study of NF1 including a newly created system to study NF1 by having a full-length NF1 cDNA that represents the key ""coding"" regions of the NF1 gene, which has all the critical information needed to produce the entire neurofibromin protein. His laboratory has also created the first mice and rats that have mutations in their NF1 gene that completely mimic those seen in patients. The Zhou lab (Yale) has developed key technologies based on ""nanoparticles"" for delivery of large size DNA like NF1, or for gene-editing reagents known as CRISPR/Cas9 that can correct mutations at the DNA level. This project proposes to conduct needed pre-clinical studies in NF1 relevant animal models to assess the ability to use nanoparticles to 1) deliver the cDNA that will then make neurofibromin protein, and 2) deliver the gene-editing reagents to directly correct the mutation causing NF1. Rats will also be created that carry NF1 patient mutations and characterize those for tumor formation and cognitive deficits. Rats are well known in the neuroscience field as the preferred species to assess cognitive and behavioral function. The ability of the nanoparticles to treat anticipated cognitive and behavioral deficits in the rats with NF1 mutations will be tested as well. If successful, the new systems will provide essential pre-clinical data and lay the foundation for clinical trials using nanomedicine to treat NF1 disease.",Gene Therapy Initiative,Robert Kesterson,"University of Alabama, Birmingham",,:Neurofibromatosis_Type_1,Active,None,GFF,The data from this study is currently under embargo. Please contact the principal investigator for access to the data.,,,syn:syn21641872|syn:syn21641945|syn:syn21641955|syn:syn21641985,syn:syn21668501,,,
NF1 RNA Repair Based on Therapeutic Ribozymes,syn:syn21641945,"The 1989 Nobel Prize in Chemistry went to Thomas R. Cech and Sydney Altman for their discovery of ribonucleic acid (RNA) molecules with catalytic properties similar to those of protein enzymes, leading to the term 'ribozymes'. Cech and colleagues studied a specific ribozyme, an intron of a gene in Tetrahymena thermophila, a single-celled organism. Ribozymes of its kind can be modified to specifically bind to a target RNA of choice, split this RNA at a specific site into two parts, and replace one part with another RNA sequence that is attached to the ribozyme. This so-called trans-splicing ability of engineered ribozymes establishes a potential strategy for therapeutic RNA repair: The faulty part of RNA that resulted from a genetic mutation in its associated gene is removed and replaced by the correct part. Such a repaired transcript then translates into fully functional proteins. Early proofs of this concept demonstrated repair of defective RNAs involved in cancer (p53), myotonic muscular dystrophy (DMPK) and sickle-cell anemia (beta-globin). This proposal builds upon this concept: Bioengineered trans-acting ribozymes are used to target faulty transcripts of the NF1 gene that carry mutations causing neurofibromatosis type 1 (NF1). The aim is to effectively and specifically restore function to the NF1 gene product for a variety of patient-derived NF1 mutations in human cell lines. As part of the ribozyme design, potential obstacles on the path to NF1 clinical application will be considered and analyzed, including delivery of the therapeutic ribozymes, avoidance of off-target effects, and minimization of a possible immune response. By developing NF1 mouse models with patient specific mutations that are amenable to ribozyme-mediated correction we will prepare for subsequent animal studies, a necessary step prior to clinical testing. We envision our research to constitute the first step towards a novel RNA-based therapy for the treatment of NF1.",Gene Therapy Initiative,Andre Leier|Ulrich Muller,"University of Alabama, Birmingham|University of California, San Diego",,:Neurofibromatosis_Type_1,Active,None,GFF,The data from this study is currently under embargo. Please contact the principal investigator for access to the data.,,,syn:syn21641872|syn:syn21641931|syn:syn21641955|syn:syn21641985,syn:syn21669328,,,
Investigating Synthetic Lethality Associated with NF1 Loss,syn:syn21641955,"Neurofibromatosis type 1 (NF1) is a genetic disease caused by a mutation of NF1, a gene which normally limits cell proliferation. NF1 patients initially have one of the two NF1 alleles which remains normal but is prone to become inactivated. When this occurs, benign tumors called neurofibromas develop and cause various health complications. In some cases, neurofibromas transform into aggressive life-threatening tumors. Initial identification of the NF1 gene as causative for the disease created hope that the defect could be corrected using gene therapy strategies. However, genetic correction of NF1 mutations is met with several outstanding issues that render this type of approach unlikely to succeed for the time being. Instead of trying to correct the disease causing-mutation, this project proposes a new approach to treat NF1 that aims at killing cells that have inactivated both copies of the NF1 gene. The concept underlying this original therapeutic approach is based on the fact that mutation of one gene often creates vulnerabilities towards inactivation of other genes that are not normally required for cell survival. A spinoff of the recently developed CRISPR/CAS9 technology will be used to identify genes that become essential for the survival of cells that have inactivated both copies of the NF1 gene. The focus will then move to target genes for which an FDA-approved drug is already available. Such a drug, if successful in killing NF1-mutant cells, should quickly become available for clinical testing in NF1 patients.",Gene Therapy Initiative,Eric Pasmant|Raphael Margueron,University Paris Descartes|Institut Curie,,:Neurofibromatosis_Type_1,Active,None,GFF,The data from this study is currently under embargo. Please contact the principal investigator for access to the data.,,,syn:syn21641872|syn:syn21641931|syn:syn21641945|syn:syn21641985,syn:syn21669353,,,
Development of Mutation Suppression Therapy in a Swine Model of NF1,syn:syn21642027,"One in five Neurofibromatosis Type 1 (NF1) patients have a specific type of mutation in the NF1 gene that causes its protein production machinery to stop early, resulting in a shortened and usually non-functional product. There is a type of drug called a ""nonsense mutation suppressor"" that restores full-length production of protein in genes that have these mutations. These drugs are being developed for diseases like Cystic Fibrosis and Duchenne Muscular Dystrophy, and many clinical trials are underway for these patients. Unfortunately, the immense impact these drugs could have on NF1 patients with these mutations has yet to be explored. The goal of this proposal is to investigate the potential of nonsense mutation suppression therapies in NF1 patients. This group has developed a minipig model of NF1 that shows many of the clinical signs seen in human patients of NF1, including cafe-au-lait spots, dermal neurofibromas, and optic pathway glioma, and it has been used to find drugs that are both safe and effective in our preclinical model that can better inform researchers and clinicians before these drugs go into clinical trials in NF1 patients. Here, this project aims to develop a new swine model of NF1 with a slightly different mutation that will be suitable for testing these nonsense mutation suppression therapies. The preclinical utility of these drugs will be established with the goal of initiating a clinical trial in NF1 patients with a drug that is safe, tolerable, and effective in restoring NF1 gene function. The NF1 pig model developed in this proposal is expected to develop tumors similar to those found in human patients and can be used to establish the ability of these novel therapies to both eradicate the underlying genetic abnormality and cure existing manifestations of the condition in people living with NF1.",Gene Therapy Initiative,Adrienne Watson|David Largaespada,Recombinetics|University of Minnesota,,:Neurofibromatosis_Type_1,Active,Under Embargo,GFF,The data from this study is currently under embargo. Please contact the principal investigator for access to the data.,,:Genomic_Variants|:|:Gene_Expression|:Cellular_Physiology|:Drug_Screen,syn:syn21641813|syn:syn21641876,syn:syn21669564,,,
Exon skipping to treat Neurofibromatosis Type 1 (NF1) mutations,syn:syn21642010,"Most currently available drugs to treat Neurofibromatosis Type I (NF1) are targeted at tumors; and as with many chemotherapies, they tend to have toxic side effects. Newer, less toxic therapies are needed. Antisense directed gene therapy, and more specifically exon skipping, is a successful therapeutic strategy for other diseases including Duchenne muscular dystrophy (DMD) which also affects children. Antisense directed gene therapy causes cells to ""skip"" over faulty pieces of the genetic code, leading to a truncated but still functional protein despite the genetic mutation. Antisense oligonucleotides (AONs) are short synthetic modified nucleic acids that bind RNA through base pairing and enable modulation of its expression. The project hypothesizes that antisense directed gene therapy can be utilized to treat NF1 and is designed to test that possibility. Exons, the coding part of genes, within the NF1 transcript that may be skipped and still maintain gene function must be identified. The first aim is to create copies of the NF1 gene that are missing these prioritized exons and test their function in cell-based molecular assays. Next, antisense oligonucleotides will be designed and tested. This will involve computer-aided sequence analysis of the NF1 genomic region and the design of NF1 antisense phosphonodiamidite morpholino oligomers (PMOs) that target specific exons. These PMOs will be tested in normal cells for their exon-skipping efficiency. Human cell lines that have deleterious, patient-specific NF1 mutations will also be created using CRISPR/Cas9 technology to edit the genome. These mutations will occur within exons that have been shown to maintain gene function after deletion. PMOs that are efficacious will be moved forward and be tested in dose response for exon skipping efficiency in cells containing patient mutations. NF1 function will also be evaluated. Finally, mice models will be created, and the phenotypes characterized such that they may be used to show proof-of-Principal that exon skipping could be therapeutic for NF1. Ideally, exon skipping could be used clinically to treat NF1 patients that harbor mutations in non-critical regions of the gene. Production of even partially functional NF1 could help ameliorate phenotypes. This project will make the following three contributions to advancing the field of NF research. First, we will determine if exon skipping strategies are even a possibility for treating NF1. Second, data generated will direct future structure-function studies and possibly help lead to a ""mini-NF1"" gene cassette for gene replacement therapies. Finally, generation of mutant human cell lines and mice provides a resource for many other projects.",Gene Therapy Initiative,Deeann Wallis|Linda Popplewell,"University of Alabama, Birmingham|Royal Holloway University of London",,:Neurofibromatosis_Type_1,Active,None,GFF,The data from this study is currently under embargo. Please contact the principal investigator for access to the data.,,:Image|:Proteomics,syn:syn21355225,syn:syn21669676,,,
"AAV, Zinc Finger Protein and Antisense Oligonucleotide Strategies for Restoration of Neurofibromin Expression",syn:syn21641985,"Neurofibromatosis type I (NF1) is a genetic disorder caused by mutations in the neurofibromin gene. Patients with NF1 suffer from a variety of health challenges, including skin lesions, benign and malignant tumors of the optic and peripheral nervous system, and cognitive deficits. Current treatment options are limited and do not address the primary genetic defect associated with this disorder, namely the reduction in levels or complete loss of the neurofibromin protein within affected tissues. This project seeks to develop therapeutics that will directly address this core deficit in NF1 patients. The central focus is to develop two new NF1 drug candidates that will be ready for Pre-IND discussions with the FDA at the end of the third year of study. This ambitious goal will be achieved by developing and characterizing multiple potential therapeutics in parallel and analyzing them on common platforms in a joint scientific effort spanning fourteen clinical and basic science research laboratories. During the first two years of the project, the efficacy of different therapeutic modalities will be evaluated first in cell culture and then in mouse models of NF1. In year three, we will focus exclusively on the two most promising therapeutic strategies, advancing them through more intense efficacy and safety studies in NF1 mouse models to produce datasets that will be necessary for discussions with the FDA intended to prepare for trials of the drug candidates in patients.",Gene Therapy Initiative,Miguel Sena-Esteves|Scott Wolfe|Matthew Gounis|Jonathan Watts|Xandra Breakefield|Casey Maguire,University of Massachusetts|Massachusetts General Hospital,,:Neurofibromatosis_Type_1,Active,None,GFF,The data from this study is currently under embargo. Please contact the principal investigator for access to the data.,,,syn:syn21641872|syn:syn21641931|syn:syn21641945|syn:syn21641955,syn:syn21669822,,,
Neuroprotection and optic nerve regeneration in a mouse NF1 OPG model,syn:syn21650326,"Neurofibromatosis Type I (NF1) occurs at a frequency of 1/3000 worldwide and can cause non-cancerous tumor growth in the peripheral and central nervous systems. 15-20% of people with NF1 develop optic pathway gliomas (OPGs) in the first 7 years of life due to an excessive proliferation of astrocytes (support cells of the nervous system) and the invasion of tumors with microglia (resident immune cells in the nervous system). Retinal ganglion cells (RGCs), the nerve cells that send visual information from the eye to the brain, are vulnerable to the effects of aberrant astrocytes and microglia, and undergo cell death in many patients with OPGs, resulting in an irretrievable loss of vision. The objectives of this research are to prevent RGCs from dying in cases in which NF1-associated OPGs are diagnosed at an early stage of progression, or to enable remaining RGCs to regenerate connections back to the brain in cases in which OPGs are diagnosed at a more advanced stage and axons have atrophied. Several treatments that have proven to be successful in preserving injured RGCs and/or enabling RGCs to regenerate dam-age nerve fibers in earlier studies from our lab and others will first be tested individually for beneficial or possible negative effects in a mouse model of NF1-associated OPG. Therapies that prove to be benign or beneficial will then be combined and tested in larger groups in early and later stages of OPG progression in mice. In more basic research, we will investigate how 3 newly discovered pathways that regulate RGC survival interact with each other to develop better treatments for OPGs. Finally, we will work with the cell replacement groups to develop methods to enable endogenous or exogenous stem cell-derived RGCs to extend nerve fibers that can convey visual information to the brain. Our overall goal is to devise therapies that can be moved into clinical practice to improve vision in NF1 patients with OPGs.",Vision Restoration Initiative,Larry Benowitz,Boston Children's Hospital,,:Neurofibromatosis_Type_1,Active,None,GFF,The data from this study is currently under embargo. Please contact the principal investigator for access to the data.,,,syn:syn21650366|syn:syn21650404|syn:syn21650480|syn:syn21650484,syn:syn21669855,,,
Axon regeneration and vision restoration in NF1 OPG,syn:syn21650366,"In optic glioma (OPG), including that associated with Neurofibromatosis type-1 (NF1), retinal ganglion cells (RGCs) sustain axon injury and patients lose vision, often in early life. Injury to RGC axons in the optic nerve, whether compressive, traumatic, ischemic or degenerative in nature, results in an irreversible loss of vision due to the inability of RGCs to remain viable and to regenerate their axons. Seminal studies in rodents over the past 2 decades have identified strategies that allow many RGCs to survive long-term after optic nerve injury and enable some RGCs to regenerate axons from the eye to the brain. Most of these data were developed in acute trauma models of optic nerve crush, which may or may not be directly translatable to the axon damage and optic nerve environment in NF1 OPG. In light of these promising results, we believe that the time is right for a collaborative group of investigators to join forces to achieve unprecedented levels of regeneration and to translate these findings into proof-of-concept in NF1 OPG models as well as a larger animal model, as an essential step towards eventual treatment of NF1 OPG patients.",Vision Restoration Initiative,Jeffrey Goldberg,Stanford University School of Medicine,,:Neurofibromatosis_Type_1,Active,None,GFF,The data from this study is currently under embargo. Please contact the principal investigator for access to the data.,,,syn:syn21650326|syn:syn21650404|syn:syn21650480|syn:syn21650484,syn:syn21669867,,,
Optimizing strategies to improve visual recovery from NF1 optic glioma,syn:syn21650395,"Children with Neurofibromatosis type 1 (NF1) are prone to the development of benign brain tumors that affect the optic pathway (optic gliomas) and result in vision loss. While current chemotherapy is effective at halting tumor growth, few patients regain vision. For this reason, it is imperative to identify new treatments that prevent or restore vision loss from these tumors. Research over the past 15 years in the Gutmann laboratory has demonstrated that mice engineered with Nf1 gene mutations develop optic gliomas and tumor associated vision loss. In the current GVRI proposal, we plan to use a novel discovery strategy to identify a core molecular signature of vision recovery following treatment in mice, and employ these findings to evaluate promising candidates in preclinical studies in genetically engineered mice with optic gliomas and vision loss. Leveraging the GVRI team science paradigm, discoveries made using these mice will be validated in other experimental paradigms developed in the Reh, Zack, and Young laboratories. In addition, novel findings emanating from other team efforts will be evaluated in these Nf1 optic glioma mice. Taken together, we aim to identify targeted therapeutic strategies that prevent or ameliorate vision loss in children with NF1 associated optic pathway gliomas.",Vision Restoration Initiative,David Gutmann,Washington University in St. Louis,,:Neurofibromatosis_Type_1,Active,Under Embargo,GFF,The data from this study is currently under embargo. Please contact the principal investigator for access to the data.,,:Image|:Raw_Counts,syn:syn4939914|syn:syn21650464,syn:syn21669872,,,
New strategies of protecting RGCs and promoting optic nerve regeneration,syn:syn21650404,"Vision loss associated with some patients of neurofibromatosis type 1 (NF1) is characterized by degeneration of the optic nerve and the loss of retinal ganglion cells (RGCs), following optic pathway glioma (OPG). Currently there is no solution to reverse the optic pathway damage and restore vision. Tremendous progress in both NF1/OPG and RGC biology provide an unprecedented opportunity of tacking this issue and developing relevant therapeutic strategies. The objective of this proposed study is to leverage our expertise in studying RGC survival and regeneration to explore novel neuroprotective and restorative approaches for NF1/OPG. As to protective therapies, we will assess the effects of available axon-protecting manipulations in NF1/OPG and also identify novel protective interventions targeting the vulnerability of RGCs of NF1/OPG. In addition, we will collaborate with exogenous cell replacement groups in developing a set of manipulations that maximize the extents of axon growth, so that transplanted RGCs could reach their targets for vision restoration. As a component of GVRI team, these proposed studies are expected to contribute to the development of vision restoration therapies for NF1/OPG patients.",Vision Restoration Initiative,Zhigang He,Boston Children's Hospital,,:Neurofibromatosis_Type_1,Active,None,GFF,The data from this study is currently under embargo. Please contact the principal investigator for access to the data.,,,syn:syn21650326|syn:syn21650366|syn:syn21650480|syn:syn21650484,syn:syn21669882,,,
Structural and functional restoration of the visual system in NF1,syn:syn21650464,"The purpose of this proposal is to understand the specific barriers to visual system function and optic pathway regeneration in people suffering from Neurofibromatosis 1 (NF1) and to develop strategies to overcome those barriers. Previous work from our lab and others has shown (in animal models) that the mammalian visual system has the capacity to regenerate after injury, provided that the proper stimulus (or combination of stimuli) is provided. The cellular, molecular, structural and functional conditions leading to vision loss in the optic pathway of NF1 patients are unique. Thus, it is absolutely crucial to gain thorough understanding of these features in animal models of NF1 in order to develop viable strategies for curing vision loss in NF1 patients. This proposal outlines a strategy to define the optic eye-to-brain pathway in NF1 mutant mice and the specific structural and molecular barriers that must be overcome in order for optic axon regeneration to occur at different stages of the disease. We will test the efficacy of enhancing retinal neural activity on regeneration in NF1 mutants, and the impact of increasing specific cell growth pathways alone or in combination with activity augmentation. Using state-of-the-art tools, we propose to assess retinal axon regeneration, tumor growth and stability and recovery of visual function. Successful completion of these studies should greatly inform our understanding of visual defects in NF1 and strategies to reverse and overcome them.",Vision Restoration Initiative,Andrew Huberman,Stanford University School of Medicine,,:Neurofibromatosis_Type_1,Active,None,GFF,The data from this study is currently under embargo. Please contact the principal investigator for access to the data.,,,syn:syn4939914|syn:syn21650395,syn:syn21669889,,,
Generation and neuroprotective studies of NF1 patient-derived RGCs,syn:syn21650476,"Neurofibromatosis type 1 (NF1) is the most common genetic condition in which individuals carrying the mutation are predisposed to develop a variety of types of tumors. Approximately 20% of children with NF1 mutations will develop tumors of the nerve that carries visual information from the eye to the brain, so called optic pathway gliomas (OPGs). NF1 OPGs can cause permanent vision loss ranging from a mild decline in visual acuity to complete blindness. Up to 50% of children with NF1 OPGs will suffer vision loss, typically between 1 to 8 years of age, which has a significant lifelong impact on the child's overall health and quality of life. Enhancing and restoring visual function in children with NF1 OPGs could dramatically improve their lifelong quality of life.Vision loss from NF1 OPGs ultimately results from damage to and loss of the retinal ganglion cells (RGCs), the retinal neurons that carry visual information from the eye to the brain. Since mammalian RGCs do not regenerate, it is important to develop approaches that maintain the health of a patient's remaining RGCs, so as to reduce or prevent additional vision loss. It is the goal of our work, which is part of the Gilbert Vision Restoration Initiative (GVRI), to use RGCs derived from human stem cells to better understand how NF1 mutations lead to RGC damage and cell loss and to develop strategies to promote RGC survival and function. NF1 RGCs will be generated from small skin biopsy or blood samples from patients with NF1 mutations. These patient derived cells will then be studied in our and other labs lab to uncover how their mutations affect the RGCs, and then we will test thousands of small molecules to try to identify ones that can reverse the effect of the NF1 mutation. It is hoped that these studies will lead to the development of potential drugs to preserve the vision of patients suffering from Neurofibromatosis type 1.",Vision Restoration Initiative,Donald Zack,Johns Hopkins University,,:Neurofibromatosis_Type_1,Active,None,GFF,The data from this study is currently under embargo. Please contact the principal investigator for access to the data.,,,syn:syn21650488,syn:syn21669909,,,
RGC differentiation and transplantation for NF1 OPG,syn:syn21650480,"What regulates neuronal growth and differentiation in the central nervous system (CNS)? The optic neuropathy and vision loss seen in optic glioma (OPG) in some cases associated with Neurofibromatosis type 1 (NF1) is one such disease that afflicts the eye that leads to damage and eventual loss of retinal ganglion cells (RGCs). Once lost, RGCs are not replaced in humans or other mammals resulting in irreversible blindness. Transplantation of stem cell derived-RGCs could be a feasible approach to restore vision; however, little is known about how to promote RGC differentiation from stem cells (SCs), or whether stem cell derived-RGCs transplanted into an adult would be able to integrate into either intact or degenerating retinal circuits, particularly in the context of an NF1 patient's retina. Thus, identifying the relevant signaling pathways that promote RGC specification will be necessary to generate donor RGCs that integrate and form functional connections within recipient retinas.Stem cell-based approaches provide new hope for the treatment of many neurodegenerative diseases. To date, several protocols have been reported for RGC generation from hiPSCs and hESCs, however these protocols are labor intensive, require significant time in culture, and yield only a few RGCs. To overcome these issues, we propose to utilize a rapid and direct induced RGC (iRGC) protocol modified from an induced neuron (iN) protocol established in an adjacent Stanford lab to investigate GDF, SoxC and other signaling on RGC fate specification in hiPSCs, with and without the NF1 background. The ultimate goal of this project will be to improve the efficiency of RGC differentiation from hiPSCs, and demonstrate efficacy of iRGC transplant with anatomic and functional assays, with attention to NF1 mutation in the donor iRGC population, and in the recipient host mouse.",Vision Restoration Initiative,Jeffrey Goldberg,Stanford University School of Medicine,,:Neurofibromatosis_Type_1,Active,None,GFF,The data from this study is currently under embargo. Please contact the principal investigator for access to the data.,,,syn:syn21650326|syn:syn21650366|syn:syn21650404|syn:syn21650484,syn:syn21669921,,,
Stem cell derived RGCs: Improving the success of transplantation strategies,syn:syn21650484,"Our overall goal is to improve the success of RGC transplantation, using mouse cells, together with tissue engineering and pig to pig transplantation studies. We will first identify and optimize key variables using mouse cells that can be applied for pig, non-human primate and human retinal ganglion cell precursors. The premise is that the development of RGCs from stem cells is conserved and the cues we identify may be relevant for all RGCs. Testing them in mouse has two key advantages: The timeframe for differentiation is much shorter, which allows one to test more variables; and the mouse model allows for mouse to mouse (allograft) studies which is a likely therapeutic strategy in humans. We have shown that mouse stem cells-derived RGCs are diverse, functional and integrate into healthy and RGC-depleted retinas following injection into the chamber of the eye in front of the retina. We have also demonstrated long-term survival and growth of processes into the optic nerve. We have three sub-aims for this approach: 1 ) Identifying the stage of differentiation with the highest potential for transplantation 2. Evaluate different types of RGCs for transplantation studies 3. Improving RGC maturation in retinal tissue, differentiated from stem cells. We will work closely with team members to develop appropriate differentiation (DZ) and transplantation (JG) protocols.We will also develop novel tissue engineered transplants aimed at improving graft success. Using cells and protocols from Aim 1, we will develop polymer composite grafts capable of improving survival, engraftment, and differentiation of transplanted RGCs. Cells from JG and DZ, along with cells from Aim 1 will be used for these studies. Lastly, building upon studies by team members using mouse and human RGCs, we will develop pig RGCs for the purpose of performing pig-pig allograft (same species) studies in disease models. Human and mouse protocols from DZ and PB will be used to generate pig RGCs.",Vision Restoration Initiative,Michael Young|Petr Baranov,Massachusetts Eye and Ear Infirmary,,:Neurofibromatosis_Type_1,Active,None,GFF,The data from this study is currently under embargo. Please contact the principal investigator for access to the data.,,,syn:syn21650326|syn:syn21650366|syn:syn21650404|syn:syn21650480,syn:syn21669929,,,
Human stem cell-derived RGCs for optic nerve regeneration,syn:syn21650488,"Neurofibromatosis type 1 (NF1) is the most common genetic condition in which individuals carrying the mutation are predisposed to develop a variety of types of tumors. Approximately 20% of children with NF1 mutations will develop tumors of the nerve that carries visual information from the eye to the brain, so called optic pathway gliomas (OPGs). NF1-OPGs can cause permanent vision loss ranging from a mild decline in visual acuity to complete blindness. Up to 50% of children with NF1-OPGs will suffer vision loss, typically between 1 to 8 years of age, which has a significant lifelong impact on the child's overall health and quality of life. Enhancing and restoring visual function in children with NF1-OPGs could dramatically improve their lifelong quality of life.Vision loss from NF1-associated optic pathway gliomas ultimately results from damage to and loss of the retinal ganglion cells (RGCs), the nerve cells of the eye that carry visual information to the brain. Since mammalian RGCs do not regenerate, for those patients who have already suffered significant RGC cell death and associated vision loss, the Gilbert Vision Restoration Initiative (GVRI) is pursuing the development of technology to replace a patient's lost RGCs with human stem cell derived RGCs. We have already developed methodology to generate RGCs from stem cells generated from a small skin biopsy or blood sample. As part of the GVRI, we will optimize this methodology and better characterize the resulting RGCs at the single cell level. We will also perform screens to identify molecules and genes that can help the new RGCs, after transplantation into the eye, find their targets in the brain. Although there is still a long road ahead, based on exciting recent work in the field, there is now real hope that the Exogenous RGC Replacement work being sponsored by the GVRI will, in the years ahead, help lead the way to restoring vision to those suffering from NF1 OPGs and other forms of optic nerve disease.",Vision Restoration Initiative,Donald Zack,Johns Hopkins University,,:Neurofibromatosis_Type_1,Active,None,GFF,The data from this study is currently under embargo. Please contact the principal investigator for access to the data.,,,syn:syn21650476,syn:syn21670933,,,
Retina regeneration in zebrafish-Endogenous RGC replacement,syn:syn21650493,"NF1 is a disease resulting from reduced levels of neurofibromin 1 that functions as a tumor suppressor. One in five children with NF1 have optic nerve tumors that can lead to retinal ganglion cell death and blindness. One approach for treating NF1-related blindness is to regenerate retinal ganglion cells from endogenous stem cells. Because zebrafish use endogenous stem cells to regenerate retinal ganglion cells, we propose that understanding this process in fish will inform us of strategies for stimulating a similar process in humans. With this goal in mind, we aim to identify gene expression changes and small molecules that are sufficient to drive retina regeneration in zebrafish and test their effect on retina regeneration in mammals.",Vision Restoration Initiative,Daniel Goldman,University of Michigan,,:Neurofibromatosis_Type_1,Active,None,GFF,The data from this study is currently under embargo. Please contact the principal investigator for access to the data.,,:Gene_Expression|:Image,syn:syn21650499,syn:syn21670947,,,
Factors that promote ganglion cell regeneration,syn:syn21650499,"Currently, there are no effective therapies to replace degenerated neurons in patients with retinal ganglion cell loss from optic pathway glioma (OPG), such as occurs in patients with Neurofibromatosis type 1 (NF1). By contrast, retinas of non-mammalian vertebrates, such as fish and amphibians, show a robust regenerative response following retinal damage. Upon injury to the retina, fish Muller Glia generate all different types of retinal neurons to replace those that were lost. There has been considerable progress in understanding the molecular mechanisms of regeneration in non-mammalian vertebrates, and if this knowledge could be applied to humans, it might lead to the development of new types of regenerative therapies for patients with impaired vision from Neurofibromatosis type 1. We have recently found that by expressing a key regulatory gene called Ascl1 in the Muller glia of mice, we can induce them to regenerate new neurons after injury to the ganglion cells. The new regenerated neurons in the mouse retinas wired up with the existing, undamaged neurons and became functional. These results showed for the first time that functional neuron regeneration is possible in mammals, like ourselves. We would like to apply these findings to patients; unfortunately not all types of retinal neurons were regenerated in the mouse retina, and one of the types of neurons that they do not regenerate is the ganglion cell, precisely the cell type lost in NF1 patients. Therefore, we propose to figure out what is missing that would allow the Muller glia of mice to make new ganglion cells, by developing novel screening methods to identify these factors. This proposal outlines a series of pilot experiments that will help ensure that the factors we identify in these screens are particularly relevant for NF1 patients.",Vision Restoration Initiative,Thomas Reh,University of Washington,,:Neurofibromatosis_Type_1,Active,None,GFF,The data from this study is currently under embargo. Please contact the principal investigator for access to the data.,,,syn:syn21650493,syn:syn21670978,,,
"Neurofibromatosis Therapeutic Consortium - University of California, San Franciso",syn:syn21452685,"The Neurofibromatosis Therapeutic Consortium (NFTC) brought together four labs to find novel targets for clinical trials. This three-year, $4 million collaboration was co-funded with NTAP (Neurofibromatosis Therapeutic Acceleration Program) and was an extension of the Neurofibromatosis Preclinical Consortium (NFPC), a five-year, $7 million program that concluded in 2013. These two consortia cooperated to perform and complete 111 preclinical trials across different models. These studies identified 12 drug targets with promising efficacy, and 16 clinical trials have occurred based on the veracious preclinical data gathered by NFPC and NFTC investigators.  This Portal study includes the data generated by the University of California, San Francisco arm of the NFTC.",Neurofibromatosis Therapeutic Consortium,Benjamin Braun|Kevin Shannon,"University of California, San Francisco",:Unknown_Annotation,:Neurofibromatosis_Type_1,Completed,Under Embargo,CTF|NTAP,,,,syn:syn20613866,syn:syn21452689,,https://www.doi.org/10.48105/pc.gr.88645|https://www.doi.org/10.48105/pc.gr.88646|https://www.doi.org/10.48105/pc.gr.88647|https://www.doi.org/10.48105/pc.gr.88648,
Neurofibromatosis Therapeutic Consortium - Brigham and Women's,syn:syn20613866,"The Neurofibromatosis Therapeutic Consortium (NFTC) brought together four labs to find novel targets for clinical trials. This three-year, $4 million collaboration was co-funded with NTAP (Neurofibromatosis Therapeutic Acceleration Program) and was an extension of the Neurofibromatosis Preclinical Consortium (NFPC), a five-year, $7 million program that concluded in 2013. These two consortia cooperated to perform and complete 111 preclinical trials across different models. These studies identified 12 drug targets with promising efficacy, and 16 clinical trials have occurred based on the veracious preclinical data gathered by NFPC and NFTC investigators.  This Portal study includes the data generated by the Brigham and Women's Hospital arm of the NFTC.",Neurofibromatosis Therapeutic Consortium,Karen Cichowski,Harvard Medical School|Brigham and Women�s Hospital,:Unknown_Annotation,:Neurofibromatosis_Type_1,Completed,Under Embargo,CTF|NTAP,,,:,syn:syn21452685,syn:syn20613885,,https://www.doi.org/10.48105/pc.gr.88634|https://www.doi.org/10.48105/pc.gr.88635|https://www.doi.org/10.48105/pc.gr.88636,
Identification and functional characterization of the substrates of LZTR1 (schwannomatosis),syn:syn22268689,"LZTR1 is a substrate adaptor protein of the CUL3 ubiquitin ligase complex whose substrates and cellular functions remain mostly unknown. Our laboratory reported for the first time that human brain tumors harbor somatic mutations of the LZTR1 gene. Later studies revealed that LZTR1 is somatically mutated across many types of human tumors. Furthermore, mutations of LZTR1 were identified as the causal event leading to a significant number of cases of schwannomatosis. Schwannomatosis is a rare form of Neurofibromatosis that has only recently been identified. The genetic disorder affects less than 1 in 40,000 people, and causes the development of schwannomas on cranial, spinal and peripheral nerves. Schwannomas may cause pain that may be hard to manage. Although the causal tumor suppressor role of LZTR1 as genetic basis of schwannomatosis has been firmly established, the mechanism by which loss of the activity of the LZTR1 ubiquitin ligases triggers tumor development remains elusive. Temporally coordinated destruction of key cell regulatory proteins by the Ubiquitin-Proteasome System (UPS) represents an important control mechanism to ensure that specific protein functions are turned off at the right time, in the right compartment, and in a unidirectional fashion. Cullin/Ring/Ligase complexes (CRL) control the proteolysis of many important cell regulators. In humans, there are approximately 200 CRL ligases, each characterized by a different substrate recognition subunit that provides specificity by directly recruiting the substrates. Cullin-3 is the molecular scaffold of a major class of CRLs that use BTB domain proteins as substrate-specific adaptors. Despite their large number, only a handful of BTB domain proteins have well-established substrates and their biological functions are largely unknown. Recently, RAS and Rit1 have been proposed as potential substrates of LZTR1. In the context of this work, it was suggested that LZTR1 may inhibit MAPK pathway by repressing RAS activity, but the mechanism of RAS inhibition remains controversial. Furthermore, the full scope of LZTR1 substrates and cellular functions remain unknown.  Here, we will elucidate the normal biochemical and biological functions of LZTR1 and substrates and the mechanisms by which LZTR1 suppresses tumor growth. This work will use state of the art proteomics to identify and demonstrate the significance of crucial LZTR1 substrates in the context of cancer cells driven by LZTR1 inactivation. We anticipate that the proteomic-based discovery of new LZTR1 substrates will provide a major advance in our understanding of the links between ubiquitin ligases, tumor suppression and of the pathogenesis of Schwannomatosis and the many sporadic tumors driven by loss-of-function genetic alterations (mutations and deletions) of LZTR1. We postulate that LZTR1 substrates implement oncogenic functions that are normally restrained by LZTR1-mediated ubiquitin-dependent degradation. The expected overall impact of this innovative grant application is that it will fundamentally advance our mechanistic understanding of the LZTR1 ubiquitin ligase as genetic driver of schwannomatosis and sporadic tumors and lay the foundation for the optimization of new therapeutic strategies in syndromic and sporadic tumors associated with loss-of-function genetic alterations of LZTR1.",Young Investigator Award,Aram Ko,Columbia University,,:Schwannomatosis,Active,Under Embargo,CTF,The data from this study is currently under embargo. Please contact the principal investigator for access to the data.,,,syn:syn8012530|syn:syn5714288|syn:syn5714290|syn:syn5714423|syn:syn22267284|syn:syn22266606|syn:syn23532271|syn:syn23662493,syn:syn22268745,syn22268689,https://www.doi.org/10.48105/pc.gr.93157,
Hexokinase 2 displacement from mitochondria-associated membranes as a new antineoplastic approach in NF1-related tumors,syn:syn22266552,"The metabolic rewiring of NF1-related tumor types is emerging as an important feature of their development and progression towards malignancy, but it remains poorly described, hampering the possibility to develop selective and innovative anti-neoplastic approaches. I have recently focused my attention on a key component of the metabolic machinery of tumor cells, hexokinase 2 (HK2). HK2 induction in diverse neoplastic models is well-characterized, as well as its correlation with disease progression, malignancy and resistance to chemotherapeutics. I have recently developed an anti-neoplastic approach targeting HK2, which efficiently and specifically kills tumor cells by displacing HK2 from the interface between endoplasmic reticulum and mitochondria, where I have found HK2 localizes in neoplastic cells. This strategy is based on the use of a modular and flexible cell penetrating peptide, which is effective both in vitro and in vivo. In the present project, I am planning to specifically targeting HK2 in PN and MPNST cell models, which constitutes per se an unprecedented approach. To this aim, I will carefully evaluate the effect of the peptide and of peptide variants tailored on the features of the tumor and of its intracellular environment (e.g., extracellular protease composition) on the neoplastic growth in different tumor models, encompassing PN and MPNST cells, both in vitro and after xenograft injection in nude mice, and genetic mouse models of MPNST development.",Young Investigator Award,Francesco Ciscato,University of Padua,,:Neurofibromatosis_Type_1,Active,Under Embargo,CTF,The data from this study is currently under embargo. Please contact the principal investigator for access to the data.,,,syn:syn8016577,syn:syn22268725,syn22266552,https://www.doi.org/10.48105/pc.gr.93156,
Impact of PRC2 loss on Glutamine metabolism in MPNSTs,syn:syn22267323,"Malignant Peripheral Nerve Sheath Tumors (MPNSTs) are aggressive, highly metastatic sarcomas that are in desperate need of new therapeutic approaches. Loss-of-function mutations in the histone methyltransferase Polycomb Repressive complex 2 (PRC2) are found in 60% of MPNSTs. Cancer-specific metabolic vulnerabilities represent unique therapeutic targets, and several metabolic inhibitors are entering clinical trials. However, MPNST metabolism is not well-studied, and the impact of PRC2 loss on MPNST metabolism is unknown. Given the potential benefit of targeting metabolic pathways in cancer and the increasing emphasis on metabolic inhibitors in treating NF1-deficient tumors, there is a critical need to explore the impact of PRC2 loss on MPNST metabolism. The overall goal of this project is to define the unique metabolic pathways that are disrupted in MPNSTs and to determine if these are actionable clinical targets. Our metabolomic profiling data identified the metabolite glutamine as significantly upregulated in PRC2-deleted MPNST cells. Additional studies demonstrate that treatment with the glutaminase inhibitor, CB-839, can attenuate growth of MPSNT cells with wildtype PRC2, but can accelerate growth of MPNST cells with PRC2 mutations. This data leads us to hypothesize that PRC2 loss is rewiring glutamine metabolism in MPNSTs. In Aim 1, we will examine glutamine metabolism pathways through in vitro growth assays with varying levels of key metabolic fuel sources. We will also analyze PRC2-dependent metabolic functions, including mitochondrial respiration and glycolysis using Seahorse assays and metabolite GC-MS tracing studies with metabolic inhibitors. In Aim 2, we will utilize our syngeneic orthotopic allograft MPNST model to determine the impact of PRC2 loss on in vivo efficacy of the glutaminase inhibitor CB-839. We will use a combination of pharmacological tools, CRISPR-Cas9 approaches and in vivo metabolite tracing to determine metabolic resistance mechanisms. These studies will define the impact of PRC2 on MPNST metabolism and examine the in vivo efficacy and metabolomic effects of the glutaminase inhibitor, CB839.",Young Investigator Award,Gavin McGivney,University of Iowa,,:Neurofibromatosis_Type_1,Active,Under Embargo,CTF,The data from this study is currently under embargo. Please contact the principal investigator for access to the data.,,,syn:syn11681835|syn:syn22267330|syn:syn22268652|syn:syn25961160|syn:syn26241781|syn:syn26347297,syn:syn22268811,syn22267323,https://www.doi.org/10.48105/pc.gr.93153,
Malignant Peripheral Nerve Sheath Tumors Achilles Heel: Combinatorial Targeting of ERBB3 and Calcium Signaling,syn:syn22267330,"This proposal will investigate the role that ErbB3 and calcium-mediated signaling pathways play in regulating cellular proliferation and survival by in malignant peripheral sheath tumors (MPNSTs). At present, there are no effective treatments for MPNSTs other than radical surgical resection. After resection, recurrence typically occurs and so patients with MPNSTs have abysmal survival rates. The pathogenesis of MPNSTs is driven by Ras hyperactivation, a result of NF1 loss, and the loss of other tumor suppressor genes such as p53, PTEN and CDKN2A that negatively regulate cell proliferation/survival. Clinically targeting hyperactive Ras and its effector molecules has failed and so there is a desperate need to identify new therapeutic targets. We have focused on identifying Ras- independent and -dependent signaling pathways necessary for MPNST proliferation and survival using comprehensive genomic analyses, kinase phospho-arrays, pharmacological screens and several animal models. Our efforts have identified ErbB3 (a receptor tyrosine kinase/RTK) and calmodulin (CaM) as potential therapeutic targets in MPNSTs. Although there is conflicting evidence that other RTKs can drive Ras hyperactivation in MPNSTs, the role of ErbB3 has not yet been investigated in MPNSTs. Interestingly, our transcriptomic analyses of NRG1? (an ErbB3 ligand) stimulated Schwann cells and our global shRNA screens implicate ErbB3 and calmodulin-mediated calcium signaling as key biological pathways driving MPNST proliferation. With the cumulative support of our screens and functional analyses, we hypothesize that simultaneous inhibition of NRG1? activated effector molecules and calmodulin regulated signaling pathways will cooperatively inhibit MPNST cellular proliferation and survival. In Aim 1, I will test the hypothesis that NRG1? activation of ErbB3 directly modulates calmodulin regulated signaling in MPNSTs to promote cellular proliferation and survival. In Aim 2, I will test the hypothesis that dual inhibition of the NRG1? effector, ErbB3, and calmodulin effector molecules induces a cytotoxic effect in MPNSTs. This work will yield novel information about MPNST tumorigenesis by investigating the role(s) of ErbB3 (an upstream activator of Ras) and calcium signaling pathways (which can be dependent or independent of Ras). My ultimate goal is to identify a novel combinatorial treatment for MPNSTs using FDA approved drugs or drugs that are already in clinical trials that can rapidly advance to clinical trials.",Young Investigator Award,Laurel Black,Medical University of South Carolina,,:Neurofibromatosis_Type_1,Active,Under Embargo,CTF,The data from this study is currently under embargo. Please contact the principal investigator for access to the data.,,,syn:syn11681835|syn:syn22267323|syn:syn22268652|syn:syn25961160|syn:syn26241781|syn:syn26347297,syn:syn22268812,syn22267330,https://www.doi.org/10.48105/pc.gr.93159,
Mapping and Identifying the Roles of Protein Glycosylation in Neurofibromatosis 1,syn:syn22267284,"Neurofibromin is a regulator of cancer driver proteins through its functional role as a Ras-GTPase activating protein. Upon loss-of-function mutations to neurofibromin, patients develop benign or malignant nerve sheath tumors that lead to the disease neurofibromatosis 1 (NF1), affecting 1 in 2,000 people. Due to the complex signaling network of neurofibromin and the cancer-driver pathways it regulates, phosphorylation post-translation modifications have been extensively studied to explain the biological mechanisms for tumor development. Protein glycosylation, specifically N-acetylglucosamine (GlcNAc), is known to have significant crosstalk with phosphorylation sites in the proteome, but has never been studied in the context of a living model system for potential regulation and contribution to the pathogenesis of NF1. To better characterize glycosylation changes at various stages of NF1 malignancies, this proposal aims to develop three complimentary chemical biology approaches to create tools for the understanding of protein GlcNAcylation in cellular model systems of NF1 and MPNSTs. We will use glycoproteomics to investigate how loss of neurofibromin affects O-GlcNAc incorporation in the proteome to reveal key sites of biological regulation affected by the Ras cancer driver pathway. We will also perform protein engineering on a N-acetylglucosamine transferase V (GnT-V), known to be overexpressed in malignant tumors, to identify protein substrates in non-malignant and malignant Schwann cells. Revealing the substrate scope of GnT-V will allow the identification of biological pathways that are aberrant in malignant nerve cells due to increased glycosylation at specific glycosites. We will also biochemically investigate glycosylation marks directly on neurofibromin, to give a clearer picture of how post-translational modifications affect the interaction of neurofibromin with cancer driver proteins and affect neurofibromin localization.",Young Investigator Award,Kevin Bruemmer,Stanford University,,:Neurofibromatosis_Type_1,Active,Under Embargo,CTF,The data from this study is currently under embargo. Please contact the principal investigator for access to the data.,,,syn:syn8012530|syn:syn5714288|syn:syn5714290|syn:syn5714423|syn:syn22268689|syn:syn22266606|syn:syn23532271|syn:syn23662493,syn:syn22268813,syn22267284,https://www.doi.org/10.48105/pc.gr.93155,
The use of novel YAP/TEAD Hippo pathway inhibitors to target Merlin (NF2) null tumors,syn:syn22268652,"Currently, surgical resection of schwannoma and meningioma tumors is the mainstay of their treatment with the associated risks of damaging neighboring nervous system tissue and the need for repeated surgeries in those with NF2. Research in Hippo pathway signaling and its role in driving tumor development has increased greatly in the last few years and the significance of this pathway has driven the development of new small molecule inhibitors to target this important signalling pathway. The novel YAP/TEAD inhibitors developed by Vivace are stable, orally available, show no apparent toxicity and demonstrate a potent effect in vitro to block the proliferation of two human tumor types, meningioma and schwannoma, both seen in individuals with NF2. In vivo, the compounds block TEAD activity in nervous system tissue, reducing TEAD expression and strongly inhibiting levels of the TEAD target CTGF in Schwann cells. The next and obvious step is to test these compounds using two well-characterized and well-used in vivo pre-clinical models for these two tumor types. Many NF2 patients will be affected by both schwannoma and meningioma tumors and the potential for the use of a single YAP/TEAD compound to treat both tumor types in an individual patient is particularly exciting. For all these reasons, we feel that this work has the potential to create a significant impact in the future treatment of both patients with NF2 as well as the large numbers of patients with sporadic schwannoma and meningioma tumours.  We propose to test the efficacy of novel Hippo pathway inhibitor to reduce the growth of Merlin-null schwannoma and meningioma tumor cells. A collaboration (established at the 2018 CTF meeting in Paris) with the company Vivace Therapeutics has allowed us to start testing in vitro the use of novel inhibitors of TEAD auto-palmitoylation to block tumour cell growth. All MTAs for their use have been signed and Vivace will support the running costs of the project outside of the salary costs provided in this grant. These inhibitors are non-toxic, can be given orally and are tolerated well in vivo, both in our work and in other Merlin-null tumor models. Analysis of TEAD protein expression in human tumour cells shows high heterogeneity in TEAD expression between different individual human tumors; the inhibitors we plan to use for our experiments will target the function of all 4 TEAD proteins. Our data in vitro using human primary schwannoma and meningioma tumor cells shows an effective block in tumor growth, even at low concentrations of 100nM and below .  Using the periostin-CRE / NF2fl/fl model of schwannoma , we have monitored cell proliferation in vivo both within DRG and within the cochlear nerve in these animals at 3 months of age and we can already see increased cellularity within the DRG tissue and cell proliferation within the cochlear nerve. Collaborations are in place to assist with both the use of the Postn-CRE-NF2fl/fl mouse model (Dr Charles Yates, Indiana University, USA) and analysis of mouse vestibulocochlear preps (Dr Dan Jagger, UCL Ear Institute, UK). Analysis of sciatic nerve tissue shows the effectiveness of one YAP/TEAD inhibitor used in vivo to reduce TEAD expression (an effect of reduced palmitoylation) together with a strong reduction of CTGF expression, a well-characterised TEAD-dependent target in cells.  The work in this proposal will also look to test whether these TEAD inibibitors may be used to target meningioma tumor growth in vivo using an orthotopic model of meningioma in the mouse. This work will be conducted in collaboration with Professor Christian Mawrin (University of Magdeburg, Germany), who is expert in such models. As described above, the proliferation of human meningioma tumour cells is also blocked by these YAP/TEAD inhibitors.  Two different YAP/TEAD inhibitors have been supplied to us by Vivace; both will block the activity of all TEAD proteins in cells and are well characterized in terms of their pharmacokinetics and lack of toxicity in vivo.  With this exciting pilot data and the use of in vivo schwannoma and meningioma mouse pre-clinical models, we will:  1. Test the effects of YAP/TEAD inhibition upon tumor growth in the PostnCRE-NF2fl/fl mouse model at 3, 5 and 9 months.  We will use different timescales of drug treatment (at 30mg/kg) followed by EdU injection and harvesting of tissue. Tissue can be analysed by EdU stain and/or H&E analysis of paraffin sections. At later timepoints, functional analysis (eg righting reflex) may be used to functionally measure vestibulocochlear function. For all experiments, as we have used previously, the PLP-GFP line will be bred onto the PostnCRE-NF2fl/fl background to allow identification of GFP-positive glial cells in our tissue analysis. This combined mouse line is already available in our new fully IVC animal facility.  2. Test the effects of YAP/TEAD inhibition upon tumor growth in an orthotopic mouse model of meningioma.  As shown in our prelimnary data, inhibition of YAP/TEAD function significantly decreases proliferation of human primary meningioma tumor cells. These compounds are also potently effective at reducing cell proliferation of meningioma cell lines as well in vitro (eg. BenMen1 and KT21 cells). Meningioma tumors are the most common intracranial tumor type and are common in patients with NF2.  We will use the well characterised convexity and skull base models to test the effectiveness of the YAP/TEAD inhibitors in blocking tumor growth. Currently genetic models of meningioma development (eg. prostaglandin D2 synthase driven CRE) do not allow for the testing of such compounds.  In these experiments we will use injection of meningioma cell lines (BenMen1, KT21) and monitor cell proliferation by EdU and analysis of samples by H&E staining with and without inhibitor dosing.  Through these two aims, this project will test whether these inhibitors may be suitable for clinical trials in the future.",Young Investigator Award,Liyam Laraba,University of Plymouth,,:Neurofibromatosis_Type_2,Active,Under Embargo,CTF,The data from this study is currently under embargo. Please contact the principal investigator for access to the data.,,,syn:syn11681835|syn:syn22267323|syn:syn22267330|syn:syn25961160|syn:syn26241781|syn:syn26347297,syn:syn22268815,syn22268652,https://www.doi.org/10.48105/pc.gr.93158,
Understanding the role of purinerigic signaling on tumor formation in a mouse model of Neurofibromatosis Type 1,syn:syn22268639,"Neurofibromatosis type 1 (NF1) is a disorder that affects 1:3,000 individuals worldwide. Loss of function of the neurofibroma gene (NF1) causes over activation of the RAS oncogenic signaling pathway. People with NF1 have an increased risk of developing tumors (neurofibromas), both benign and malignant anywhere along the peripheral nervous system (PNS). Neurofibromas arise from Schwann cells (SCs) and/or Schwann cell precursors (SCP). SCs support axons in the peripheral nervous system (PNS). To date, there is no cure for this disease. Therefore, the purpose of this proposal is to identify potential treatments for NF1 by studying the mechanisms involved in tumor formation.  To identify potential markers and therapeutic targets for NF1, we performed microarray analysis on human plexiform neurofibromas. We dissociated human neurofibromas and sorted tumor derived cells into SCs (p75+/EGFR-) and SCP tumor-initiating cells (p75+/EGFR+) (p75 marks neural crest cells, SC precursors, and non-myelinating SCs, and EGFR+ marks cells that express the Epidermal Growth Factor Receptor) [Schwann cells are EGFR negative]. The hypothesis behind the cell sorting is that genes expressed in neurofibroma SCP-tumor initiating cells (p75+/EGFR+) more than in differentiated neurofibroma Schwann cells (p75+/EGFR-) contribute to tumor initiation. From this microarray study, we found that a purinergic receptor, P2RY14 expression was increased in SCP-like tumor initiating cells (p75+/EGFR+). Then, we sorted the SCP tumor initiating cells (p75+/EGFR+) into P2RY14 positive or negative (p75+/EGFR+/P2RY14+ or p75+/EGFR+/P2RY14-) and we found that the p75+/EGFR+/P2RY14+ cells show an increased ability to self-renew and form spheres in vitro. These results suggest that tumor initiating cells (p75+/EGFR+) that are P2RY14+ might drive tumor growth.  To test if P2RY14 is tumor promoting in vivo, I bred our genetically engineered neurofibroma mouse model (Nf1 fl/fl DhhCre) to P2RY14 knockout mice (P2RY14-/-). Knocking out P2RY14 in the neurofibroma mice (P2Y14-/-; Nf1 fl/fl DhhCre) increases survival and reduces tumor number. This data demonstrates that P2RY14 is involved in neurofibroma formation and that knockout of this receptor in the neurofibroma mouse model increases survival rate in neurofibroma bearing mice.  I hypothesize that P2RY14 promotes neurofibroma growth by enhancing tumor cell self-renewal and/or proliferation in vitro and that inhibition of this receptor in vivo will result in a decrease of tumor growth. This hypothesis will be tested by completion of these specific aims:  Aim 1: Determine if the P2RY14 receptor is necessary for neurofibroma tumor cell proliferation in vitro. I hypothesize that P2RY14 signaling promotes neurofibroma growth in a cell autonomous way by regulating SCP proliferation and/or self-renewal in vitro. A) To determine if P2RY14 activation affects SCP cell proliferation, I will measure proliferating cell rates in WT and Nf1-/- SCP after addition of UDP (P2RY14 agonist). B) To determine if P2RY14 is necessary for neurofibroma SCP proliferation, I will silence P2RY14 expression in WT and Nf1-/- SCP in vitro using the P2RY14 pharmacological inhibitor and/or short-hairpin RNA (shRNA) and measure the rate of proliferating cells. If a change is found, I will determine if the change is MAPK dependent by monitoring RAS signaling or, determine if the change is P2RY14 dependent by monitoring cAMP levels.  Aim 2: Determine if the P2RY14 inhibitor drug can decrease neurofibroma growth. I will perform a drug study to determine if administration of a P2RY14 inhibitor by itself and/or in combination with the MEK inhibitor selumetinib for 7 days decreases cell proliferation, cell death, PKA and/or MAPK signaling. I will read out results by immunohistochemistry in tumor sections. If no change is found then, I will conclude that P2RY14 effects are mainly through tumor initiation. If an effect is seen, I will determine what cell types are involved in this process and increase the duration of the drug treatment to assess tumor size and tumor growth kinetics overtime.  Upon completion of the proposed aims in this grant, I will determine if P2RY14 is necessary for neurofibroma tumor cell proliferation in vitro and test if P2RY14 inhibition by drug delivery has an effect on tumor growth in vivo.  A critical gap in the field are the absence of mechanistic studies on the cause of tumor formation and the limited number of drugs available to treat NF1. Therefore, to fill this critical gap in knowledge, in Aim 1 I propose to determine if P2RY14 is necessary for neurofibroma cell proliferation in vitro. In Aim 2, I propose to determine if a P2RY14 pharmacological inhibitor can decrease neurofibroma growth.  Our results will impact the neurofibroma field not only by defining purinergic signaling mechanisms relevant to neurofibroma development but I will also establish if the P2RY14 inhibitor can be used as a treatment for NF1.",Young Investigator Award,Jennifer Patritti Cram,Cincinnati Medical Center,,:Neurofibromatosis_Type_1,Active,Under Embargo,CTF,The data from this study is currently under embargo. Please contact the principal investigator for access to the data.,,,syn:syn4939872|syn:syn11374345|syn:syn4939892|syn:syn4939890|syn:syn8012599,syn:syn22268816,syn22268639,https://www.doi.org/10.48105/pc.gr.93160,
Unveiling the molecular mechanisms of neurofibromin regulation for therapeutic targeting in neurofibromatosis type 1,syn:syn22266606,"Neurofibromatosis type 1 is one of the most common dominantly inherited genetic disorders, affecting approximately 1 in 3000 individuals, and is caused by loss-of-function mutations in the NF1 gene product, neurofibromin 1 (NF1). The clinical manifestations of neurofibromatosis type 1 exhibit significant heterogeneity but frequently patients develop learning difficulties, bone deformities and benign tumors of Schwann cells in the skin (dermal neurofibromas) and/or peripheral nerves (plexiform neurofibromas). These tumors can cause patients significant pain, disfiguration and functional impairment. Plexiform neurofibromas can develop in to malignant peripheral nerve sheath tumors (MPNSTs), the most common malignancy occurring in neurofibromatosis type 1 patients, for which there are poor rates of survival and no effective approved treatments. Clearly, an understanding of NF1 biology at the molecular level is critical for the development of effective therapeutic strategies for patients with neurofibromatosis type 1.  Despite much effort over several decades, a robust molecular understanding of how NF1 is regulated is severely lacking. NF1 is as a RAS GTPase-activating protein (GAP) and negatively regulates RAS activation by stimulating hydrolysis of RAS bound GTP to GDP. Growth factors recruit guanine nucleotide exchange factors (GEFs) such as SOS to promote GTP loading of RAS, and RAS-GTP then binds to several effectors to activate critical downstream signaling cascades, including RAF-MEK1/2-ERK1/2 signaling (MAP kinase pathway). Activation of RAS under normal circumstances is transient and tightly controlled, and we know from biochemical kinetic and genetic evidence that NF1�s ability to switch off RAS must itself be actively regulated. However, despite findings from our laboratory that NF1 forms a high-affinity homodimer, and also heterodimerizes with the negative regulator of RAS signalling SPRED1, our understanding of the processes by which NF1 is regulated remains very limited.  In this proposal we now present robust evidence that NF1 is directly phosphorylated by the ERK1 and ERK2 MAP kinases. We believe this observation is an important foundation for fundamentally furthering our molecular understanding of NF1 biology. We propose biochemical and genetic approaches to test the hypothesis that these phosphorylation events are a negative feedback loop to NF1 that might be critical for the normal switching off of RAS signaling that follows its activation. This would represent the first identified negative feedback loop to RAS-GAPs. If correct, we plan to determine the mechanisms by which ERK1/2 regulate NF1 using biochemical and genetically-engineered cell models. We also propose to test whether loss of such a negative feedback mechanism that permits the inappropriate hyperactivation of ERK1/2 and other RAS effectors might underlie MPNST development in neurofibromatosis type 1 in vivo models. Loss of a RAS-ERK-NF1 feedback mechanism could also explain why MEK1/2 inhibitors (MEKi), which are under priority review by the FDA, exhibit a therapeutic window and are effective for the treatment of plexiform neurofibromas, but in most sporadic cancers with RAS- MAPK mutations exhibit a narrow therapeutic window and consequently modest efficacy. An understanding of feedback regulation of NF1 by ERK1/2 would be invaluable for our understanding of how best to employ and schedule ERK1/2 pathway inhibitors, such as MEKi, in patients with neurofibromatosis type 1. This knowledge may also inform the development of alternative therapeutic strategies. Finally, unveiling mechanisms by which ERK1/2 regulate NF1 could also reveal how other cellular signals regulate NF1, such as those anticipated from receptor tyrosine kinases (RTKs).",Young Investigator Award,Matthew Sale,University of California San Francisco,,:Neurofibromatosis_Type_1,Active,Under Embargo,CTF,The data from this study is currently under embargo. Please contact the principal investigator for access to the data.,,,syn:syn8012530|syn:syn5714288|syn:syn5714290|syn:syn5714423|syn:syn22268689|syn:syn22267284|syn:syn23532271|syn:syn23662493,syn:syn22268765,syn22266606,https://www.doi.org/10.48105/pc.gr.93154a,
Predictive Modeling Utilizing a Preclinical NF1-MPNST Platform Suitable for Precision Oncology,syn:syn21984813,"NF1 is one of the most prevalent cancer predisposition syndromes, affecting 1 in 2500 individuals worldwide. Approximately 10-13% of affected individuals will develop an aggressive sarcoma, the malignant peripheral nerve sheath tumor (MPNST). One of the major barriers to the improving outcomes for these patients is the lack of preclinical models that accurately represent the genetic heterogeneity of these cancers. In this regard, no effective therapies have emerged from recent clinical trials, which likely reflects the use of a single mouse MPNST model system (Nf1+/-;Trp53+/- mice) and a paucity of human tumor xenografts. To address this critical problem, our laboratories have successfully generated a series of patient-derived MPNST xenografts that more accurately reflect the genetic heterogeneity seen in the human condition. To date, we have generated 15 NF1-MPNST patient-derived xenograft (PDX) lines propagated in immunocompromised mice. We have demonstrated that these lines harbor the spectrum of genomic alterations that we see in patients with NF1, including germline and somatic NF1 mutations, and subsets with loss of CDKN2A, TP53 mutations, EED/SUZ12 mutations, and numerous copy number changes. We plan to use collagen microtissues generated from the PDX lines in vitro to perform high throughput drug screening, to accelerate identification of efficacious therapeutic combinations. We will then proceed with in vivo testing of the promising combinations. This proposal brings together four institutions with deep expertise in NF1 research and a non-profit, collaborative research institute, Sage Bionetworks, to develop a truly integrated effort to explore the therapeutic potential of a set of well-vetted drugs for MPNST. Specific Scientific Aims Aim 1: Continue development and characterization of NF1-MPNST PDX lines to maintain the platform for pre-clinical testing. Our goal is to generate a total of at least 20 unique PDX lines available for use in Aims 2 and 3. Aim 2: Determine the in vitro response to cytotoxic chemotherapy or targeted therapy based on molecular phenotype and computational modeling. Our goal is to screen all PDX for responses to a set of well vetted candidate drugs and drug combinations using a novel high throughput 3-dimensional tissue culture platform. Aim 3: Determine the in vivo response to cytotoxic chemotherapy or targeted therapy or their combination and identify molecular signatures that are associated with this response.",MPNST Patient-Derived Model Centers,Angela Hirbe|David Largaespada,Washington University in St. Louis|University of Minnesota,:Unknown_Annotation,:Neurofibromatosis_Type_1,Active,Under Embargo,NFRI|NIH-NCI,The data from this study is currently under embargo. Please contact the principal investigator for access to the data.,,:Genomic_Variants|:Gene_Expression|:Drug_Screen,syn:syn11638893,syn:syn21993642,syn21984813,,"[""202c110b-a5f1-49ab-acdc-e6e33a1c29bb"", ""d6a101aa-9ca8-4191-9b43-eddf327ea48b""]"
TRAPping neurofibromas. Inhibition of the mitochondrial chaperone TRAP1 as an anti-neoplastic strategy for NF1-associated tumors,syn:syn23532255,"Plexiform neurofibroma (PN) is a complex tumor that develops within perineural sheaths of nerve bundles in patients with neurofibromatosis type I (NF1), a tumor-predisposing genetic syndrome. Albeit benign, PNs can be disfiguring, can dangerously compress surrounding tissues or undergo transformation into highly aggressive sarcomas termed malignant peripheral nerve sheath tumors (MPNSTs). PN formation and growth require the deregulated induction in Schwann cells of the Ras/ERK transduction axis that follows homozygous loss-of-function mutations at the NF1 gene, which encodes the Ras GTPase activating protein neurofibromin.Oncogenic signalling via the Ras/ERK pathway contributes to the metabolic rewiring of neoplastic cells, and mitochondria can play a promoter role in these changes, allowing cells to thrive in the conditions of limited oxygen supply they encounter during the neoplasm accrual. We have previously shown that Ras/ERK signalling has a mitochondrial branch in tumor cells. In NF1-related tumor cell models, hyperactive mitochondrial ERK enhances the activity of the molecular chaperone TRAP1. We have demonstrated that TRAP1 causes inhibition of succinate dehydrogenase (SDH), an enzyme placed at the crossroad between Krebs cycle and oxidative phosphorylation (OXPHOS), increasing intracellular levels of the oncometabolite succinate, which in turn activates the pro-neoplastic programs of the transcription factor HIF1. Therefore, TRAP1 contributes to the pro-neoplastic metabolic rewiring of NF1-related tumor cells, and its genetic ablation abolishes tumorigenicity of MPNST cells in xenograft models.Taken together, these data indicate that TRAP1 is an interesting target for the development of anti-neoplastic compounds active on PNs and MPNSTs. In the framework of a previous CTF Drug Discovery Initiative, we have used innovative molecular dynamics approaches to identify pharmacophore pockets in the TRAP1 structure that can host small molecules with a potential activity as allosteric inhibitors of TRAP1 chaperone cycle. We have selected eleven compounds that inhibit TRAP1 activity in a very specific way, as they are not effective on its cognate chaperone Hsp90. These molecules revert TRAP1-dependent inhibition of SDH in MPNST cells and abrogate their in vitro tumorigenicity.Based on this solid ground of preliminary data, our present project aims at the in vivo assessment of the anti-neoplastic effect of TRAP1 inhibition. We will use a double-pronged approach: first, we will analyze wheter TRAP1-targeting compounds affect the xenografic growth of PN and MPNST cell models in nude mice; second, we will exploit a genetic mouse model of MPNST onset and growth, the Nf1flox/flox; p53flox/flox; PLP-CreERT2+ mouse in which both the Nf1 and the p53 locus can be selectively ablated in Schwann cell precursors, to investigate whether TRAP1 allosteric inhibitors can block or even revert the growth of these malignancies. We will then perform ex vivo experiments on tumor samples in order to determine their metabolic and biochemical features, and how TRAP1 blockade impacts on them.In collaboration with Giorgio Colombo, University of Pavia, Italy, we will also expand the panel of TRAP1 allosteric inhibitors. To this aim, we will utilize a molecular dynamics approach to to predict molecular scaffold derivatives of our panel of inhibitors that could display an increased inhibitory effect on TRAP1 chaperone and pro-neoplastic activity.Future developments of this proposal foresee the combined use of TRAP1 allosteric inhibitors with other anti-neurofibroma drugs, e.g. molecules targeting the Ras/ERK signalling pathway.Altogether, the experiments of the present application are intended to exploit the metabolic liabilities of PNs and MPNSTs, in order to extend the weaponry that can be used against these malignancies. TRAP1 allosteric inhibitors could constitute an innovative approach for the development of selective and effective anti-tumor drugs for NF1 patients.",Drug Discovery Initiative Registered Reports,Andrea Rasola,,:Plexiform_Neurofibroma,:Neurofibromatosis_Type_1,Active,Under Embargo,CTF,The data from this study is currently under embargo. Please contact the principal investigator for access to the data.,,,syn:syn8016650,syn:syn23532336,syn23532255,https://www.doi.org/10.48105/pc.gr.141322,
Targeting the NRG1/ErbB signaling axes for the treatment of Schwannomatosis and associated pain,syn:syn23532258,"Background: Patients with Schwannomatosis overwhelmingly present with intractable pain. The etiology of pain in Schwannomatosis is not clear, and there are no effective therapies that relieve Schwannomatosis pain. Schwannomatosis research is limited by the lack of established Schwannomatosis cell lines and animal models. Malignant cancer cells can grow indefinitely in cell culture and can form xenograft tumors in mice, which allows for the characterization of their growth and assessment of novel therapeutic drugs. However, as a benign tumor, Schwannomatosis tissues isolated from patients do not grow in culture. Therefore, developing a platform to study tumor-induced pain and identify novel strategies that relieve pain in patients with Schwannomatosis is a significant unmet need. In our preliminary studies, we have established patient-derived Schwannomatosis cell lines.By culturing Schwannomatosis cells in the DRG model, we found that Schwannomatosis cells secrete molecules that activate macrophages, which produce inflammatory cytokines and induce pain responses in the dorsal root ganglia. We performed RNASeq gene expression profiling study, and found that inflammatory pathways are activated and genes in the NRG-1/ErbB pathways are elevated in Schwannomas. We further found that schwannomas, via producing NRG1, activates ErbB receptor on tumor-associated macrophages to release inflammatory cytokines, and thus contributing to the development of neuropathic pain.Hypothesis: We hypothesis that Schwannomatosis tumor cells, via producing elevated levels of NRG-1, activate ErbB receptor on tumor-associated macrophages to induce inflammatory pain.Specific Aims: We propose to determine in:    Aim 1) determine the mechanisms of NRG1/ErbB signaling on pain response and tumor growth in DRG culture model;    Aim 2) determine the efficacy of NRG1/ErbB blockade on controlling pain and tumor growth in Schwannomatosis mouse model.Study Design: In Aim 1, we will use wide-spectrum ErbB tyrosine kinase inhibitors to block NRG-1/ErbB signaling in macrophages, and determine its effects on pain molecule expression in DRG slice culture model. In Aim 2, we will implant Schwannomatosis cells in the sciatic nerve model. We will treat mice with ErbB TKI to block NRG1/ErbB signaling, and evaluate its effects on tumor growth and pain response.",Drug Discovery Initiative Registered Reports,Lei Xu,,,:Schwannomatosis,Active,Under Embargo,CTF,The data from this study is currently under embargo. Please contact the principal investigator for access to the data.,,,syn:syn9727752|syn:syn24875850,syn:syn23532342,syn23532258,https://www.doi.org/10.48105/pc.gr.141323,
Experimental Therapeutic Evaluation of PSC5-6 using a pre-clinical Mouse Model of Neurofibromatosis Type 1,syn:syn23532271,"Plexiform neurofibromas (PNs) are complex, precancerous, slow-growing tumors arising from large peripheral and cranial nerves in pateitns with neurofibromatsosi type 1 (NF1) and can cause severe morbidity including paralysis and death through their progressive compression of vital structures such as the spinal cord, the airway and vasculature. Currently, there is only one approved drug therapy (selumetinib) to treat plexiform neurofibromas in NF1 patients, and a significant subset of patients do not respond. Thus, novel therapeutic strategies to treat PNs are urgently needed. NF1 is caused by germline mutations in the NF1 tumor suppressor, which encodes a GTPase-activating protein (GAP) called neurofibromin that forms a molecular complex with activated Ras-GTP and increases Ras-GTP hydrolysis to the inactive GDP-bound conformation. When neurofibromin function is disrupted by genetic mutations, Ras activity become aberrantly increased, leading to tumorigenesis. Ras is at the apex of a series of signaling cascades, including the Ras-Raf-Mek-Erk, PI3K, and Rho pathways. Given the complexity of the downstream signaling pathways, the most ideal treatment strategy for NF1 is to reduce pathological activation of Ras signaling itself. However, due to its complex post translational modification and small binding pocket, it has been long regarded as a pharmacologically intractable target. Recently, however, next generation small molecular Rac inhibitors have entered development and have demonstrated considerable promise. PSC5-6 is a small molecular Ras inhibitor developed by Pisces Therapeutics, which has demonstrated activity in NF1 sarcoma (malignant peripheral nerve sheath tumor) cell lines and additionally, in an animal model of another closely linked <U+FFFD>Rasopathy, <U+FFFD>Costell Syndrome. In this study, we will evaluate the tolerability, pharmacokinetic, and pharmacodynamic properties of PSC5-6 in a genetically engineered mouse model of NF1, and further, whether PSC5-6 can halt and/or prevent the progression of plexiform neurofibromas in a genetically engineered mouse model of NF1. PSC5-6 proves efficacious in this preclinical model, these studies will generate the data needed to catalyze the clinical translation of PSDC5-6 in an early phase trial in NF1 patients with plexifom neurofibroma who are refractory to currently available treatment modalities.",Drug Discovery Initiative Registered Reports,D. Wade Clapp,Indiana University,:Plexiform_Neurofibroma,:Neurofibromatosis_Type_1,Active,Under Embargo,CTF,The data from this study is currently under embargo. Please contact the principal investigator for access to the data.,,,syn:syn8012530|syn:syn5714288|syn:syn5714290|syn:syn5714423|syn:syn22268689|syn:syn22267284|syn:syn22266606|syn:syn23662493,syn:syn23532343,syn23532271,https://www.doi.org/10.48105/pc.gr.141557,
Exploiting macropinocytosis for therapeutic delivery to Nf2-deficient schwannoma cells,syn:syn23532273,"Significance/RationaleThe benign, slow-growing nature of schwannomas presents unique challenges to therapeutic intervention, precluding the use of strategies that target rapidly dividing, metabolically active cells, and diminishing the therapeutic window for treatment. Recent work from the McClatchey lab, showed that merlin deficiency noticeably primes the membrane:cytoskeleton interface for growth factor-induced macropinocytosis, including in schwannoma cells. Mounting evidence suggests that beyond its physiological roles, macropinocytosis is also an important conduit for the delivery of therapeutic macromolecules into tumor cells. Since target cell entry is rate-limiting for many macro-therapeutics, tumor cells that are macropinocytosis-proficient may be particularly amenable to these promising strategies. Moreover, once internalized, macropinosomes merge with the endolysosomal system, and it is generally thought that slowing or impeding endolysosomal processing protects the contents from lysosomal degradation and enhances macro-therapeutic efficacy. The goal of this proposal is to evaluate the in vivo uptake of stapled peptides by Nf2-/- schwannoma cells via macropinocytosis. We will monitor the ability of Nf2-/- cells to internalize two fluorescently stapled peptides in vivo: one that mimics the BH3-domain of pro-apoptotic proteins to inhibit BCL2 family members and one that inhibits histone deacetylase (HDAC) family members. In addition to being the lead examples of this type of therapeutic strategy, both peptides have been tested in mouse models and BH3 mimetics have been extensively used in human clinical trials.Preliminary DataTo demonstrate that schwannoma cells of PeriostinCre;Nf2flox/flox DRG are primed for macropinocytosis, we performed an in vivo macropinocytosis uptake assay by intravenously (i.v.) injecting the fluorescently-tagged macro molecule FITC-Ficoll (70 kDa). DRGs were then dissected and further incubated in cell culture plates with the fluorescently-tagged TMR-Dextran. This two-step assay demonstrated that the Nf2-deficient cells in PeriostinCre;Nf2flox/flox DRGs are uptaking macromolecules from the extracellular medium and importantly that macromolecules injected intravenously are able to reach the DRG schwannomas.Aims    Specific Aim 1. To demonstrate specific macropinocytosis uptake in Nf2-deficient cells in vivo. We will test the hypothesis that Nf2-deficient vs normal cells preferentially take up stapled peptides in vivo via macropinocytosis. We will i.v. inject Nf2flox/flox control and Postn-Cre;Nf2flox/flox mutant mice with FITC-Ficoll to reveal cellular areas of macropinocytosis uptake. Comparison between Nf2-deficient tumor cells in DRG and Nf2-epxressing tissues like normal nerve roots or sciatic nerve will allow to demonstrate if the macropinocytosis uptake is specific to Nf2-deficient tumor cells.    Specific Aim 2. To optimize the delivery route and concentration of hydrocarbon stapled peptides to reach DRG schwannoma cells of Postn-Cre;Nf2flox/flox mice. We will test different dosages of fluorescently-tagged peptides (BIM-FITC and 16cyc-HxA-FITC) and two different delivery routes (intraperitoneal and tail vein injection) to evaluate the biodistribution of the stapled peptides in the Nf2-deficient cells of the DRGs and in Nf2-expressing tissues.    Specific Aim 3. To evaluate the efficacy of hydrocarbon stapled peptides in controlling the schwannoma cells proliferation in Postn-Cre;Nf2flox/flox mice. In this aim we will assess the effect of the two hydrocarbon stapled peptides (BIM and 16cyc-HxA) on tumor growth in the Postn-Cre;Nf2flox/flox mice.PerspectivesSuccessful completion of this studies will establish a new ex vivo assay for high throughput screening of drug compounds inhibiting macropinocytosis uptake in Nf2-deficient cells. Importantly, this ex vivo assay can be performed with both mouse and human schwannoma tissues. Complementary ex vivo analyses in human schwannoma tissue will help to further refine and optimize these novel strategies in advance of clinical testing. This proposal will provide a proof-of-concept for the use of two hydrocarbon stapled peptides and further studies will be able to test other macro-therapeutics (protein-conjugates, lipid nanoparticules, extravesicular vesicles or synthetic nanocarriers and exosomes based on the same model that NF2-deficient tumor cells and not normal cells are primed for macromolecules uptake.",Drug Discovery Initiative Registered Reports,Jeremie Vitte,,:Schwannoma,:Neurofibromatosis_Type_2,Active,Under Embargo,CTF,The data from this study is currently under embargo. Please contact the principal investigator for access to the data.,,,syn:syn2343195|syn:syn26238842|syn:syn26383473,syn:syn23532344,syn23532273,https://www.doi.org/10.48105/pc.gr.141558,
TYK2 as a Biomarker and Therapeutic Target for NF1-Associated Malignant Peripheral Nerve Sheath Tumors,syn:syn23639889,"The most common malignant cancer affecting people with neurofibromatosis type 1 (NF1) is the malignant peripheral nerve sheath tumor (MPNST), a highly aggressive soft tissue cancer (sarcoma) that commonly develops from a benign precursor tumor. In this regard, 8%-13% of adults with NF1 will develop MPNSTs. Currently, there are no effective treatments for these cancers, and the vast majority of people with MPNST will die within 5 years of initial diagnosis.  Because these cancers arise from benign tumors, there is also a pressing need to be able to diagnose and distinguish true MPNSTs from non-cancerous precursors, which appear similar on advanced imaging studies such as MRI or PET scans. Using DNA sequencing technologies, we recently identified a frequently mutated gene in NF1-associated MPNSTs called TYK2. This mutation is not found in the benign precursors, however. Furthermore, in our previous experiments, we showed that mutations in this gene are critical for tumor cell survival, both in petri dishes and in tumors from mice.  Thus, we propose that TYK2 mutations drive tumor growth by preventing cell death. In this manner, TYK2 mutations may suggest a poor prognosis for those MPNSTs that harbor them. Furthermore, drugs that block the effects of TYK2 may prove to be useful in the battle against this aggressive cancer.  In this project, we aim to clarify the role of TYK2 in MPNST development and growth by performing experiments in previously engineered tumor cell lines in petri dishes as well as brand new tumor cells derived by our laboratory from patient samples and grown in mice. In addition, we will determine whether TYK2 mutations can reliably determine the likelihood of a poor prognosis or future tumor progression. Finally, we will assess whether drugs that block TYK2 prevent MPNST growth both in the petri dish and in mouse tumors. These experiments have the potential to lead to a markedly better treatment, which is desperately needed for these aggressive sarcomas.",NFRP New Investigator Award,Angela Hirbe,Washington University in St. Louis,:Unknown_Annotation,:Neurofibromatosis_Type_1,Active,Under Embargo,CDMRP,The data from this study is currently under embargo. Please contact the principal investigator for access to the data.,,,syn:syn5714289|syn:syn7217935|syn:syn17098100|syn:syn23651229|syn:syn25999248,syn:syn23651006,syn23639889,,
Developing ELISA/IHC-Capable NF1 Monooclonal Antibody,syn:syn23662493,"Neurofibromatosis Type 1 (NF1) is an autosomal dominant genetic disorder in which the amount of wild type neurofibromin produced by the remaining functional gene is a significant factor in the progression and severity of NF1 symptoms (i.e., haploinsufficiency driven). Given neurofibromin’s impact in regulating the Ras pathway and the importance of neurofibromin protein levels directly impacting many downstream pathways the availability of sensitive and specific antibodies to facilitate protein measurement becomes critically important.  Unfortunately, commercially available NF1 antibodies (both polyclonal and monoclonal) have been shown to have significant limitations, including the inability to use these antibodies in ELISA and IHC applications. Utilizing full-length neurofibromin (isolated and purified by the Frank McCormick lab and Dominic Esposito’s team at the Frederick National Lab) as the immunogen, and leveraging a proprietary antibody development platform, Alicanto©, from Digital Proteomics, LLC, the San Diego-based team at Infixion Bioscience set out to develop a new and improved monoclonal antibody against NF1. Project goals include:      identifying a mAb with increased sensitivity and specificity against neurofibromin as determined by western blot, and     demonstrate expanded utility with function in ELISAs, sandwich ELISAs and immunohistochemistry (IHC) applications.  Additional collaborating partners on the project included: Dr. Michael Frost (IHC development), Dr. Dominic Esposito (epitope mapping), and Dr. Eduard Serra Lab (characterization in NF1 iPSC lines).",Open Proposal Program,Michelle Mattson-Hoss|Herb Sarnoff,"Infixion Bioscience, Inc.",,:Neurofibromatosis_Type_1,Active,Under Embargo,NTAP,The data from this study is currently under embargo. Please contact the principal investigator for access to the data.,,:Proteomics|:Gene_Expression|:Image|:,syn:syn8012530|syn:syn5714288|syn:syn5714290|syn:syn5714423|syn:syn22268689|syn:syn22267284|syn:syn22266606|syn:syn23532271,syn:syn23662497,syn23662493,https://doi.org/10.54464/pc.gr.150999,
Ultra-low-pass whole genome sequencing of plasma cfDNA from patients with plexiform neurofibroma and malignant peripheral nerve sheath tumors,syn:syn23651229,"The leading cause of mortality for patients with the Neurofibromatosis type 1 (NF1) cancer predisposition syndrome is development of Malignant Peripheral Nerve Sheath Tumor (MPNST), an aggressive soft tissue sarcoma. In the setting of NF1, this aggressive cancer frequently arises in histologically benign plexiform neurofibroma (PN). However, transformation from the benign PN to MPNST can be challenging to diagnose due to equivocal imaging results and intralesional heterogeneity resulting in biopsy sampling errors. This multi-institution study used ultra-low-pass whole genome sequencing (ULP-WGS) of plasma cell-free DNA (cfDNA) to distinguish between MPNST and PN neoplasms in patients with NF1.",Francis S. Collins Scholars Program,Jack Shern|Angela Hirbe,National Cancer Institute|Washington University in St. Louis,:Unknown_Annotation,:Neurofibromatosis_Type_1,Completed,Available,NIH-NCI| Children’s Cancer Foundation| Cancer Research Foundation| The V Foundation for Cancer Research| Center for Cancer Research|NTAP,"Accessing data from this project requires submission of an Intended Data Use Statement and agreement to Data Access Terms of Use.  <br><br> To request access to data from this project, please follow the steps outlined [here](https://www.synapse.org/#!Synapse:syn23651229/wiki/612595).","If you publish work using data from this project, please: </br> <ul> <li>Cite the primary publication: Szymanski JJ, Sundby RT, Jones PA, Srihari D, Earland N, Harris PK, et al. (2021) Cellfree DNA ultra-low- pass whole genome sequencing to distinguish malignant peripheral nerve sheath tumor (MPNST) from its benign precursor lesion: A cross-sectional study. PLoS Med 18(8): e1003734. https://doi.org/10.1371/journal.pmed.1003734 </li> <li>Acknowledge the NF Data Portal using the following statement: ""The results published here are in whole or in part based on data obtained from the NF Data Portal http://www.nfdataportal.org and made available through the NF Open Science Initiative.""</li> </ul>",:Genomic_Variants|:Clinical_Data,syn:syn5714289|syn:syn7217935|syn:syn17098100|syn:syn23639889|syn:syn25999248,syn:syn23651255,syn23651229,,
Evaluating genetic modifiers of cutaneous neurofibromas in adults with Neurofibromatosis Type 1,syn:syn23664726,"The manifestations of NF1 are highly variable between affected individuals. Greater than 2800 pathogenic variants in the NF1 gene are associated with NF1, however, only a very small number of NF1 variants have been associated with a predictable phenotype. These associations include a severe disease burden in the case of a constitutional NF1 microdeletion and missense mutations of codons 844 to 848 versus milder manifestations associated with missense mutation codon Arg 1809 or a single amino acid deletion at position 2971.1,2 These mutations occur in an exceedingly rare number of patients, but illustrate the potential value of genotype-phenotype discovery for both clinical care (re: prognosis and recommended surveillance) as well as in selecting patient populations most likely to benefit from various therapeutic approaches in development.  Multiple challenges have contributed to the limited number of identified genotype-phenotype correlations. These include the age dependency of many manifestations in NF1, the timing and number of second hits in different cells, and wide NF1 allelic heterogeneity. Advances in understanding the relationship between genotype and clinical manifestations is critical to personalizing therapeutic development for both individual manifestations of NF1 and optimizing clinical management of genetically classified subpopulations of people with NF1. This proposal seeks to investigate modifier genes that are present in adults with NF1 with high versus low burden of cutaneous neurofibromas (cNF). Our overall goal is to evaluate the genetic basis of the variability in burden of cNF in people with NF1 in order to facilitate new therapeutic development for cNF and advancing the understanding about the variability of NF1.",Open Proposal Program,Kavita Sarin|Frank McCormick| Carlos G. Romo| Jaishri Blakeley,"Johns Hopkins University|Stanford Hospital and Clinics|University of California, San Francisco",:Cutaneous_Neurofibroma,:Neurofibromatosis_Type_1,Active,Under Embargo,NTAP,The data from this study is currently under embargo. Please contact the principal investigator for access to the data.,,,syn:syn4939908,syn:syn23664752,syn23664726,https://doi.org/10.54464/pc.gr.147836,
DNA methylation signatures in peripheral leukocytes of patients with Schwannomatosis or sporadic schwannoma,syn:syn24875850,"Aberrant DNA methylation is associated with cancer development and progression. There are several types of specimens from which DNA methylation patterns can be measured and evaluated as an indicator of disease status (from normal biological process to pathologic condition) and even of pharmacologic response to therapy. Blood-based specimens such as cell-free circulating nucleic acid and DNA extracted from leukocytes in peripheral blood may be a potential source of non-invasive cancer biomarkers. As part of our synodos for schwannomatosis study we focused on multiplatform genomic analysis of schwannomatosis related schwannomas. We also performed DNA methylation profiling on whole genomic DNA isolated from peripheral blood leukocytes from 27 schwannomatosis patients and 22 patients with sporadic non-syndromic schwannomas. This analysis was outside the scope of the synodos for schwannomatosis study; however, we were interested in evaluating the proportion of immune cell types in the blood of patients with peripheral nerve sheath tumors including schwannomatosis patients. After performing QC analysis, we removed 5 schwannomatosis samples (failed QC: detp>0.05). We then Removed 176834 failed probes (detp>0.05), 12613 probes on the X and Y sex chromosomes, 23507 probes associated with SNPs at the CpG sites, and 24267 cross-reactive probes. Total 630553 probes were left for clustering analysis. We then performed cell deconvolution analysis using IDOLOptimizedCpGs method  to determine the proportion of immune cell types in blood of patients with schwannomatosis or non-syndromic sporadic schwannomas including neutrophils, monocytes, CD4 T cells, CD8 T cells, B cells and NK cells. We then clustered the samples based on immune cell proportions. We found that schwannomatosis samples clustered separate from sporadic schwannomas. Our results suggested that schwannomatosis patients harboured a higher neutrophil to lymphocyte ratio (NLR) compared to schwannomas. Further studies are required to determine the clinical implications of this result, in addition to continued work to uncover the biological underpinnings of these differences among these syndromic and non-syndromic disorders.",Opening the Data Drawers,Gelareh Zadeh,University Health Network of Toronto,:Schwannoma,:Schwannomatosis,Completed,Available,CTF,"Accessing data from this project requires submission of an Intended Data Use Statement and agreement to Data Access Terms of Use.  <br><br> To access data from this project, please follow the instructions here: [access request instructions](https://www.synapse.org/#!Synapse:syn24875850/wiki/613114).","You will acknowledge the NF Data Portal using the following statement: ""The results published here are in whole or in part based on data obtained from the NF Data Portal http://www.nfdataportal.org and made available through the NF Open Science Initiative.""<br>   You promise to acknowledge the research participants as data contributors by including the following statement: “The research team would like to thank the patients who generously shared their time and tissue for the purposes of this project.”<br> You promise to cite the study investigators on all publications or presentations resulting from the use of these data as follows: Mansouri, S., Suppiah, S., Mamatjan, Y. et al. Epigenomic, genomic, and transcriptomic landscape of schwannomatosis. Acta Neuropathol (2020). https://doi.org/10.1007/s00401-020-02230-x",:Chromatin_Activity,syn:syn9727752|syn:syn23532258,syn:syn24875854,syn24875850,https://www.doi.org/10.48105/pc.gr.141738,
Whole Body MRI of NF Patients,syn:syn20608511,"Magnetic resonance imaging (MRI) is the most common diagnostic imaging modality for longitudinal monitoring of patients with Neurofibromatosis 1 (NF1), NF2, and schwannomatosis. Because NF tumors can be extensive and occurring anywhere in the body, whole-body MRI (WBMRI), instead of regional MRI, is recommended as the standard imaging modality for longitudinal evaluating of NF patients. However, conventional linear tumor measurement, such as bi-diameter (WHO) or single diameter (RECIST), is less sensitive and less reliable to measure the growth rate of irregularly shaped NF tumors that grow in non-uniform ways. Hence, measurement of tumor volume is a key component in estimating tumor burden in NF patients. For NF tumor volumetrics in MRI, image segmentation can be challenging, as the lesions are irregular and complex, and there may be many lesions in a patient. Efficient and reliable tumor volumetric segmentation methods are needed for the assessment of the patient tumor burden including the number, size (volume), location (body part), and type (discrete or plexiform) of NF tumors carried by a patient.",Opening the Data Drawers,Wenli Cai|Gordon Harris,Massachusetts General Hospital|Massachusetts General Hospital,:Plexiform_Neurofibroma,:Neurofibromatosis_Type_1,Completed,Under Embargo,CTF,,,:Image|:Clinical_Data,syn:syn4984604|syn:syn11817821,syn:syn20686637,syn20608511,,
Defining the factors that dictate the pattern of glioma formation in NF1,syn:syn25881328,"Neurofibromatosis type 1 (NF1) is a cancer predisposition syndrome caused by a wide spectrum of germline mutations in the NF1 gene. Children with NF1 have a ~20% risk of developing low-grade brain tumors of the optic pathway (optic pathway glioma; OPG) or brainstem (brainstem glioma; BSG). However, it is currently unclear which children with NF1 will develop these brain tumors. Emerging human population-based evidence has raised the possibility that patient-specific risk factors, including infant birth weight and the specific germline NF1 mutation that each child is born with, may modulate the risk of glioma development. High-infant birth weight can be modeled in mice by maternal exposure to a high-fat high-sucrose (HFHS) diet. Based on my preliminary data demonstrating that both germline mutation and maternal HFHS diet increase proliferation and glial differentiation of specific neuroglial progenitor (NPC) populations, I now hypothesize that both disease-intrinsic factors (different germline NF1 gene mutations; Aim 1) and disease-extrinsic factors (maternal HFHS diet; Aim 2) act on spatially-defined populations of NPCs to modulate NF1-glioma penetrance. In this grant, I will determine whether specific germline Nf1 mutations affect the proliferation and differentiation of NPCs from different ventricular surfaces over the course of mouse brain development (Aim 1) and whether maternal HFHS diet exposure modifies these responses (Aim 2). Taken together, these experiments aim to determine whether germline NF1 gene mutations and maternal diet function as risk factors for NF1-glioma formation in different regions of the brain.",Francis S. Collins Scholars Program,Nicole Brossier,Washington University in St. Louis,:Low_Grade_Glioma,:Neurofibromatosis_Type_1,Active,Under Embargo,NTAP,The data from this study is currently under embargo. Please contact the principal investigator for access to the data.,,,syn:syn5698493|syn:syn6633069|syn:syn25999950,syn:syn25881334,syn25881328,https://doi.org/10.54464/pc.gr.148704,
Defining the RABL6A-YAP axis in MPNST pathogenesis and therapy,syn:syn25961160,"MPNSTs represent one of the most aggressive and clinically challenging subtypes of sarcoma. The only known cure for MPNST is complete surgical resection with adjuvant radiation and/or chemotherapy. Unfortunately, surgery is often not feasible due to the location and/or size of the tumors, and traditional radiation and chemotherapy does not reduce patient mortality. NF1 patients are at increased risk of MPNST development compared to the general population due to transformation of plexiform neurofibromas (~one-third), and MPNSTs are the leading cause of death in these patients. Although our understanding of neurofibroma (NF) transformation and MPNST biology has significantly increased in recent years, effective treatment for these deadly tumors is still lacking. My thesis studies centered on understanding the contributions of RABL6A, a potent oncoprotein, to MPNST pathogenesis in an effort to develop meaningful, effective therapies for patients. We demonstrated RABL6A negatively regulates the retinoblastoma (RB1) tumor suppressor, a key pathway known to be disrupted during the transformation of NFs-to-MPNSTs. Further, we and others have found RABL6A promotes MEK signaling, another important pathway driving NF1-associated MPNST development. Gene expression microarray studies suggest RABL6A controls many cancer-promoting pathways, only a few of which have been investigated. While the pre-malignant transition from NF to an intermediate lesion (ANNUBP) appears to occur with few genetic alterations, MPNSTs are highly complex with numerous chromosomal gains and losses. The key alterations required for MPNST development are not known, highlighting a major knowledge gap in the field. Our long-term goal is to define essential molecular events promoting MPNST development to identify new therapeutic targets and establish more effective therapy options for patients. We recently discovered that inhibitors of CDK4/6 (RB1 negative regulator) combined with MEK inhibitors synergistically combats MPNST growth in vivo. The combination dramatically delayed tumor progression and increased mouse survival by more than 3-fold. However, drug resistance inevitably occurred, emphasizing the need for additional targeted therapies. Preliminary data suggest RABL6A is a new regulator of YAP, another oncoprotein whose hyperactivity has recently been implicated in MPNSTs. Further, induction of YAP activity has been linked to CDK4/6 and MEK inhibitor resistance in other cancers. Our objective in this proposal is to elucidate the mechanistic link between RABL6A and YAP in MPNST and evaluate the efficacy of RABL6A-YAP targeted therapy. Our central hypothesis is that RABL6A and YAP act cooperatively to drive MPNST pathogenesis and represent clinically meaningful targets for therapy. In Aim 1, we will define the specific molecular connections and functional importance of RABL6A-YAP signaling in MPNSTs using patient specimens and cell line models. The hypothesis to be tested is that YAP activation by RABL6A drives MPNST pathogenesis. In Aim 2, we will determine the pathobiological significance and therapeutic value of targeting the RABL6A-YAP axis in MPNSTs using genetic editing and de novo tumor models. The hypothesis to be tested is that combination targeting of the RABL6A-YAP axis will be highly synergistic against MPNSTs and abrogate drug resistance. By elucidating the mechanisms and biological relevance of RABL6A-YAP regulation and targeting in MPNSTs, we expect to improve the therapeutic options for patients suffering from this deadly disease.",Young Investigator Award,Jordan Kohlmeyer|Munir Tanas|Dawn Quelle|Rebecca Dodd|Patrick Breheny,University of Iowa,:Unknown_Annotation,:Neurofibromatosis_Type_1,Active,Under Embargo,CTF,The data from this study is currently under embargo. Please contact the principal investigator for access to the data.,,,syn:syn11681835|syn:syn22267323|syn:syn22267330|syn:syn22268652|syn:syn26241781|syn:syn26347297,syn:syn25961164,syn25961160,,
Targeting the Let7-HMGA2 axis in Malignant Peripheral Nerve Sheath Tumor Prevention,syn:syn25999248,"Malignant peripheral nerve sheath tumors (MPNST) are incurable sarcomas that represent the leading cause of death in NF1 patients. Developing therapeutic strategies to not only treat MPNST, but ultimately to prevent their occurrence is paramount to improve survival, reduce suffering, and alleviate the burden of care for persons with NF1. Our laboratory has developed genetically engineered mouse (GEM) models that accurately phenocopy the development of MPNST from plexiform (PN) and atypical neurofibroma (ANNUBP) precursor tumors, thus allowing for interrogation of interventions that can both treat as well as prevent MPNST. These GEM models have led to the identification of an oncofetal microRNA-protein axis (Let7- HMGA2) that undergoes profound alteration in both murine and human PN/ANNUBP as these tumors progress to MPNST. We hypothesize that Let7-HMGA2 deregulation reprograms broad transcriptional and kinase networks to drive MPNST progression by reactivating programs of embryonic growth in their tumor initiating cells of origin. By isolating this unique population of cancer stem cells from the embryonic nerve roots, we will systematically characterize how Let7-HMGA2 perturbation alters broad networks of protein kinases and transcription factors to drive the aggressive behavior of these tumors. Furthermore, through both genetic and pharmacologic methods, we will establish whether HMGA2 inhibition can treat and/or prevent the progression of MPNST from PN and ANNUBP precursor tumors in vivo. If this is confirmed, we will have identified a targetable pathway to prevent the occurrence of these devastating tumors by controlling and eradicating early clones of disease in a vulnerable population of at risk patients."")",Francis S. Collins Scholars Program,Steven Rhodes,Indiana University School of Medicine,:Unknown_Annotation|:Plexiform_Neurofibroma|:Atypical_Neurofibroma,:Neurofibromatosis_Type_1,Active,Under Embargo,NTAP,The data from this study is currently under embargo. Please contact the principal investigator for access to the data.,,,syn:syn5714289|syn:syn7217935|syn:syn17098100|syn:syn23639889|syn:syn23651229,syn:syn25999252,,https://doi.org/10.54464/pc.gr.147660,
Towards clinical translation of imaging studies in neurofibromatosis type 1,syn:syn25999239,"Ras/mitogen-activated protein kinase (RMK) pathway is central for brain development and function. In children with neurofibromatosis type 1 (NF1), genetic mutations affecting the RMK pathway lead to multisystemic disorder, including measurable effects on behavior and cognition. Mainly, NF1 increases the risk of deficits in attention, hyperactivity, and social skills. While the effects of NF1 on human brain structure and function are evident, their usability as outcome measures is limited. Using high-resolution structural MRI, diffusion-weighted imaging, resting-state fMRI, (neural correlates) and a targeted battery of cognitive-behavioral assessments, we will first assess the neural correlates of, and cognitive-behavioral features associated with attentional and social dysfunction in children with NF1 relative to controls. Then, we will leverage recent advances in brain imaging techniques and computational methods; we will assess the effect of NF1 on the organization and coupling of large-scale structural and functional brain networks. We hypothesize that NF1 is associated with abnormal organization of brain networks implicated in attention and social skills. Our sample will include 30 children with NF1 seen at 5-11 years of age. We will compare them to 30 sex- and age-matched typically developing controls as well as to a (clinical) group of 30 age-matched children with Noonan syndrome (NS). The inclusion of a clinical control group (NS) that is caused by a different genetic mutation related to the RMK pathway will enable us to define a specific profile of brain-based correlates of neurodevelopmental disabilities in children with NF1. The rationale for the proposed project is that defining the brain organization and characterizing the coupling between brain structure and function in NF1 holds promise for providing novel brain-based outcome measures for future clinical interventions in NF1.",Francis S. Collins Scholars Program,Tamar Green,Stanford University,:Unknown_Annotation|:Unknown_Annotation,:Neurofibromatosis_Type_1,Active,Under Embargo,NTAP,The data from this study is currently under embargo. Please contact the principal investigator for access to the data.,,,syn:syn17100988|syn:syn26410510|syn:syn26438193,syn:syn25999243,,https://doi.org/10.54464/pc.gr.147661,
Single cell sequencing of glioma in NF1 patients,syn:syn25999950,"The study aims to the characterization of the intra-tumor heterogeneity and microenvironment of glioma occurring in neurofibromatosis 1 (NF1) patients by profiling individual cells using single cell RNA sequencing. We performed individual cell level analyses using single-nucleus RNA-sequencing (Nucseq). Nucseq allows the analysis of frozen tumor specimens, the only currently banked NF1 glioma specimens. We note that profiling of tissue by Nucseq does not require tissue dissociation and has therefore the advantage of preserving the cell types that could be lost during the dissociation process (i.e. more fragile cell types). Single-nucleus molecular profiling allows to dissect the complex architecture underlying glioma subclonal heterogeneity as well as to characterize the tumor microenvironment. We were particularly interested in the identification of subpopulations reflecting neuronal or glial differentiation or their progenitors, as this may uncover the cell-of-origin, cancer stem cell, and potential avenues for differentiation. We evaluated the role of genetic heterogeneity in generating transcriptionally-distinct subpopulations by analyzing mutations (identified in single cell RNA-Seq reads), and chromosomal aberrations (inferred from expression of contiguous sets of genes) to define genetic sub-clones and examine the link between genetics and transcriptional programs. By generating single cell resolution data with minimal technical confounders, we highlighted the oncogenic programs unique to NF1 glioma and candidate vulnerabilities of defined NF1 glioma sub-classes.",Synodos,Antonio Iaverone,Columbia University,:Glioma,:Neurofibromatosis_Type_1,Active,Under Embargo,CTF,The data from this study is currently under embargo. Please contact the principal investigator for access to the data.,,:Raw_Counts,syn:syn5698493|syn:syn6633069|syn:syn25881328,syn:syn25999954,syn25999950,,
Evaluation of the use of antisense oligonucleotides as a personalized therapy for Neurofibromatosis Type 2 patients,syn:syn21355225,"Background: Neurofibromatosis type 2 (NF2) is a genetic condition characterized by the development of multiple tumors of the nervous system. The clinical presentation of the disease is variable and related to the type of the inherited constitutional mutation variant in the NF2 gene. The use of antisense oligonucleotides (AONs), acting at RNA level, could be useful to correct the effect of deleterious DNA mutations at the protein level, or to create proteins that still retain partial function from loss-of-function mutated alleles. AONs They could be used to force the skipping of exons carrying truncating mutations when the reading frame is maintained. We have shown that a deep intronic mutation responsible for an aberrant NF2 splicing could be corrected by the use of PMOs and recover Merlin function. Here, we propose to evaluate the use of AONs PMOs to reduce the severity of NF2 truncating and splicing mutations to milder hypomorphic forms in vitro.   Methods: Samples: primary fibroblasts cultures from NF2 patients. Phosphorodiamidate morpholino oligomers (PMOs)AONs: We designed specific phosphorodiamidate morpholino oligomers (PMOs) targeting four independent disease-causing splicing mutationsvariants, and a pair of PMOs to induce exon skipping of exons 4, 6&7, 8, and 11 of the NF2 gene. Primary fibroblasts carrying nonsense mutations variants were treated with the corresponding pair of PMOs. A dose-response and a time course study were performed to set-up conditions and confirmed the in-frame skipping of the target exons by RT-PCR and Sanger sequencing. Functional analysis: Functional studies were performed from fibroblast cultures untreated and treated at different PMOs concentrations. We measured: 1) Merlin, ERK and their phosphorylated forms by Western Blot; 2) actin cytoskeleton organization; 3) NF2 and YAP1 nuclear translocation capacity by immunofluorescence, and 4) proliferation capacity.   Results: MutationVariant-specific PMOs for splicing mutations: our results showed the PMOs designed for splicing variants located at +/- 15 (or less) from the intron-exon boundary region, were not specific enough and interfered in the correct splicing signaling of both wild-type and mutated alleles. Exon-specific PMOs for truncating mutationsvariants: the effect of the exon skipping on both the mutated and the WT allele, although maintaining the NF2 gene reading frame at cDNA level, caused the complete loss of Merlin. Despite these results, complementary functional analysis are being performed to confirm the absence of Merlin at a cellular level.  Conclusions: PMOs might be optimal for inducing targeted exon skipping without altering gene transcription in cells carrying deep intronic variants, or for the modulation of alternative spliced exons. However, here we show that, in the case of NF2, PMOs may not be useful for correcting splicing when mutations are located in splicing canonical sites, neither for inducing semi-functional Merlin isoforms, since the use of these antisense molecules results in total Merlin loss",Drug Discovery Initiative Registered Reports,Núria Catasús| Sandra Bonache| Belen García| Adrià Plana| Hector Salvador| Isabel Bielsa| Eduard Serra| Ignacio Blanco| Elisabeth Castellanos,Germans Trias I Pujol Research Institute (IGTP)|Hospital Universitari Germans Trias i Pujol (HUGTP),,:Neurofibromatosis_Type_2,Active,Under Embargo,CTF,The data from this study is currently under embargo. Please contact the principal investigator for access to the data.,,,syn:syn21642010,syn:syn25999949,syn25999949,,
Signaling pathways regulated by nitrated proteins as novel therapeutic targets for neurofibromatosis type 2,syn:syn26238842,"Neurofibromatosis type 2 (NF2) is a genetic disorder caused by inactivating mutations in the gene encoding the tumor suppressor merlin. NF2 patients develop schwannomas, meningiomas, and ependymomas throughout their life. NF2 patients have few therapeutic options; given the chronic and recurring nature of NF2, careful monitoring and resection radio surgery remains the treatment of choice. Further understanding the drivers of cell proliferation in NF2 and identifying new potential therapeutic targets remains paramount to improve the selectivity of drugs intended for the treatment of these chronic, recurrent tumors. Our group made a fundamental discovery: production of the powerful oxidant peroxynitrite and subsequent tyrosine (Tyr) nitration, an oxidative modification to proteins that occurs in pathological conditions, are essential for NF2 schwannoma cell survival. Excitingly, protein Tyr nitration is very low or absent in healthy cells. Our published and preliminary data posit nitrated proteins as a new category of tumor-directed targets for the development of tumor-directed therapies. We are determined to identify the role of nitrated proteins in the pathogenesis of NF2 and propose Tyr nitrated proteins are a novel therapeutic target. We have identified a number of proteins that are endogenously nitrated in vestibular schwannomas (VS) from NF2 patients. Six of these nitrated proteins are directly involved in signaling pathways dysregulated by the loss of merlin: Galectin 1 (Gal-1), Ras homolog family member A (RhoA), RhoC, Ras related protein 35, 14-3-3, Vimentin and Heat shock protein 90 (Hsp90). We discovered that nitrated Hsp90 supports schwannoma cell survival through a gain-of-function, but we also discovered that Hsp90 is not the only nitrated protein with pro-tumorigenic functions, and these other players remain unidentified. Therefore, the goals of the project are to 1) determine the regulation of signaling pathways by Tyr nitration in general, and Tyr nitrated Hsp90 in particular; and 2) identify the specific nitrated protein(s) that support NF2 tumor cell survival, providing a wealth of novel information and opening the door to the development of new therapies for NF2 treatment.",Young Investigator Award,Maria Franco|Isabelle Logan,Oregon State University|University of Florida,:Schwannoma|:Meningioma,:Neurofibromatosis_Type_2,Active,Under Embargo,CTF,The data from this study is currently under embargo. Please contact the principal investigator for access to the data.,,,syn:syn2343195|syn:syn23532273|syn:syn26383473,syn:syn26238851,syn26238842,,
Human induced pluripotent stem cell modeling of sensory neuron-regulated NF1-deficient Schwann cell growth,syn:syn26238964,"For this initiative, we have designed experiments that focus on validating the newly-identified Schwann cell growth factors, demonstrating that they are both sufficient and necessary for hiPSC-sensory neuron-driven paracrine regulation of NF1-deficient SC growth, and identifying molecular targets to block sensory neuron production of these growth factors and/or their ability to induce NF1-deficient SC growth relevant to human neurofibroma pathobiology.",Open Proposal Program,David Gutmann,Washington University in St. Louis,:Plexiform_Neurofibroma|:Unknown_Annotation,:Neurofibromatosis_Type_1,Active,Under Embargo,NTAP,The data from this study is currently under embargo. Please contact the principal investigator for access to the data.,,,syn:syn4939876|syn:syn8016599|syn:syn7239479,syn:syn26238969,syn26238964,https://doi.org/10.54464/pc.gr.147802,
Targeting inflammatory signaling in cutaneous neurofibromas,syn:syn26238926,"Cutaneous (CNF) and plexiform neurofibromas (PNF) are defining features of Neurofibromatosis Type 1 (NF1), accounting for substantial morbidity and mortality across the age spectrum. Although histologically similar, CNFs and PNFs exhibit vastly different clinical behavior as they demonstrate distinct growth rates, anatomic sites of presentation, and malignant potential. The reasons for this disparate clinical behavior are not well explained by genome or transcriptome profiling studies. We recently demonstrated that CNFs and PNFs are epigenetically distinct neoplasms that exhibit genome-wide differences in chromatin conformation and site-specific methylation events (SSMEs) such as differentially methylated regions (DMRs). Collectively, these methylation events altered genes involved in key biological processes, particularly the coupling of inflammatory and RAS signaling. Epigenetic reinforcement of RAS/MKK/p38 was a defining characteristic of CNFs leading to pro-inflammatory signaling and transient receptor potential (TRP) pain receptor regulation, whereas PNFs signaled predominantly through RAS/MEK. This difference is clearly demonstrated in the downstream RAS/p38 signaling effector, COX2.  In the COX2 gene, PTGS2, we identified a DMR near the promoter that was significantly hypomethylated in CNFs compared to PNFs, with the strongest hypomethylation present in symptomatic CNFs. These data confirm that 1) CNFs are epigenetically distinct from PNFs, 2) treatment of CNFs will require targeting signaling pathways outside of or parallel to RAS/MEK such as inflammatory pathways, and 3) RAS signaling fates downstream of NF1 are strongly under epigenetic control. Our goal is to develop effective and sustainable treatments for CNFs, as well as practical diagnostic tools. To do this, we will define how the methylation and chromatin conformation states of key regulatory genes affect CNF growth, symptoms, response to MEK inhibitors and other novel CNF therapies. Our overarching hypothesis is that inflammatory signaling plays a critical role in CNF symptom evolution and tumor growth that is determined both by SSMEs and p38-mediated chromatin conformation changes (i.e. �epigenetic reinforcement�). To test this hypothesis we will establish an inflammatory pain signature by comparing the methylation profiles of symptomatic and asymptomatic CNFs, and in a correlative study determine if treatment with the topical COX2 inhibitor, diclofenac, can reverse this inflammatory pain signature in patients with symptomatic CNFs. At the same time, we will strategically collect additional untreated tumor and normal tissue from patients and unaffected first-degree relatives for patient derived explants (PDEs) that model human CNFs or skin in culture. Using PDEs we will determine how NF1 loss poises the skin microenvironment to support CNF formation and drive pain signaling in response to environmental inflammatory stimuli. We will also evaluate several novel therapeutic targets using CNF PDEs, including MAPK modulators (p38, DUSP, MEK) as well as epigenetic treatments (5-Azacytidine) to determine if they can reverse epigenetic reinforcement of inflammatory pain signaling ex vivo. Finally, we will use the epigenomic data generated in this study as a validation cohort against a CNF/PNF SSME-based biomarker prediction panel assembled from our previous study and several publicly available data sets. Collectively, this work will establish the biological efficacy of topical COX2 inhibition for treatment of CNFs, evaluate novel CNF therapeutic targets preclinically, elucidate how NF1 loss and epigenetic reinforcement of inflammatory signaling supports CNF growth and symptom evolution, and design and test an epigenetic biomarker panel for CNFs. As a result, our proposal will greatly advance CNF diagnosis and treatment for NF1 patients.",Young Investigator Award,Jamie Grit|Matt Steensma,Van Andel Institute,:Cutaneous_Neurofibroma,:Neurofibromatosis_Type_1,Active,Under Embargo,CTF,The data from this study is currently under embargo. Please contact the principal investigator for access to the data.,,,syn:syn11374357|syn:syn11374353|syn:syn11374339|syn:syn11374341|syn:syn4939910,syn:syn26238931,syn26238926,,
Understanding how epigenetic dysregulation and Ras misactivation cooperate during NF1 deficient Schwann cell tumorigenesis to driven druggable dependencies,syn:syn26241781,"Neural crest derived Schwann cells give rise to neurofibromas, schwannomas, and MPNSTs. Despite their shared embryonic origin, the clinical course of these tumors is quite different. Neurofibromas and schwannomas are benign lesions that are well managed with local therapy while MPNSTs are aggressive tumors that metastasize and have poor outcomes.1 MPNSTs can arise from neurofibromas or schwannomas following malignant transformation in the setting of NF1 loss or ionizing radiation.2�5 NF1 encodes a tumor suppressor that inhibits Ras signaling, a conserved pathway required for development and misactivated in 1/3 of cancers6 including Schwann cell derived tumors.7 However, only a minority of neurofibromas and schwannomas progress to MPNSTs, suggesting additional steps are required. In addition to NF1, MPNSTs harbor mutations in the Polycomb Repressive Complex 2 (PRC2),8�10 a chromatin modifier which regulates gene repression in development and cancer via H3K27 trimethylation.11 My objective is to elucidate how epigenetic mechanisms contribute to malignant transformation in Ras activated tumors.",Francis S. Collins Scholars Program,Harish Vasudevan,"University of California, San Francisco",:Plexiform_Neurofibroma|:Unknown_Annotation|:Atypical_Neurofibroma|:Unknown_Annotation,:Neurofibromatosis_Type_1|:Neurofibromatosis_Type_2,Active,Under Embargo,NTAP,The data from this study is currently under embargo. Please contact the principal investigator for access to the data.,,,syn:syn11681835|syn:syn22267323|syn:syn22267330|syn:syn22268652|syn:syn25961160|syn:syn26347297,syn:syn26241785,syn26241781,,
The effects of RAS signaling pathway inhibitors on tumor cells and the tumor immune microenvironment in malignant peripheral nerve sheath tumors,syn:syn26347297,"NF1-associated MPNSTs are resistant to MEK inhibition monotherapy because of activation of alternate cancer signaling pathways. This study will test combinations of MEK inhibitors, SHP2 inhibitors, and CDK inhibitors, which target different signaling pathways, to treat MPNSTs. Additionally, we will also investigate the role of the tumor microenvironment and the impact of various inhibitors on immune cells to design trials of immunotherapy drugs plus targeted drugs for MPNST.",Young Investigator Award,Lindy Zhang|Christine Pratilas|Nicolas Llosa,Johns Hopkins University,:Plexiform_Neurofibroma|:Unknown_Annotation,:Neurofibromatosis_Type_1,Active,Under Embargo,CTF,The data from this study is currently under embargo. Please contact the principal investigator for access to the data.,,,syn:syn11681835|syn:syn22267323|syn:syn22267330|syn:syn22268652|syn:syn25961160|syn:syn26241781,syn:syn26347302,syn26347297,,
Exploiting cytotoxic role of nuclear Rac1 to develop targeted antitumor therapy of NF2-associated tumor,syn:syn26383473,"Neurofibromatosis type II (NF2) is a genetic disorder characterized by the development of multiple tumors in central nervous system. NF2 is an autosomal dominant genetic disease caused by mutation appearance in NF2 gene, i.e. if a child, a boy or a girl, is unlucky to born with such mutation then the disease will develop with a probability of almost 100%. There is no any specific treatment for NF2 just only non-specific radiotherapy and surgery but sometimes that methods are useless due to remote localization of tumor. Our proposal is to use statins and bisphosphonates for treating NF2 patients because the mechanism of their action is based on specific features of NF2 tumors. Furthermore we propose to use statins and bisphophonates jointly because in our previous studies we have established that the mechanism of action of each compound affect the same process in cell but in different stages and both compounds slowed down the growth of NF2-tumors in preclinical studies. These data demonstrates that joint using of statins and bisphosphonates have ability to enhance effects of each other that may lead to decreasing size of NF2-associated tumors. In our studies already approved drugs are used which safety is proved (simvastatin, lovastatin belonging to statin, zolderonic acid belonging to bisphosphonates). Our proposal suggests to use difference in activity of the protein Rac1 between cells of NF2-associated tumors and normal cells as target for specific pharmaceutical therapy. Rac1 activity is increased in NF2 tumor cells compared to normal cells. It is a pivotal step for development of this approach which will allow to move on preclinical stuides with laboratory animals. We hope that results obtained in our studies could be used for cure NF2-patients.",Young Investigator Award,Filipp Kulikov,Pirogov Russian National Research Medical University,:Schwannoma|:Meningioma,:Neurofibromatosis_Type_2,Active,Under Embargo,CTF,The data from this study is currently under embargo. Please contact the principal investigator for access to the data.,,,syn:syn2343195|syn:syn23532273|syn:syn26238842,syn:syn26383477,syn26383473,,
Neural Underpinnings of Attention in Children with NF1,syn:syn26410510,"Attention difficulties are one of the most apparent aspects of the cognitive phenotype of neurofibromatosis type 1 (NF1), yet very little is known about the underlying neural mechanisms of attention in children with NF1. Children with NF1 have difficulties with various aspects of attention, including sustained, divided, shifting, visual, and auditory (Casnar & Klein-Tasman, 2017; Isenberg et al., 2013; North et al., 2002).  While some children with NF1 show attention difficulties that meet criteria for Attention-Deficit/Hyperactivity Disorder (ADHD), there are also children whose difficulties do not meet that threshold but who nevertheless still demonstrate marked difficulties with sustained attention (Mautner et al., 2001) and planning (Hyman et al., 2005). Research in other populations, such as ADHD, has begun elucidating specific biomarkers of attention difficulties using electroencephalography (EEG) Event Related Potentials (ERPs). EEG is a relatively affordable and non-invasive imaging technique that can be used to further delineate neural mechanisms of attention difficulties. However, very few studies have used EEG methodology to examine the neural underpinnings of these attention difficulties in children with NF1. The goal of this research is to demonstrate the feasibility and promise of EEG approaches with school age children with NF1 to identify potential biomarkers of attention problems. While there is considerable variability in the behavioral phenotype of NF1, attention problems are commonly identified. There is a dearth of research about the neural underpinnings of these challenges, especially with school age children.   There is a need to identify biomarkers of attention difficulties in children with neurofibromatosis type 1 to effectively track the impact of medical and psychosocial interventions that affect attention in NF1. Research shows that many youth with NF1 experience attention problems (Huijbregts et al., 2010; Templer et al., 2013), which are evident on performance-based, caregiver and teacher report measures (Casnar & Klein-Tasman, 2017), however, the neural underpinnings of attention problems in children with NF1 have not yet been sufficiently characterized. This may be important for identifying potential biomarkers of attention difficulties, and eventually neural underpinnings of attention in children with NF1 by understanding the impact of interventions (including medications) on attention and related brain function. Unique EEG patterns may provide researchers with an NF1-specific index of attention difficulties at the neural level rather than based on questionnaire and neuropsychological task performance measures. Further, there is evidence from other populations that changes in the neural underpinnings may in fact be evident prior to behavioral changes; for example, in Social Phobia, reduced activity in the amygdala and limbic regions of the brain may be a “prerequisite” for behavioral improvement (Ribeiro Porto et al., 2009). Such evidence is also present in studies of children with ADHD, which has led a task force to recommend continued research into neurophysiological methods, such as ERPs, as biomarkers in ADHD (Thome et al., 2012). And, indeed, research about the utility of ERPs as biomarkers has also been expanded to other populations that are affected by ADHD, such as Tuberous Sclerosis Complex (Moavero et al., 2020). Thus, extending this work to NF1, which has considerable overlap with ADHD, is warranted.  We will examine attention in 7 through 11-year-olds with NF1 using a multi-method approach. This includes caregiver questionnaires about attention, performance-based measures of attention administered by trained staff evaluators, and Event Related Potentials (ERPs) ascertained through electroencephalography (EEG). We will use a Flanker task and a Go/Nogo task, which are known to elicit our components of interest: N2, P3, and ERN. The N2 and P3 components are indices of visual selective attention to salient stimuli. Error-Related Negativity (ERN) appears in response to making an error of inhibition. Our sample will include 20 children diagnosed with NF1, 20 children diagnosed with idiopathic Attention-Deficit/Hyperactivity Disorder (ADHD), and 20 unaffected children without both NF1 and ADHD. The groups will be matched by age and sex. We have chosen a narrow age range because developmental EEG studies suggest that there is considerable age-related variability in some ERP components; the broad age range of studies to date of children with NF1 might obscure developmental effects.   Aim 1 is to examine group differences in ERP measures of attention. Our aim is to identify neural underpinnings of attention problems in school age children with NF1 in comparison to a clinical contrast group of children with ADHD and a control group of children without both NF1 and ADHD. We hypothesize that compared to same-aged unaffected children, children with NF1 will show a reduced, and potentially delayed, N2 and P3 to incongruent Flanker and Nogo trials, and a reduced error-related negativity (ERN) following errors on both tasks. We also hypothesize that compared to same-aged children with ADHD, children with NF1 will show different patterns of N2, P3, and ERN activity. Aim 2 is to examine relations between specific ERP components and behavioral indicators of attention problems in children with NF1. We will examine the relations between components (N2, P3, and ERN) that show group differences with behavioral indicators of attention problems, including both performance-based and caregiver-report measures. We will also examine any differences in the patterns of relations between groups. We hypothesize that reduced amplitude and latency will be related to poorer attention on both performance-based and caregiver-report measures.",Young Investigator Award,Sara K. Pardej,University of Wisconsin-Milwaukee,,:Neurofibromatosis_Type_1,Active,Under Embargo,CTF,The data from this study is currently under embargo. Please contact the principal investigator for access to the data.,,,syn:syn17100988|syn:syn25999239|syn:syn26438193,syn:syn26410514,syn26410510,,
"Pilot Study of Factors Impacting Medication Adherence in Children, Adolescents, and Adults with Neurofibromatosis Type 1 (NF1) on Clinical Treatment Trials",syn:syn26438193,"Neurofibromatosis type 1 (NF1) is a genetic disorder. It has a broad variety of effects on the body. Up to half of people with NF1 get plexiform neurofibromas (PNs). These are benign tumors. But they can have serious effects like pain and disfigurement. To treat PNs, a person may have to take medicine every day for a long period of time. Researchers think that it will be important for people to take the medicine regularly for it to work. They want to study how well people with NF1 follow their treatment plan for PNs. Objective: To study how often people with neurofibromatosis type 1 take medicine that has been prescribed to them for treating plexiform neurofibromas. Eligibility: People ages 18–59 already enrolled in an NF1 clinical trial. Design: Participants will need access to the internet to do the study activities. Participants will complete baseline questionnaires assessing demographic data, recent life events, how much pain interferes with daily life, ability to focus and pay attention to tasks, and emotional distress or depression. Through 18 months, participants will mark down every time they take a dose of the medicine in their clinical trial on a provided daily diary. The pill bottles they get in their trial will have a chip in the cap that will record when it is opened. Their returned pills will also be counted at clinical trial visits. Participants will also answer a series of questions about adherence in qualitive interviews with a study team member and fill out a measure assessing barriers to adherence upon study completion. Expected accrual is 12-15 participants.",Open Proposal Program,Staci Martin,National Cancer Institute,:Plexiform_Neurofibroma,:Neurofibromatosis_Type_1,Active,Under Embargo,NTAP,,,,syn:syn17100988|syn:syn25999239|syn:syn26410510,syn:syn26438197,syn26438193,https://doi.org/10.54464/pc.gr.147682,
