type	identifier	name	database	mention_count	paper_count	pmcids
CellLine	CVCL:8916	8916	cvcl	154	10	PMC3273949,PMC3578816,PMC5302981,PMC5579334,PMC7031337,PMC7326958,PMC7906369,PMC7952412,PMC8447793,PMC9929861
CellLine		INSS		136	31	PMC1533846,PMC2615028,PMC2848976,PMC2858150,PMC3447199,PMC3492274,PMC3543849,PMC3776976,PMC4178206,PMC4355981,PMC4615033,PMC4629113,PMC5087121,PMC5369315,PMC5583477,PMC5605987,PMC5827037,PMC5996849,PMC6411871,PMC6687785,PMC6776898,PMC6819083,PMC7658220,PMC7690890,PMC7906369,PMC7952412,PMC8038069,PMC8071449,PMC8150846,PMC8370767,PMC9929861
CellLine	CVCL:A7NI	A7NI	cvcl	126	1	PMC7952412
CellLine	CVCL:1Y70	1Y70	cvcl	124	9	PMC3113907,PMC3578816,PMC4492820,PMC5332555,PMC5579334,PMC7073166,PMC8038069,PMC8447793,PMC9929861
CellLine	CVCL:0019	0019	cvcl	118	7	PMC1533846,PMC2615028,PMC3836801,PMC5369315,PMC8071449,PMC8144720,PMC8469245
CellLine	CVCL:Z232	Z232	cvcl	117	47	PMC2766639,PMC2794539,PMC2848976,PMC3114747,PMC3130048,PMC3285665,PMC3316730,PMC3352892,PMC3366948,PMC3484870,PMC3485222,PMC3492274,PMC3543849,PMC3554420,PMC3554772,PMC3589544,PMC3636093,PMC3704242,PMC3836801,PMC3950186,PMC3966786,PMC3982616,PMC4022359,PMC4178206,PMC4355981,PMC4471546,PMC4492820,PMC5087121,PMC5308618,PMC5332555,PMC5527484,PMC5804031,PMC5908872,PMC6115972,PMC6617392,PMC7031935,PMC7398555,PMC7690890,PMC7739466,PMC8038069,PMC8071449,PMC8447793,PMC8469245,PMC8705852,PMC9184558,PMC9221468,PMC9929861
CellLine	CVCL:0528	0528	cvcl	112	4	PMC1533846,PMC5305101,PMC5369315,PMC8071449
CellLine	CVCL:0132	0132	cvcl	112	7	PMC2794539,PMC3554420,PMC4355981,PMC5641092,PMC6101293,PMC6411871,PMC7169429
CellLine	CVCL:8917	8917	cvcl	105	13	PMC3273949,PMC3578816,PMC4022359,PMC5302981,PMC5579334,PMC5978249,PMC7031337,PMC7317054,PMC7326958,PMC7906369,PMC7952412,PMC8447793,PMC9929861
CellLine	CVCL:B6ZD	B6ZD	cvcl	92	1	PMC9013652
CellLine	CVCL:0045	0045	cvcl	89	11	PMC3024950,PMC3039570,PMC3316730,PMC3950186,PMC4404347,PMC4471546,PMC4762531,PMC6770187,PMC7169429,PMC8370767,PMC9184558
CellLine	CVCL:1689	1689	cvcl	79	2	PMC3966786,PMC7690890
CellLine	CVCL:9115	9115	cvcl	78	5	PMC2766639,PMC4958313,PMC6776898,PMC8150846,PMC8705852
CellLine	CVCL:RS97	RS97	cvcl	74	1	PMC5305101
CellLine	CVCL:1Y71	1Y71	cvcl	70	4	PMC3113907,PMC3578816,PMC5579334,PMC7073166
CellLine	CVCL:0237	0237	cvcl	61	4	PMC1968784,PMC3130048,PMC4453732,PMC6687785
CellLine	CVCL:VV72	VV72	cvcl	58	2	PMC5641092,PMC6411871
CellLine	CVCL:A592	A592	cvcl	56	8	PMC3285665,PMC3366948,PMC3950186,PMC3966786,PMC4178206,PMC4932877,PMC555742,PMC6687785
CellLine	CVCL:K281	K281	cvcl	55	7	PMC3273949,PMC5978249,PMC7031337,PMC7317054,PMC7326958,PMC7397152,PMC9929861
CellLine	CVCL:D274	D274	cvcl	55	2	PMC3352892,PMC4892608
CellLine	CVCL:L294	L294	cvcl	51	2	PMC3485222,PMC5827037
CellLine	CVCL:0063	0063	cvcl	43	17	PMC2766639,PMC3484870,PMC6101293,PMC6411871,PMC6617392,PMC6718590,PMC6770187,PMC6776898,PMC6819083,PMC7326958,PMC7668446,PMC7690890,PMC7952412,PMC8038069,PMC8071449,PMC8172195,PMC8447793
CellLine	CVCL:0531	0531	cvcl	40	5	PMC1533846,PMC2615028,PMC4355981,PMC5369315,PMC8071449
CellLine	CVCL:0031	0031	cvcl	39	14	PMC2376111,PMC3316730,PMC3589544,PMC3950186,PMC3966786,PMC4355981,PMC4471546,PMC555742,PMC5978249,PMC6776898,PMC7310532,PMC8395939,PMC8447793,PMC8469245
CellLine	CVCL:5985	5985	cvcl	37	4	PMC2858150,PMC3492274,PMC5605987,PMC6819083
CellLine	CVCL:0004	0004	cvcl	36	6	PMC3039570,PMC3316730,PMC3589544,PMC3636093,PMC4355981,PMC8469245
CellLine	CVCL:9256	9256	cvcl	36	1	PMC6411871
CellLine	CVCL:0547	0547	cvcl	35	7	PMC1550420,PMC2376111,PMC3816225,PMC3966786,PMC4762531,PMC5498998,PMC6617392
CellLine	CVCL:0182	0182	cvcl	35	2	PMC3024950,PMC8395939
CellLine	CVCL:S805	S805	cvcl	35	6	PMC3273949,PMC5302981,PMC7317054,PMC7952412,PMC8447793,PMC9929861
CellLine	CVCL:VV73	VV73	cvcl	33	1	PMC6411871
CellLine	CVCL:1219	1219	cvcl	32	1	PMC8395939
CellLine	CVCL:A0XC	A0XC	cvcl	31	1	PMC7738992
CellLine	CVCL:0291	0291	cvcl	30	7	PMC1550420,PMC3285665,PMC3589544,PMC3816225,PMC4178206,PMC4762531,PMC8370767
CellLine	CVCL:2300	2300	cvcl	30	1	PMC3024950
CellLine	CVCL:3985	3985	cvcl	30	1	PMC5827037
CellLine	CVCL:0023	0023	cvcl	29	9	PMC3316730,PMC4114630,PMC4178206,PMC4355981,PMC4892608,PMC5308618,PMC555742,PMC6776898,PMC9013652
CellLine	CVCL:H957	H957	cvcl	29	1	PMC6101293
CellLine	CVCL:0320	0320	cvcl	27	7	PMC3285665,PMC3816225,PMC4762531,PMC5498998,PMC555742,PMC6617392,PMC6776898
CellLine	CVCL:1923	1923	cvcl	27	1	PMC5827037
CellLine	CVCL:1B47	1B47	cvcl	27	4	PMC7031337,PMC7397152,PMC8447793,PMC9929861
CellLine	CVCL:0030	0030	cvcl	26	8	PMC1550420,PMC3039570,PMC3316730,PMC3589544,PMC4355981,PMC4404347,PMC4471546,PMC6770187
CellLine	CVCL:0207	0207	cvcl	26	3	PMC3366948,PMC3950186,PMC3966786
CellLine	CVCL:8718	8718	cvcl	26	4	PMC5579334,PMC7317054,PMC7952412,PMC9929861
CellLine	CVCL:0248	0248	cvcl	25	5	PMC1550420,PMC3543849,PMC3816225,PMC4762531,PMC5498998
CellLine	CVCL:4723	4723	cvcl	24	1	PMC3024950
CellLine	CVCL:0065	0065	cvcl	24	4	PMC3316730,PMC3366948,PMC3636093,PMC4404347
CellLine	CVCL:0025	0025	cvcl	23	4	PMC1550420,PMC3816225,PMC4762531,PMC5498998
CellLine	CVCL:G323	G323	cvcl	23	1	PMC2848976
CellLine	CVCL:C7RB	C7RB	cvcl	23	9	PMC3352892,PMC3554772,PMC3816225,PMC4453732,PMC4615033,PMC4958313,PMC5087121,PMC7326958,PMC7952412
CellLine	CVCL:H340	H340	cvcl	22	2	PMC3554420,PMC6776898
CellLine	CVCL:8717	8717	cvcl	22	3	PMC5579334,PMC7952412,PMC9929861
CellLine	CVCL:0546	0546	cvcl	21	7	PMC1550420,PMC3543849,PMC3816225,PMC4762531,PMC5498998,PMC5980157,PMC6617392
CellLine	CVCL:0292	0292	cvcl	21	5	PMC1550420,PMC3816225,PMC3966786,PMC4762531,PMC5498998
CellLine	CVCL:3143	3143	cvcl	21	3	PMC3485222,PMC5827037,PMC6687785
CellLine	CVCL:A1JF	A1JF	cvcl	21	1	PMC8370767
CellLine	CVCL:0395	0395	cvcl	19	2	PMC3316730,PMC3950186
CellLine	CVCL:0594	0594	cvcl	18	6	PMC2376111,PMC4884927,PMC5980157,PMC6617392,PMC6776898,PMC8705852
CellLine	CVCL:4593	4593	cvcl	18	1	PMC2376111
CellLine	CVCL:0027	0027	cvcl	18	3	PMC3039570,PMC3316730,PMC3589544
CellLine	CVCL:0544	0544	cvcl	17	4	PMC1550420,PMC3816225,PMC4762531,PMC5498998
CellLine	CVCL:1547	1547	cvcl	17	3	PMC3285665,PMC5308618,PMC555742
CellLine	CVCL:2574	2574	cvcl	17	2	PMC4762531,PMC6617392
CellLine	CVCL:1467	1467	cvcl	17	1	PMC5308618
CellLine	CVCL:2760	2760	cvcl	16	4	PMC1550420,PMC3816225,PMC4762531,PMC5498998
CellLine	CVCL:0428	0428	cvcl	16	3	PMC1968784,PMC4453732,PMC6687785
CellLine	CVCL:B483	B483	cvcl	16	1	PMC2848976
CellLine	CVCL:1512	1512	cvcl	16	1	PMC6049873
CellLine	CVCL:0480	0480	cvcl	15	2	PMC1968784,PMC4453732
CellLine	CVCL:1724	1724	cvcl	15	4	PMC3816225,PMC4762531,PMC5498998,PMC5583477
CellLine	CVCL:6895	6895	cvcl	15	1	PMC6617392
CellLine	CVCL:S187	S187	cvcl	15	2	PMC7906369,PMC8959601
CellLine	CVCL:1989	1989	cvcl	14	4	PMC1550420,PMC3816225,PMC4762531,PMC5498998
CellLine	CVCL:0529	0529	cvcl	14	3	PMC2376111,PMC5369315,PMC8071449
CellLine	CVCL:4388	4388	cvcl	14	3	PMC5369315,PMC7690890,PMC9184558
CellLine	CVCL:A3XU	A3XU	cvcl	14	1	PMC5641092
CellLine	CVCL:0598	0598	cvcl	14	2	PMC5827037,PMC9184558
CellLine	CVCL:0B19	0B19	cvcl	13	2	PMC3554772,PMC5908872
CellLine	CVCL:9771	9771	cvcl	13	1	PMC3589544
CellLine	CVCL:1524	1524	cvcl	13	1	PMC5308618
CellLine	CVCL:L306	L306	cvcl	13	1	PMC5827037
CellLine	CVCL:0504	0504	cvcl	12	5	PMC1550420,PMC3316730,PMC3816225,PMC4762531,PMC5498998
CellLine	CVCL:8886	8886	cvcl	12	2	PMC3485222,PMC5827037
CellLine	CVCL:0553	0553	cvcl	12	4	PMC3966786,PMC4355981,PMC555742,PMC7310532
CellLine	CVCL:YD58	YD58	cvcl	12	2	PMC555742,PMC9184558
CellLine	CVCL:EF35	EF35	cvcl	12	1	PMC8370767
CellLine	CVCL:4662	4662	cvcl	12	2	PMC8447793,PMC9929861
CellLine	CVCL:0399	0399	cvcl	11	4	PMC1550420,PMC3816225,PMC4762531,PMC5498998
CellLine	CVCL:C7F1	C7F1	cvcl	11	1	PMC2651892
CellLine	CVCL:7691	7691	cvcl	11	2	PMC2858150,PMC4958313
CellLine	CVCL:0068	0068	cvcl	11	2	PMC3554420,PMC5369315
CellLine	CVCL:4207	4207	cvcl	11	2	PMC3554772,PMC5908872
CellLine	CVCL:1794	1794	cvcl	11	1	PMC4453732
CellLine	CVCL:1138	1138	cvcl	11	1	PMC5308618
CellLine	CVCL:5192	5192	cvcl	11	2	PMC5579334,PMC8447793
CellLine	CVCL:8812	8812	cvcl	11	1	PMC8071449
CellLine	CVCL:1047	1047	cvcl	11	1	PMC8370767
CellLine	CVCL:9917	9917	cvcl	10	1	PMC2651892
CellLine	CVCL:G324	G324	cvcl	10	1	PMC2848976
CellLine	CVCL:1331	1331	cvcl	10	4	PMC3285665,PMC4762531,PMC5498998,PMC555742
CellLine	CVCL:D517	D517	cvcl	10	2	PMC3554772,PMC5908872
CellLine	CVCL:1Y69	1Y69	cvcl	10	1	PMC3578816
CellLine	CVCL:5V03	5V03	cvcl	10	1	PMC3704242
CellLine	CVCL:1304	1304	cvcl	10	3	PMC3966786,PMC555742,PMC6687785
CellLine	CVCL:C0MU	C0MU	cvcl	10	6	PMC4714971,PMC4958313,PMC6718590,PMC7029865,PMC7658220,PMC7739466
CellLine	CVCL:1476	1476	cvcl	10	1	PMC5308618
CellLine	CVCL:7442	7442	cvcl	10	1	PMC5308618
CellLine	CVCL:B262	B262	cvcl	10	1	PMC6718590
CellLine	CVCL:S102	S102	cvcl	10	1	PMC7668446
CellLine	CVCL:1384	1384	cvcl	9	3	PMC1550420,PMC3816225,PMC4762531
CellLine	CVCL:D847	D847	cvcl	9	2	PMC2794539,PMC3668138
CellLine	CVCL:ZE35	ZE35	cvcl	9	1	PMC2858150
CellLine	CVCL:0042	0042	cvcl	9	3	PMC3316730,PMC4404347,PMC6776898
CellLine	CVCL:JM37	JM37	cvcl	9	1	PMC3636093
CellLine	CVCL:1566	1566	cvcl	9	2	PMC3776976,PMC5308618
CellLine	CVCL:D102	D102	cvcl	9	3	PMC3816225,PMC4762531,PMC5498998
CellLine	CVCL:A628	A628	cvcl	9	5	PMC4404347,PMC4615033,PMC4762531,PMC5579334,PMC7326958
CellLine	CVCL:1633	1633	cvcl	9	1	PMC4453732
CellLine	CVCL:U921	U921	cvcl	9	1	PMC5087121
CellLine	CVCL:2059	2059	cvcl	9	1	PMC5308618
CellLine	CVCL:6357	6357	cvcl	9	1	PMC7169429
CellLine	CVCL:0346	0346	cvcl	8	2	PMC2442611,PMC8071449
CellLine	CVCL:1054	1054	cvcl	8	1	PMC2651892
CellLine	CVCL:5969	5969	cvcl	8	1	PMC2651892
CellLine	CVCL:0526	0526	cvcl	8	5	PMC2794539,PMC3966786,PMC4355981,PMC555742,PMC7169429
CellLine	CVCL:ZA35	ZA35	cvcl	8	1	PMC2794539
CellLine	CVCL:0022	0022	cvcl	8	4	PMC3130048,PMC3636093,PMC4355981,PMC8447793
CellLine	CVCL:1266	1266	cvcl	8	4	PMC3285665,PMC3966786,PMC5498998,PMC5583477
CellLine	CVCL:C847	C847	cvcl	8	1	PMC3554420
CellLine	CVCL:U802	U802	cvcl	8	2	PMC3554420,PMC4355981
CellLine	CVCL:0014	0014	cvcl	8	3	PMC3554772,PMC3966786,PMC555742
CellLine	CVCL:1163	1163	cvcl	8	1	PMC3636093
CellLine	CVCL:1092	1092	cvcl	8	2	PMC3636093,PMC4355981
CellLine	CVCL:1708	1708	cvcl	8	1	PMC3636093
CellLine	CVCL:E025	E025	cvcl	8	4	PMC3776976,PMC4355981,PMC5087121,PMC5305101
CellLine	CVCL:1629	1629	cvcl	8	3	PMC3966786,PMC5087121,PMC555742
CellLine	CVCL:2478	2478	cvcl	8	1	PMC4762531
CellLine	CVCL:0060	0060	cvcl	8	1	PMC5308618
CellLine	CVCL:ZV41	ZV41	cvcl	8	1	PMC7310532
CellLine	CVCL:DI57	DI57	cvcl	8	1	PMC7668446
CellLine	CVCL:9520	9520	cvcl	8	1	PMC8071449
CellLine	CVCL:6288	6288	cvcl	7	1	PMC2651892
CellLine	CVCL:0153	0153	cvcl	7	1	PMC2651892
CellLine	CVCL:9918	9918	cvcl	7	1	PMC2651892
CellLine	CVCL:1137	1137	cvcl	7	1	PMC3130048
CellLine	CVCL:0459	0459	cvcl	7	5	PMC3285665,PMC3621652,PMC3950186,PMC4114630,PMC6049873
CellLine	CVCL:6E83	6E83	cvcl	7	1	PMC3484870
CellLine	CVCL:6022	6022	cvcl	7	1	PMC3554420
CellLine	CVCL:L322	L322	cvcl	7	2	PMC3554772,PMC5908872
CellLine	CVCL:7526	7526	cvcl	7	1	PMC3589544
CellLine	CVCL:0021	0021	cvcl	7	6	PMC3636093,PMC3950186,PMC4355981,PMC4404347,PMC5087121,PMC555742
CellLine	CVCL:C6V6	C6V6	cvcl	7	3	PMC3816225,PMC5498998,PMC6617392
CellLine	CVCL:5413	5413	cvcl	7	2	PMC3816225,PMC5498998
CellLine	CVCL:0527	0527	cvcl	7	3	PMC3966786,PMC4355981,PMC555742
CellLine	CVCL:V006	V006	cvcl	7	2	PMC3966786,PMC5087121
CellLine	CVCL:VU84	VU84	cvcl	7	2	PMC3966786,PMC555742
CellLine	CVCL:AE55	AE55	cvcl	7	1	PMC4615033
CellLine	CVCL:C3TB	C3TB	cvcl	7	1	PMC4714971
CellLine	CVCL:1491	1491	cvcl	7	1	PMC5308618
CellLine	CVCL:D732	D732	cvcl	7	1	PMC5641092
CellLine	CVCL:ZJ55	ZJ55	cvcl	7	1	PMC5804031
CellLine	CVCL:VT40	VT40	cvcl	7	1	PMC7668446
CellLine	CVCL:M223	M223	cvcl	7	1	PMC8370767
CellLine	CVCL:1702	1702	cvcl	6	3	PMC1533846,PMC2376111,PMC5369315
CellLine	CVCL:0033	0033	cvcl	6	1	PMC2376111
CellLine	CVCL:1700	1700	cvcl	6	1	PMC2442611
CellLine	CVCL:0524	0524	cvcl	6	1	PMC2442611
CellLine	CVCL:9536	9536	cvcl	6	1	PMC2442611
CellLine	CVCL:D842	D842	cvcl	6	1	PMC2794539
CellLine	CVCL:K280	K280	cvcl	6	2	PMC3273949,PMC7326958
CellLine	CVCL:0218	0218	cvcl	6	4	PMC3285665,PMC3950186,PMC4762531,PMC5498998
CellLine	CVCL:1195	1195	cvcl	6	3	PMC3285665,PMC3950186,PMC555742
CellLine	CVCL:0229	0229	cvcl	6	1	PMC3352892
CellLine	CVCL:C7T6	C7T6	cvcl	6	2	PMC3543849,PMC4762531
CellLine	CVCL:DG38	DG38	cvcl	6	1	PMC3554420
CellLine	CVCL:4049	4049	cvcl	6	1	PMC3554420
CellLine	CVCL:DG41	DG41	cvcl	6	1	PMC3554420
CellLine	CVCL:2057	2057	cvcl	6	3	PMC3621652,PMC3776976,PMC4114630
CellLine	CVCL:1316	1316	cvcl	6	1	PMC3636093
CellLine	CVCL:D825	D825	cvcl	6	2	PMC3647113,PMC3668138
CellLine	CVCL:4Y67	4Y67	cvcl	6	2	PMC3966786,PMC4892608
CellLine	CVCL:0062	0062	cvcl	6	4	PMC4355981,PMC555742,PMC7310532,PMC8395939
CellLine	CVCL:1119	1119	cvcl	6	1	PMC4453732
CellLine	CVCL:0549	0549	cvcl	6	1	PMC4629113
CellLine	CVCL:1718	1718	cvcl	6	2	PMC4762531,PMC5498998
CellLine	CVCL:A257	A257	cvcl	6	2	PMC4823759,PMC4823762
CellLine	CVCL:A258	A258	cvcl	6	2	PMC4823759,PMC4823762
CellLine	CVCL:3285	3285	cvcl	6	2	PMC4823762,PMC9929861
CellLine	CVCL:0419	0419	cvcl	6	2	PMC5087121,PMC7310532
CellLine	CVCL:4V94	4V94	cvcl	6	1	PMC555742
CellLine	CVCL:3859	3859	cvcl	6	1	PMC6168575
CellLine	CVCL:W054	W054	cvcl	6	1	PMC6687785
CellLine	CVCL:ZV42	ZV42	cvcl	6	1	PMC7310532
CellLine	CVCL:JX17	JX17	cvcl	6	1	PMC8370767
CellLine	CVCL:JD91	JD91	cvcl	6	1	PMC8370767
CellLine	CVCL:F489	F489	cvcl	6	1	PMC8370767
CellLine	CVCL:9916	9916	cvcl	5	1	PMC2651892
CellLine	CVCL:D833	D833	cvcl	5	1	PMC2794539
CellLine	CVCL:JA22	JA22	cvcl	5	1	PMC3039570
CellLine	CVCL:0445	0445	cvcl	5	2	PMC3114747,PMC4355981
CellLine	CVCL:1326	1326	cvcl	5	1	PMC3366948
CellLine	CVCL:0382	0382	cvcl	5	1	PMC3554772
CellLine	CVCL:2458	2458	cvcl	5	3	PMC3621652,PMC3776976,PMC4114630
CellLine	CVCL:1259	1259	cvcl	5	1	PMC3636093
CellLine	CVCL:9973	9973	cvcl	5	1	PMC3636093
CellLine	CVCL:0035	0035	cvcl	5	3	PMC3950186,PMC3966786,PMC555742
CellLine	CVCL:C501	C501	cvcl	5	1	PMC3966786
CellLine	CVCL:U263	U263	cvcl	5	1	PMC3966786
CellLine	CVCL:1056	1056	cvcl	5	3	PMC3966786,PMC4178206,PMC555742
CellLine	CVCL:0105	0105	cvcl	5	3	PMC3966786,PMC555742,PMC6115972
CellLine	CVCL:1559	1559	cvcl	5	2	PMC4114630,PMC6049873
CellLine	CVCL:1115	1115	cvcl	5	1	PMC4355981
CellLine	CVCL:Z980	Z980	cvcl	5	1	PMC4615033
CellLine	CVCL:0555	0555	cvcl	5	1	PMC4762531
CellLine	CVCL:4802	4802	cvcl	5	1	PMC4762531
CellLine	CVCL:0D25	0D25	cvcl	5	1	PMC4892608
CellLine	CVCL:5G06	5G06	cvcl	5	3	PMC5605987,PMC6819083,PMC9646701
CellLine	CVCL:XF08	XF08	cvcl	5	2	PMC6776898,PMC8370767
CellLine	CVCL:YU13	YU13	cvcl	5	1	PMC7031935
CellLine	CVCL:WX22	WX22	cvcl	5	1	PMC7031935
CellLine	CVCL:L810	L810	cvcl	5	2	PMC7952412,PMC8447793
CellLine	CVCL:G581	G581	cvcl	5	1	PMC8370767
CellLine	CVCL:1385	1385	cvcl	4	2	PMC1550420,PMC4762531
CellLine	CVCL:J653	J653	cvcl	4	1	PMC1550420
CellLine	CVCL:UI00	UI00	cvcl	4	1	PMC2376111
CellLine	CVCL:9534	9534	cvcl	4	1	PMC2442611
CellLine	CVCL:9529	9529	cvcl	4	2	PMC2442611,PMC8071449
CellLine	CVCL:D831	D831	cvcl	4	2	PMC2794539,PMC3647113
CellLine	CVCL:D821	D821	cvcl	4	1	PMC2794539
CellLine	CVCL:G328	G328	cvcl	4	1	PMC2848976
CellLine	CVCL:G330	G330	cvcl	4	1	PMC2848976
CellLine	CVCL:0007	0007	cvcl	4	2	PMC3039570,PMC8395939
CellLine	CVCL:V828	V828	cvcl	4	1	PMC3273949
CellLine	CVCL:C917	C917	cvcl	4	2	PMC3285665,PMC3950186
CellLine	CVCL:0078	0078	cvcl	4	4	PMC3352892,PMC3485222,PMC4355981,PMC555742
CellLine	CVCL:6911	6911	cvcl	4	4	PMC3492274,PMC6049873,PMC7169429,PMC7310532
CellLine	CVCL:1287	1287	cvcl	4	1	PMC3539440
CellLine	CVCL:0580	0580	cvcl	4	1	PMC3554420
CellLine	CVCL:DF68	DF68	cvcl	4	2	PMC3621652,PMC4114630
CellLine	CVCL:1673	1673	cvcl	4	3	PMC3636093,PMC3950186,PMC3966786
CellLine	CVCL:1173	1173	cvcl	4	1	PMC3636093
CellLine	CVCL:0258	0258	cvcl	4	1	PMC3636093
CellLine	CVCL:V780	V780	cvcl	4	1	PMC3704242
CellLine	CVCL:5137	5137	cvcl	4	1	PMC3776976
CellLine	CVCL:S882	S882	cvcl	4	1	PMC3816225
CellLine	CVCL:0632	0632	cvcl	4	2	PMC3816225,PMC4762531
CellLine	CVCL:0532	0532	cvcl	4	3	PMC3950186,PMC555742,PMC8447793
CellLine	CVCL:1452	1452	cvcl	4	1	PMC3966786
CellLine	CVCL:0002	0002	cvcl	4	2	PMC3966786,PMC4404347
CellLine	CVCL:1270	1270	cvcl	4	1	PMC4355981
CellLine	CVCL:C190	C190	cvcl	4	1	PMC4629113
CellLine	CVCL:0192	0192	cvcl	4	4	PMC4884927,PMC6819083,PMC8959601,PMC9646701
CellLine	CVCL:1R41	1R41	cvcl	4	1	PMC4892608
CellLine	CVCL:L329	L329	cvcl	4	1	PMC4892608
CellLine	CVCL:L309	L309	cvcl	4	1	PMC4892608
CellLine	CVCL:9R58	9R58	cvcl	4	1	PMC4958313
CellLine	CVCL:0417	0417	cvcl	4	2	PMC5087121,PMC555742
CellLine	CVCL:B7PY	B7PY	cvcl	4	1	PMC5302981
CellLine	CVCL:9904	9904	cvcl	4	1	PMC5305101
CellLine	CVCL:1982	1982	cvcl	4	2	PMC5498998,PMC5583477
CellLine	CVCL:1129	1129	cvcl	4	1	PMC5498998
CellLine	CVCL:7033	7033	cvcl	4	2	PMC5579334,PMC7031337
CellLine	CVCL:2807	2807	cvcl	4	2	PMC5579334,PMC8038069
CellLine	CVCL:7928	7928	cvcl	4	1	PMC5641092
CellLine	CVCL:6E92	6E92	cvcl	4	1	PMC5827037
CellLine	CVCL:L296	L296	cvcl	4	1	PMC5827037
CellLine	CVCL:W404	W404	cvcl	4	1	PMC6617392
CellLine	CVCL:V349	V349	cvcl	4	1	PMC6819083
CellLine	CVCL:ZV46	ZV46	cvcl	4	1	PMC7310532
CellLine	CVCL:ZV45	ZV45	cvcl	4	1	PMC7310532
CellLine	CVCL:ZV43	ZV43	cvcl	4	1	PMC7310532
CellLine	CVCL:ZV44	ZV44	cvcl	4	1	PMC7310532
CellLine	CVCL:VT36	VT36	cvcl	4	1	PMC7668446
CellLine	CVCL:KZ65	KZ65	cvcl	4	1	PMC7690890
CellLine	CVCL:C0Q9	C0Q9	cvcl	4	1	PMC8071449
CellLine	CVCL:1386	1386	cvcl	3	2	PMC1550420,PMC3543849
CellLine	CVCL:0152	0152	cvcl	3	2	PMC1968784,PMC4453732
CellLine	CVCL:0186	0186	cvcl	3	3	PMC1968784,PMC2766639,PMC4453732
CellLine	CVCL:0026	0026	cvcl	3	2	PMC1968784,PMC4453732
CellLine	CVCL:9532	9532	cvcl	3	1	PMC2442611
CellLine	CVCL:D092	D092	cvcl	3	2	PMC2766639,PMC4823762
CellLine	CVCL:D832	D832	cvcl	3	2	PMC2794539,PMC3668138
CellLine	CVCL:A745	A745	cvcl	3	1	PMC2848976
CellLine	CVCL:0213	0213	cvcl	3	3	PMC3024950,PMC4892608,PMC5804031
CellLine	CVCL:0067	0067	cvcl	3	1	PMC3039570
CellLine	CVCL:0204	0204	cvcl	3	1	PMC3039570
CellLine	CVCL:ZD53	ZD53	cvcl	3	2	PMC3113907,PMC3352892
CellLine	CVCL:1525	1525	cvcl	3	1	PMC3130048
CellLine	CVCL:1226	1226	cvcl	3	1	PMC3316730
CellLine	CVCL:1583	1583	cvcl	3	1	PMC3485222
CellLine	CVCL:H716	H716	cvcl	3	2	PMC3492274,PMC3836801
CellLine	CVCL:C838	C838	cvcl	3	1	PMC3554420
CellLine	CVCL:Y598	Y598	cvcl	3	2	PMC3554420,PMC3554772
CellLine	CVCL:L405	L405	cvcl	3	1	PMC3554772
CellLine	CVCL:L404	L404	cvcl	3	1	PMC3554772
CellLine	CVCL:0A74	0A74	cvcl	3	1	PMC3554772
CellLine	CVCL:HA53	HA53	cvcl	3	1	PMC3589544
CellLine	CVCL:1679	1679	cvcl	3	2	PMC3621652,PMC4114630
CellLine	CVCL:0037	0037	cvcl	3	2	PMC3636093,PMC4404347
CellLine	CVCL:0076	0076	cvcl	3	1	PMC3636093
CellLine	CVCL:C724	C724	cvcl	3	1	PMC3636093
CellLine	CVCL:S433	S433	cvcl	3	1	PMC3647113
CellLine	CVCL:M984	M984	cvcl	3	1	PMC3704242
CellLine	CVCL:E218	E218	cvcl	3	1	PMC3776976
CellLine	CVCL:X489	X489	cvcl	3	2	PMC3776976,PMC6049873
CellLine	CVCL:1382	1382	cvcl	3	1	PMC3816225
CellLine	CVCL:WY97	WY97	cvcl	3	1	PMC3816225
CellLine	CVCL:J359	J359	cvcl	3	1	PMC3816225
CellLine	CVCL:S881	S881	cvcl	3	1	PMC3816225
CellLine	CVCL:2092	2092	cvcl	3	2	PMC3836801,PMC8071449
CellLine	CVCL:A5LV	A5LV	cvcl	3	1	PMC3966786
CellLine	CVCL:1773	1773	cvcl	3	2	PMC3966786,PMC555742
CellLine	CVCL:0617	0617	cvcl	3	2	PMC4355981,PMC7310532
CellLine	CVCL:3422	3422	cvcl	3	1	PMC4355981
CellLine	CVCL:6514	6514	cvcl	3	1	PMC4404347
CellLine	CVCL:IT51	IT51	cvcl	3	1	PMC4404347
CellLine	CVCL:1639	1639	cvcl	3	1	PMC4453732
CellLine	CVCL:Z894	Z894	cvcl	3	2	PMC4714971,PMC4958313
CellLine	CVCL:0397	0397	cvcl	3	1	PMC4762531
CellLine	CVCL:2515	2515	cvcl	3	1	PMC4762531
CellLine	CVCL:VS58	VS58	cvcl	3	3	PMC4823759,PMC5827037,PMC5996849
CellLine	CVCL:F046	F046	cvcl	3	2	PMC4884927,PMC4958313
CellLine	CVCL:WS63	WS63	cvcl	3	1	PMC4892608
CellLine	CVCL:1R33	1R33	cvcl	3	1	PMC4892608
CellLine	CVCL:A2WP	A2WP	cvcl	3	2	PMC4958313,PMC8370767
CellLine	CVCL:9Y83	9Y83	cvcl	3	1	PMC5308618
CellLine	CVCL:1363	1363	cvcl	3	1	PMC5369315
CellLine	CVCL:0389	0389	cvcl	3	1	PMC5369315
CellLine	CVCL:1701	1701	cvcl	3	2	PMC5369315,PMC8071449
CellLine	CVCL:2959	2959	cvcl	3	1	PMC5827037
CellLine	CVCL:6573	6573	cvcl	3	1	PMC5827037
CellLine	CVCL:2061	2061	cvcl	3	1	PMC6049873
CellLine	CVCL:2063	2063	cvcl	3	1	PMC6049873
CellLine	CVCL:2060	2060	cvcl	3	1	PMC6049873
CellLine	CVCL:ER02	ER02	cvcl	3	1	PMC6049873
CellLine	CVCL:C6J0	C6J0	cvcl	3	1	PMC6101293
CellLine	CVCL:C782	C782	cvcl	3	1	PMC6617392
CellLine	CVCL:PP76	PP76	cvcl	3	2	PMC6617392,PMC6770187
CellLine	CVCL:YU12	YU12	cvcl	3	1	PMC7031935
CellLine	CVCL:YU16	YU16	cvcl	3	1	PMC7031935
CellLine	CVCL:0548	0548	cvcl	3	1	PMC7658220
CellLine	CVCL:VT33	VT33	cvcl	3	1	PMC7668446
CellLine	CVCL:VT28	VT28	cvcl	3	1	PMC7668446
CellLine	CVCL:C4YP	C4YP	cvcl	3	1	PMC8038069
CellLine	CVCL:5565	5565	cvcl	3	1	PMC8038069
CellLine	CVCL:A0TI	A0TI	cvcl	3	1	PMC8071449
CellLine	CVCL:ZR66	ZR66	cvcl	3	2	PMC8144720,PMC8150846
CellLine	CVCL:K278	K278	cvcl	3	1	PMC9184558
CellLine	CVCL:E217	E217	cvcl	2	2	PMC1533846,PMC5369315
CellLine	CVCL:1717	1717	cvcl	2	1	PMC1550420
CellLine	CVCL:8883	8883	cvcl	2	1	PMC2442611
CellLine	CVCL:1780	1780	cvcl	2	1	PMC2794539
CellLine	CVCL:D817	D817	cvcl	2	2	PMC2794539,PMC3668138
CellLine	CVCL:D818	D818	cvcl	2	1	PMC2794539
CellLine	CVCL:F936	F936	cvcl	2	2	PMC2794539,PMC6101293
CellLine	CVCL:T643	T643	cvcl	2	1	PMC2848976
CellLine	CVCL:G321	G321	cvcl	2	1	PMC2848976
CellLine	CVCL:8993	8993	cvcl	2	1	PMC2858150
CellLine	CVCL:S099	S099	cvcl	2	1	PMC3024950
CellLine	CVCL:M624	M624	cvcl	2	1	PMC3024950
CellLine	CVCL:0038	0038	cvcl	2	1	PMC3039570
CellLine	CVCL:1285	1285	cvcl	2	2	PMC3285665,PMC3636093
CellLine	CVCL:1557	1557	cvcl	2	2	PMC3285665,PMC555742
CellLine	CVCL:1098	1098	cvcl	2	1	PMC3285665
CellLine	CVCL:F865	F865	cvcl	2	2	PMC3316730,PMC6776898
CellLine	CVCL:1805	1805	cvcl	2	1	PMC3366948
CellLine	CVCL:1584	1584	cvcl	2	1	PMC3485222
CellLine	CVCL:RG58	RG58	cvcl	2	1	PMC3492274
CellLine	CVCL:UZ57	UZ57	cvcl	2	2	PMC3539440,PMC8370767
CellLine	CVCL:C850	C850	cvcl	2	1	PMC3554420
CellLine	CVCL:4052	4052	cvcl	2	1	PMC3554420
CellLine	CVCL:0B18	0B18	cvcl	2	1	PMC3554772
CellLine	CVCL:L384	L384	cvcl	2	1	PMC3554772
CellLine	CVCL:L400	L400	cvcl	2	1	PMC3554772
CellLine	CVCL:Y030	Y030	cvcl	2	2	PMC3621652,PMC4114630
CellLine	CVCL:Y129	Y129	cvcl	2	2	PMC3621652,PMC4114630
CellLine	CVCL:7088	7088	cvcl	2	2	PMC3621652,PMC4114630
CellLine	CVCL:Y031	Y031	cvcl	2	2	PMC3621652,PMC4114630
CellLine	CVCL:A8XX	A8XX	cvcl	2	1	PMC3636093
CellLine	CVCL:1G30	1G30	cvcl	2	2	PMC3636093,PMC8071449
CellLine	CVCL:0332	0332	cvcl	2	2	PMC3636093,PMC555742
CellLine	CVCL:1690	1690	cvcl	2	2	PMC3636093,PMC3966786
CellLine	CVCL:2235	2235	cvcl	2	1	PMC3636093
CellLine	CVCL:0627	0627	cvcl	2	1	PMC3636093
CellLine	CVCL:D823	D823	cvcl	2	1	PMC3647113
CellLine	CVCL:S437	S437	cvcl	2	1	PMC3668138
CellLine	CVCL:S422	S422	cvcl	2	1	PMC3668138
CellLine	CVCL:2582	2582	cvcl	2	1	PMC3776976
CellLine	CVCL:1544	1544	cvcl	2	1	PMC3776976
CellLine	CVCL:2437	2437	cvcl	2	2	PMC3836801,PMC6776898
CellLine	CVCL:1395	1395	cvcl	2	2	PMC3950186,PMC5087121
CellLine	CVCL:S361	S361	cvcl	2	2	PMC3966786,PMC4714971
CellLine	CVCL:0465	0465	cvcl	2	2	PMC3966786,PMC555742
CellLine	CVCL:5276	5276	cvcl	2	1	PMC3966786
CellLine	CVCL:1627	1627	cvcl	2	2	PMC3966786,PMC555742
CellLine	CVCL:3015	3015	cvcl	2	1	PMC4114630
CellLine	CVCL:1676	1676	cvcl	2	1	PMC4114630
CellLine	CVCL:1511	1511	cvcl	2	2	PMC4114630,PMC9013652
CellLine	CVCL:5653	5653	cvcl	2	1	PMC4178206
CellLine	CVCL:1454	1454	cvcl	2	1	PMC4355981
CellLine	CVCL:5593	5593	cvcl	2	1	PMC4355981
CellLine	CVCL:0V14	0V14	cvcl	2	1	PMC4355981
CellLine	CVCL:0178	0178	cvcl	2	2	PMC4355981,PMC7310532
CellLine	CVCL:M572	M572	cvcl	2	1	PMC4404347
CellLine	CVCL:1330	1330	cvcl	2	1	PMC4404347
CellLine	CVCL:1362	1362	cvcl	2	1	PMC4404347
CellLine	CVCL:1361	1361	cvcl	2	1	PMC4404347
CellLine	CVCL:1300	1300	cvcl	2	1	PMC4453732
CellLine	CVCL:3881	3881	cvcl	2	1	PMC4453732
CellLine	CVCL:0334	0334	cvcl	2	1	PMC4453732
CellLine	CVCL:1723	1723	cvcl	2	1	PMC4453732
CellLine	CVCL:3567	3567	cvcl	2	1	PMC4453732
CellLine	CVCL:B0CS	B0CS	cvcl	2	1	PMC4629113
CellLine	CVCL:U609	U609	cvcl	2	2	PMC4762531,PMC5369315
CellLine	CVCL:DN27	DN27	cvcl	2	1	PMC4892608
CellLine	CVCL:C2E6	C2E6	cvcl	2	1	PMC4958313
CellLine	CVCL:B4FQ	B4FQ	cvcl	2	1	PMC4958313
CellLine	CVCL:8806	8806	cvcl	2	1	PMC4958313
CellLine	CVCL:S164	S164	cvcl	2	1	PMC5087121
CellLine	CVCL:0013	0013	cvcl	2	1	PMC5087121
CellLine	CVCL:0535	0535	cvcl	2	2	PMC5087121,PMC555742
CellLine	CVCL:B7PX	B7PX	cvcl	2	1	PMC5302981
CellLine	CVCL:E232	E232	cvcl	2	2	PMC5369315,PMC6617392
CellLine	CVCL:1125	1125	cvcl	2	1	PMC5369315
CellLine	CVCL:1F87	1F87	cvcl	2	1	PMC5369315
CellLine	CVCL:1124	1124	cvcl	2	1	PMC5369315
CellLine	CVCL:1827	1827	cvcl	2	1	PMC5369315
CellLine	CVCL:1943	1943	cvcl	2	1	PMC5498998
CellLine	CVCL:4243	4243	cvcl	2	1	PMC5498998
CellLine	CVCL:3941	3941	cvcl	2	1	PMC555742
CellLine	CVCL:A5JV	A5JV	cvcl	2	1	PMC5827037
CellLine	CVCL:Y658	Y658	cvcl	2	2	PMC5827037,PMC8370767
CellLine	CVCL:L323	L323	cvcl	2	1	PMC5908872
CellLine	CVCL:WX48	WX48	cvcl	2	1	PMC5996849
CellLine	CVCL:AR51	AR51	cvcl	2	1	PMC6049873
CellLine	CVCL:8121	8121	cvcl	2	1	PMC6049873
CellLine	CVCL:A9D7	A9D7	cvcl	2	1	PMC6617392
CellLine	CVCL:8891	8891	cvcl	2	2	PMC6617392,PMC7310532
CellLine	CVCL:2H00	2H00	cvcl	2	1	PMC6718590
CellLine	CVCL:A8KK	A8KK	cvcl	2	1	PMC7031337
CellLine	CVCL:YU14	YU14	cvcl	2	1	PMC7031935
CellLine	CVCL:YU17	YU17	cvcl	2	1	PMC7031935
CellLine	CVCL:YU15	YU15	cvcl	2	1	PMC7031935
CellLine	CVCL:0179	0179	cvcl	2	1	PMC7310532
CellLine	CVCL:B0BB	B0BB	cvcl	2	1	PMC7326958
CellLine	CVCL:7025	7025	cvcl	2	1	PMC7326958
CellLine	CVCL:3228	3228	cvcl	2	1	PMC7658220
CellLine	CVCL:DG57	DG57	cvcl	2	1	PMC7668446
CellLine	CVCL:V776	V776	cvcl	2	1	PMC7668446
CellLine	CVCL:1169	1169	cvcl	2	1	PMC7668446
CellLine	CVCL:2Z46	2Z46	cvcl	2	2	PMC7690890,PMC8370767
CellLine	CVCL:C0MW	C0MW	cvcl	2	2	PMC7980331,PMC8370767
CellLine	CVCL:4W04	4W04	cvcl	2	1	PMC8038069
CellLine	CVCL:9519	9519	cvcl	2	1	PMC8071449
CellLine	CVCL:UI78	UI78	cvcl	2	1	PMC8150846
CellLine	CVCL:X101	X101	cvcl	2	1	PMC8370767
CellLine	CVCL:0530	0530	cvcl	2	1	PMC8447793
CellLine	CVCL:C5SV	C5SV	cvcl	2	1	PMC8959601
CellLine	CVCL:X876	X876	cvcl	2	1	PMC9184558
CellLine	CVCL:W962	W962	cvcl	2	1	PMC9929861
CellLine	CVCL:2136	2136	cvcl	1	1	PMC1533846
CellLine	CVCL:2379	2379	cvcl	1	1	PMC1550420
CellLine	CVCL:4011	4011	cvcl	1	1	PMC1968784
CellLine	CVCL:7087	7087	cvcl	1	1	PMC1968784
CellLine	CVCL:5596	5596	cvcl	1	1	PMC2360140
CellLine	CVCL:6478	6478	cvcl	1	1	PMC2360140
CellLine	CVCL:UH99	UH99	cvcl	1	1	PMC2376111
CellLine	CVCL:9527	9527	cvcl	1	1	PMC2442611
CellLine	CVCL:9524	9524	cvcl	1	1	PMC2442611
CellLine	CVCL:9517	9517	cvcl	1	1	PMC2442611
CellLine	CVCL:9521	9521	cvcl	1	1	PMC2442611
CellLine	CVCL:Y310	Y310	cvcl	1	1	PMC2766639
CellLine	CVCL:F182	F182	cvcl	1	1	PMC2766639
CellLine	CVCL:M194	M194	cvcl	1	1	PMC2794539
CellLine	CVCL:WZ33	WZ33	cvcl	1	1	PMC2794539
CellLine	CVCL:S857	S857	cvcl	1	1	PMC2794539
CellLine	CVCL:L439	L439	cvcl	1	1	PMC2794539
CellLine	CVCL:JZ64	JZ64	cvcl	1	1	PMC2794539
CellLine	CVCL:U043	U043	cvcl	1	1	PMC2794539
CellLine	CVCL:D845	D845	cvcl	1	1	PMC2794539
CellLine	CVCL:D844	D844	cvcl	1	1	PMC2794539
CellLine	CVCL:D843	D843	cvcl	1	1	PMC2794539
CellLine	CVCL:G331	G331	cvcl	1	1	PMC2848976
CellLine	CVCL:G322	G322	cvcl	1	1	PMC2848976
CellLine	CVCL:G325	G325	cvcl	1	1	PMC2848976
CellLine	CVCL:C0HY	C0HY	cvcl	1	1	PMC2858150
CellLine	CVCL:0224	0224	cvcl	1	1	PMC3024950
CellLine	CVCL:7004	7004	cvcl	1	1	PMC3113907
CellLine	CVCL:A4EQ	A4EQ	cvcl	1	1	PMC3113907
CellLine	CVCL:1999	1999	cvcl	1	1	PMC3130048
CellLine	CVCL:JG76	JG76	cvcl	1	1	PMC3130048
CellLine	CVCL:Y114	Y114	cvcl	1	1	PMC3285665
CellLine	CVCL:T292	T292	cvcl	1	1	PMC3316730
CellLine	CVCL:RW74	RW74	cvcl	1	1	PMC3352892
CellLine	CVCL:RW43	RW43	cvcl	1	1	PMC3352892
CellLine	CVCL:C5NB	C5NB	cvcl	1	1	PMC3352892
CellLine	CVCL:1714	1714	cvcl	1	1	PMC3366948
CellLine	CVCL:TS51	TS51	cvcl	1	1	PMC3366948
CellLine	CVCL:0118	0118	cvcl	1	1	PMC3366948
CellLine	CVCL:0161	0161	cvcl	1	1	PMC3366948
CellLine	CVCL:1327	1327	cvcl	1	1	PMC3366948
CellLine	CVCL:1630	1630	cvcl	1	1	PMC3366948
CellLine	CVCL:J065	J065	cvcl	1	1	PMC3447199
CellLine	CVCL:4Z69	4Z69	cvcl	1	1	PMC3484870
CellLine	CVCL:Z109	Z109	cvcl	1	1	PMC3484870
CellLine	CVCL:C4BX	C4BX	cvcl	1	1	PMC3484870
CellLine	CVCL:LF75	LF75	cvcl	1	1	PMC3484870
CellLine	CVCL:5393	5393	cvcl	1	1	PMC3543849
CellLine	CVCL:2873	2873	cvcl	1	1	PMC3543849
CellLine	CVCL:8176	8176	cvcl	1	1	PMC3543849
CellLine	CVCL:5249	5249	cvcl	1	1	PMC3543849
CellLine	CVCL:1587	1587	cvcl	1	1	PMC3543849
CellLine	CVCL:2468	2468	cvcl	1	1	PMC3543849
CellLine	CVCL:8175	8175	cvcl	1	1	PMC3543849
CellLine	CVCL:2508	2508	cvcl	1	1	PMC3543849
CellLine	CVCL:2603	2603	cvcl	1	1	PMC3554420
CellLine	CVCL:N049	N049	cvcl	1	1	PMC3554420
CellLine	CVCL:DG37	DG37	cvcl	1	1	PMC3554420
CellLine	CVCL:1G26	1G26	cvcl	1	1	PMC3554420
CellLine	CVCL:ZU77	ZU77	cvcl	1	1	PMC3554420
CellLine	CVCL:J514	J514	cvcl	1	1	PMC3554420
CellLine	CVCL:1G27	1G27	cvcl	1	1	PMC3554420
CellLine	CVCL:L389	L389	cvcl	1	1	PMC3554772
CellLine	CVCL:X218	X218	cvcl	1	1	PMC3554772
CellLine	CVCL:C3T7	C3T7	cvcl	1	1	PMC3554772
CellLine	CVCL:8991	8991	cvcl	1	1	PMC3554772
CellLine	CVCL:A5ZJ	A5ZJ	cvcl	1	1	PMC3589544
CellLine	CVCL:B0KR	B0KR	cvcl	1	1	PMC3589544
CellLine	CVCL:0307	0307	cvcl	1	1	PMC3589544
CellLine	CVCL:B2FS	B2FS	cvcl	1	1	PMC3621652
CellLine	CVCL:1380	1380	cvcl	1	1	PMC3636093
CellLine	CVCL:0633	0633	cvcl	1	1	PMC3636093
CellLine	CVCL:VJ49	VJ49	cvcl	1	1	PMC3636093
CellLine	CVCL:1175	1175	cvcl	1	1	PMC3636093
CellLine	CVCL:1603	1603	cvcl	1	1	PMC3636093
CellLine	CVCL:1267	1267	cvcl	1	1	PMC3636093
CellLine	CVCL:1113	1113	cvcl	1	1	PMC3636093
CellLine	CVCL:1159	1159	cvcl	1	1	PMC3636093
CellLine	CVCL:1117	1117	cvcl	1	1	PMC3636093
CellLine	CVCL:JB76	JB76	cvcl	1	1	PMC3636093
CellLine	CVCL:XZ66	XZ66	cvcl	1	1	PMC3636093
CellLine	CVCL:1103	1103	cvcl	1	1	PMC3636093
CellLine	CVCL:1619	1619	cvcl	1	1	PMC3636093
CellLine	CVCL:1213	1213	cvcl	1	1	PMC3636093
CellLine	CVCL:0131	0131	cvcl	1	1	PMC3636093
CellLine	CVCL:D811	D811	cvcl	1	1	PMC3668138
CellLine	CVCL:0B52	0B52	cvcl	1	1	PMC3668138
CellLine	CVCL:5133	5133	cvcl	1	1	PMC3776976
CellLine	CVCL:5480	5480	cvcl	1	1	PMC3776976
CellLine	CVCL:0608	0608	cvcl	1	1	PMC3776976
CellLine	CVCL:4900	4900	cvcl	1	1	PMC3776976
CellLine	CVCL:3008	3008	cvcl	1	1	PMC3776976
CellLine	CVCL:4402	4402	cvcl	1	1	PMC3776976
CellLine	CVCL:UU65	UU65	cvcl	1	1	PMC3776976
CellLine	CVCL:0630	0630	cvcl	1	1	PMC3776976
CellLine	CVCL:J358	J358	cvcl	1	1	PMC3816225
CellLine	CVCL:1564	1564	cvcl	1	1	PMC3816225
CellLine	CVCL:2105	2105	cvcl	1	1	PMC3816225
CellLine	CVCL:1290	1290	cvcl	1	1	PMC3816225
CellLine	CVCL:1628	1628	cvcl	1	1	PMC3966786
CellLine	CVCL:1438	1438	cvcl	1	1	PMC3966786
CellLine	CVCL:L912	L912	cvcl	1	1	PMC3966786
CellLine	CVCL:1706	1706	cvcl	1	1	PMC3966786
CellLine	CVCL:1705	1705	cvcl	1	1	PMC3966786
CellLine	CVCL:1691	1691	cvcl	1	1	PMC3966786
CellLine	CVCL:0317	0317	cvcl	1	1	PMC4022359
CellLine	CVCL:D880	D880	cvcl	1	1	PMC4022359
CellLine	CVCL:M821	M821	cvcl	1	1	PMC4022359
CellLine	CVCL:1730	1730	cvcl	1	1	PMC4022359
CellLine	CVCL:0455	0455	cvcl	1	1	PMC4114630
CellLine	CVCL:C142	C142	cvcl	1	1	PMC4355981
CellLine	CVCL:JM02	JM02	cvcl	1	1	PMC4355981
CellLine	CVCL:0008	0008	cvcl	1	1	PMC4355981
CellLine	CVCL:7934	7934	cvcl	1	1	PMC4355981
CellLine	CVCL:7933	7933	cvcl	1	1	PMC4355981
CellLine	CVCL:X090	X090	cvcl	1	1	PMC4355981
CellLine	CVCL:0290	0290	cvcl	1	1	PMC4355981
CellLine	CVCL:7932	7932	cvcl	1	1	PMC4355981
CellLine	CVCL:7931	7931	cvcl	1	1	PMC4355981
CellLine	CVCL:1177	1177	cvcl	1	1	PMC4355981
CellLine	CVCL:1509	1509	cvcl	1	1	PMC4355981
CellLine	CVCL:9Q50	9Q50	cvcl	1	1	PMC4355981
CellLine	CVCL:1263	1263	cvcl	1	1	PMC4355981
CellLine	CVCL:0099	0099	cvcl	1	1	PMC4355981
CellLine	CVCL:1781	1781	cvcl	1	1	PMC4355981
CellLine	CVCL:2062	2062	cvcl	1	1	PMC4355981
CellLine	CVCL:1416	1416	cvcl	1	1	PMC4355981
CellLine	CVCL:1865	1865	cvcl	1	1	PMC4355981
CellLine	CVCL:1251	1251	cvcl	1	1	PMC4355981
CellLine	CVCL:1258	1258	cvcl	1	1	PMC4355981
CellLine	CVCL:0C54	0C54	cvcl	1	1	PMC4355981
CellLine	CVCL:IT50	IT50	cvcl	1	1	PMC4404347
CellLine	CVCL:0556	0556	cvcl	1	1	PMC4404347
CellLine	CVCL:C769	C769	cvcl	1	1	PMC4404347
CellLine	CVCL:4378	4378	cvcl	1	1	PMC4404347
CellLine	CVCL:C2IP	C2IP	cvcl	1	1	PMC4404347
CellLine	CVCL:9108	9108	cvcl	1	1	PMC4404347
CellLine	CVCL:0393	0393	cvcl	1	1	PMC4404347
CellLine	CVCL:A649	A649	cvcl	1	1	PMC4404347
CellLine	CVCL:0539	0539	cvcl	1	1	PMC4404347
CellLine	CVCL:0005	0005	cvcl	1	1	PMC4404347
CellLine	CVCL:QW67	QW67	cvcl	1	1	PMC4404347
CellLine	CVCL:2206	2206	cvcl	1	1	PMC4404347
CellLine	CVCL:1896	1896	cvcl	1	1	PMC4404347
CellLine	CVCL:0009	0009	cvcl	1	1	PMC4404347
CellLine	CVCL:1846	1846	cvcl	1	1	PMC4453732
CellLine	CVCL:1845	1845	cvcl	1	1	PMC4453732
CellLine	CVCL:3517	3517	cvcl	1	1	PMC4453732
CellLine	CVCL:0858	0858	cvcl	1	1	PMC4453732
CellLine	CVCL:0243	0243	cvcl	1	1	PMC4453732
CellLine	CVCL:1847	1847	cvcl	1	1	PMC4453732
CellLine	CVCL:1299	1299	cvcl	1	1	PMC4453732
CellLine	CVCL:1636	1636	cvcl	1	1	PMC4453732
CellLine	CVCL:3872	3872	cvcl	1	1	PMC4492820
CellLine	CVCL:YP07	YP07	cvcl	1	1	PMC4492820
CellLine	CVCL:6745	6745	cvcl	1	1	PMC4615033
CellLine	CVCL:9V40	9V40	cvcl	1	1	PMC4615033
CellLine	CVCL:AP66	AP66	cvcl	1	1	PMC4629113
CellLine	CVCL:RK32	RK32	cvcl	1	1	PMC4714971
CellLine	CVCL:4977	4977	cvcl	1	1	PMC4714971
CellLine	CVCL:1R44	1R44	cvcl	1	1	PMC4762531
CellLine	CVCL:IT43	IT43	cvcl	1	1	PMC4762531
CellLine	CVCL:G220	G220	cvcl	1	1	PMC4762531
CellLine	CVCL:3885	3885	cvcl	1	1	PMC4762531
CellLine	CVCL:4437	4437	cvcl	1	1	PMC4762531
CellLine	CVCL:0D24	0D24	cvcl	1	1	PMC4892608
CellLine	CVCL:4155	4155	cvcl	1	1	PMC4892608
CellLine	CVCL:DN18	DN18	cvcl	1	1	PMC4892608
CellLine	CVCL:L363	L363	cvcl	1	1	PMC4892608
CellLine	CVCL:ZB94	ZB94	cvcl	1	1	PMC4958313
CellLine	CVCL:A0MS	A0MS	cvcl	1	1	PMC4958313
CellLine	CVCL:2500	2500	cvcl	1	1	PMC4958313
CellLine	CVCL:2H81	2H81	cvcl	1	1	PMC4958313
CellLine	CVCL:C319	C319	cvcl	1	1	PMC4958313
CellLine	CVCL:WN19	WN19	cvcl	1	1	PMC5308618
CellLine	CVCL:ZE78	ZE78	cvcl	1	1	PMC5332555
CellLine	CVCL:ZE76	ZE76	cvcl	1	1	PMC5332555
CellLine	CVCL:0421	0421	cvcl	1	1	PMC5369315
CellLine	CVCL:7136	7136	cvcl	1	1	PMC5369315
CellLine	CVCL:W902	W902	cvcl	1	1	PMC5369315
CellLine	CVCL:1978	1978	cvcl	1	1	PMC5498998
CellLine	CVCL:J127	J127	cvcl	1	1	PMC555742
CellLine	CVCL:0624	0624	cvcl	1	1	PMC555742
CellLine	CVCL:3174	3174	cvcl	1	1	PMC555742
CellLine	CVCL:1294	1294	cvcl	1	1	PMC5583477
CellLine	CVCL:2520	2520	cvcl	1	1	PMC5583477
CellLine	CVCL:W648	W648	cvcl	1	1	PMC5827037
CellLine	CVCL:0431	0431	cvcl	1	1	PMC5827037
CellLine	CVCL:W951	W951	cvcl	1	1	PMC5827037
CellLine	CVCL:Y624	Y624	cvcl	1	1	PMC5827037
CellLine	CVCL:D164	D164	cvcl	1	1	PMC5827037
CellLine	CVCL:3171	3171	cvcl	1	1	PMC5827037
CellLine	CVCL:0352	0352	cvcl	1	1	PMC5827037
CellLine	CVCL:C4T8	C4T8	cvcl	1	1	PMC5827037
CellLine	CVCL:UN00	UN00	cvcl	1	1	PMC5827037
CellLine	CVCL:0462	0462	cvcl	1	1	PMC5827037
CellLine	CVCL:5M15	5M15	cvcl	1	1	PMC5827037
CellLine	CVCL:0080	0080	cvcl	1	1	PMC5978249
CellLine	CVCL:4350	4350	cvcl	1	1	PMC5980157
CellLine	CVCL:W876	W876	cvcl	1	1	PMC5996849
CellLine	CVCL:A4VZ	A4VZ	cvcl	1	1	PMC5996849
CellLine	CVCL:UI73	UI73	cvcl	1	1	PMC5996849
CellLine	CVCL:UI67	UI67	cvcl	1	1	PMC5996849
CellLine	CVCL:EQ80	EQ80	cvcl	1	1	PMC6049873
CellLine	CVCL:C5BN	C5BN	cvcl	1	1	PMC6049873
CellLine	CVCL:1560	1560	cvcl	1	1	PMC6049873
CellLine	CVCL:1568	1568	cvcl	1	1	PMC6049873
CellLine	CVCL:Z026	Z026	cvcl	1	1	PMC6049873
CellLine	CVCL:A2AP	A2AP	cvcl	1	1	PMC6101293
CellLine	CVCL:ZT27	ZT27	cvcl	1	1	PMC6101293
CellLine	CVCL:DG36	DG36	cvcl	1	1	PMC6411871
CellLine	CVCL:L972	L972	cvcl	1	1	PMC6617392
CellLine	CVCL:A8GU	A8GU	cvcl	1	1	PMC6617392
CellLine	CVCL:Y101	Y101	cvcl	1	1	PMC6617392
CellLine	CVCL:0899	0899	cvcl	1	1	PMC6617392
CellLine	CVCL:0313	0313	cvcl	1	1	PMC6687785
CellLine	CVCL:5113	5113	cvcl	1	1	PMC6687785
CellLine	CVCL:WC49	WC49	cvcl	1	1	PMC6776898
CellLine	CVCL:5U93	5U93	cvcl	1	1	PMC6776898
CellLine	CVCL:C3JQ	C3JQ	cvcl	1	1	PMC6776898
CellLine	CVCL:ZL59	ZL59	cvcl	1	1	PMC6776898
CellLine	CVCL:D461	D461	cvcl	1	1	PMC6819083
CellLine	CVCL:0786	0786	cvcl	1	1	PMC7031337
CellLine	CVCL:2191	2191	cvcl	1	1	PMC7031935
CellLine	CVCL:U652	U652	cvcl	1	1	PMC7073166
CellLine	CVCL:B7V4	B7V4	cvcl	1	1	PMC7169429
CellLine	CVCL:C6ZC	C6ZC	cvcl	1	1	PMC7169429
CellLine	CVCL:KG69	KG69	cvcl	1	1	PMC7169429
CellLine	CVCL:C6EU	C6EU	cvcl	1	1	PMC7305302
CellLine	CVCL:2319	2319	cvcl	1	1	PMC7310532
CellLine	CVCL:A004	A004	cvcl	1	1	PMC7310532
CellLine	CVCL:3424	3424	cvcl	1	1	PMC7310532
CellLine	CVCL:A9A5	A9A5	cvcl	1	1	PMC7310532
CellLine	CVCL:0588	0588	cvcl	1	1	PMC7310532
CellLine	CVCL:0619	0619	cvcl	1	1	PMC7310532
CellLine	CVCL:A9E6	A9E6	cvcl	1	1	PMC7310532
CellLine	CVCL:5399	5399	cvcl	1	1	PMC7397152
CellLine	CVCL:H687	H687	cvcl	1	1	PMC7658220
CellLine	CVCL:HP69	HP69	cvcl	1	1	PMC7658220
CellLine	CVCL:Y964	Y964	cvcl	1	1	PMC7658220
CellLine	CVCL:6069	6069	cvcl	1	1	PMC7668446
CellLine	CVCL:6074	6074	cvcl	1	1	PMC7668446
CellLine	CVCL:2785	2785	cvcl	1	1	PMC7668446
CellLine	CVCL:2H28	2H28	cvcl	1	1	PMC7738992
CellLine	CVCL:6728	6728	cvcl	1	1	PMC7738992
CellLine	CVCL:XX85	XX85	cvcl	1	1	PMC7738992
CellLine	CVCL:JU17	JU17	cvcl	1	1	PMC7739466
CellLine	CVCL:JK02	JK02	cvcl	1	1	PMC7906369
CellLine	CVCL:ZC08	ZC08	cvcl	1	1	PMC7906369
CellLine	CVCL:IZ06	IZ06	cvcl	1	1	PMC7952412
CellLine	CVCL:3624	3624	cvcl	1	1	PMC7952412
CellLine	CVCL:TR98	TR98	cvcl	1	1	PMC8038069
CellLine	CVCL:CV40	CV40	cvcl	1	1	PMC8071449
CellLine	CVCL:H176	H176	cvcl	1	1	PMC8071449
CellLine	CVCL:C2D2	C2D2	cvcl	1	1	PMC8071449
CellLine	CVCL:B0EM	B0EM	cvcl	1	1	PMC8071449
CellLine	CVCL:ZF57	ZF57	cvcl	1	1	PMC8071449
CellLine	CVCL:5G49	5G49	cvcl	1	1	PMC8370767
CellLine	CVCL:3570	3570	cvcl	1	1	PMC8370767
CellLine	CVCL:0582	0582	cvcl	1	1	PMC8395939
CellLine	CVCL:0435	0435	cvcl	1	1	PMC8395939
CellLine	CVCL:3901	3901	cvcl	1	1	PMC8395939
CellLine	CVCL:1441	1441	cvcl	1	1	PMC8395939
CellLine	CVCL:JE19	JE19	cvcl	1	1	PMC8447793
CellLine	CVCL:CX32	CX32	cvcl	1	1	PMC8447793
CellLine	CVCL:1167	1167	cvcl	1	1	PMC8447793
CellLine	CVCL:0336	0336	cvcl	1	1	PMC8469245
CellLine	CVCL:A9HA	A9HA	cvcl	1	1	PMC8469245
CellLine	CVCL:1693	1693	cvcl	1	1	PMC9013652
CellLine	CVCL:X188	X188	cvcl	1	1	PMC9013652
CellLine	CVCL:0184	0184	cvcl	1	1	PMC9013652
CellLine	CVCL:6831	6831	cvcl	1	1	PMC9013652
CellLine	CVCL:1517	1517	cvcl	1	1	PMC9013652
CellLine	CVCL:1543	1543	cvcl	1	1	PMC9013652
CellLine	CVCL:1531	1531	cvcl	1	1	PMC9013652
CellLine	CVCL:ZB93	ZB93	cvcl	1	1	PMC9929861
CellLine	CVCL:B4FJ	B4FJ	cvcl	1	1	PMC9929861
CellLine	CVCL:0585	0585	cvcl	1	1	PMC9929861
CellLine	CVCL:AX36	AX36	cvcl	1	1	PMC9929861
Chemical	-	ddH2O		2589	120	PMC1533846,PMC1550420,PMC1977239,PMC2360140,PMC2376111,PMC2442611,PMC2615028,PMC2651892,PMC2766639,PMC2794539,PMC2848976,PMC2858150,PMC3024950,PMC3039570,PMC3113907,PMC3273949,PMC3285665,PMC3316730,PMC3352892,PMC3447199,PMC3484870,PMC3485222,PMC3492274,PMC3539440,PMC3543849,PMC3554420,PMC3554772,PMC3578816,PMC3589544,PMC3621652,PMC3636093,PMC3647113,PMC3668138,PMC3776976,PMC3816225,PMC3836801,PMC3885720,PMC3982616,PMC4114630,PMC4178206,PMC4355981,PMC4404347,PMC4453732,PMC4471546,PMC4492820,PMC4615033,PMC4629113,PMC4714971,PMC4762531,PMC4884927,PMC4892608,PMC4932877,PMC4958313,PMC5302981,PMC5305101,PMC5308618,PMC5332555,PMC5369315,PMC5498998,PMC5527484,PMC555742,PMC5579334,PMC5583477,PMC5605987,PMC5641092,PMC5804031,PMC5827037,PMC5908872,PMC5978249,PMC5980157,PMC5996849,PMC6049873,PMC6101293,PMC6115972,PMC6168575,PMC6301684,PMC6411871,PMC6617392,PMC6718590,PMC6770187,PMC6776898,PMC6819083,PMC6961243,PMC7029865,PMC7031337,PMC7031935,PMC7073166,PMC7169429,PMC7305302,PMC7310532,PMC7317054,PMC7326958,PMC7397152,PMC7398555,PMC7446925,PMC7658220,PMC7668446,PMC7690890,PMC7738992,PMC7739466,PMC7890980,PMC7906369,PMC7952412,PMC8038069,PMC8071449,PMC8144720,PMC8150846,PMC8172195,PMC8370767,PMC8395939,PMC8447793,PMC8469245,PMC8705852,PMC8742817,PMC8959601,PMC9013652,PMC9184558,PMC9221468,PMC9646701,PMC9929861
Chemical	MESH:D000077484	Vemurafenib	ncbi_mesh	232	7	PMC2848976,PMC3554420,PMC3647113,PMC5579334,PMC5641092,PMC6411871,PMC7169429
Chemical	MESH:D007854	Lead	ncbi_mesh	212	49	PMC2376111,PMC2442611,PMC2794539,PMC2848976,PMC3273949,PMC3352892,PMC3484870,PMC3554420,PMC3554772,PMC3578816,PMC3636093,PMC3647113,PMC3836801,PMC3885720,PMC3982616,PMC4178206,PMC4404347,PMC4453732,PMC4762531,PMC4892608,PMC4958313,PMC5302981,PMC5305101,PMC5308618,PMC5369315,PMC5641092,PMC5827037,PMC5980157,PMC6049873,PMC6101293,PMC6168575,PMC6301684,PMC6776898,PMC6819083,PMC7029865,PMC7031337,PMC7169429,PMC7310532,PMC7658220,PMC7690890,PMC7738992,PMC7739466,PMC7952412,PMC8150846,PMC8370767,PMC8447793,PMC8705852,PMC8959601,PMC9929861
Chemical	MESH:C063002	2 3-dimethoxy-1 4-naphthoquinone	ncbi_mesh	163	2	PMC3885720,PMC5804031
Chemical	MESH:C545120	14-(ethylamino)-8 9 16-trihydroxy-3 4-dimethyl-3 4 9 19-tetrahydro-1H-2-benzoxacyclotetradecine-1 7(8H)-dione	ncbi_mesh	153	1	PMC3554420
Chemical	MESH:D004121	Dimethyl Sulfoxide	ncbi_mesh	149	33	PMC2848976,PMC3285665,PMC3484870,PMC3492274,PMC3554420,PMC3578816,PMC3636093,PMC4492820,PMC4762531,PMC5302981,PMC5308618,PMC5332555,PMC5369315,PMC5579334,PMC5827037,PMC5978249,PMC5996849,PMC6101293,PMC6168575,PMC7073166,PMC7169429,PMC7397152,PMC7658220,PMC7668446,PMC7690890,PMC7738992,PMC8038069,PMC8071449,PMC8370767,PMC8705852,PMC8959601,PMC9184558,PMC9929861
Chemical	MESH:D017382	Reactive Oxygen Species	ncbi_mesh	149	5	PMC3578816,PMC3885720,PMC3982616,PMC5308618,PMC5804031
Chemical	MESH:C517975	AZD 6244	ncbi_mesh	143	11	PMC3554420,PMC3776976,PMC4453732,PMC5302981,PMC5579334,PMC5978249,PMC6770187,PMC7073166,PMC8150846,PMC9221468,PMC9929861
Chemical	MESH:D000255	Adenosine Triphosphate	ncbi_mesh	135	20	PMC2360140,PMC2442611,PMC2848976,PMC3039570,PMC3554772,PMC3885720,PMC4178206,PMC4453732,PMC5302981,PMC5305101,PMC5579334,PMC5804031,PMC5978249,PMC6770187,PMC6819083,PMC7073166,PMC7658220,PMC7668446,PMC8469245,PMC9221468
Chemical	MESH:C560077	trametinib	ncbi_mesh	129	11	PMC3554420,PMC3647113,PMC5332555,PMC5827037,PMC5978249,PMC6101293,PMC6411871,PMC7658220,PMC7668446,PMC8071449,PMC8370767
Chemical	MESH:D012967	Sodium Dodecyl Sulfate	ncbi_mesh	121	47	PMC2376111,PMC2442611,PMC2794539,PMC2848976,PMC2858150,PMC3039570,PMC3273949,PMC3316730,PMC3484870,PMC3554420,PMC3578816,PMC3885720,PMC3982616,PMC4453732,PMC4471546,PMC4615033,PMC4629113,PMC4714971,PMC4892608,PMC4958313,PMC5302981,PMC5308618,PMC5605987,PMC5641092,PMC5978249,PMC6049873,PMC6101293,PMC6301684,PMC6617392,PMC6776898,PMC7031337,PMC7169429,PMC7326958,PMC7658220,PMC7668446,PMC7690890,PMC7739466,PMC7952412,PMC8038069,PMC8071449,PMC8144720,PMC8150846,PMC8172195,PMC8370767,PMC8447793,PMC8705852,PMC9184558
Chemical	MESH:D011134	Polysaccharides	ncbi_mesh	121	3	PMC4404347,PMC4762531,PMC6776898
Chemical	MESH:D000069286	Bortezomib	ncbi_mesh	117	4	PMC2442611,PMC5978249,PMC5996849,PMC8144720
Chemical	MESH:D008055	Lipids	ncbi_mesh	117	15	PMC3316730,PMC3485222,PMC3982616,PMC4178206,PMC4471546,PMC4629113,PMC5641092,PMC5804031,PMC5978249,PMC6411871,PMC6770187,PMC7446925,PMC8144720,PMC8447793,PMC9013652
Chemical	MESH:D002118	Calcium	ncbi_mesh	110	11	PMC1533846,PMC3543849,PMC3885720,PMC5332555,PMC555742,PMC6101293,PMC6819083,PMC7658220,PMC7952412,PMC8172195,PMC8469245
Chemical	MESH:D001120	Arginine	ncbi_mesh	107	5	PMC3554772,PMC3982616,PMC4178206,PMC4471546,PMC5641092
Chemical	MESH:D002245	Carbon Dioxide	ncbi_mesh	99	58	PMC1550420,PMC2376111,PMC2442611,PMC2651892,PMC2858150,PMC3024950,PMC3352892,PMC3485222,PMC3539440,PMC3554772,PMC3578816,PMC3647113,PMC3668138,PMC3816225,PMC3836801,PMC3885720,PMC3982616,PMC4178206,PMC4762531,PMC4884927,PMC4892608,PMC4958313,PMC5305101,PMC5308618,PMC5579334,PMC5641092,PMC5804031,PMC5827037,PMC5908872,PMC5978249,PMC5996849,PMC6101293,PMC6168575,PMC6411871,PMC6617392,PMC6776898,PMC6819083,PMC7031337,PMC7031935,PMC7305302,PMC7310532,PMC7326958,PMC7690890,PMC7738992,PMC7906369,PMC7952412,PMC8038069,PMC8071449,PMC8144720,PMC8150846,PMC8172195,PMC8370767,PMC8395939,PMC8469245,PMC8705852,PMC9013652,PMC9184558,PMC9929861
Chemical	MESH:D013307	Streptomycin	ncbi_mesh	98	45	PMC2376111,PMC2442611,PMC2794539,PMC2858150,PMC3024950,PMC3352892,PMC3492274,PMC3554772,PMC3578816,PMC3647113,PMC3668138,PMC3816225,PMC3836801,PMC3885720,PMC4762531,PMC4892608,PMC5305101,PMC5308618,PMC5369315,PMC5579334,PMC5804031,PMC5827037,PMC5908872,PMC6101293,PMC6168575,PMC6411871,PMC6718590,PMC6776898,PMC7031337,PMC7031935,PMC7305302,PMC7397152,PMC7658220,PMC7690890,PMC7906369,PMC7952412,PMC8038069,PMC8071449,PMC8144720,PMC8150846,PMC8172195,PMC8395939,PMC8447793,PMC8469245,PMC9013652
Chemical	MESH:D010406	Penicillins	ncbi_mesh	94	43	PMC2376111,PMC2442611,PMC2794539,PMC2858150,PMC3024950,PMC3492274,PMC3554772,PMC3578816,PMC3647113,PMC3668138,PMC3816225,PMC3836801,PMC3885720,PMC4762531,PMC4892608,PMC5305101,PMC5308618,PMC5369315,PMC5579334,PMC5804031,PMC5827037,PMC5908872,PMC6101293,PMC6168575,PMC6411871,PMC6718590,PMC6776898,PMC7031337,PMC7305302,PMC7397152,PMC7658220,PMC7690890,PMC7906369,PMC7952412,PMC8038069,PMC8071449,PMC8144720,PMC8150846,PMC8172195,PMC8395939,PMC8447793,PMC8469245,PMC9013652
Chemical	MESH:C554430	LDN 193189	ncbi_mesh	90	1	PMC5302981
Chemical	MESH:D004317	Doxorubicin	ncbi_mesh	88	13	PMC3492274,PMC3966786,PMC4492820,PMC5302981,PMC5305101,PMC555742,PMC5579334,PMC5908872,PMC5978249,PMC7031337,PMC7031935,PMC8038069,PMC8370767
Chemical	MESH:D014212	Tretinoin	ncbi_mesh	87	8	PMC2442611,PMC2615028,PMC2766639,PMC3113907,PMC5305101,PMC5978249,PMC6101293,PMC8071449
Chemical	MESH:C581313	binimetinib	ncbi_mesh	85	2	PMC4453732,PMC5978249
Chemical	MESH:D005973	Glutamine	ncbi_mesh	83	31	PMC2442611,PMC2766639,PMC2858150,PMC3113907,PMC3352892,PMC3492274,PMC3554420,PMC3554772,PMC3816225,PMC4178206,PMC4762531,PMC5369315,PMC555742,PMC5579334,PMC5978249,PMC5996849,PMC6101293,PMC6168575,PMC6411871,PMC6776898,PMC7073166,PMC7305302,PMC7310532,PMC7658220,PMC7690890,PMC7952412,PMC8071449,PMC8150846,PMC8370767,PMC9013652,PMC9929861
Chemical	MESH:D016316	Guanfacine	ncbi_mesh	82	1	PMC6961243
Chemical	MESH:D008463	Mebendazole	ncbi_mesh	82	1	PMC7397152
Chemical	MESH:D015282	Octreotide	ncbi_mesh	80	1	PMC3485222
Chemical	MESH:D014867	Water	ncbi_mesh	79	34	PMC1533846,PMC2794539,PMC2858150,PMC3024950,PMC3539440,PMC3554420,PMC3578816,PMC3836801,PMC4404347,PMC4453732,PMC4492820,PMC4615033,PMC4629113,PMC4762531,PMC4932877,PMC5305101,PMC5579334,PMC5605987,PMC5996849,PMC6101293,PMC6168575,PMC6770187,PMC6819083,PMC7029865,PMC7305302,PMC7738992,PMC7890980,PMC7980331,PMC8038069,PMC8370767,PMC8469245,PMC8705852,PMC8742817,PMC9184558
Chemical	MESH:D004298	Dopamine	ncbi_mesh	77	4	PMC3024950,PMC6819083,PMC6961243,PMC7029865
Chemical	MESH:D006160	Guanosine Triphosphate	ncbi_mesh	70	23	PMC3492274,PMC3578816,PMC3982616,PMC4091572,PMC4615033,PMC4629113,PMC4714971,PMC5302981,PMC5332555,PMC5978249,PMC6101293,PMC6168575,PMC6819083,PMC7169429,PMC7397152,PMC7668446,PMC7890980,PMC7952412,PMC8038069,PMC8370767,PMC8447793,PMC8705852,PMC8959601
Chemical	MESH:D020123	Sirolimus	ncbi_mesh	68	11	PMC3492274,PMC3554420,PMC4178206,PMC4492820,PMC5302981,PMC5579334,PMC5978249,PMC6770187,PMC7073166,PMC8071449,PMC8469245
Chemical	MESH:D004318	Doxycycline	ncbi_mesh	68	5	PMC3492274,PMC7690890,PMC8071449,PMC8370767,PMC8447793
Chemical	MESH:D012965	Sodium Chloride	ncbi_mesh	66	31	PMC2442611,PMC3273949,PMC3484870,PMC3539440,PMC3554420,PMC3554772,PMC4615033,PMC4629113,PMC4762531,PMC4892608,PMC5308618,PMC5641092,PMC6101293,PMC6168575,PMC6301684,PMC6776898,PMC6819083,PMC6961243,PMC7169429,PMC7310532,PMC7326958,PMC7658220,PMC7739466,PMC7890980,PMC7952412,PMC8071449,PMC8144720,PMC8150846,PMC8172195,PMC8370767,PMC8447793
Chemical	MESH:C545373	ponatinib	ncbi_mesh	64	1	PMC7658220
Chemical	MESH:D004492	Edetic Acid	ncbi_mesh	63	34	PMC3113907,PMC3484870,PMC3539440,PMC3554420,PMC3554772,PMC3647113,PMC3982616,PMC4615033,PMC4629113,PMC4714971,PMC4762531,PMC5308618,PMC5369315,PMC5498998,PMC5996849,PMC6168575,PMC6301684,PMC6617392,PMC6776898,PMC7031935,PMC7326958,PMC7658220,PMC7738992,PMC7739466,PMC7890980,PMC8071449,PMC8144720,PMC8172195,PMC8370767,PMC8447793,PMC8705852,PMC8742817,PMC9013652,PMC9929861
Chemical	MESH:D006371	Helium	ncbi_mesh	63	18	PMC3352892,PMC3484870,PMC3982616,PMC4492820,PMC4958313,PMC5332555,PMC5980157,PMC6168575,PMC6411871,PMC7029865,PMC7305302,PMC7326958,PMC7397152,PMC7738992,PMC7952412,PMC8370767,PMC8742817,PMC8959601
Chemical	MESH:D010232	Paraffin	ncbi_mesh	62	29	PMC1977874,PMC3113907,PMC3352892,PMC3484870,PMC3485222,PMC3539440,PMC3982616,PMC4022359,PMC4114630,PMC4492820,PMC4714971,PMC4884927,PMC5308618,PMC5332555,PMC5641092,PMC5827037,PMC6168575,PMC6301684,PMC6617392,PMC7029865,PMC7031337,PMC7031935,PMC7326958,PMC7397152,PMC7738992,PMC7890980,PMC7952412,PMC8370767,PMC9184558
Chemical	MESH:C007293	DAPI	ncbi_mesh	62	24	PMC2651892,PMC3113907,PMC3636093,PMC3836801,PMC4453732,PMC4615033,PMC4884927,PMC4892608,PMC5305101,PMC5332555,PMC5980157,PMC6168575,PMC6411871,PMC6776898,PMC7029865,PMC7310532,PMC7658220,PMC7738992,PMC7952412,PMC8150846,PMC8370767,PMC8447793,PMC8959601,PMC9929861
Chemical	MESH:D003474	Curcumin	ncbi_mesh	62	1	PMC3578816
Chemical	MESH:D000077150	Oxaliplatin	ncbi_mesh	60	2	PMC5305101,PMC6617392
Chemical	MESH:C007834	genipin	ncbi_mesh	57	1	PMC3885720
Chemical	MESH:C085911	2-(4-morpholinyl)-8-phenyl-4H-1-benzopyran-4-one	ncbi_mesh	56	3	PMC2615028,PMC3554420,PMC3578816
Chemical	MESH:C572449	sapanisertib	ncbi_mesh	56	2	PMC5978249,PMC7668446
Chemical	MESH:D005680	gamma-Aminobutyric Acid	ncbi_mesh	55	6	PMC5605987,PMC6819083,PMC6961243,PMC7029865,PMC7398555,PMC9646701
Chemical	MESH:D000242	Cyclic AMP	ncbi_mesh	54	6	PMC3113907,PMC3836801,PMC3982616,PMC4714971,PMC6961243,PMC8959601
Chemical	MESH:D002586	Cesium	ncbi_mesh	54	2	PMC6101293,PMC6819083
Chemical	MESH:D002512	Cephalothin	ncbi_mesh	52	1	PMC6617392
Chemical	MESH:D000077157	Sorafenib	ncbi_mesh	50	7	PMC3636093,PMC4492820,PMC5302981,PMC5332555,PMC5527484,PMC5579334,PMC7031935
Chemical	MESH:D002331	Carnitine	ncbi_mesh	48	1	PMC7446925
Chemical	MESH:D000431	Ethanol	ncbi_mesh	46	30	PMC2651892,PMC2858150,PMC3024950,PMC3539440,PMC3554420,PMC3578816,PMC3589544,PMC3647113,PMC4492820,PMC4615033,PMC4629113,PMC4714971,PMC4762531,PMC4892608,PMC5302981,PMC5305101,PMC5308618,PMC555742,PMC6168575,PMC6411871,PMC7029865,PMC7169429,PMC7310532,PMC7658220,PMC7738992,PMC7952412,PMC8150846,PMC8370767,PMC8742817,PMC9929861
Chemical	MESH:D008715	Methionine	ncbi_mesh	45	5	PMC2376111,PMC3039570,PMC4178206,PMC4404347,PMC6101293
Chemical	MESH:D010718	Phosphatidylserines	ncbi_mesh	45	5	PMC3554420,PMC4629113,PMC5641092,PMC6411871,PMC7446925
Chemical	MESH:D010455	Peptides	ncbi_mesh	42	7	PMC3316730,PMC4404347,PMC4471546,PMC5583477,PMC5641092,PMC6101293,PMC8447793
Chemical	MESH:D011419	Propidium	ncbi_mesh	42	11	PMC3554420,PMC3578816,PMC4892608,PMC5302981,PMC5308618,PMC5641092,PMC6411871,PMC6776898,PMC7169429,PMC8370767,PMC9929861
Chemical	MESH:D005557	Formaldehyde	ncbi_mesh	41	25	PMC1977874,PMC2376111,PMC3113907,PMC3352892,PMC3484870,PMC3485222,PMC3492274,PMC3539440,PMC4022359,PMC4114630,PMC4884927,PMC5827037,PMC6168575,PMC6301684,PMC6411871,PMC6617392,PMC7029865,PMC7031337,PMC7305302,PMC7326958,PMC7397152,PMC7738992,PMC7952412,PMC8370767,PMC9184558
Chemical	MESH:D009841	Oligonucleotides	ncbi_mesh	41	12	PMC2360140,PMC2376111,PMC2794539,PMC2858150,PMC3273949,PMC3484870,PMC3492274,PMC4762531,PMC5087121,PMC6168575,PMC6617392,PMC9184558
Chemical	MESH:C003043	paraform	ncbi_mesh	40	26	PMC2794539,PMC3113907,PMC3352892,PMC3484870,PMC3836801,PMC3982616,PMC4714971,PMC4892608,PMC4958313,PMC5305101,PMC5332555,PMC5605987,PMC5980157,PMC6115972,PMC6168575,PMC6411871,PMC6776898,PMC7398555,PMC7690890,PMC7738992,PMC7952412,PMC8150846,PMC8447793,PMC8959601,PMC9013652,PMC9929861
Chemical	MESH:D000596	Amino Acids	ncbi_mesh	40	16	PMC3039570,PMC3316730,PMC3447199,PMC3543849,PMC3554772,PMC3816225,PMC3885720,PMC4178206,PMC4404347,PMC4629113,PMC6301684,PMC6617392,PMC6776898,PMC7658220,PMC8447793,PMC9013652
Chemical	MESH:D009584	Nitrogen	ncbi_mesh	40	23	PMC3113907,PMC3316730,PMC3352892,PMC4404347,PMC4492820,PMC4629113,PMC4714971,PMC4762531,PMC4958313,PMC5369315,PMC5579334,PMC5641092,PMC6049873,PMC6168575,PMC6301684,PMC6770187,PMC6776898,PMC7031935,PMC7305302,PMC7446925,PMC8395939,PMC8959601,PMC9184558
Chemical	MESH:D017830	Octoxynol	ncbi_mesh	39	29	PMC3273949,PMC3554420,PMC3554772,PMC3836801,PMC4629113,PMC4892608,PMC5827037,PMC6115972,PMC6168575,PMC6301684,PMC6411871,PMC6776898,PMC6819083,PMC7029865,PMC7169429,PMC7326958,PMC7658220,PMC7690890,PMC7738992,PMC7739466,PMC7952412,PMC8071449,PMC8144720,PMC8150846,PMC8172195,PMC8370767,PMC8447793,PMC8959601,PMC9929861
Chemical	MESH:D012685	Sepharose	ncbi_mesh	38	24	PMC1533846,PMC2360140,PMC3484870,PMC3539440,PMC3589544,PMC3636093,PMC3966786,PMC4492820,PMC4615033,PMC4629113,PMC6101293,PMC6617392,PMC6776898,PMC7031935,PMC7326958,PMC7739466,PMC8038069,PMC8071449,PMC8144720,PMC8150846,PMC8172195,PMC8370767,PMC8447793,PMC8705852
Chemical	MESH:D006416	Hematoxylin	ncbi_mesh	38	20	PMC2360140,PMC2794539,PMC3113907,PMC3352892,PMC3484870,PMC3539440,PMC3982616,PMC4114630,PMC4492820,PMC4714971,PMC5332555,PMC5641092,PMC6301684,PMC7029865,PMC7031935,PMC7326958,PMC7397152,PMC7738992,PMC7952412,PMC8370767
Chemical	MESH:D000093542	Gemcitabine	ncbi_mesh	38	4	PMC5305101,PMC5579334,PMC5978249,PMC7031935
Chemical	MESH:D000077210	Sunitinib	ncbi_mesh	38	2	PMC5332555,PMC5579334
Chemical	MESH:D005998	Glycine	ncbi_mesh	37	4	PMC2376111,PMC4178206,PMC4892608,PMC5978249
Chemical	MESH:C506614	mirdametinib	ncbi_mesh	37	5	PMC3554420,PMC3776976,PMC4453732,PMC6168575,PMC7073166
Chemical	MESH:D018698	Glutamic Acid	ncbi_mesh	37	11	PMC3554772,PMC3636093,PMC3885720,PMC4178206,PMC5605987,PMC6776898,PMC6819083,PMC7029865,PMC7398555,PMC7668446,PMC8469245
Chemical	MESH:D001973	Bromodeoxyuridine	ncbi_mesh	36	7	PMC3113907,PMC3484870,PMC3492274,PMC3982616,PMC5308618,PMC6049873,PMC8370767
Chemical	MESH:D011691	Puromycin	ncbi_mesh	36	17	PMC3539440,PMC5302981,PMC5308618,PMC5980157,PMC6049873,PMC6617392,PMC6718590,PMC6776898,PMC7169429,PMC7310532,PMC7326958,PMC7690890,PMC8038069,PMC8071449,PMC8370767,PMC8447793,PMC9184558
Chemical	MESH:D010100	Oxygen	ncbi_mesh	35	15	PMC2360140,PMC2794539,PMC3316730,PMC3352892,PMC3668138,PMC3885720,PMC3982616,PMC4178206,PMC4762531,PMC5305101,PMC5804031,PMC5980157,PMC6168575,PMC6411871,PMC9646701
Chemical	MESH:D006531	HEPES	ncbi_mesh	34	15	PMC3554420,PMC4629113,PMC4762531,PMC5369315,PMC5641092,PMC6168575,PMC6301684,PMC6776898,PMC6819083,PMC7310532,PMC7658220,PMC7739466,PMC8150846,PMC8370767,PMC8447793
Chemical	MESH:D000249	Adenosine Monophosphate	ncbi_mesh	33	2	PMC1533846,PMC4453732
Chemical	MESH:C070243	monooxyethylene trimethylolpropane tristearate	ncbi_mesh	33	7	PMC2794539,PMC3352892,PMC5302981,PMC5305101,PMC7738992,PMC8370767,PMC9929861
Chemical	MESH:D000111	Acetylcysteine	ncbi_mesh	33	3	PMC3578816,PMC3982616,PMC8370767
Chemical	MESH:D005947	Glucose	ncbi_mesh	33	11	PMC3578816,PMC3885720,PMC4178206,PMC4615033,PMC5978249,PMC5996849,PMC6168575,PMC6301684,PMC6819083,PMC8150846,PMC8447793
Chemical	MESH:D003596	Cytosine	ncbi_mesh	32	2	PMC3130048,PMC3589544
Chemical	MESH:D015636	Magnesium Chloride	ncbi_mesh	30	14	PMC1533846,PMC3589544,PMC4404347,PMC4629113,PMC4762531,PMC6776898,PMC6819083,PMC7169429,PMC7658220,PMC7739466,PMC8144720,PMC8172195,PMC8370767,PMC8447793
Chemical	MESH:D013395	Sucrose	ncbi_mesh	30	8	PMC2442611,PMC3352892,PMC3982616,PMC4629113,PMC6819083,PMC7029865,PMC7952412,PMC8370767
Chemical	MESH:C024865	polyvinylidene fluoride	ncbi_mesh	30	20	PMC2442611,PMC3484870,PMC3647113,PMC3885720,PMC3982616,PMC4762531,PMC4958313,PMC5332555,PMC6049873,PMC6168575,PMC6770187,PMC7169429,PMC7658220,PMC7739466,PMC7952412,PMC8038069,PMC8071449,PMC8144720,PMC8172195,PMC8705852
Chemical	MESH:C120227	2-(2-chloro-4-iodophenylamino)-N-cyclopropylmethoxy-3 4-difluorobenzamide	ncbi_mesh	30	2	PMC3554420,PMC3647113
Chemical	MESH:D010716	Phosphatidylinositols	ncbi_mesh	30	8	PMC3578816,PMC5641092,PMC6411871,PMC6776898,PMC6819083,PMC7446925,PMC8370767,PMC8447793
Chemical	MESH:D000068579	Celecoxib	ncbi_mesh	30	1	PMC7397152
Chemical	MESH:D020889	Rolipram	ncbi_mesh	30	1	PMC8959601
Chemical	MESH:D005978	Glutathione	ncbi_mesh	29	5	PMC3316730,PMC3885720,PMC4629113,PMC6776898,PMC7397152
Chemical	MESH:D004958	Estradiol	ncbi_mesh	28	2	PMC4178206,PMC7310532
Chemical	MESH:D060172	Morpholinos	ncbi_mesh	27	2	PMC3484870,PMC8705852
Chemical	MESH:C031086	5-ethynyl-2'-deoxyuridine	ncbi_mesh	27	2	PMC4892608,PMC5980157
Chemical	MESH:D008985	Monensin	ncbi_mesh	27	1	PMC6776898
Chemical	MESH:D006153	Guanosine Diphosphate	ncbi_mesh	26	13	PMC3578816,PMC4091572,PMC4629113,PMC5332555,PMC5978249,PMC7169429,PMC7397152,PMC7668446,PMC7890980,PMC8370767,PMC8447793,PMC8705852,PMC8959601
Chemical	MESH:D009614	Nobelium	ncbi_mesh	26	1	PMC3982616
Chemical	MESH:C515233	saracatinib	ncbi_mesh	26	1	PMC7169429
Chemical	MESH:D011136	Polysorbates	ncbi_mesh	25	16	PMC2376111,PMC2442611,PMC3484870,PMC3578816,PMC4892608,PMC5305101,PMC5308618,PMC5332555,PMC6115972,PMC6168575,PMC6301684,PMC7310532,PMC7326958,PMC7739466,PMC8370767,PMC8447793
Chemical	MESH:D010984	Platinum	ncbi_mesh	25	3	PMC2442611,PMC5305101,PMC5583477
Chemical	MESH:C098022	SYBR Green I	ncbi_mesh	25	18	PMC2766639,PMC3485222,PMC3636093,PMC3885720,PMC4762531,PMC4932877,PMC6101293,PMC6411871,PMC6718590,PMC7169429,PMC7668446,PMC7739466,PMC8144720,PMC8370767,PMC8469245,PMC8959601,PMC9013652,PMC9184558
Chemical	MESH:D000077547	Crizotinib	ncbi_mesh	25	6	PMC3636093,PMC3776976,PMC3836801,PMC4091572,PMC7658220,PMC8071449
Chemical	MESH:D011883	Radium	ncbi_mesh	25	1	PMC8071449
Chemical	MESH:D004229	Dithiothreitol	ncbi_mesh	24	11	PMC2442611,PMC3316730,PMC4615033,PMC4629113,PMC4762531,PMC6101293,PMC7397152,PMC7658220,PMC7739466,PMC8447793,PMC8705852
Chemical	MESH:D005227	Fatty Acids	ncbi_mesh	24	6	PMC3039570,PMC3316730,PMC5641092,PMC5804031,PMC6411871,PMC7446925
Chemical	MESH:C548887	MK 2206	ncbi_mesh	24	3	PMC3554420,PMC7073166,PMC8071449
Chemical	MESH:C546624	(5-(2 4-bis((3S)-3-methylmorpholin-4-yl)pyrido(2 3-d)pyrimidin-7-yl)-2-methoxyphenyl)methanol	ncbi_mesh	24	2	PMC5579334,PMC7073166
Chemical	MESH:C584510	defactinib	ncbi_mesh	24	2	PMC8038069,PMC8150846
Chemical	MESH:D000362	Agar	ncbi_mesh	23	7	PMC2848976,PMC3539440,PMC3836801,PMC4629113,PMC7031935,PMC7398555,PMC8038069
Chemical	MESH:D010710	Phosphates	ncbi_mesh	23	14	PMC3039570,PMC3113907,PMC3589544,PMC3636093,PMC4629113,PMC4958313,PMC5527484,PMC5908872,PMC6168575,PMC6411871,PMC7658220,PMC8447793,PMC8959601,PMC9929861
Chemical	MESH:C063261	acetylleucyl-leucyl-norleucinal	ncbi_mesh	23	1	PMC6101293
Chemical	MESH:D000432	Methanol	ncbi_mesh	22	14	PMC2376111,PMC3578816,PMC4453732,PMC4892608,PMC5302981,PMC5308618,PMC5641092,PMC5827037,PMC6411871,PMC7310532,PMC7397152,PMC7690890,PMC7738992,PMC9013652
Chemical	MESH:D010852	Picrotoxin	ncbi_mesh	22	2	PMC5605987,PMC6819083
Chemical	MESH:D004801	Acid Red 87	ncbi_mesh	21	16	PMC2360140,PMC2794539,PMC3352892,PMC3484870,PMC3982616,PMC4114630,PMC4714971,PMC5332555,PMC5641092,PMC6301684,PMC7031935,PMC7326958,PMC7397152,PMC7738992,PMC7952412,PMC8370767
Chemical	MESH:C022027	lissamine rhodamine B	ncbi_mesh	21	2	PMC3554420,PMC7031337
Chemical	MESH:C030544	formic acid	ncbi_mesh	21	6	PMC4404347,PMC4629113,PMC4762531,PMC6101293,PMC6168575,PMC8447793
Chemical	MESH:D000068818	Cetuximab	ncbi_mesh	21	2	PMC5583477,PMC6617392
Chemical	MESH:D013455	Sulfur	ncbi_mesh	20	2	PMC1533846,PMC4629113
Chemical	MESH:C411644	trizol	ncbi_mesh	20	14	PMC1550420,PMC2360140,PMC2858150,PMC3024950,PMC3621652,PMC4114630,PMC4958313,PMC6049873,PMC6718590,PMC7326958,PMC7658220,PMC8370767,PMC8469245,PMC9013652
Chemical	MESH:D009711	Nucleotides	ncbi_mesh	20	10	PMC2376111,PMC2858150,PMC3039570,PMC3589544,PMC3621652,PMC4114630,PMC4629113,PMC5305101,PMC5579334,PMC8959601
Chemical	MESH:D000601	Amino Acids Essential	ncbi_mesh	19	4	PMC2766639,PMC3554772,PMC4178206,PMC4892608
Chemical	MESH:D008358	Mannose	ncbi_mesh	19	1	PMC4762531
Chemical	MESH:D005232	Fatty Acids Volatile	ncbi_mesh	19	1	PMC5804031
Chemical	MESH:D014280	Triglycerides	ncbi_mesh	19	2	PMC6411871,PMC7446925
Chemical	MESH:C086724	Lipofectamine	ncbi_mesh	18	14	PMC2794539,PMC2848976,PMC3492274,PMC3636093,PMC4453732,PMC5308618,PMC6101293,PMC6617392,PMC6718590,PMC6776898,PMC8071449,PMC8144720,PMC8150846,PMC8172195
Chemical	MESH:D006851	Hydrochloric Acid	ncbi_mesh	18	12	PMC2794539,PMC3316730,PMC3352892,PMC3484870,PMC4615033,PMC4629113,PMC5302981,PMC5305101,PMC5308618,PMC5641092,PMC6101293,PMC8370767
Chemical	MESH:C032159	acetonitrile	ncbi_mesh	18	7	PMC3316730,PMC4404347,PMC4629113,PMC4762531,PMC6101293,PMC6168575,PMC8447793
Chemical	MESH:D012694	Serine	ncbi_mesh	18	2	PMC4178206,PMC5583477
Chemical	MESH:D002945	Cisplatin	ncbi_mesh	18	3	PMC4453732,PMC5305101,PMC9013652
Chemical	MESH:D006861	Hydrogen Peroxide	ncbi_mesh	17	9	PMC3539440,PMC3578816,PMC3885720,PMC3982616,PMC4492820,PMC7397152,PMC7738992,PMC7890980,PMC8370767
Chemical	MESH:D005990	Glycerol	ncbi_mesh	17	14	PMC3578816,PMC4615033,PMC4629113,PMC5308618,PMC6168575,PMC6776898,PMC7690890,PMC7739466,PMC8144720,PMC8150846,PMC8172195,PMC8370767,PMC8447793,PMC8959601
Chemical	MESH:D015739	Nocodazole	ncbi_mesh	17	1	PMC4615033
Chemical	MESH:C518477	BI 2536	ncbi_mesh	17	1	PMC5579334
Chemical	MESH:C090942	4-(4-fluorophenyl)-2-(4-hydroxyphenyl)-5-(4-pyridyl)imidazole	ncbi_mesh	16	1	PMC2442611
Chemical	MESH:C010615	Nonidet P-40	ncbi_mesh	16	13	PMC2442611,PMC2848976,PMC3885720,PMC4615033,PMC4884927,PMC5332555,PMC6101293,PMC6776898,PMC7739466,PMC8038069,PMC8144720,PMC8172195,PMC8370767
Chemical	MESH:C016679	polyacrylamide	ncbi_mesh	16	15	PMC2442611,PMC3273949,PMC3885720,PMC3982616,PMC4958313,PMC5605987,PMC6301684,PMC7169429,PMC7690890,PMC7952412,PMC8038069,PMC8150846,PMC8447793,PMC8705852,PMC9184558
Chemical	MESH:D005576	Colforsin	ncbi_mesh	16	8	PMC3113907,PMC3273949,PMC3578816,PMC6168575,PMC6819083,PMC7952412,PMC8150846,PMC8959601
Chemical	MESH:D010590	Phalloidine	ncbi_mesh	16	6	PMC3836801,PMC6168575,PMC7658220,PMC7690890,PMC7952412,PMC8447793
Chemical	MESH:D014494	Unithiol	ncbi_mesh	16	1	PMC4629113
Chemical	MESH:D010743	Phospholipids	ncbi_mesh	15	5	PMC1533846,PMC3484870,PMC4629113,PMC5641092,PMC6411871
Chemical	MESH:D002725	Chloroform	ncbi_mesh	15	11	PMC2442611,PMC2858150,PMC3024950,PMC3539440,PMC3621652,PMC3647113,PMC3816225,PMC4629113,PMC5498998,PMC5641092,PMC6411871
Chemical	MESH:D000068877	Imatinib Mesylate	ncbi_mesh	15	7	PMC2848976,PMC3113907,PMC3636093,PMC5332555,PMC5527484,PMC5579334,PMC7031935
Chemical	MESH:D019342	Acetic Acid	ncbi_mesh	15	11	PMC3316730,PMC3554420,PMC4453732,PMC4762531,PMC4892608,PMC5641092,PMC5804031,PMC6168575,PMC7031337,PMC7738992,PMC9013652
Chemical	MESH:D005840	Gentian Violet	ncbi_mesh	15	12	PMC3539440,PMC3578816,PMC3636093,PMC3836801,PMC4892608,PMC5305101,PMC5308618,PMC6049873,PMC6411871,PMC7326958,PMC8150846,PMC9013652
Chemical	MESH:D012964	Sodium	ncbi_mesh	15	3	PMC3621652,PMC3776976,PMC4762531
Chemical	MESH:D019344	Lactic Acid	ncbi_mesh	15	3	PMC3885720,PMC4178206,PMC5804031
Chemical	MESH:D009243	NAD	ncbi_mesh	15	2	PMC3885720,PMC4629113
Chemical	MESH:D013629	Tamoxifen	ncbi_mesh	15	4	PMC3982616,PMC6101293,PMC7310532,PMC7397152
Chemical	MESH:D000117	Acetylglucosamine	ncbi_mesh	15	1	PMC4762531
Chemical	MESH:C113580	U 0126	ncbi_mesh	14	5	PMC3492274,PMC3554420,PMC3578816,PMC4453732,PMC8370767
Chemical	MESH:D014048	Tolonium Chloride	ncbi_mesh	14	3	PMC3539440,PMC6168575,PMC7952412
Chemical	MESH:D006025	Glycosaminoglycans	ncbi_mesh	14	2	PMC3647113,PMC6770187
Chemical	MESH:D009840	Oligomycins	ncbi_mesh	14	3	PMC3885720,PMC5305101,PMC5804031
Chemical	MESH:D001542	Benomyl	ncbi_mesh	14	1	PMC4615033
Chemical	MESH:C541363	BI 6727	ncbi_mesh	14	1	PMC5579334
Chemical	MESH:C000656166	selpercatinib	ncbi_mesh	14	1	PMC8071449
Chemical	MESH:D019331	NG-Nitroarginine Methyl Ester	ncbi_mesh	13	1	PMC3982616
Chemical	MESH:C084683	3-hydroxy-5-estrane-17-carbonitrile	ncbi_mesh	13	4	PMC4629113,PMC4762531,PMC6770187,PMC8742817
Chemical	MESH:D002087	Butyrates	ncbi_mesh	13	1	PMC5804031
Chemical	MESH:D002244	Carbon	ncbi_mesh	12	7	PMC2376111,PMC2848976,PMC3589544,PMC3621652,PMC4114630,PMC4762531,PMC5305101
Chemical	MESH:D006859	Hydrogen	ncbi_mesh	12	4	PMC2376111,PMC4714971,PMC4762531,PMC7952412
Chemical	MESH:D006690	Bisbenzimidazole	ncbi_mesh	12	4	PMC2442611,PMC7690890,PMC7952412,PMC8447793
Chemical	MESH:D008543	Melanins	ncbi_mesh	12	5	PMC2794539,PMC3484870,PMC3668138,PMC6101293,PMC6168575
Chemical	MESH:D012701	Serotonin	ncbi_mesh	12	3	PMC3024950,PMC5827037,PMC6819083
Chemical	MESH:D006583	Hexadimethrine Bromide	ncbi_mesh	12	8	PMC3492274,PMC6049873,PMC6617392,PMC6776898,PMC7169429,PMC7310532,PMC8370767,PMC8447793
Chemical	MESH:D014343	Trypan Blue	ncbi_mesh	12	1	PMC3554772
Chemical	MESH:D011061	Poly A	ncbi_mesh	12	6	PMC3589544,PMC4762531,PMC5908872,PMC5980157,PMC6617392,PMC8370767
Chemical	MESH:D019803	Glutathione Disulfide	ncbi_mesh	12	1	PMC3885720
Chemical	MESH:D001216	Asparagine	ncbi_mesh	12	2	PMC4178206,PMC4404347
Chemical	MESH:D016190	Carboplatin	ncbi_mesh	12	2	PMC5305101,PMC5579334
Chemical	MESH:C116917	acylcarnitine	ncbi_mesh	12	2	PMC5804031,PMC7446925
Chemical	MESH:C483858	phosphatidylethanolamine	ncbi_mesh	12	4	PMC6115972,PMC6411871,PMC6776898,PMC7446925
Chemical	MESH:D004533	Egtazic Acid	ncbi_mesh	12	9	PMC6301684,PMC6776898,PMC6819083,PMC7310532,PMC8071449,PMC8144720,PMC8172195,PMC8370767,PMC8447793
Chemical	MESH:D004075	Diglycerides	ncbi_mesh	12	1	PMC7446925
Chemical	MESH:D005492	Folic Acid	ncbi_mesh	11	4	PMC2376111,PMC5579334,PMC7446925,PMC8742817
Chemical	MESH:D011189	Potassium Chloride	ncbi_mesh	11	9	PMC2442611,PMC4453732,PMC4892608,PMC5332555,PMC6301684,PMC6776898,PMC6819083,PMC7738992,PMC9013652
Chemical	MESH:C029569	diacetyldichlorofluorescein	ncbi_mesh	11	1	PMC3982616
Chemical	MESH:C080938	tris(2-carboxyethyl)phosphine	ncbi_mesh	11	3	PMC4404347,PMC4629113,PMC8742817
Chemical	MESH:D001710	Biotin	ncbi_mesh	11	6	PMC4471546,PMC4762531,PMC6770187,PMC6776898,PMC7397152,PMC7738992
Chemical	MESH:D013752	Tetracycline	ncbi_mesh	11	4	PMC4629113,PMC6819083,PMC8370767,PMC8447793
Chemical	MESH:C028694	1-palmitoyl-2-oleoylphosphatidylcholine	ncbi_mesh	11	1	PMC5641092
Chemical	MESH:C025953	amsonic acid	ncbi_mesh	11	1	PMC6819083
Chemical	MESH:C108830	Y 27632	ncbi_mesh	11	1	PMC8447793
Chemical	MESH:D000666	Amphotericin B	ncbi_mesh	10	6	PMC2376111,PMC3554772,PMC4892608,PMC6168575,PMC7738992,PMC9221468
Chemical	MESH:C054122	alanylglutamine	ncbi_mesh	10	5	PMC2651892,PMC5641092,PMC5996849,PMC6617392,PMC8370767
Chemical	MESH:C000711379	alexa fluor 488	ncbi_mesh	10	8	PMC2848976,PMC4714971,PMC5605987,PMC6115972,PMC6168575,PMC6819083,PMC8370767,PMC9929861
Chemical	MESH:C000469	diazobenzenesulfonic acid	ncbi_mesh	10	7	PMC3539440,PMC4492820,PMC5641092,PMC7952412,PMC8370767,PMC8959601,PMC9184558
Chemical	MESH:D002259	Carbonyl Cyanide p-Trifluoromethoxyphenylhydrazone	ncbi_mesh	10	3	PMC3885720,PMC5305101,PMC5804031
Chemical	MESH:D003545	Cysteine	ncbi_mesh	10	3	PMC3885720,PMC4629113,PMC8071449
Chemical	MESH:D005690	Galactose	ncbi_mesh	10	2	PMC4615033,PMC4762531
Chemical	MESH:D005223	Fats	ncbi_mesh	10	3	PMC5804031,PMC7397152,PMC7446925
Chemical	MESH:D010715	Phosphatidylglycerols	ncbi_mesh	10	2	PMC6411871,PMC7446925
Chemical	MESH:D008774	Methylphenidate	ncbi_mesh	10	2	PMC6819083,PMC6961243
Chemical	MESH:D013196	Dihydrotestosterone	ncbi_mesh	10	1	PMC7310532
Chemical	MESH:D013467	Sulindac	ncbi_mesh	10	1	PMC7397152
Chemical	MESH:D002122	Calcium Chloride	ncbi_mesh	9	5	PMC2442611,PMC3554420,PMC6101293,PMC6776898,PMC6819083
Chemical	MESH:D016650	Fluorescein-5-isothiocyanate	ncbi_mesh	9	6	PMC3285665,PMC3492274,PMC4453732,PMC5827037,PMC8370767,PMC8959601
Chemical	MESH:D014992	Xylenes	ncbi_mesh	9	6	PMC3539440,PMC4492820,PMC7029865,PMC7738992,PMC8370767,PMC8742817
Chemical	MESH:D002956	Citrulline	ncbi_mesh	9	1	PMC3554772
Chemical	MESH:D009952	Ornithine	ncbi_mesh	9	1	PMC3554772
Chemical	MESH:D017239	Paclitaxel	ncbi_mesh	9	3	PMC3776976,PMC4453732,PMC5978249
Chemical	MESH:C010680	antibiotic G 418	ncbi_mesh	9	3	PMC4714971,PMC6168575,PMC8150846
Chemical	MESH:D005643	Fucose	ncbi_mesh	9	1	PMC4762531
Chemical	MESH:D017693	Sodium Bicarbonate	ncbi_mesh	9	6	PMC4762531,PMC5804031,PMC6301684,PMC6819083,PMC7310532,PMC8370767
Chemical	MESH:C093701	N-acetylgalactosaminyl-1-4-N-acetylglucosamine	ncbi_mesh	9	1	PMC4762531
Chemical	MESH:C495818	2-morpholin-4-yl-6-thianthren-1-yl-pyran-4-one	ncbi_mesh	9	1	PMC5308618
Chemical	MESH:D015100	3 3'-Diaminobenzidine	ncbi_mesh	9	3	PMC7029865,PMC7397152,PMC7738992
Chemical	MESH:D003513	Cycloheximide	ncbi_mesh	9	2	PMC8071449,PMC8144720
Chemical	MESH:C549567	adavosertib	ncbi_mesh	9	1	PMC9184558
Chemical	MESH:D014805	Vitamin B 12	ncbi_mesh	8	1	PMC2376111
Chemical	MESH:D006710	Homocysteine	ncbi_mesh	8	1	PMC2376111
Chemical	MESH:D005472	Fluorouracil	ncbi_mesh	8	6	PMC2376111,PMC4178206,PMC4453732,PMC4762531,PMC5978249,PMC6617392
Chemical	MESH:D008727	Methotrexate	ncbi_mesh	8	3	PMC2376111,PMC4178206,PMC5579334
Chemical	MESH:D012969	Sodium Fluoride	ncbi_mesh	8	8	PMC2442611,PMC3273949,PMC4615033,PMC5302981,PMC5308618,PMC6101293,PMC6301684,PMC7658220
Chemical	MESH:C007782	dichlorodifluoromethane	ncbi_mesh	8	4	PMC2615028,PMC3113907,PMC5308618,PMC7738992
Chemical	MESH:D005562	Formazans	ncbi_mesh	8	6	PMC2794539,PMC3485222,PMC5641092,PMC7738992,PMC8370767,PMC9013652
Chemical	MESH:D015056	1-Methyl-3-isobutylxanthine	ncbi_mesh	8	2	PMC2848976,PMC8959601
Chemical	MESH:D013755	Tetradecanoylphorbol Acetate	ncbi_mesh	8	2	PMC2848976,PMC6168575
Chemical	MESH:D002241	Carbohydrates	ncbi_mesh	8	4	PMC3039570,PMC5804031,PMC6776898,PMC7446925
Chemical	MESH:D000143	Acids	ncbi_mesh	8	5	PMC3316730,PMC3554772,PMC4615033,PMC5641092,PMC6776898
Chemical	MESH:C500026	palbociclib	ncbi_mesh	8	3	PMC3636093,PMC5978249,PMC7310532
Chemical	MESH:D010758	Phosphorus	ncbi_mesh	8	5	PMC3668138,PMC4022359,PMC4762531,PMC5641092,PMC7446925
Chemical	MESH:D000077146	Irinotecan	ncbi_mesh	8	3	PMC3776976,PMC5308618,PMC6617392
Chemical	MESH:D004440	Ecdysone	ncbi_mesh	8	1	PMC3836801
Chemical	MESH:D007053	Ice	ncbi_mesh	8	8	PMC3982616,PMC5605987,PMC6770187,PMC6776898,PMC7738992,PMC8370767,PMC8469245,PMC9184558
Chemical	MESH:D008239	Lysine	ncbi_mesh	8	4	PMC4178206,PMC4471546,PMC7690890,PMC8447793
Chemical	MESH:D007532	Isoleucine	ncbi_mesh	8	3	PMC4178206,PMC4892608,PMC5641092
Chemical	MESH:D019814	Myristic Acid	ncbi_mesh	8	2	PMC4471546,PMC7446925
Chemical	MESH:D019343	Citric Acid	ncbi_mesh	8	8	PMC4492820,PMC5498998,PMC5641092,PMC5804031,PMC6168575,PMC6718590,PMC7952412,PMC9929861
Chemical	MESH:D007612	Kanamycin	ncbi_mesh	8	1	PMC4629113
Chemical	MESH:C571178	NVP-BKM120	ncbi_mesh	8	1	PMC5978249
Chemical	MESH:D006639	Histidine	ncbi_mesh	8	1	PMC6770187
Chemical	MESH:C040929	bafilomycin A1	ncbi_mesh	8	2	PMC6776898,PMC7326958
Chemical	MESH:D000667	Ampicillin	ncbi_mesh	8	1	PMC6819083
Chemical	MESH:D009020	Morphine	ncbi_mesh	8	1	PMC6819083
Chemical	MESH:C011049	oil red O	ncbi_mesh	8	1	PMC7446925
Chemical	MESH:D014530	Uridine Diphosphate	ncbi_mesh	8	1	PMC8959601
Chemical	MESH:D019800	Phenol	ncbi_mesh	7	7	PMC2442611,PMC3539440,PMC3589544,PMC3621652,PMC3647113,PMC3816225,PMC5498998
Chemical	MESH:C569686	Alexa Fluor 647	ncbi_mesh	7	5	PMC2794539,PMC4714971,PMC5978249,PMC6819083,PMC8150846
Chemical	MESH:C528407	PLX 4720	ncbi_mesh	7	2	PMC2848976,PMC6168575
Chemical	MESH:D012972	Sodium Hydroxide	ncbi_mesh	7	5	PMC3484870,PMC4178206,PMC4762531,PMC5641092,PMC6776898
Chemical	MESH:D000068338	Everolimus	ncbi_mesh	7	3	PMC3485222,PMC4453732,PMC5579334
Chemical	MESH:C042345	hydrogen sulfite	ncbi_mesh	7	3	PMC3589544,PMC3621652,PMC4114630
Chemical	MESH:C113109	McCoy's 5A medium	ncbi_mesh	7	3	PMC3636093,PMC6776898,PMC9013652
Chemical	MESH:D005467	Floxuridine	ncbi_mesh	7	2	PMC3647113,PMC5579334
Chemical	MESH:D000077767	Panobinostat	ncbi_mesh	7	2	PMC3776976,PMC5978249
Chemical	MESH:D013481	Superoxides	ncbi_mesh	7	2	PMC3885720,PMC3982616
Chemical	MESH:D007530	Isoflurane	ncbi_mesh	7	6	PMC4492820,PMC5605987,PMC6168575,PMC6301684,PMC6819083,PMC9646701
Chemical	MESH:D000588	Amines	ncbi_mesh	7	1	PMC4629113
Chemical	MESH:D004134	Dimyristoylphosphatidylcholine	ncbi_mesh	7	1	PMC4629113
Chemical	MESH:C029899	imidazole	ncbi_mesh	7	1	PMC4629113
Chemical	MESH:C025942	7-aminoactinomycin D	ncbi_mesh	7	2	PMC4892608,PMC8959601
Chemical	MESH:D000077143	Docetaxel	ncbi_mesh	7	4	PMC5579334,PMC5583477,PMC5978249,PMC7031935
Chemical	MESH:D000068437	Pemetrexed	ncbi_mesh	7	2	PMC5579334,PMC9013652
Chemical	MESH:C081581	colfosceril palmitate	ncbi_mesh	7	1	PMC5641092
Chemical	MESH:C072553	benzyloxycarbonylleucyl-leucyl-leucine aldehyde	ncbi_mesh	7	2	PMC6776898,PMC7326958
Chemical	MESH:D009638	Norepinephrine	ncbi_mesh	7	2	PMC6819083,PMC6961243
Chemical	MESH:C015586	propiverine	ncbi_mesh	7	1	PMC7310532
Chemical	MESH:C022811	edoxudin	ncbi_mesh	7	1	PMC8370767
Chemical	MESH:C085321	cyanine dye 5	ncbi_mesh	6	4	PMC2858150,PMC3352892,PMC3636093,PMC7690890
Chemical	MESH:D006493	Heparin	ncbi_mesh	6	5	PMC3113907,PMC5827037,PMC6168575,PMC7073166,PMC8370767
Chemical	MESH:C095489	4 4-difluoro-4-bora-3a 4a-diaza-s-indacene	ncbi_mesh	6	1	PMC3285665
Chemical	MESH:D005976	Glutaral	ncbi_mesh	6	6	PMC3484870,PMC4958313,PMC6168575,PMC6411871,PMC7952412,PMC8959601
Chemical	MESH:D003553	Cystine	ncbi_mesh	6	1	PMC3885720
Chemical	MESH:D008942	Mitoxantrone	ncbi_mesh	6	1	PMC3966786
Chemical	MESH:D002784	Cholesterol	ncbi_mesh	6	2	PMC4178206,PMC5804031
Chemical	MESH:D007460	Iodoacetamide	ncbi_mesh	6	5	PMC4404347,PMC6101293,PMC6776898,PMC8447793,PMC8742817
Chemical	MESH:D005839	Gentamicins	ncbi_mesh	6	4	PMC4629113,PMC4958313,PMC6168575,PMC7738992
Chemical	MESH:C005460	uranyl acetate	ncbi_mesh	6	5	PMC4958313,PMC6168575,PMC6411871,PMC7952412,PMC8959601
Chemical	MESH:D007069	Ifosfamide	ncbi_mesh	6	6	PMC5302981,PMC5579334,PMC5978249,PMC7031337,PMC7031935,PMC8038069
Chemical	MESH:D019311	Staurosporine	ncbi_mesh	6	2	PMC5579334,PMC9184558
Chemical	MESH:C087123	romidepsin	ncbi_mesh	6	1	PMC5978249
Chemical	MESH:C574276	cobimetinib	ncbi_mesh	6	2	PMC5978249,PMC7169429
Chemical	MESH:C000655704	pralsetinib	ncbi_mesh	6	1	PMC8071449
Chemical	MESH:C005984	5-methyltetrahydrofolate	ncbi_mesh	5	1	PMC2376111
Chemical	MESH:D013936	Thymidine	ncbi_mesh	5	5	PMC2376111,PMC3621652,PMC3647113,PMC5579334,PMC7690890
Chemical	MESH:D010664	Phenylmethylsulfonyl Fluoride	ncbi_mesh	5	4	PMC2442611,PMC3982616,PMC6301684,PMC7739466
Chemical	MESH:C540167	2-(4-(1-(hydroxyimino)-2 3-dihydro-1H-inden-5-yl)-3-(pyridin-4-yl)-1H-pyrazol-1-yl)ethan-1-ol	ncbi_mesh	5	1	PMC2848976
Chemical	MESH:D008070	Lipopolysaccharides	ncbi_mesh	5	4	PMC3024950,PMC5804031,PMC6168575,PMC7029865
Chemical	MESH:D003840	Deoxycholic Acid	ncbi_mesh	5	5	PMC3273949,PMC3484870,PMC6101293,PMC6776898,PMC8370767
Chemical	MESH:C412715	tetramethylrosamine	ncbi_mesh	5	1	PMC3285665
Chemical	MESH:C027043	ammonium bicarbonate	ncbi_mesh	5	3	PMC3316730,PMC6101293,PMC8447793
Chemical	MESH:D014508	Urea	ncbi_mesh	5	3	PMC3316730,PMC3554772,PMC6101293
Chemical	MESH:D013910	Thorium	ncbi_mesh	5	2	PMC3316730,PMC6819083
Chemical	MESH:D010637	Phenolsulfonphthalein	ncbi_mesh	5	4	PMC3352892,PMC6718590,PMC7310532,PMC7690890
Chemical	MESH:C026272	Bistris	ncbi_mesh	5	5	PMC3578816,PMC4892608,PMC6168575,PMC6770187,PMC7169429
Chemical	MESH:D006854	Hydrocortisone	ncbi_mesh	5	5	PMC3648455,PMC5827037,PMC6617392,PMC7310532,PMC8144720
Chemical	MESH:C112765	tanespimycin	ncbi_mesh	5	1	PMC3776976
Chemical	MESH:D019772	Topotecan	ncbi_mesh	5	1	PMC3776976
Chemical	MESH:C002744	3-nitrotyrosine	ncbi_mesh	5	1	PMC3885720
Chemical	MESH:D005070	Evans Blue	ncbi_mesh	5	1	PMC3982616
Chemical	MESH:D011392	Proline	ncbi_mesh	5	2	PMC4178206,PMC5641092
Chemical	MESH:C471213	His-His-His-His-His-His	ncbi_mesh	5	1	PMC4629113
Chemical	MESH:D014269	Trifluoroacetic Acid	ncbi_mesh	5	3	PMC4629113,PMC4762531,PMC8742817
Chemical	MESH:D019158	N-Acetylneuraminic Acid	ncbi_mesh	5	1	PMC4762531
Chemical	MESH:D006601	Hexoses	ncbi_mesh	5	1	PMC4762531
Chemical	MESH:D003606	Dacarbazine	ncbi_mesh	5	2	PMC5527484,PMC5641092
Chemical	MESH:C027512	1 3-diethyl-8-phenylxanthine	ncbi_mesh	5	2	PMC5641092,PMC7029865
Chemical	MESH:D000077337	Vorinostat	ncbi_mesh	5	1	PMC5827037
Chemical	MESH:C561454	omipalisib	ncbi_mesh	5	1	PMC5978249
Chemical	MESH:D013739	Testosterone	ncbi_mesh	5	1	PMC6301684
Chemical	MESH:C086501	N-acetylcysteine lysinate	ncbi_mesh	5	1	PMC6819083
Chemical	MESH:D000077362	Verteporfin	ncbi_mesh	5	1	PMC8038069
Chemical	MESH:C400939	methylone	ncbi_mesh	5	1	PMC8705852
Chemical	MESH:D014539	Uridine Diphosphate Sugars	ncbi_mesh	5	1	PMC8959601
Chemical	MESH:C008881	phosphocellulose	ncbi_mesh	5	1	PMC8959601
Chemical	MESH:C545606	AZD 1480	ncbi_mesh	5	1	PMC9221468
Chemical	MESH:D001978	Bromphenol Blue	ncbi_mesh	4	3	PMC1533846,PMC4615033,PMC8447793
Chemical	MESH:D012436	S-Adenosylmethionine	ncbi_mesh	4	2	PMC2376111,PMC4629113
Chemical	MESH:C023505	2' 5'-oligoadenylate	ncbi_mesh	4	1	PMC2376111
Chemical	MESH:D016376	Oligonucleotides Antisense	ncbi_mesh	4	2	PMC2376111,PMC8705852
Chemical	MESH:D012643	Selenium	ncbi_mesh	4	4	PMC2794539,PMC3554772,PMC5369315,PMC6617392
Chemical	MESH:C028213	3-((3-cholamidopropyl)dimethylammonium)-1-propanesulfonate	ncbi_mesh	4	2	PMC2848976,PMC6776898
Chemical	MESH:D008550	Melatonin	ncbi_mesh	4	2	PMC3024950,PMC9221468
Chemical	MESH:D019840	2-Propanol	ncbi_mesh	4	4	PMC3024950,PMC3352892,PMC5302981,PMC6411871
Chemical	MESH:C027078	deoxyuridine triphosphate	ncbi_mesh	4	3	PMC3114747,PMC3484870,PMC4892608
Chemical	MESH:D010400	Penicillin G	ncbi_mesh	4	3	PMC3352892,PMC3647113,PMC7031935
Chemical	MESH:C022616	thiazolyl blue	ncbi_mesh	4	3	PMC3352892,PMC5302981,PMC5305101
Chemical	MESH:D013778	Tetrazolium Salts	ncbi_mesh	4	4	PMC3485222,PMC3543849,PMC3636093,PMC7397152
Chemical	MESH:D000069439	Dasatinib	ncbi_mesh	4	3	PMC3554420,PMC6101293,PMC7031935
Chemical	MESH:D003401	Creatine	ncbi_mesh	4	2	PMC3554772,PMC7446925
Chemical	MESH:C009279	sodium bisulfite	ncbi_mesh	4	3	PMC3589544,PMC3621652,PMC4114630
Chemical	MESH:D014316	Tritium	ncbi_mesh	4	4	PMC3589544,PMC4178206,PMC6168575,PMC6617392
Chemical	MESH:C047117	bicinchoninic acid	ncbi_mesh	4	3	PMC3647113,PMC4453732,PMC5605987
Chemical	MESH:D016244	GTP gamma S	ncbi_mesh	4	2	PMC3836801,PMC7397152
Chemical	MESH:C516714	NVP-TAE684	ncbi_mesh	4	2	PMC3836801,PMC4091572
Chemical	MESH:D012402	Rotenone	ncbi_mesh	4	2	PMC3885720,PMC5804031
Chemical	MESH:D000968	Antimycin A	ncbi_mesh	4	2	PMC3885720,PMC5804031
Chemical	MESH:D019289	Pyruvic Acid	ncbi_mesh	4	2	PMC3885720,PMC5978249
Chemical	MESH:D007930	Leucine	ncbi_mesh	4	3	PMC4178206,PMC4629113,PMC4762531
Chemical	MESH:D001224	Aspartic Acid	ncbi_mesh	4	2	PMC4178206,PMC4471546
Chemical	MESH:D012822	Silicon Dioxide	ncbi_mesh	4	4	PMC4404347,PMC4629113,PMC4762531,PMC6101293
Chemical	MESH:D006020	Glycopeptides	ncbi_mesh	4	1	PMC4404347
Chemical	MESH:D010713	Phosphatidylcholines	ncbi_mesh	4	4	PMC4629113,PMC5641092,PMC6411871,PMC7446925
Chemical	MESH:D009355	Neomycin	ncbi_mesh	4	3	PMC4714971,PMC4958313,PMC6617392
Chemical	MESH:C066929	polylactosamine	ncbi_mesh	4	1	PMC4762531
Chemical	MESH:C017807	bisbenzimide ethoxide trihydrochloride	ncbi_mesh	4	4	PMC4823759,PMC4823762,PMC5605987,PMC7952412
Chemical	MESH:C499693	8-dibenzothiophen-4-yl-2-morpholin-4-yl-chromen-4-one	ncbi_mesh	4	1	PMC5308618
Chemical	MESH:D000077204	Temozolomide	ncbi_mesh	4	3	PMC5527484,PMC5641092,PMC8742817
Chemical	MESH:D010748	Phosphopeptides	ncbi_mesh	4	1	PMC5583477
Chemical	MESH:D002308	Cardiolipins	ncbi_mesh	4	1	PMC5641092
Chemical	MESH:C098609	ammonium dinitramide	ncbi_mesh	4	1	PMC5804031
Chemical	MESH:D000077267	Fulvestrant	ncbi_mesh	4	1	PMC7310532
Chemical	MESH:D012256	Riboflavin	ncbi_mesh	4	1	PMC7446925
Chemical	MESH:D019301	Oleic Acid	ncbi_mesh	4	1	PMC7446925
Chemical	MESH:C031183	stearic acid	ncbi_mesh	4	1	PMC7446925
Chemical	MESH:D015118	Eicosapentaenoic Acid	ncbi_mesh	4	1	PMC7446925
Chemical	MESH:C514153	1 3-bis(bis(pyridin-2-ylmethyl)amino)propan-2-ol	ncbi_mesh	4	1	PMC7658220
Chemical	MESH:C416927	SU 6656	ncbi_mesh	4	1	PMC8150846
Chemical	MESH:C000622437	GDC-0623	ncbi_mesh	4	1	PMC8370767
Chemical	MESH:D012435	S-Adenosylhomocysteine	ncbi_mesh	3	2	PMC2376111,PMC4629113
Chemical	MESH:D007501	Iron	ncbi_mesh	3	2	PMC2376111,PMC3982616
Chemical	MESH:D054735	Phosphorothioate Oligonucleotides	ncbi_mesh	3	1	PMC2376111
Chemical	MESH:C020888	1 2-dielaidoylphosphatidylethanolamine	ncbi_mesh	3	1	PMC2376111
Chemical	MESH:D013725	Terbium	ncbi_mesh	3	3	PMC2442611,PMC5978249,PMC6770187
Chemical	MESH:D004072	Digitonin	ncbi_mesh	3	2	PMC2442611,PMC6776898
Chemical	MESH:C058388	penclomedine	ncbi_mesh	3	2	PMC2766639,PMC6411871
Chemical	MESH:D004853	Epoxy Resins	ncbi_mesh	3	3	PMC2794539,PMC2858150,PMC6411871
Chemical	MESH:D000241	Adenosine	ncbi_mesh	3	1	PMC3024950
Chemical	MESH:D002701	Chloramphenicol	ncbi_mesh	3	2	PMC3114747,PMC4629113
Chemical	MESH:D014443	Tyrosine	ncbi_mesh	3	3	PMC3366948,PMC4178206,PMC5583477
Chemical	MESH:D003703	Demecolcine	ncbi_mesh	3	3	PMC3447199,PMC4892608,PMC9013652
Chemical	MESH:D005038	Ethylnitrosourea	ncbi_mesh	3	1	PMC3484870
Chemical	MESH:D020106	Acrylamide	ncbi_mesh	3	3	PMC3484870,PMC3836801,PMC7739466
Chemical	MESH:C003636	tricaine	ncbi_mesh	3	2	PMC3484870,PMC5332555
Chemical	MESH:D000077156	Gefitinib	ncbi_mesh	3	2	PMC3485222,PMC3776976
Chemical	MESH:C561627	dabrafenib	ncbi_mesh	3	3	PMC3554420,PMC5579334,PMC6411871
Chemical	MESH:D009569	Nitric Oxide	ncbi_mesh	3	2	PMC3554772,PMC3982616
Chemical	MESH:D019787	Linoleic Acid	ncbi_mesh	3	2	PMC3554772,PMC7446925
Chemical	MESH:D000077559	Sodium Citrate	ncbi_mesh	3	2	PMC3578816,PMC7029865
Chemical	MESH:D000077209	Decitabine	ncbi_mesh	3	2	PMC3621652,PMC4114630
Chemical	MESH:C000597839	MitoSox Red	ncbi_mesh	3	1	PMC3885720
Chemical	MESH:D008274	Magnesium	ncbi_mesh	3	3	PMC3885720,PMC4471546,PMC8447793
Chemical	MESH:C068624	5 5' 6 6'-tetrachloro-1 1' 3 3'-tetraethylbenzimidazolocarbocyanine	ncbi_mesh	3	1	PMC3885720
Chemical	MESH:D010428	Pentosephosphates	ncbi_mesh	3	1	PMC4178206
Chemical	MESH:D010649	Phenylalanine	ncbi_mesh	3	2	PMC4178206,PMC4471546
Chemical	MESH:D004220	Disulfides	ncbi_mesh	3	3	PMC4404347,PMC5908872,PMC8447793
Chemical	MESH:D004047	Diethyl Pyrocarbonate	ncbi_mesh	3	2	PMC4453732,PMC6101293
Chemical	MESH:D011374	Progesterone	ncbi_mesh	3	2	PMC4471546,PMC7310532
Chemical	MESH:C401859	temsirolimus	ncbi_mesh	3	2	PMC4492820,PMC5579334
Chemical	MESH:C031463	beta-glycerophosphoric acid	ncbi_mesh	3	2	PMC4615033,PMC7658220
Chemical	MESH:C000615311	Phosphorus-32	ncbi_mesh	3	1	PMC4629113
Chemical	MESH:D006195	Hafnium	ncbi_mesh	3	1	PMC4629113
Chemical	MESH:D011094	Polyethyleneimine	ncbi_mesh	3	3	PMC4629113,PMC6776898,PMC6819083
Chemical	MESH:C010925	2 5-dihydroxybenzoic acid	ncbi_mesh	3	2	PMC4629113,PMC4762531
Chemical	MESH:C013216	potassium phosphate	ncbi_mesh	3	1	PMC4629113
Chemical	MESH:D008747	Methylcellulose	ncbi_mesh	3	2	PMC4714971,PMC6168575
Chemical	MESH:C109760	1-octadecene	ncbi_mesh	3	1	PMC4762531
Chemical	MESH:D011206	Povidone-Iodine	ncbi_mesh	3	2	PMC4884927,PMC6168575
Chemical	MESH:C000614989	Cesium-137	ncbi_mesh	3	2	PMC4892608,PMC5308618
Chemical	MESH:D009705	Nucleosides	ncbi_mesh	3	3	PMC5305101,PMC5579334,PMC5978249
Chemical	MESH:C516667	pazopanib	ncbi_mesh	3	3	PMC5332555,PMC7031337,PMC7031935
Chemical	MESH:D014750	Vincristine	ncbi_mesh	3	2	PMC5579334,PMC5908872
Chemical	MESH:C573314	4-((9-cyclopentyl-7 7-difluoro-5-methyl-6-oxo-6 7 8 9-tetrahydro-5H-pyrimido(4 5-b)(1 4)diazepin-2-yl)amino)-2-fluoro-5-methoxy-N-(1-methylpiperidin-4-yl)benzamide	ncbi_mesh	3	1	PMC5579334
Chemical	MESH:D001205	Ascorbic Acid	ncbi_mesh	3	2	PMC5583477,PMC7658220
Chemical	MESH:C053518	CP protocol	ncbi_mesh	3	2	PMC5641092,PMC7446925
Chemical	MESH:C046466	N N'-4-xylylenebis(pyridinium)	ncbi_mesh	3	1	PMC5641092
Chemical	MESH:D003520	Cyclophosphamide	ncbi_mesh	3	2	PMC5908872,PMC6617392
Chemical	MESH:D014991	Xylazine	ncbi_mesh	3	2	PMC6168575,PMC7305302
Chemical	MESH:C006131	tiletamine zolazepam drug combination	ncbi_mesh	3	1	PMC6168575
Chemical	MESH:C037690	1-octene	ncbi_mesh	3	1	PMC6411871
Chemical	MESH:D002788	Cholesterol Esters	ncbi_mesh	3	2	PMC6411871,PMC7446925
Chemical	MESH:C004500	blasticidin S	ncbi_mesh	3	2	PMC6411871,PMC6617392
Chemical	MESH:C027647	4-tert-butyltoluene	ncbi_mesh	3	2	PMC6718590,PMC7310532
Chemical	MESH:C088816	Laemmli buffer	ncbi_mesh	3	3	PMC6770187,PMC7169429,PMC7690890
Chemical	MESH:C511794	N'-(3 4-dihydroxybenzylidene)-3-hydroxy-2-naphthahydrazide	ncbi_mesh	3	1	PMC6776898
Chemical	MESH:C546012	CYT 387	ncbi_mesh	3	1	PMC6776898
Chemical	MESH:D007980	Levodopa	ncbi_mesh	3	2	PMC6819083,PMC6961243
Chemical	MESH:D002395	Catecholamines	ncbi_mesh	3	2	PMC6819083,PMC6961243
Chemical	MESH:C002854	alovudine	ncbi_mesh	3	1	PMC6819083
Chemical	MESH:C067038	isopentane	ncbi_mesh	3	2	PMC7029865,PMC7446925
Chemical	MESH:C026273	hygromycin A	ncbi_mesh	3	2	PMC7169429,PMC8447793
Chemical	MESH:C031492	octanoic acid	ncbi_mesh	3	1	PMC7446925
Chemical	MESH:C024989	coenzyme Q10	ncbi_mesh	3	1	PMC7446925
Chemical	MESH:D019308	Palmitic Acid	ncbi_mesh	3	1	PMC7446925
Chemical	MESH:C535237	1-cyclopropyl-3-(3-(5-morpholin-4-ylmethyl-1H-benzoimidazol-2-yl)-1H-pyrazol-4-yl)urea	ncbi_mesh	3	1	PMC7658220
Chemical	MESH:C471992	bosutinib	ncbi_mesh	3	1	PMC7658220
Chemical	MESH:C034657	Texas red	ncbi_mesh	3	2	PMC7690890,PMC7952412
Chemical	MESH:C452423	vandetanib	ncbi_mesh	3	1	PMC8071449
Chemical	MESH:C000600963	LY3009120	ncbi_mesh	3	1	PMC8071449
Chemical	MESH:D003078	Colchicine	ncbi_mesh	2	2	PMC2360140,PMC7738992
Chemical	MESH:C066229	prolinedithiocarbamate	ncbi_mesh	2	1	PMC2360140
Chemical	MESH:C420642	alpha minimal essential medium	ncbi_mesh	2	1	PMC2376111
Chemical	MESH:D018943	Anthracyclines	ncbi_mesh	2	2	PMC2442611,PMC5305101
Chemical	MESH:C048139	Coomassie blue	ncbi_mesh	2	2	PMC3039570,PMC7326958
Chemical	MESH:D011107	Polylysine	ncbi_mesh	2	2	PMC3113907,PMC4629113
Chemical	MESH:C034636	S-carbamidomethylcysteine	ncbi_mesh	2	2	PMC3316730,PMC3950186
Chemical	MESH:D004076	Digoxigenin	ncbi_mesh	2	1	PMC3484870
Chemical	MESH:D009993	Osmium Tetroxide	ncbi_mesh	2	2	PMC3484870,PMC6411871
Chemical	MESH:D007477	Ions	ncbi_mesh	2	1	PMC3485222
Chemical	MESH:D013691	Tellurium	ncbi_mesh	2	2	PMC3539440,PMC8370767
Chemical	MESH:D000438	Alcohols	ncbi_mesh	2	2	PMC3539440,PMC7952412
Chemical	MESH:D009356	Neon	ncbi_mesh	2	2	PMC3539440,PMC6819083
Chemical	MESH:D014238	Trichloroacetic Acid	ncbi_mesh	2	2	PMC3554420,PMC7031337
Chemical	MESH:C093196	SBE4-beta-cyclodextrin	ncbi_mesh	2	2	PMC3554420,PMC7073166
Chemical	MESH:C032854	leupeptin	ncbi_mesh	2	2	PMC3554772,PMC3982616
Chemical	MESH:D001125	Argininosuccinic Acid	ncbi_mesh	2	1	PMC3554772
Chemical	MESH:D002211	Capsaicin	ncbi_mesh	2	1	PMC3578816
Chemical	MESH:D000077185	Resveratrol	ncbi_mesh	2	1	PMC3578816
Chemical	MESH:D019833	Genistein	ncbi_mesh	2	1	PMC3578816
Chemical	MESH:D001128	Argon	ncbi_mesh	2	2	PMC3578816,PMC4629113
Chemical	MESH:D044503	5-Methylcytosine	ncbi_mesh	2	2	PMC3589544,PMC3621652
Chemical	MESH:C478160	(1 2-bis(1 2-benzisoselenazolone-3(2H)-ketone))ethane	ncbi_mesh	2	1	PMC3589544
Chemical	MESH:C088941	3'-deoxy-5-(cyanine dye 3)uridine 5'-trisphosphate	ncbi_mesh	2	2	PMC3636093,PMC5087121
Chemical	MESH:C088942	3'-deoxy-5-(cyanine dye 5)uridine 5'-trisphosphate	ncbi_mesh	2	2	PMC3636093,PMC5087121
Chemical	MESH:D018038	Sodium Selenite	ncbi_mesh	2	2	PMC3647113,PMC3668138
Chemical	MESH:D000245	Adenosine Diphosphate Glucose	ncbi_mesh	2	1	PMC3647113
Chemical	MESH:D000105	Acetyl Coenzyme A	ncbi_mesh	2	2	PMC3885720,PMC5804031
Chemical	MESH:D009249	NADP	ncbi_mesh	2	1	PMC3982616
Chemical	MESH:C576518	Perchloric Acid	ncbi_mesh	2	1	PMC4178206
Chemical	MESH:C000615229	Carbon-13	ncbi_mesh	2	1	PMC4178206
Chemical	MESH:D011685	Purine Nucleotides	ncbi_mesh	2	1	PMC4178206
Chemical	MESH:D013912	Threonine	ncbi_mesh	2	2	PMC4178206,PMC5583477
Chemical	MESH:D014364	Tryptophan	ncbi_mesh	2	2	PMC4178206,PMC5641092
Chemical	MESH:D000409	Alanine	ncbi_mesh	2	1	PMC4178206
Chemical	MESH:C009288	metaperiodate	ncbi_mesh	2	1	PMC4404347
Chemical	MESH:D006834	Hydrazines	ncbi_mesh	2	1	PMC4404347
Chemical	MESH:D000077145	Sulfanilamide	ncbi_mesh	2	1	PMC4404347
Chemical	MESH:C013411	biocytin	ncbi_mesh	2	1	PMC4404347
Chemical	MESH:C003423	tevenel	ncbi_mesh	2	1	PMC4453732
Chemical	MESH:D000214	Acyl Coenzyme A	ncbi_mesh	2	2	PMC4471546,PMC7446925
Chemical	MESH:D003300	Copper	ncbi_mesh	2	2	PMC4471546,PMC7952412
Chemical	MESH:D008278	Magnesium Sulfate	ncbi_mesh	2	2	PMC4615033,PMC6301684
Chemical	MESH:C057785	S-farnesylcysteine	ncbi_mesh	2	1	PMC4629113
Chemical	MESH:D009532	Nickel	ncbi_mesh	2	1	PMC4629113
Chemical	MESH:D006165	Guanylyl Imidodiphosphate	ncbi_mesh	2	1	PMC4629113
Chemical	MESH:D012492	Salts	ncbi_mesh	2	2	PMC4629113,PMC4762531
Chemical	MESH:C004550	2-(N-morpholino)ethanesulfonic acid	ncbi_mesh	2	1	PMC4629113
Chemical	MESH:C003870	dihydrodibutylstilbestrol	ncbi_mesh	2	2	PMC4629113,PMC4762531
Chemical	MESH:D002606	Charcoal	ncbi_mesh	2	2	PMC4629113,PMC7310532
Chemical	MESH:C030242	phosphoric acid	ncbi_mesh	2	1	PMC4629113
Chemical	MESH:C024565	ethylene dichloride	ncbi_mesh	2	1	PMC4762531
Chemical	MESH:C000604853	2-picoline borane	ncbi_mesh	2	1	PMC4762531
Chemical	MESH:C011852	1-hydroxybenzotriazole	ncbi_mesh	2	1	PMC4762531
Chemical	MESH:D012794	Sialic Acids	ncbi_mesh	2	1	PMC4762531
Chemical	MESH:D000116	Acetylgalactosamine	ncbi_mesh	2	1	PMC4762531
Chemical	MESH:D006028	Glycosphingolipids	ncbi_mesh	2	1	PMC4762531
Chemical	MESH:C504731	rhodamine-phalloidin	ncbi_mesh	2	1	PMC4823762
Chemical	MESH:D002101	Cacodylic Acid	ncbi_mesh	2	2	PMC4958313,PMC8959601
Chemical	MESH:D005047	Etoposide	ncbi_mesh	2	2	PMC5308618,PMC5579334
Chemical	MESH:D000069347	Erlotinib Hydrochloride	ncbi_mesh	2	2	PMC5579334,PMC7031935
Chemical	MESH:D001558	Benzethonium	ncbi_mesh	2	1	PMC5579334
Chemical	MESH:D013866	Thioguanine	ncbi_mesh	2	1	PMC5579334
Chemical	MESH:D013256	Steroids	ncbi_mesh	2	2	PMC5583477,PMC7317054
Chemical	MESH:D064751	Ammonium Compounds	ncbi_mesh	2	1	PMC5605987
Chemical	MESH:D000074324	Ipilimumab	ncbi_mesh	2	2	PMC5641092,PMC6411871
Chemical	MESH:C023477	diisopropyl methylphosphonate	ncbi_mesh	2	1	PMC5641092
Chemical	MESH:C000609766	LTX-315	ncbi_mesh	2	1	PMC5641092
Chemical	MESH:C018279	sodium phosphate	ncbi_mesh	2	2	PMC5641092,PMC7397152
Chemical	MESH:D020148	Butyric Acid	ncbi_mesh	2	1	PMC5804031
Chemical	MESH:D014635	Valproic Acid	ncbi_mesh	2	2	PMC5804031,PMC7980331
Chemical	MESH:C005843	resazurin	ncbi_mesh	2	1	PMC5827037
Chemical	MESH:C000589253	copanlisib	ncbi_mesh	2	1	PMC5978249
Chemical	MESH:C531198	dactolisib	ncbi_mesh	2	1	PMC5978249
Chemical	MESH:C044965	trioctyl phosphine oxide	ncbi_mesh	2	1	PMC6168575
Chemical	MESH:D004151	Dipeptides	ncbi_mesh	2	1	PMC6411871
Chemical	MESH:C532924	D-luciferin	ncbi_mesh	2	2	PMC6718590,PMC7326958
Chemical	MESH:C099517	Ala-Trp-Arg-His-Pro-Gln-Phe-Gly-Gly	ncbi_mesh	2	1	PMC6770187
Chemical	MESH:D003932	Heroin	ncbi_mesh	2	1	PMC6819083
Chemical	MESH:D007736	Kynurenic Acid	ncbi_mesh	2	1	PMC6819083
Chemical	MESH:C026777	ICI 118551	ncbi_mesh	2	1	PMC7310532
Chemical	MESH:C016601	afimoxifene	ncbi_mesh	2	1	PMC7310532
Chemical	MESH:D000096	Acetone	ncbi_mesh	2	2	PMC7310532,PMC8742817
Chemical	MESH:C059555	GSTS	ncbi_mesh	2	2	PMC7326958,PMC7658220
Chemical	MESH:C476329	2-(2-methoxy-4-nitrophenyl)-3-(4-nitrophenyl)-5-(2 4-disulfophenyl)-2H tetrazolium monosodium salt	ncbi_mesh	2	1	PMC7397152
Chemical	MESH:D017962	alpha-Linolenic Acid	ncbi_mesh	2	1	PMC7446925
Chemical	MESH:C008757	palmitoleic acid	ncbi_mesh	2	1	PMC7446925
Chemical	MESH:D002563	Cerium	ncbi_mesh	2	1	PMC7446925
Chemical	MESH:C587178	SCH772984	ncbi_mesh	2	1	PMC8071449
Chemical	MESH:C516541	BI D1870	ncbi_mesh	2	1	PMC8071449
Chemical	MESH:D000073893	Sugars	ncbi_mesh	2	1	PMC8144720
Chemical	MESH:D018021	Lithium Chloride	ncbi_mesh	2	1	PMC8370767
Chemical	MESH:C063834	polyetheretherketone	ncbi_mesh	2	1	PMC8395939
Chemical	MESH:D014532	Uridine Diphosphate Glucose	ncbi_mesh	2	1	PMC8959601
Chemical	MESH:C482205	nutlin 3	ncbi_mesh	2	1	PMC9184558
Chemical	MESH:D013827	Thiabendazole	ncbi_mesh	2	1	PMC9221468
Chemical	MESH:C480543	APO 866	ncbi_mesh	2	1	PMC9221468
Chemical	MESH:D009536	Niacinamide	ncbi_mesh	2	1	PMC9221468
Chemical	MESH:C000623150	CPI-0610	ncbi_mesh	2	1	PMC9221468
Chemical	MESH:D002045	Bupivacaine	ncbi_mesh	2	1	PMC9646701
Chemical	MESH:C027903	oligo (dT)	ncbi_mesh	1	1	PMC1533846
Chemical	MESH:D005362	Ficoll	ncbi_mesh	1	1	PMC1533846
Chemical	MESH:D014284	Triiodothyronine	ncbi_mesh	1	1	PMC2360140
Chemical	MESH:D013974	Thyroxine	ncbi_mesh	1	1	PMC2360140
Chemical	MESH:C013123	5 10-methylenetetrahydrofolic acid	ncbi_mesh	1	1	PMC2376111
Chemical	MESH:C005231	methylmercaptan	ncbi_mesh	1	1	PMC2376111
Chemical	MESH:D011034	Podophyllotoxin	ncbi_mesh	1	1	PMC2442611
Chemical	MESH:D008353	Mannitol	ncbi_mesh	1	1	PMC2442611
Chemical	MESH:D011797	Quinacrine Mustard	ncbi_mesh	1	1	PMC2651892
Chemical	MESH:D008165	Luminol	ncbi_mesh	1	1	PMC2794539
Chemical	MESH:C508204	SB-590885	ncbi_mesh	1	1	PMC2848976
Chemical	MESH:C121825	N-(5-(3-dimethylaminobenzamido)-2-methylphenyl)-4-hydroxybenzamide	ncbi_mesh	1	1	PMC2848976
Chemical	MESH:C029341	oxophenylarsine	ncbi_mesh	1	1	PMC2848976
Chemical	MESH:C524080	5-(aminoallyl)-2'-deoxyuridine 5'-triphosphate	ncbi_mesh	1	1	PMC2858150
Chemical	MESH:D010126	Ozone	ncbi_mesh	1	1	PMC2858150
Chemical	MESH:D008246	Lysophospholipids	ncbi_mesh	1	1	PMC3024950
Chemical	MESH:D011453	Prostaglandins	ncbi_mesh	1	1	PMC3024950
Chemical	MESH:D011464	Epoprostenol	ncbi_mesh	1	1	PMC3024950
Chemical	MESH:C030986	pyrimidine	ncbi_mesh	1	1	PMC3039570
Chemical	MESH:C009434	tetramethylrhodamine isothiocyanate	ncbi_mesh	1	1	PMC3285665
Chemical	MESH:C009689	xanthone	ncbi_mesh	1	1	PMC3285665
Chemical	MESH:D014801	Vitamin A	ncbi_mesh	1	1	PMC3316730
Chemical	MESH:D001608	Beryllium	ncbi_mesh	1	1	PMC3484870
Chemical	MESH:D004837	Epinephrine	ncbi_mesh	1	1	PMC3484870
Chemical	MESH:C004875	EPON	ncbi_mesh	1	1	PMC3484870
Chemical	MESH:D010545	Peroxides	ncbi_mesh	1	1	PMC3485222
Chemical	MESH:D008687	Metformin	ncbi_mesh	1	1	PMC3492274
Chemical	MESH:D015215	Zidovudine	ncbi_mesh	1	1	PMC3543849
Chemical	MESH:C060974	phosphatidylinositol 3 4 5-triphosphate	ncbi_mesh	1	1	PMC3554420
Chemical	MESH:D011399	Promethium	ncbi_mesh	1	1	PMC3554420
Chemical	MESH:D000376	Agmatine	ncbi_mesh	1	1	PMC3554772
Chemical	MESH:D011073	Polyamines	ncbi_mesh	1	1	PMC3554772
Chemical	MESH:D000641	Ammonia	ncbi_mesh	1	1	PMC3554772
Chemical	MESH:D003907	Dexamethasone	ncbi_mesh	1	1	PMC3554772
Chemical	MESH:C031375	pepstatin	ncbi_mesh	1	1	PMC3554772
Chemical	MESH:C005062	acetylcellulose	ncbi_mesh	1	1	PMC3554772
Chemical	MESH:C003366	sulfosalicylic acid	ncbi_mesh	1	1	PMC3554772
Chemical	MESH:C005313	norvaline	ncbi_mesh	1	1	PMC3554772
Chemical	MESH:C028913	dodecyl sulfate	ncbi_mesh	1	1	PMC3578816
Chemical	MESH:D015649	Pentostatin	ncbi_mesh	1	1	PMC3578816
Chemical	MESH:D001622	Betaine	ncbi_mesh	1	1	PMC3589544
Chemical	MESH:C026486	1 2 5 6-dibenzanthracene	ncbi_mesh	1	1	PMC3636093
Chemical	MESH:D020887	Selenious Acid	ncbi_mesh	1	1	PMC3647113
Chemical	MESH:C029683	isopentyl alcohol	ncbi_mesh	1	1	PMC3647113
Chemical	MESH:D011092	Polyethylene Glycols	ncbi_mesh	1	1	PMC3647113
Chemical	MESH:D006497	Heparitin Sulfate	ncbi_mesh	1	1	PMC3836801
Chemical	MESH:D011078	Polychlorinated Biphenyls	ncbi_mesh	1	1	PMC3885720
Chemical	MESH:D019216	Metals Heavy	ncbi_mesh	1	1	PMC3885720
Chemical	MESH:C043639	metaphosphoric acid	ncbi_mesh	1	1	PMC3885720
Chemical	MESH:D005609	Free Radicals	ncbi_mesh	1	1	PMC3885720
Chemical	MESH:D000244	Adenosine Diphosphate	ncbi_mesh	1	1	PMC3982616
Chemical	MESH:C110400	2' 7'-dichlorodihydrofluorescein diacetate	ncbi_mesh	1	1	PMC3982616
Chemical	MESH:D026361	Reactive Nitrogen Species	ncbi_mesh	1	1	PMC3982616
Chemical	MESH:C016039	Percoll	ncbi_mesh	1	1	PMC3982616
Chemical	MESH:C012939	1 4-diphenylbutadiene	ncbi_mesh	1	1	PMC3982616
Chemical	MESH:D011188	Potassium	ncbi_mesh	1	1	PMC4091572
Chemical	MESH:D007656	Ketoglutaric Acids	ncbi_mesh	1	1	PMC4178206
Chemical	MESH:C005156	3-phosphoglycerate	ncbi_mesh	1	1	PMC4178206
Chemical	MESH:D014633	Valine	ncbi_mesh	1	1	PMC4178206
Chemical	MESH:D013261	Sterols	ncbi_mesh	1	1	PMC4178206
Chemical	MESH:D000068878	Trastuzumab	ncbi_mesh	1	1	PMC4404347
Chemical	MESH:D000069283	Rituximab	ncbi_mesh	1	1	PMC4404347
Chemical	MESH:C016136	tetraphenylporphine sulfonate	ncbi_mesh	1	1	PMC4404347
Chemical	MESH:D012413	Rubidium	ncbi_mesh	1	1	PMC4453732
Chemical	MESH:D014230	Triazoles	ncbi_mesh	1	1	PMC4471546
Chemical	MESH:D011126	Polypropylenes	ncbi_mesh	1	1	PMC4492820
Chemical	MESH:D000069463	Olive Oil	ncbi_mesh	1	1	PMC4492820
Chemical	MESH:C000515	cremophor EL	ncbi_mesh	1	1	PMC4492820
Chemical	MESH:D000225	Adenine	ncbi_mesh	1	1	PMC4615033
Chemical	MESH:D008623	Mercaptoethanol	ncbi_mesh	1	1	PMC4615033
Chemical	MESH:D006147	Guanine	ncbi_mesh	1	1	PMC4629113
Chemical	MESH:C014392	carboxymethyl dextran	ncbi_mesh	1	1	PMC4629113
Chemical	MESH:D055666	Lipopeptides	ncbi_mesh	1	1	PMC4629113
Chemical	MESH:D002264	Carboxylic Acids	ncbi_mesh	1	1	PMC4629113
Chemical	MESH:C000595216	polyethylene glycol 8000	ncbi_mesh	1	1	PMC4629113
Chemical	MESH:D007544	Isopropyl Thiogalactoside	ncbi_mesh	1	1	PMC4629113
Chemical	MESH:C058899	imciromab pentetate	ncbi_mesh	1	1	PMC4629113
Chemical	MESH:D020355	Cholates	ncbi_mesh	1	1	PMC4629113
Chemical	MESH:D019346	Sodium Acetate	ncbi_mesh	1	1	PMC4629113
Chemical	MESH:D019856	Ethanolamine	ncbi_mesh	1	1	PMC4629113
Chemical	MESH:C569266	EDC cpd	ncbi_mesh	1	1	PMC4629113
Chemical	MESH:C001426	N-hydroxysuccinimide	ncbi_mesh	1	1	PMC4629113
Chemical	MESH:D007455	Iodine	ncbi_mesh	1	1	PMC4629113
Chemical	MESH:C004808	farnesyl pyrophosphate	ncbi_mesh	1	1	PMC4629113
Chemical	MESH:C000604007	TFF2 protein human	ncbi_mesh	1	1	PMC4629113
Chemical	MESH:D026082	Singlet Oxygen	ncbi_mesh	1	1	PMC4629113
Chemical	MESH:C000608607	Alexa Fluor 555	ncbi_mesh	1	1	PMC4714971
Chemical	MESH:C101993	cyclohexenoesculetin-beta-galactoside	ncbi_mesh	1	1	PMC4762531
Chemical	MESH:C031385	anthranilic acid	ncbi_mesh	1	1	PMC4762531
Chemical	MESH:D005022	Ethyldimethylaminopropyl Carbodiimide	ncbi_mesh	1	1	PMC4762531
Chemical	MESH:C004820	Immobilon	ncbi_mesh	1	1	PMC4762531
Chemical	MESH:D004540	Einsteinium	ncbi_mesh	1	1	PMC4762531
Chemical	MESH:D005461	Fluorine	ncbi_mesh	1	1	PMC4762531
Chemical	MESH:D002142	Californium	ncbi_mesh	1	1	PMC4762531
Chemical	MESH:D019791	Guanidine	ncbi_mesh	1	1	PMC4762531
Chemical	MESH:C018021	cobaltous chloride	ncbi_mesh	1	1	PMC4892608
Chemical	MESH:C032549	bromodeoxyuridine triphosphate	ncbi_mesh	1	1	PMC4892608
Chemical	MESH:C515878	ataluren	ncbi_mesh	1	1	PMC4958313
Chemical	MESH:C402769	tipifarnib	ncbi_mesh	1	1	PMC5302981
Chemical	MESH:D012176	Retinoids	ncbi_mesh	1	1	PMC5305101
Chemical	MESH:C108897	carbonylcyanide 4-trifluoromethoxyphenylhydrazone	ncbi_mesh	1	1	PMC5305101
Chemical	MESH:C533693	gemcitabine triphosphate	ncbi_mesh	1	1	PMC5305101
Chemical	MESH:C054436	guanidine thiocyanate	ncbi_mesh	1	1	PMC5369315
Chemical	MESH:D000077341	Lapatinib	ncbi_mesh	1	1	PMC5498998
Chemical	MESH:C033502	4-trifluoromethylsalicylic acid	ncbi_mesh	1	1	PMC555742
Chemical	MESH:D002433	Cefaclor	ncbi_mesh	1	1	PMC555742
Chemical	MESH:C000600259	pexidartinib	ncbi_mesh	1	1	PMC5579334
Chemical	MESH:D000198	Spectinomycin	ncbi_mesh	1	1	PMC5579334
Chemical	MESH:C533237	STA 9090	ncbi_mesh	1	1	PMC5579334
Chemical	MESH:C557279	SB 743921	ncbi_mesh	1	1	PMC5579334
Chemical	MESH:D000077235	Vinorelbine	ncbi_mesh	1	1	PMC5579334
Chemical	MESH:C539933	pevonedistat	ncbi_mesh	1	1	PMC5579334
Chemical	MESH:C507134	ON 01910	ncbi_mesh	1	1	PMC5579334
Chemical	MESH:C561573	GSK 461364	ncbi_mesh	1	1	PMC5579334
Chemical	MESH:C559019	RAF265	ncbi_mesh	1	1	PMC5579334
Chemical	MESH:C559147	regorafenib	ncbi_mesh	1	1	PMC5579334
Chemical	MESH:D015122	Mercaptopurine	ncbi_mesh	1	1	PMC5579334
Chemical	MESH:C520399	2-mercaptopurine	ncbi_mesh	1	1	PMC5579334
Chemical	MESH:D003854	Deoxyribonucleotides	ncbi_mesh	1	1	PMC5579334
Chemical	MESH:C586365	talazoparib	ncbi_mesh	1	1	PMC5579334
Chemical	MESH:C577638	ilorasertib	ncbi_mesh	1	1	PMC5579334
Chemical	MESH:C583854	TAK-901	ncbi_mesh	1	1	PMC5579334
Chemical	MESH:C000592140	MSC1992371A	ncbi_mesh	1	1	PMC5579334
Chemical	MESH:C568063	SCH 1473759	ncbi_mesh	1	1	PMC5579334
Chemical	MESH:C402343	tariquidar	ncbi_mesh	1	1	PMC5583477
Chemical	MESH:C029658	propionic acid	ncbi_mesh	1	1	PMC5804031
Chemical	MESH:D014640	Vancomycin	ncbi_mesh	1	1	PMC5804031
Chemical	MESH:D007444	Inulin	ncbi_mesh	1	1	PMC5804031
Chemical	MESH:D011422	Propionates	ncbi_mesh	1	1	PMC5804031
Chemical	MESH:D007659	Ketones	ncbi_mesh	1	1	PMC5804031
Chemical	MESH:D011241	Prednisone	ncbi_mesh	1	1	PMC5908872
Chemical	MESH:C000589391	6-(1H-indazol-6-yl)-N-(4-morpholinophenyl)imidazo(1 2-a)pyrazin-8-amine	ncbi_mesh	1	1	PMC5908872
Chemical	MESH:C553669	dinaciclib	ncbi_mesh	1	1	PMC5978249
Chemical	MESH:C430592	ixabepilone	ncbi_mesh	1	1	PMC5978249
Chemical	MESH:C487081	belinostat	ncbi_mesh	1	1	PMC5978249
Chemical	MESH:C027061	isophosphamide mustard	ncbi_mesh	1	1	PMC5978249
Chemical	MESH:C558660	cabozantinib	ncbi_mesh	1	1	PMC5978249
Chemical	MESH:C021758	3 3' 5 5'-tetramethylbenzidine	ncbi_mesh	1	1	PMC6049873
Chemical	MESH:C500488	A-705253	ncbi_mesh	1	1	PMC6101293
Chemical	MESH:C000707013	alicapistat	ncbi_mesh	1	1	PMC6101293
Chemical	MESH:C034183	vinyl polysiloxane	ncbi_mesh	1	1	PMC6101293
Chemical	MESH:C034584	M-2 protocol	ncbi_mesh	1	1	PMC6101293
Chemical	MESH:D020404	Glycerophospholipids	ncbi_mesh	1	1	PMC6115972
Chemical	MESH:D002248	Carbon Monoxide	ncbi_mesh	1	1	PMC6115972
Chemical	MESH:D012538	Scandium	ncbi_mesh	1	1	PMC6115972
Chemical	MESH:D012825	Silicon	ncbi_mesh	1	1	PMC6168575
Chemical	MESH:C007650	ethyl acetate	ncbi_mesh	1	1	PMC6168575
Chemical	MESH:D004961	Estramustine	ncbi_mesh	1	1	PMC6168575
Chemical	MESH:C034564	LX-112	ncbi_mesh	1	1	PMC6168575
Chemical	MESH:D005020	Ethyl Methanesulfonate	ncbi_mesh	1	1	PMC6168575
Chemical	MESH:C107241	diphosphoric acid	ncbi_mesh	1	1	PMC6301684
Chemical	MESH:D013193	Stainless Steel	ncbi_mesh	1	1	PMC6301684
Chemical	MESH:D000077594	Nivolumab	ncbi_mesh	1	1	PMC6411871
Chemical	MESH:C582435	pembrolizumab	ncbi_mesh	1	1	PMC6411871
Chemical	MESH:D013109	Sphingomyelins	ncbi_mesh	1	1	PMC6411871
Chemical	MESH:D015777	Eicosanoids	ncbi_mesh	1	1	PMC6411871
Chemical	MESH:C043243	methyl tert-butyl ether	ncbi_mesh	1	1	PMC6411871
Chemical	MESH:D004659	Enbucrilate	ncbi_mesh	1	1	PMC6411871
Chemical	MESH:C009465	thioglycerol	ncbi_mesh	1	1	PMC6617392
Chemical	MESH:C000609912	AMG 337	ncbi_mesh	1	1	PMC6617392
Chemical	MESH:C568950	infigratinib	ncbi_mesh	1	1	PMC6617392
Chemical	MESH:C055525	phosphatidylinositol 3-phosphate	ncbi_mesh	1	1	PMC6776898
Chemical	MESH:C483312	phosphoinositide 3-phosphate	ncbi_mesh	1	1	PMC6776898
Chemical	MESH:C025946	3-methyladenine	ncbi_mesh	1	1	PMC6776898
Chemical	MESH:D015080	Mesna	ncbi_mesh	1	1	PMC6776898
Chemical	MESH:D008148	Lovastatin	ncbi_mesh	1	1	PMC6819083
Chemical	MESH:C030691	gluconic acid	ncbi_mesh	1	1	PMC6819083
Chemical	MESH:C017069	bicuculline methiodide	ncbi_mesh	1	1	PMC6819083
Chemical	MESH:D002712	Chlorides	ncbi_mesh	1	1	PMC6819083
Chemical	MESH:D007660	Ketoprofen	ncbi_mesh	1	1	PMC6819083
Chemical	MESH:D002047	Buprenorphine	ncbi_mesh	1	1	PMC6819083
Chemical	MESH:D007052	Ibuprofen	ncbi_mesh	1	1	PMC6819083
Chemical	MESH:C044834	iodixanol	ncbi_mesh	1	1	PMC6819083
Chemical	MESH:C005717	proxymetacaine	ncbi_mesh	1	1	PMC6819083
Chemical	MESH:D000661	Amphetamine	ncbi_mesh	1	1	PMC6961243
Chemical	MESH:D010672	Phenytoin	ncbi_mesh	1	1	PMC7029865
Chemical	MESH:D010424	Pentobarbital	ncbi_mesh	1	1	PMC7029865
Chemical	MESH:D016651	Lithium Carbonate	ncbi_mesh	1	1	PMC7029865
Chemical	MESH:D000109	Acetylcholine	ncbi_mesh	1	1	PMC7029865
Chemical	MESH:D014325	Tromethamine	ncbi_mesh	1	1	PMC7031337
Chemical	MESH:C550258	MLN 8237	ncbi_mesh	1	1	PMC7031935
Chemical	MESH:D009757	Nylons	ncbi_mesh	1	1	PMC7031935
Chemical	MESH:D005682	Gadolinium	ncbi_mesh	1	1	PMC7031935
Chemical	MESH:C522973	PI103	ncbi_mesh	1	1	PMC7073166
Chemical	MESH:C059087	2 3-bis(2-methoxy-4-nitro-5-sulfophenyl)-5-((phenylamino)carbonyl)-2H-tetrazolium hydroxide	ncbi_mesh	1	1	PMC7073166
Chemical	MESH:D014213	Tretoquinol	ncbi_mesh	1	1	PMC7169429
Chemical	MESH:D006150	Guanine Nucleotides	ncbi_mesh	1	1	PMC7169429
Chemical	MESH:C011865	5-hydroxymethylcytosine	ncbi_mesh	1	1	PMC7317054
Chemical	MESH:D018120	Finasteride	ncbi_mesh	1	1	PMC7397152
Chemical	MESH:D001241	Aspirin	ncbi_mesh	1	1	PMC7397152
Chemical	MESH:C031000	benzimidazole	ncbi_mesh	1	1	PMC7397152
Chemical	MESH:D013024	Soybean Oil	ncbi_mesh	1	1	PMC7397152
Chemical	MESH:D060766	Drinking Water	ncbi_mesh	1	1	PMC7397152
Chemical	MESH:C029310	lard	ncbi_mesh	1	1	PMC7397152
Chemical	MESH:D014439	Tyramine	ncbi_mesh	1	1	PMC7398555
Chemical	MESH:D009655	Octopamine	ncbi_mesh	1	1	PMC7398555
Chemical	MESH:C030358	lauric acid	ncbi_mesh	1	1	PMC7446925
Chemical	MESH:D014001	Tin	ncbi_mesh	1	1	PMC7446925
Chemical	MESH:D000577	Amides	ncbi_mesh	1	1	PMC7446925
Chemical	MESH:D005230	Fatty Acids Nonesterified	ncbi_mesh	1	1	PMC7446925
Chemical	MESH:C008301	lysophosphatidylethanolamine	ncbi_mesh	1	1	PMC7446925
Chemical	MESH:D008244	Lysophosphatidylcholines	ncbi_mesh	1	1	PMC7446925
Chemical	MESH:C054211	9-tetradecenoic acid	ncbi_mesh	1	1	PMC7446925
Chemical	MESH:D003065	Coenzyme A	ncbi_mesh	1	1	PMC7446925
Chemical	MESH:D005994	Glycerophosphates	ncbi_mesh	1	1	PMC7658220
Chemical	MESH:C000595213	polyethylene glycol 400	ncbi_mesh	1	1	PMC7658220
Chemical	MESH:D008739	Methyl Green	ncbi_mesh	1	1	PMC7658220
Chemical	MESH:C554844	plasmocin	ncbi_mesh	1	1	PMC7668446
Chemical	MESH:D019793	Fluorescein	ncbi_mesh	1	1	PMC7690890
Chemical	MESH:D019269	Phosphatidylinositol 4 5-Diphosphate	ncbi_mesh	1	1	PMC7739466
Chemical	MESH:C035906	Fast Green	ncbi_mesh	1	1	PMC7739466
Chemical	MESH:D012821	Silanes	ncbi_mesh	1	1	PMC7890980
Chemical	MESH:D001729	Bismuth	ncbi_mesh	1	1	PMC7952412
Chemical	MESH:D006152	Cyclic GMP	ncbi_mesh	1	1	PMC7952412
Chemical	MESH:D000643	Ammonium Chloride	ncbi_mesh	1	1	PMC7952412
Chemical	MESH:C000590786	lorlatinib	ncbi_mesh	1	1	PMC8071449
Chemical	MESH:C582670	alectinib	ncbi_mesh	1	1	PMC8071449
Chemical	MESH:C552719	PF-4708671	ncbi_mesh	1	1	PMC8071449
Chemical	MESH:D015474	Isotretinoin	ncbi_mesh	1	1	PMC8071449
Chemical	MESH:D000450	Aldosterone	ncbi_mesh	1	1	PMC8144720
Chemical	MESH:D008790	Metoprolol	ncbi_mesh	1	1	PMC8144720
Chemical	MESH:D008676	Metanephrine	ncbi_mesh	1	1	PMC8144720
Chemical	MESH:D012844	Sincalide	ncbi_mesh	1	1	PMC8144720
Chemical	MESH:C080625	taxane	ncbi_mesh	1	1	PMC8150846
Chemical	MESH:D000535	Aluminum	ncbi_mesh	1	1	PMC8370767
Chemical	MESH:C411955	FuGene	ncbi_mesh	1	1	PMC8370767
Chemical	MESH:C020243	calcium phosphate	ncbi_mesh	1	1	PMC8370767
Chemical	MESH:C004468	Alizarin Red S	ncbi_mesh	1	1	PMC8370767
Chemical	MESH:C075889	Racivir	ncbi_mesh	1	1	PMC8395939
Chemical	MESH:C007740	fluorexon	ncbi_mesh	1	1	PMC8447793
Chemical	MESH:D013438	Sulfhydryl Compounds	ncbi_mesh	1	1	PMC8447793
Chemical	MESH:D005708	Gallium	ncbi_mesh	1	1	PMC8447793
Chemical	MESH:C010438	beta-2'-deoxythioguanosine	ncbi_mesh	1	1	PMC8447793
Chemical	MESH:C001337	hexafluoroisopropanol	ncbi_mesh	1	1	PMC8742817
Chemical	MESH:D014535	Uridine Diphosphate Glucuronic Acid	ncbi_mesh	1	1	PMC8959601
Chemical	MESH:D014537	Uridine Diphosphate N-Acetylglucosamine	ncbi_mesh	1	1	PMC8959601
Chemical	MESH:D014531	Uridine Diphosphate Galactose	ncbi_mesh	1	1	PMC8959601
Chemical	MESH:D014544	Uridine Triphosphate	ncbi_mesh	1	1	PMC8959601
Chemical	MESH:C051883	maxacalcitol	ncbi_mesh	1	1	PMC8959601
Chemical	MESH:D001399	Azure Stains	ncbi_mesh	1	1	PMC9013652
Chemical	MESH:C548902	FLLL 32	ncbi_mesh	1	1	PMC9221468
Chemical	MESH:C544261	XAV939	ncbi_mesh	1	1	PMC9221468
Chemical	MESH:C479163	tofacitinib	ncbi_mesh	1	1	PMC9221468
Chemical	MESH:C519751	degrasyn	ncbi_mesh	1	1	PMC9221468
Chemical	MESH:C000596027	baricitinib	ncbi_mesh	1	1	PMC9221468
Chemical	MESH:C528327	fedratinib	ncbi_mesh	1	1	PMC9221468
Chemical	MESH:C038106	cucurbitacin I	ncbi_mesh	1	1	PMC9221468
Chemical	MESH:D019469	Indinavir	ncbi_mesh	1	1	PMC9221468
Chemical	MESH:D009712	Nucleotides Cyclic	ncbi_mesh	1	1	PMC9646701
Chemical	MESH:C092987	Optibond	ncbi_mesh	1	1	PMC9646701
Chemical	MESH:D007978	Levamisole	ncbi_mesh	1	1	PMC9929861
Disease	MESH:D009369	Neoplasms	ncbi_mesh	4932	125	PMC1533846,PMC1550420,PMC1968784,PMC1977874,PMC2150402,PMC2228040,PMC2360140,PMC2376111,PMC2442611,PMC2651892,PMC2766639,PMC2794539,PMC2848976,PMC2858150,PMC3113907,PMC3114747,PMC3130048,PMC3273949,PMC3285665,PMC3316730,PMC3352892,PMC3366948,PMC3447199,PMC3484870,PMC3485222,PMC3492274,PMC3539440,PMC3543849,PMC3554420,PMC3554772,PMC3578816,PMC3589544,PMC3621652,PMC3636093,PMC3647113,PMC3648455,PMC3668138,PMC3776976,PMC3816225,PMC3836801,PMC3950186,PMC3966786,PMC3982616,PMC4022359,PMC4091572,PMC4114630,PMC4178206,PMC4355981,PMC4404347,PMC4453732,PMC4492820,PMC4615033,PMC4629113,PMC4714971,PMC4762531,PMC4884927,PMC4892608,PMC4932877,PMC4958313,PMC5087121,PMC5302981,PMC5305101,PMC5308618,PMC5332555,PMC5369315,PMC5498998,PMC5527484,PMC555742,PMC5579334,PMC5583477,PMC5605987,PMC5641092,PMC5804031,PMC5827037,PMC5908872,PMC5978249,PMC5980157,PMC5996849,PMC6049873,PMC6101293,PMC6115972,PMC6168575,PMC6411871,PMC6617392,PMC6687785,PMC6718590,PMC6770187,PMC6776898,PMC6819083,PMC6961243,PMC7029865,PMC7031337,PMC7031935,PMC7073166,PMC7169429,PMC7305302,PMC7310532,PMC7317054,PMC7326958,PMC7397152,PMC7398555,PMC7446925,PMC7658220,PMC7668446,PMC7690890,PMC7738992,PMC7890980,PMC7906369,PMC7952412,PMC8038069,PMC8071449,PMC8144720,PMC8150846,PMC8172195,PMC8370767,PMC8395939,PMC8447793,PMC8469245,PMC8705852,PMC8742817,PMC8959601,PMC9013652,PMC9184558,PMC9221468,PMC9929861
Disease	MESH:D018319	Neurofibrosarcoma	ncbi_mesh	2103	36	PMC3113907,PMC3273949,PMC3484870,PMC3539440,PMC3578816,PMC3648455,PMC4022359,PMC4492820,PMC4884927,PMC4958313,PMC5302981,PMC5332555,PMC5579334,PMC5978249,PMC5996849,PMC6168575,PMC6718590,PMC6770187,PMC6819083,PMC7031337,PMC7031935,PMC7305302,PMC7317054,PMC7326958,PMC7397152,PMC7658220,PMC7906369,PMC7952412,PMC8038069,PMC8150846,PMC8172195,PMC8447793,PMC8742817,PMC8959601,PMC9221468,PMC9929861
Disease		tumourigenesis		1005	110	PMC1533846,PMC1550420,PMC2360140,PMC2376111,PMC2442611,PMC2651892,PMC2794539,PMC2848976,PMC2858150,PMC3039570,PMC3113907,PMC3114747,PMC3273949,PMC3285665,PMC3352892,PMC3366948,PMC3447199,PMC3484870,PMC3485222,PMC3539440,PMC3543849,PMC3554420,PMC3554772,PMC3621652,PMC3636093,PMC3647113,PMC3648455,PMC3668138,PMC3704242,PMC3776976,PMC3816225,PMC3836801,PMC3885720,PMC3966786,PMC3982616,PMC4022359,PMC4091572,PMC4114630,PMC4178206,PMC4355981,PMC4453732,PMC4492820,PMC4714971,PMC4762531,PMC4823759,PMC4823762,PMC4884927,PMC4932877,PMC4958313,PMC5087121,PMC5302981,PMC5308618,PMC5369315,PMC5498998,PMC5527484,PMC555742,PMC5579334,PMC5583477,PMC5605987,PMC5641092,PMC5804031,PMC5827037,PMC5908872,PMC5978249,PMC5980157,PMC5996849,PMC6049873,PMC6101293,PMC6115972,PMC6168575,PMC6411871,PMC6617392,PMC6687785,PMC6718590,PMC6770187,PMC6776898,PMC6819083,PMC6961243,PMC7031935,PMC7073166,PMC7169429,PMC7305302,PMC7310532,PMC7317054,PMC7326958,PMC7397152,PMC7398555,PMC7446925,PMC7668446,PMC7690890,PMC7738992,PMC7739466,PMC7890980,PMC7952412,PMC7980331,PMC8038069,PMC8071449,PMC8144720,PMC8150846,PMC8172195,PMC8370767,PMC8395939,PMC8469245,PMC8705852,PMC8742817,PMC8959601,PMC9013652,PMC9184558,PMC9221468,PMC9929861
Disease	MESH:D008545	Melanoma	ncbi_mesh	787	41	PMC1550420,PMC2186870,PMC2442611,PMC2651892,PMC2794539,PMC2848976,PMC3114747,PMC3130048,PMC3285665,PMC3447199,PMC3485222,PMC3554420,PMC3636093,PMC3647113,PMC3648455,PMC3668138,PMC3966786,PMC4022359,PMC4178206,PMC4355981,PMC4404347,PMC4932877,PMC5087121,PMC5305101,PMC5308618,PMC5527484,PMC555742,PMC5579334,PMC5641092,PMC5978249,PMC6101293,PMC6411871,PMC6617392,PMC6687785,PMC6770187,PMC7169429,PMC7668446,PMC7738992,PMC7952412,PMC8395939,PMC9929861
Disease	MESH:D015179	Colorectal Neoplasms	ncbi_mesh	469	34	PMC1550420,PMC2360140,PMC2376111,PMC2442611,PMC2651892,PMC2794539,PMC3130048,PMC3285665,PMC3485222,PMC3543849,PMC3589544,PMC3636093,PMC3816225,PMC4114630,PMC4178206,PMC4453732,PMC4629113,PMC4762531,PMC5087121,PMC5308618,PMC5498998,PMC5579334,PMC5583477,PMC5978249,PMC5996849,PMC6101293,PMC6617392,PMC6687785,PMC6770187,PMC6776898,PMC7326958,PMC7397152,PMC7952412,PMC8370767
Disease	MESH:D009455	Neurofibroma	ncbi_mesh	436	44	PMC2858150,PMC3113907,PMC3273949,PMC3484870,PMC3492274,PMC3539440,PMC3648455,PMC3836801,PMC4091572,PMC4492820,PMC4884927,PMC4958313,PMC5302981,PMC5332555,PMC5579334,PMC5978249,PMC6168575,PMC6301684,PMC6770187,PMC7029865,PMC7031337,PMC7031935,PMC7073166,PMC7305302,PMC7317054,PMC7326958,PMC7397152,PMC7398555,PMC7446925,PMC7658220,PMC7890980,PMC7906369,PMC7952412,PMC8038069,PMC8144720,PMC8150846,PMC8172195,PMC8447793,PMC8705852,PMC8742817,PMC8959601,PMC9221468,PMC9646701,PMC9929861
Disease	MESH:D001321	Autistic Disorder	ncbi_mesh	398	7	PMC3885720,PMC5605987,PMC5804031,PMC7739466,PMC7952412,PMC8469245,PMC9646701
Disease	MESH:D009447	Neuroblastoma	ncbi_mesh	342	20	PMC1533846,PMC2360140,PMC2376111,PMC2442611,PMC2615028,PMC3024950,PMC3578816,PMC3589544,PMC3636093,PMC3836801,PMC4091572,PMC4355981,PMC5305101,PMC5369315,PMC5641092,PMC6049873,PMC6101293,PMC7397152,PMC8071449,PMC8144720
Disease	MESH:D018318	Neurofibroma Plexiform	ncbi_mesh	306	31	PMC3113907,PMC3273949,PMC3484870,PMC3539440,PMC3648455,PMC4492820,PMC4884927,PMC4958313,PMC5302981,PMC5332555,PMC5579334,PMC5978249,PMC5996849,PMC6168575,PMC6718590,PMC6819083,PMC7031337,PMC7031935,PMC7073166,PMC7305302,PMC7317054,PMC7658220,PMC7906369,PMC7952412,PMC8038069,PMC8144720,PMC8150846,PMC8172195,PMC8959601,PMC9221468,PMC9929861
Disease	MESH:D000067877	Autism Spectrum Disorder	ncbi_mesh	275	10	PMC3704242,PMC3885720,PMC5605987,PMC5804031,PMC6819083,PMC6961243,PMC7398555,PMC7739466,PMC7980331,PMC8469245
Disease	MESH:D008175	Lung Neoplasms	ncbi_mesh	217	21	PMC1550420,PMC1977239,PMC2442611,PMC3285665,PMC3316730,PMC3554420,PMC3621652,PMC3636093,PMC3776976,PMC4114630,PMC4355981,PMC4453732,PMC5087121,PMC5308618,PMC6049873,PMC6101293,PMC6617392,PMC7169429,PMC7326958,PMC7906369,PMC9013652
Disease	MESH:D005909	Glioblastoma	ncbi_mesh	216	28	PMC1533846,PMC1550420,PMC3130048,PMC3316730,PMC3484870,PMC3578816,PMC3636093,PMC4022359,PMC4355981,PMC4404347,PMC4884927,PMC5087121,PMC5332555,PMC5641092,PMC5980157,PMC6101293,PMC6687785,PMC6770187,PMC7073166,PMC7397152,PMC7668446,PMC7690890,PMC7738992,PMC8370767,PMC8447793,PMC8742817,PMC9013652,PMC9221468
Disease	MESH:D009362	Neoplasm Metastasis	ncbi_mesh	213	47	PMC1977239,PMC2442611,PMC2794539,PMC2848976,PMC3113907,PMC3114747,PMC3130048,PMC3285665,PMC3352892,PMC3447199,PMC3485222,PMC3543849,PMC3554420,PMC3648455,PMC3668138,PMC3816225,PMC3966786,PMC4114630,PMC4355981,PMC4492820,PMC4762531,PMC4884927,PMC4932877,PMC5302981,PMC5527484,PMC5641092,PMC5827037,PMC5980157,PMC6115972,PMC6411871,PMC6617392,PMC6718590,PMC7031337,PMC7031935,PMC7169429,PMC7310532,PMC7317054,PMC7326958,PMC7738992,PMC7952412,PMC8038069,PMC8071449,PMC8150846,PMC8395939,PMC8447793,PMC9013652,PMC9929861
Disease	MESH:D012509	Sarcoma	ncbi_mesh	195	27	PMC3113907,PMC3273949,PMC3352892,PMC3539440,PMC3578816,PMC3636093,PMC3648455,PMC4022359,PMC4404347,PMC4492820,PMC4884927,PMC5302981,PMC5332555,PMC5579334,PMC5978249,PMC5996849,PMC6718590,PMC7031935,PMC7073166,PMC7317054,PMC7397152,PMC7952412,PMC8038069,PMC8150846,PMC8370767,PMC8742817,PMC9929861
Disease	MESH:D005910	Glioma	ncbi_mesh	186	20	PMC2858150,PMC3484870,PMC3982616,PMC4884927,PMC5302981,PMC5332555,PMC5980157,PMC6101293,PMC6168575,PMC6687785,PMC7029865,PMC7305302,PMC7326958,PMC7397152,PMC7668446,PMC7690890,PMC7738992,PMC8370767,PMC8742817,PMC8959601
Disease	MESH:D001943	Breast Neoplasms	ncbi_mesh	167	43	PMC1533846,PMC1550420,PMC2376111,PMC2442611,PMC2794539,PMC3130048,PMC3316730,PMC3352892,PMC3447199,PMC3578816,PMC3636093,PMC3648455,PMC3776976,PMC4114630,PMC4178206,PMC4355981,PMC4762531,PMC4932877,PMC5087121,PMC5302981,PMC5305101,PMC5308618,PMC5498998,PMC5527484,PMC555742,PMC5641092,PMC5804031,PMC5908872,PMC5980157,PMC6049873,PMC6101293,PMC6115972,PMC6687785,PMC6718590,PMC6770187,PMC7073166,PMC7310532,PMC7326958,PMC7397152,PMC7906369,PMC8150846,PMC8370767,PMC8395939
Disease	MESH:D010190	Pancreatic Neoplasms	ncbi_mesh	159	16	PMC1968784,PMC1977874,PMC3130048,PMC3352892,PMC3554420,PMC3636093,PMC4453732,PMC4629113,PMC5302981,PMC5579334,PMC5827037,PMC5978249,PMC6687785,PMC6770187,PMC7326958,PMC8150846
Disease	MESH:D002289	Carcinoma Non-Small-Cell Lung	ncbi_mesh	154	12	PMC2150402,PMC3554420,PMC3621652,PMC3636093,PMC4114630,PMC5302981,PMC5308618,PMC555742,PMC6049873,PMC6770187,PMC9013652,PMC9221468
Disease	MESH:D010524	Peripheral Nervous System Neoplasms	ncbi_mesh	139	16	PMC3484870,PMC3539440,PMC3836801,PMC3982616,PMC4091572,PMC4492820,PMC5996849,PMC6770187,PMC7073166,PMC7305302,PMC7326958,PMC7738992,PMC8038069,PMC8447793,PMC8959601,PMC9929861
Disease	MESH:D009456	Neurofibromatosis 1	ncbi_mesh	129	46	PMC2858150,PMC3273949,PMC3484870,PMC3492274,PMC3539440,PMC3578816,PMC3648455,PMC3836801,PMC4091572,PMC4492820,PMC4615033,PMC4714971,PMC4823759,PMC4823762,PMC4884927,PMC4958313,PMC5302981,PMC5579334,PMC5980157,PMC5996849,PMC6101293,PMC6168575,PMC6301684,PMC6617392,PMC6718590,PMC6770187,PMC6819083,PMC6961243,PMC7073166,PMC7305302,PMC7317054,PMC7397152,PMC7446925,PMC7658220,PMC7668446,PMC7690890,PMC7906369,PMC8038069,PMC8144720,PMC8150846,PMC8172195,PMC8370767,PMC8447793,PMC9221468,PMC9646701,PMC9929861
Disease	MESH:D064420	Drug-Related Side Effects and Adverse Reactions	ncbi_mesh	113	28	PMC2376111,PMC2442611,PMC3352892,PMC3554420,PMC3554772,PMC3578816,PMC3621652,PMC3836801,PMC3885720,PMC4114630,PMC5302981,PMC5305101,PMC5308618,PMC5332555,PMC555742,PMC5579334,PMC5641092,PMC5978249,PMC6168575,PMC6411871,PMC6617392,PMC6819083,PMC7073166,PMC7169429,PMC7397152,PMC7658220,PMC7668446,PMC9221468
Disease	MESH:D018307	Neoplasms Squamous Cell	ncbi_mesh	113	3	PMC3776976,PMC7169429,PMC7952412
Disease	MESH:C535700	Malignant mesenchymal tumor	ncbi_mesh	112	2	PMC8071449,PMC8370767
Disease	MESH:D028361	Mitochondrial Diseases	ncbi_mesh	108	3	PMC3885720,PMC5804031,PMC7446925
Disease	MESH:D008223	Lymphoma	ncbi_mesh	107	13	PMC1533846,PMC1550420,PMC2442611,PMC2794539,PMC3554772,PMC3950186,PMC4404347,PMC5641092,PMC5804031,PMC5908872,PMC6049873,PMC7310532,PMC7397152
Disease	MESH:D054218	Precursor T-Cell Lymphoblastic Leukemia-Lymphoma	ncbi_mesh	100	6	PMC3130048,PMC3316730,PMC3366948,PMC3554772,PMC3636093,PMC5980157
Disease	MESH:D009837	Oligodendroglioma	ncbi_mesh	96	3	PMC1533846,PMC7738992,PMC8742817
Disease	MESH:D063646	Carcinogenesis	ncbi_mesh	86	34	PMC1533846,PMC1550420,PMC2360140,PMC2442611,PMC2651892,PMC3273949,PMC3484870,PMC3589544,PMC3621652,PMC3636093,PMC3648455,PMC3966786,PMC4022359,PMC4114630,PMC4355981,PMC4615033,PMC4714971,PMC4958313,PMC5087121,PMC5302981,PMC5332555,PMC555742,PMC6049873,PMC6101293,PMC6115972,PMC6770187,PMC7031337,PMC7031935,PMC7690890,PMC7906369,PMC8150846,PMC8395939,PMC8447793,PMC9221468
Disease	MESH:D053842	Microsatellite Instability	ncbi_mesh	71	5	PMC1550420,PMC3816225,PMC5498998,PMC5583477,PMC6617392
Disease	MESH:D001932	Brain Neoplasms	ncbi_mesh	70	20	PMC3484870,PMC3816225,PMC4114630,PMC4355981,PMC4404347,PMC4492820,PMC4884927,PMC5369315,PMC5498998,PMC5641092,PMC5980157,PMC6411871,PMC6687785,PMC7310532,PMC7738992,PMC7980331,PMC8370767,PMC8742817,PMC8959601,PMC9013652
Disease	MESH:D018317	Nerve Sheath Neoplasms	ncbi_mesh	68	20	PMC3273949,PMC3352892,PMC3484870,PMC3492274,PMC3539440,PMC3648455,PMC4091572,PMC4492820,PMC4884927,PMC4958313,PMC5332555,PMC5996849,PMC6168575,PMC7305302,PMC7317054,PMC7906369,PMC7952412,PMC8150846,PMC9221468,PMC9929861
Disease	MESH:D001289	Attention Deficit Disorder with Hyperactivity	ncbi_mesh	66	4	PMC3982616,PMC6819083,PMC6961243,PMC7398555
Disease	MESH:D030342	Genetic Diseases Inborn	ncbi_mesh	65	32	PMC3484870,PMC3492274,PMC3704242,PMC3836801,PMC3982616,PMC4091572,PMC4615033,PMC4958313,PMC5308618,PMC5332555,PMC5804031,PMC5996849,PMC6168575,PMC6770187,PMC6819083,PMC6961243,PMC7031337,PMC7031935,PMC7073166,PMC7305302,PMC7398555,PMC7446925,PMC7658220,PMC7739466,PMC7890980,PMC8144720,PMC8150846,PMC8172195,PMC8370767,PMC8705852,PMC8959601,PMC9221468
Disease	MESH:D065646	Thyroid Carcinoma Anaplastic	ncbi_mesh	63	3	PMC2360140,PMC2651892,PMC3352892
Disease	MESH:D011471	Prostatic Neoplasms	ncbi_mesh	60	13	PMC2442611,PMC2794539,PMC3316730,PMC3636093,PMC3950186,PMC4932877,PMC5087121,PMC5641092,PMC5978249,PMC6115972,PMC7073166,PMC7326958,PMC9013652
Disease	MESH:D001254	Astrocytoma	ncbi_mesh	58	9	PMC3484870,PMC3636093,PMC3982616,PMC4958313,PMC6168575,PMC7397152,PMC7738992,PMC8705852,PMC8742817
Disease	MESH:D007516	Adenoma Islet Cell	ncbi_mesh	57	3	PMC3816225,PMC4492820,PMC5498998
Disease	MESH:D019080	Cafe-au-Lait Spots	ncbi_mesh	50	14	PMC3484870,PMC3492274,PMC4958313,PMC5302981,PMC6168575,PMC6301684,PMC6770187,PMC7398555,PMC7446925,PMC7890980,PMC7952412,PMC8144720,PMC8172195,PMC8705852
Disease	MESH:D056770	Netherton Syndrome	ncbi_mesh	49	1	PMC3621652
Disease	MESH:D002658	Developmental Disabilities	ncbi_mesh	48	9	PMC3704242,PMC3885720,PMC5605987,PMC6168575,PMC6819083,PMC6961243,PMC7398555,PMC7739466,PMC7980331
Disease	MESH:D018450	Disease Progression	ncbi_mesh	48	1	PMC6617392
Disease	MESH:D007938	Leukemia	ncbi_mesh	47	20	PMC1533846,PMC2858150,PMC3285665,PMC3366948,PMC3484870,PMC3554772,PMC3589544,PMC3636093,PMC3950186,PMC3966786,PMC4714971,PMC4958313,PMC5087121,PMC5302981,PMC5579334,PMC5804031,PMC5908872,PMC6049873,PMC6687785,PMC7397152
Disease	MESH:D003643	Death	ncbi_mesh	46	26	PMC2794539,PMC3484870,PMC3492274,PMC3543849,PMC3554772,PMC3648455,PMC3776976,PMC4453732,PMC4492820,PMC4892608,PMC4958313,PMC5332555,PMC5527484,PMC6101293,PMC6301684,PMC6617392,PMC6718590,PMC7031935,PMC7073166,PMC7326958,PMC7397152,PMC8038069,PMC8071449,PMC8395939,PMC8469245,PMC8742817
Disease	MESH:D020339	Optic Nerve Glioma	ncbi_mesh	44	17	PMC2858150,PMC3484870,PMC3982616,PMC4884927,PMC4958313,PMC6168575,PMC6770187,PMC6819083,PMC7073166,PMC7397152,PMC7398555,PMC7952412,PMC7980331,PMC8144720,PMC8705852,PMC8959601,PMC9646701
Disease	MESH:D007239	Infections	ncbi_mesh	44	11	PMC3352892,PMC3492274,PMC3950186,PMC4114630,PMC5302981,PMC5305101,PMC6049873,PMC6718590,PMC7169429,PMC7658220,PMC8370767
Disease	MESH:D001766	Blindness	ncbi_mesh	44	1	PMC7980331
Disease	MESH:D016393	Lymphoma B-Cell	ncbi_mesh	43	5	PMC1550420,PMC2442611,PMC3554772,PMC3636093,PMC5908872
Disease	MESH:D013964	Thyroid Neoplasms	ncbi_mesh	43	6	PMC2360140,PMC2651892,PMC3636093,PMC4022359,PMC7397152,PMC8395939
Disease	MESH:D007859	Learning Disabilities	ncbi_mesh	43	17	PMC3484870,PMC3836801,PMC3982616,PMC4091572,PMC4714971,PMC4958313,PMC5605987,PMC6168575,PMC6301684,PMC6770187,PMC6819083,PMC6961243,PMC7029865,PMC7398555,PMC7446925,PMC8172195,PMC9646701
Disease	MESH:D018358	Neuroendocrine Tumors	ncbi_mesh	42	5	PMC3485222,PMC5498998,PMC5827037,PMC6049873,PMC6687785
Disease	MESH:D002292	Carcinoma Renal Cell	ncbi_mesh	42	8	PMC3636093,PMC3885720,PMC4404347,PMC5087121,PMC5804031,PMC7169429,PMC8395939,PMC8742817
Disease	MESH:D003110	Colonic Neoplasms	ncbi_mesh	40	9	PMC2376111,PMC3316730,PMC3543849,PMC3816225,PMC3966786,PMC4114630,PMC4762531,PMC555742,PMC5583477
Disease	MESH:D012516	Osteosarcoma	ncbi_mesh	40	7	PMC2794539,PMC3316730,PMC3554772,PMC3636093,PMC4892608,PMC7326958,PMC9221468
Disease	MESH:D007249	Inflammation	ncbi_mesh	38	14	PMC2858150,PMC3492274,PMC3543849,PMC3648455,PMC5583477,PMC5641092,PMC5804031,PMC6617392,PMC6687785,PMC7029865,PMC7397152,PMC8395939,PMC8469245,PMC8959601
Disease	MESH:D009336	Necrosis	ncbi_mesh	37	12	PMC3352892,PMC3484870,PMC3578816,PMC4492820,PMC5332555,PMC5641092,PMC5980157,PMC7073166,PMC7738992,PMC7952412,PMC8370767,PMC8742817
Disease	MESH:D006394	Hemangiosarcoma	ncbi_mesh	36	4	PMC3636093,PMC4022359,PMC4492820,PMC4892608
Disease	MESH:D064726	Triple Negative Breast Neoplasms	ncbi_mesh	36	3	PMC7310532,PMC8395939,PMC8447793
Disease	MESH:D010051	Ovarian Neoplasms	ncbi_mesh	32	14	PMC1533846,PMC2376111,PMC3285665,PMC3966786,PMC4355981,PMC4453732,PMC5087121,PMC5579334,PMC6101293,PMC6687785,PMC7326958,PMC7952412,PMC8395939,PMC8447793
Disease	MESH:D001039	Aphasia Broca	ncbi_mesh	32	2	PMC2766639,PMC6961243
Disease	MESH:D008607	Intellectual Disability	ncbi_mesh	32	4	PMC3704242,PMC5605987,PMC7739466,PMC8469245
Disease	MESH:D018980	Williams Syndrome	ncbi_mesh	32	2	PMC3704242,PMC7980331
Disease	MESH:D000230	Adenocarcinoma	ncbi_mesh	31	10	PMC2150402,PMC3130048,PMC3352892,PMC3621652,PMC3776976,PMC4114630,PMC4404347,PMC6049873,PMC6687785,PMC7310532
Disease	MESH:D008080	Liposarcoma	ncbi_mesh	31	2	PMC3352892,PMC4022359
Disease	MESH:D003072	Cognition Disorders	ncbi_mesh	31	14	PMC3484870,PMC3836801,PMC3982616,PMC4091572,PMC5302981,PMC5605987,PMC5804031,PMC6168575,PMC6819083,PMC6961243,PMC7029865,PMC7398555,PMC7446925,PMC8469245
Disease	MESH:D018208	Liposarcoma Myxoid	ncbi_mesh	31	1	PMC4022359
Disease	MESH:D002277	Carcinoma	ncbi_mesh	30	11	PMC2360140,PMC2651892,PMC3636093,PMC3648455,PMC4022359,PMC6718590,PMC7031337,PMC7031935,PMC7397152,PMC8370767,PMC9929861
Disease	MESH:D016399	Lymphoma T-Cell	ncbi_mesh	28	2	PMC3366948,PMC5908872
Disease	MESH:D007414	Intestinal Neoplasms	ncbi_mesh	26	3	PMC3484870,PMC3485222,PMC5827037
Disease	MESH:D006130	Growth Disorders	ncbi_mesh	26	8	PMC3836801,PMC4091572,PMC5308618,PMC6168575,PMC7446925,PMC7980331,PMC8144720,PMC8172195
Disease	MESH:D009461	Neurologic Manifestations	ncbi_mesh	26	14	PMC3885720,PMC3982616,PMC4884927,PMC5804031,PMC5980157,PMC6776898,PMC6961243,PMC7029865,PMC7305302,PMC7398555,PMC7980331,PMC8172195,PMC8469245,PMC9646701
Disease	MESH:D017253	Neurofibromatoses	ncbi_mesh	25	14	PMC3113907,PMC3492274,PMC4492820,PMC4714971,PMC4958313,PMC5978249,PMC6101293,PMC6770187,PMC6819083,PMC7305302,PMC7317054,PMC7658220,PMC8150846,PMC8959601
Disease	MESH:D006948	Hyperkinesis	ncbi_mesh	25	6	PMC3982616,PMC5804031,PMC6819083,PMC6961243,PMC7398555,PMC8469245
Disease	MESH:D018316	Gliosarcoma	ncbi_mesh	25	1	PMC8742817
Disease	MESH:D000092182	Calcinosis Cutis	ncbi_mesh	24	15	PMC2442611,PMC2794539,PMC3485222,PMC3554420,PMC3668138,PMC4492820,PMC5305101,PMC5527484,PMC5579334,PMC6115972,PMC6411871,PMC6617392,PMC6718590,PMC7169429,PMC7326958
Disease	MESH:C565170	Complement Component C1s Deficiency	ncbi_mesh	24	2	PMC3636093,PMC7031935
Disease	MESH:D006528	Carcinoma Hepatocellular	ncbi_mesh	23	13	PMC1550420,PMC3316730,PMC3352892,PMC3539440,PMC3554772,PMC3776976,PMC4022359,PMC4355981,PMC6115972,PMC6687785,PMC7073166,PMC7169429,PMC7310532
Disease	MESH:D001523	Mental Disorders	ncbi_mesh	23	9	PMC3589544,PMC3885720,PMC3982616,PMC5605987,PMC5804031,PMC6961243,PMC7029865,PMC7398555,PMC8469245
Disease	MESH:D020233	Gait Disorders Neurologic	ncbi_mesh	23	3	PMC3982616,PMC5980157,PMC7980331
Disease	MESH:D007174	Disruptive Impulse Control and Conduct Disorders	ncbi_mesh	23	3	PMC5605987,PMC6819083,PMC6961243
Disease	MESH:D002869	Chromosome Aberrations	ncbi_mesh	22	8	PMC2651892,PMC3114747,PMC3704242,PMC5087121,PMC5305101,PMC7317054,PMC7952412,PMC9013652
Disease	MESH:D006965	Hyperplasia	ncbi_mesh	22	7	PMC3484870,PMC3492274,PMC3539440,PMC4714971,PMC4884927,PMC5332555,PMC6168575
Disease	MESH:D015430	Weight Gain	ncbi_mesh	22	1	PMC7317054
Disease	MESH:D005600	Fragile X Syndrome	ncbi_mesh	22	2	PMC7739466,PMC8705852
Disease	MESH:D043171	Chromosomal Instability	ncbi_mesh	21	3	PMC3816225,PMC5498998,PMC7690890
Disease	MESH:D008207	Lymphatic Metastasis	ncbi_mesh	20	7	PMC2794539,PMC3352892,PMC3816225,PMC4762531,PMC5827037,PMC8395939,PMC9013652
Disease	MESH:D015464	Leukemia Myelogenous Chronic BCR-ABL Positive	ncbi_mesh	20	8	PMC2848976,PMC3316730,PMC3636093,PMC4114630,PMC4355981,PMC555742,PMC6770187,PMC7658220
Disease	MESH:D013584	Sarcoma Synovial	ncbi_mesh	20	5	PMC3636093,PMC4022359,PMC5087121,PMC6718590,PMC7952412
Disease	MESH:D020511	Neuromuscular Junction Diseases	ncbi_mesh	20	2	PMC3836801,PMC4091572
Disease	MESH:C535650	Gastro-enteropancreatic neuroendocrine tumor	ncbi_mesh	20	1	PMC5827037
Disease	MESH:D055752	Small Cell Lung Carcinoma	ncbi_mesh	19	5	PMC1977239,PMC4114630,PMC4355981,PMC6049873,PMC9013652
Disease	MESH:D002471	Cell Transformation Neoplastic	ncbi_mesh	19	6	PMC2858150,PMC3352892,PMC6411871,PMC7310532,PMC8370767,PMC9013652
Disease	OMIM:613983	613983	omim	18	3	PMC3285665,PMC3966786,PMC6687785
Disease	MESH:D013274	Stomach Neoplasms	ncbi_mesh	18	5	PMC3485222,PMC3636093,PMC4355981,PMC6770187,PMC8395939
Disease	MESH:C565160	Delayed Cranial Ossification due to CBFB Haploinsufficiency	ncbi_mesh	17	1	PMC2858150
Disease	MESH:D006973	Hypertension	ncbi_mesh	17	5	PMC3492274,PMC6168575,PMC6770187,PMC7658220,PMC8144720
Disease	MESH:D000077192	Adenocarcinoma of Lung	ncbi_mesh	17	6	PMC5308618,PMC6049873,PMC6115972,PMC6770187,PMC8370767,PMC9013652
Disease	MESH:D008579	Meningioma	ncbi_mesh	16	3	PMC2228040,PMC6101293,PMC6617392
Disease	MESH:D020271	Heredodegenerative Disorders Nervous System	ncbi_mesh	16	4	PMC4884927,PMC7029865,PMC7980331,PMC8447793
Disease	MESH:C565217	Seborrhea-Like Dermatitis with Psoriasiform Elements	ncbi_mesh	16	1	PMC5087121
Disease	MESH:D000860	Hypoxia	ncbi_mesh	15	6	PMC2360140,PMC2794539,PMC3668138,PMC3982616,PMC5980157,PMC9013652
Disease	MESH:D002294	Carcinoma Squamous Cell	ncbi_mesh	15	10	PMC2848976,PMC3352892,PMC3621652,PMC3636093,PMC3776976,PMC4114630,PMC5641092,PMC6049873,PMC6770187,PMC8370767
Disease	MESH:D007153	Immunologic Deficiency Syndromes	ncbi_mesh	15	9	PMC3130048,PMC3836801,PMC5302981,PMC5308618,PMC5980157,PMC6301684,PMC7031935,PMC7073166,PMC9184558
Disease	MESH:C567588	Corneal Dystrophy Lisch Epithelial	ncbi_mesh	15	11	PMC3484870,PMC4958313,PMC5302981,PMC6168575,PMC6770187,PMC7446925,PMC7890980,PMC7952412,PMC8144720,PMC8172195,PMC8705852
Disease	MESH:D005935	Glucagonoma	ncbi_mesh	15	3	PMC4492820,PMC5978249,PMC8038069
Disease	OMIM:601308	601308	omim	14	9	PMC2858150,PMC5498998,PMC6101293,PMC7169429,PMC7317054,PMC7690890,PMC8959601,PMC9184558,PMC9929861
Disease	MESH:D020210	Central Cord Syndrome	ncbi_mesh	14	1	PMC3039570
Disease	MESH:D006331	Heart Diseases	ncbi_mesh	14	8	PMC3130048,PMC3484870,PMC3885720,PMC4629113,PMC4714971,PMC6961243,PMC7446925,PMC8144720
Disease	MESH:D015470	Leukemia Myeloid Acute	ncbi_mesh	14	7	PMC3366948,PMC3543849,PMC3636093,PMC5579334,PMC5908872,PMC6101293,PMC8447793
Disease	MESH:D019958	Attention Deficit and Disruptive Behavior Disorders	ncbi_mesh	14	6	PMC3982616,PMC6168575,PMC6961243,PMC7398555,PMC7980331,PMC8959601
Disease	MESH:D044584	Carcinoma Ductal	ncbi_mesh	14	2	PMC4355981,PMC7310532
Disease	MESH:D018295	Neoplasms Basal Cell	ncbi_mesh	14	2	PMC4355981,PMC8395939
Disease	MESH:D001847	Bone Diseases	ncbi_mesh	14	8	PMC4958313,PMC5302981,PMC6770187,PMC6819083,PMC7890980,PMC8144720,PMC8172195,PMC8705852
Disease	MESH:C000598645	Spheroid body myopathy	ncbi_mesh	14	2	PMC7031935,PMC8395939
Disease	MESH:D000077273	Thyroid Cancer Papillary	ncbi_mesh	13	5	PMC1550420,PMC2360140,PMC2651892,PMC8071449,PMC8395939
Disease	MESH:D025063	Chromosome Disorders	ncbi_mesh	13	6	PMC1550420,PMC3704242,PMC3836801,PMC4091572,PMC7317054,PMC8071449
Disease	MESH:D002291	Carcinoma Papillary	ncbi_mesh	13	2	PMC2360140,PMC2651892
Disease	MESH:D011472	Prostatitis	ncbi_mesh	13	8	PMC3285665,PMC3316730,PMC3352892,PMC3589544,PMC3966786,PMC5087121,PMC6115972,PMC7738992
Disease	MESH:D019337	Hematologic Neoplasms	ncbi_mesh	13	6	PMC3366948,PMC3636093,PMC4714971,PMC555742,PMC5908872,PMC6687785
Disease	MESH:D029424	Pulmonary Disease Chronic Obstructive	ncbi_mesh	13	1	PMC3621652
Disease	MESH:D054364	Solitary Fibrous Tumors	ncbi_mesh	13	2	PMC3636093,PMC4022359
Disease	MESH:D004832	Epilepsy Absence	ncbi_mesh	13	1	PMC3704242
Disease	MESH:D008224	Lymphoma Follicular	ncbi_mesh	13	2	PMC3836801,PMC8742817
Disease	MESH:D000077195	Squamous Cell Carcinoma of Head and Neck	ncbi_mesh	13	4	PMC4355981,PMC5527484,PMC6687785,PMC7169429
Disease	MESH:D019973	Alcohol-Related Disorders	ncbi_mesh	13	2	PMC4714971,PMC9646701
Disease	MESH:C535673	Acute erythroleukemia	ncbi_mesh	13	2	PMC5498998,PMC6617392
Disease	MESH:D010673	Pheochromocytoma	ncbi_mesh	12	10	PMC2858150,PMC3484870,PMC3836801,PMC4958313,PMC5804031,PMC6101293,PMC6168575,PMC7397152,PMC7890980,PMC8144720
Disease	MESH:D012878	Skin Neoplasms	ncbi_mesh	12	9	PMC3114747,PMC3447199,PMC3554420,PMC5641092,PMC6101293,PMC6411871,PMC6770187,PMC7169429,PMC9929861
Disease	MESH:D015431	Weight Loss	ncbi_mesh	12	9	PMC3352892,PMC4492820,PMC4958313,PMC5980157,PMC6718590,PMC7397152,PMC7446925,PMC8370767,PMC8959601
Disease	MESH:D054198	Precursor Cell Lymphoblastic Leukemia-Lymphoma	ncbi_mesh	12	7	PMC3366948,PMC3554772,PMC3636093,PMC555742,PMC5908872,PMC6049873,PMC6770187
Disease	MESH:D020964	Embryo Loss	ncbi_mesh	12	4	PMC3492274,PMC4714971,PMC4958313,PMC7980331
Disease	MESH:D016518	Neurofibromatosis 2	ncbi_mesh	12	2	PMC4492820,PMC7305302
Disease	MESH:D008548	Melanosis	ncbi_mesh	12	7	PMC5302981,PMC6301684,PMC6770187,PMC7446925,PMC7952412,PMC8144720,PMC8172195
Disease	MESH:D007890	Leiomyosarcoma	ncbi_mesh	11	7	PMC3352892,PMC3636093,PMC4022359,PMC6718590,PMC7397152,PMC7952412,PMC8742817
Disease	MESH:D010859	Pigmentation Disorders	ncbi_mesh	11	5	PMC3484870,PMC3492274,PMC4714971,PMC5605987,PMC6168575
Disease	MESH:D016750	Stiff-Person Syndrome	ncbi_mesh	11	2	PMC3484870,PMC3982616
Disease	MESH:D008228	Lymphoma Non-Hodgkin	ncbi_mesh	11	4	PMC4355981,PMC5908872,PMC6770187,PMC7668446
Disease	MESH:D005355	Fibrosis	ncbi_mesh	11	5	PMC5332555,PMC5641092,PMC7446925,PMC8150846,PMC8959601
Disease	MESH:D061325	Hereditary Breast and Ovarian Cancer Syndrome	ncbi_mesh	10	9	PMC1533846,PMC3130048,PMC3539440,PMC3647113,PMC5087121,PMC5302981,PMC555742,PMC5641092,PMC9221468
Disease	OMIM:614327	614327	omim	10	8	PMC2858150,PMC4492820,PMC7317054,PMC7397152,PMC7906369,PMC8038069,PMC8144720,PMC9929861
Disease	MESH:D002971	Cleft Lip	ncbi_mesh	10	4	PMC3039570,PMC5908872,PMC6687785,PMC8144720
Disease	MESH:D014777	Virus Diseases	ncbi_mesh	10	3	PMC3352892,PMC3950186,PMC5305101
Disease	MESH:D054429	Leukemia Myelomonocytic Juvenile	ncbi_mesh	10	5	PMC3484870,PMC4714971,PMC4823759,PMC4823762,PMC6168575
Disease	MESH:D000013	Congenital Abnormalities	ncbi_mesh	10	3	PMC3704242,PMC3836801,PMC4091572
Disease	MESH:D050723	Fractures Bone	ncbi_mesh	10	4	PMC7031935,PMC7658220,PMC8144720,PMC8172195
Disease	MESH:D004266	DNA Virus Infections	ncbi_mesh	9	3	PMC1550420,PMC3554420,PMC3636093
Disease	MESH:D010195	Pancreatitis	ncbi_mesh	9	5	PMC1977874,PMC3485222,PMC3554772,PMC6687785,PMC8469245
Disease	MESH:D015458	Leukemia T-Cell	ncbi_mesh	9	6	PMC2376111,PMC3130048,PMC3316730,PMC3366948,PMC3554772,PMC3636093
Disease	MESH:D009101	Multiple Myeloma	ncbi_mesh	9	2	PMC2442611,PMC555742
Disease	MESH:D012208	Rhabdomyosarcoma	ncbi_mesh	9	5	PMC3352892,PMC5302981,PMC5369315,PMC5641092,PMC7397152
Disease	MESH:D012559	Schizophrenia	ncbi_mesh	9	4	PMC3447199,PMC3816225,PMC5605987,PMC7029865
Disease	MESH:D002051	Burkitt Lymphoma	ncbi_mesh	9	2	PMC3554420,PMC4355981
Disease	MESH:D004194	Disease	ncbi_mesh	9	6	PMC3704242,PMC5804031,PMC5827037,PMC6617392,PMC7906369,PMC7980331
Disease	MESH:D056685	Costello Syndrome	ncbi_mesh	9	1	PMC3982616
Disease	MESH:C535586	Carnevale syndrome	ncbi_mesh	9	1	PMC4892608
Disease	MESH:D000782	Aneuploidy	ncbi_mesh	9	6	PMC5305101,PMC5369315,PMC5498998,PMC6411871,PMC7317054,PMC7690890
Disease	MESH:D010996	Pleural Effusion	ncbi_mesh	8	3	PMC1977239,PMC4355981,PMC7310532
Disease	MESH:D000072717	Tertiary Lymphoid Structures	ncbi_mesh	8	5	PMC1977239,PMC3816225,PMC7310532,PMC7326958,PMC9013652
Disease	MESH:D013966	Thyroiditis	ncbi_mesh	8	2	PMC2360140,PMC2651892
Disease	MESH:D010554	Personality Disorders	ncbi_mesh	8	4	PMC2794539,PMC5579334,PMC6961243,PMC8370767
Disease	MESH:D046152	Gastrointestinal Stromal Tumors	ncbi_mesh	8	6	PMC2848976,PMC5302981,PMC5332555,PMC6101293,PMC6168575,PMC7397152
Disease	MESH:D005354	Fibrosarcoma	ncbi_mesh	8	5	PMC3352892,PMC3636093,PMC4022359,PMC6718590,PMC7952412
Disease	MESH:D010243	Paralysis	ncbi_mesh	8	3	PMC3539440,PMC4958313,PMC8959601
Disease	MESH:D004938	Esophageal Neoplasms	ncbi_mesh	8	2	PMC3621652,PMC6687785
Disease	MESH:D018323	Hemangioendothelioma Epithelioid	ncbi_mesh	8	1	PMC3636093
Disease	MESH:D000544	Alzheimer Disease	ncbi_mesh	8	4	PMC4629113,PMC6101293,PMC7029865,PMC7169429
Disease	MESH:D018908	Muscle Weakness	ncbi_mesh	8	2	PMC4884927,PMC7446925
Disease	MESH:D016889	Endometrial Neoplasms	ncbi_mesh	8	4	PMC6687785,PMC6770187,PMC7952412,PMC8370767
Disease	MESH:D054220	Malformations of Cortical Development	ncbi_mesh	8	3	PMC7029865,PMC7658220,PMC7739466
Disease	MESH:D018275	Carcinoma Lobular	ncbi_mesh	8	1	PMC7310532
Disease	MESH:D005221	Fatigue	ncbi_mesh	8	1	PMC7446925
Disease	MESH:D018263	Adenocarcinoma Follicular	ncbi_mesh	7	2	PMC2651892,PMC8395939
Disease	MESH:D000072716	Cancer Pain	ncbi_mesh	7	6	PMC2858150,PMC3485222,PMC5996849,PMC7031935,PMC7073166,PMC7952412
Disease	MESH:D057772	Vascular System Injuries	ncbi_mesh	7	5	PMC3352892,PMC3492274,PMC4714971,PMC8144720,PMC8172195
Disease	MESH:D014652	Vascular Diseases	ncbi_mesh	7	3	PMC3492274,PMC3636093,PMC8144720
Disease	MESH:D012512	Sarcoma Ewing	ncbi_mesh	7	2	PMC3636093,PMC5978249
Disease	MESH:D009175	Mycoplasma Infections	ncbi_mesh	7	7	PMC3816225,PMC4823759,PMC4823762,PMC5996849,PMC7031337,PMC8370767,PMC8447793
Disease	MESH:D058627	Megalencephaly	ncbi_mesh	7	5	PMC3982616,PMC5605987,PMC6770187,PMC7029865,PMC8370767
Disease	MESH:D016403	Lymphoma Large B-Cell Diffuse	ncbi_mesh	7	2	PMC4355981,PMC5908872
Disease	OMIM:211750	211750	omim	7	3	PMC4615033,PMC5583477,PMC8959601
Disease	MESH:D011832	Radiation Injuries	ncbi_mesh	7	2	PMC4892608,PMC5308618
Disease	MESH:D016114	Ichthyosis X-Linked	ncbi_mesh	7	1	PMC5827037
Disease	MESH:D012600	Scoliosis	ncbi_mesh	7	3	PMC6168575,PMC6770187,PMC8172195
Disease	MESH:D011125	Adenomatous Polyposis Coli	ncbi_mesh	7	3	PMC7031337,PMC7397152,PMC7690890
Disease	MESH:C572845	Thyroid cancer follicular	ncbi_mesh	7	1	PMC8395939
Disease	MESH:D016543	Central Nervous System Neoplasms	ncbi_mesh	6	6	PMC1533846,PMC4022359,PMC5087121,PMC7031337,PMC7668446,PMC8742817
Disease	MESH:D015451	Leukemia Lymphocytic Chronic B-Cell	ncbi_mesh	6	3	PMC1550420,PMC2360140,PMC3636093
Disease	MESH:C536914	Thyroid cancer medullary	ncbi_mesh	6	2	PMC2651892,PMC8071449
Disease	MESH:C562393	Melanoma Cutaneous Malignant	ncbi_mesh	6	5	PMC2794539,PMC3447199,PMC3554420,PMC3636093,PMC6101293
Disease	MESH:D007951	Leukemia Myeloid	ncbi_mesh	6	5	PMC3366948,PMC3484870,PMC4714971,PMC6101293,PMC6168575
Disease	MESH:D000090362	Mast Cell Activation Disorders	ncbi_mesh	6	4	PMC3447199,PMC3539440,PMC4884927,PMC6168575
Disease	MESH:D010523	Peripheral Nervous System Diseases	ncbi_mesh	6	4	PMC3484870,PMC3539440,PMC6819083,PMC8959601
Disease	MESH:D002276	Carcinoid Tumor	ncbi_mesh	6	2	PMC3485222,PMC5827037
Disease	MESH:D020785	Central Nervous System Vascular Malformations	ncbi_mesh	6	2	PMC3492274,PMC8144720
Disease	MESH:D009386	Neoplastic Syndromes Hereditary	ncbi_mesh	6	5	PMC3492274,PMC3648455,PMC5827037,PMC7397152,PMC9221468
Disease	MESH:C538347	Negative rheumatoid factor polyarthritis	ncbi_mesh	6	1	PMC3543849
Disease	MESH:D012983	Soft Tissue Neoplasms	ncbi_mesh	6	3	PMC3636093,PMC4022359,PMC9929861
Disease	MESH:D001749	Urinary Bladder Neoplasms	ncbi_mesh	6	5	PMC3636093,PMC4022359,PMC5308618,PMC6770187,PMC7906369
Disease	MESH:C536928	Turcot syndrome	ncbi_mesh	6	3	PMC3816225,PMC6617392,PMC8742817
Disease	MESH:D019636	Neurodegenerative Diseases	ncbi_mesh	6	4	PMC3885720,PMC5804031,PMC7029865,PMC8469245
Disease	MESH:D001927	Brain Diseases	ncbi_mesh	6	4	PMC3982616,PMC5605987,PMC7029865,PMC9646701
Disease	MESH:D004342	Drug Hypersensitivity	ncbi_mesh	6	3	PMC3982616,PMC5308618,PMC6819083
Disease	MESH:D006086	Graft vs Host Disease	ncbi_mesh	6	2	PMC4615033,PMC8469245
Disease	MESH:D010146	Pain	ncbi_mesh	6	6	PMC4884927,PMC5996849,PMC6168575,PMC6819083,PMC7029865,PMC7305302
Disease	MESH:D019457	Chromosome Breakage	ncbi_mesh	6	1	PMC4892608
Disease	MESH:D001260	Ataxia Telangiectasia	ncbi_mesh	6	3	PMC5308618,PMC6049873,PMC7029865
Disease	MESH:D009358	Congenital Hereditary and Neonatal Diseases and Abnormalities	ncbi_mesh	6	4	PMC5605987,PMC7398555,PMC7446925,PMC9646701
Disease	MESH:D002534	Hypoxia Brain	ncbi_mesh	6	1	PMC5980157
Disease	MESH:D009139	Musculoskeletal Abnormalities	ncbi_mesh	6	6	PMC6168575,PMC6301684,PMC6819083,PMC7446925,PMC7658220,PMC7906369
Disease	MESH:D001851	Bone Diseases Metabolic	ncbi_mesh	6	2	PMC7658220,PMC8144720
Disease	MESH:C537568	Jensen syndrome	ncbi_mesh	6	2	PMC8038069,PMC8959601
Disease	MESH:D004393	Dwarfism Pituitary	ncbi_mesh	6	1	PMC8144720
Disease	MESH:C567159	Spherocytosis Type 1	ncbi_mesh	6	1	PMC9929861
Disease	MESH:D000236	Adenoma	ncbi_mesh	5	3	PMC1550420,PMC3543849,PMC4762531
Disease	MESH:D021441	Carcinoma Pancreatic Ductal	ncbi_mesh	5	2	PMC1968784,PMC8370767
Disease	MESH:D018288	Carcinoma Small Cell	ncbi_mesh	5	3	PMC1977239,PMC3621652,PMC4114630
Disease	MESH:D005770	Gastrointestinal Neoplasms	ncbi_mesh	5	3	PMC2360140,PMC2794539,PMC3485222
Disease	MESH:D009361	Neoplasm Invasiveness	ncbi_mesh	5	3	PMC2794539,PMC7310532,PMC7738992
Disease	MESH:D009508	Nevus Pigmented	ncbi_mesh	5	3	PMC2794539,PMC3668138,PMC6411871
Disease	MESH:D009506	Nevus	ncbi_mesh	5	2	PMC2794539,PMC2848976
Disease	MESH:D009059	Mouth Diseases	ncbi_mesh	5	4	PMC2848976,PMC5527484,PMC5980157,PMC7031935
Disease	MESH:C535296	Recombinant chromosome 8 syndrome	ncbi_mesh	5	1	PMC3130048
Disease	MESH:D017695	Soft Tissue Injuries	ncbi_mesh	5	4	PMC3273949,PMC3352892,PMC3636093,PMC4714971
Disease	MESH:D007680	Kidney Neoplasms	ncbi_mesh	5	5	PMC3285665,PMC3966786,PMC4178206,PMC4492820,PMC8370767
Disease	MESH:D008171	Lung Diseases	ncbi_mesh	5	5	PMC3285665,PMC3554420,PMC4355981,PMC7326958,PMC7658220
Disease	MESH:D003711	Demyelinating Diseases	ncbi_mesh	5	3	PMC3484870,PMC3982616,PMC7029865
Disease	MESH:D018376	Cardiovascular Abnormalities	ncbi_mesh	5	3	PMC3484870,PMC4714971,PMC4958313
Disease	MESH:D000080344	Optic Nerve Hypoplasia	ncbi_mesh	5	2	PMC3484870,PMC3982616
Disease	MESH:D009410	Nerve Degeneration	ncbi_mesh	5	3	PMC3484870,PMC6770187,PMC7029865
Disease	MESH:D002493	Central Nervous System Diseases	ncbi_mesh	5	3	PMC3554772,PMC555742,PMC7029865
Disease	MESH:D011218	Prader-Willi Syndrome	ncbi_mesh	5	1	PMC3704242
Disease	MESH:D018198	Mixed Tumor Malignant	ncbi_mesh	5	3	PMC3836801,PMC4714971,PMC7397152
Disease	MESH:C536108	N syndrome	ncbi_mesh	5	4	PMC3885720,PMC5305101,PMC5980157,PMC6049873
Disease	MESH:D020426	Sciatic Neuropathy	ncbi_mesh	5	3	PMC4884927,PMC4958313,PMC8959601
Disease	MESH:D003550	Cystic Fibrosis	ncbi_mesh	5	3	PMC4958313,PMC7029865,PMC7169429
Disease	MESH:C535589	Carnitine palmitoyl transferase 2 deficiency	ncbi_mesh	5	1	PMC5641092
Disease	MESH:D063730	Rickets Hypophosphatemic	ncbi_mesh	5	1	PMC6617392
Disease	MESH:D019954	Neurobehavioral Manifestations	ncbi_mesh	5	2	PMC6819083,PMC7398555
Disease	MESH:D000690	Amyotrophic Lateral Sclerosis	ncbi_mesh	5	1	PMC7029865
Disease	MESH:D005350	Fibroma	ncbi_mesh	5	2	PMC7305302,PMC8172195
Disease	MESH:C562935	Myopathy with Abnormal Lipid Metabolism	ncbi_mesh	5	1	PMC7446925
Disease	MESH:D001848	Bone Diseases Developmental	ncbi_mesh	5	3	PMC7446925,PMC8144720,PMC8172195
Disease	MESH:D014987	Xerostomia	ncbi_mesh	5	1	PMC7890980
Disease	MESH:D016606	Thyroid Nodule	ncbi_mesh	5	1	PMC8172195
Disease	MESH:D008527	Medulloblastoma	ncbi_mesh	4	2	PMC1533846,PMC7397152
Disease	MESH:D001855	Bone Marrow Diseases	ncbi_mesh	4	3	PMC1977239,PMC4355981,PMC5305101
Disease	MESH:D010677	Philadelphia Chromosome	ncbi_mesh	4	3	PMC2794539,PMC3636093,PMC7658220
Disease	MESH:D003866	Depressive Disorder	ncbi_mesh	4	3	PMC2794539,PMC5804031,PMC7398555
Disease	MESH:C537849	Norrie disease	ncbi_mesh	4	3	PMC2848976,PMC4823759,PMC4823762
Disease	MESH:D006969	Hypersensitivity Immediate	ncbi_mesh	4	4	PMC3114747,PMC5605987,PMC5804031,PMC5827037
Disease	MESH:D009442	Neurilemmoma	ncbi_mesh	4	3	PMC3273949,PMC3484870,PMC6101293
Disease	MESH:C536030	MASS syndrome	ncbi_mesh	4	3	PMC3352892,PMC4492820,PMC7031935
Disease	MESH:D001259	Ataxia	ncbi_mesh	4	2	PMC3484870,PMC6961243
Disease	MESH:C535858	HEM dysplasia	ncbi_mesh	4	3	PMC3484870,PMC8144720,PMC8172195
Disease	MESH:D019574	Optic Nerve Neoplasms	ncbi_mesh	4	3	PMC3492274,PMC5332555,PMC7446925
Disease	MESH:D015448	Leukemia B-Cell	ncbi_mesh	4	2	PMC3554772,PMC5908872
Disease	MESH:D015473	Leukemia Promyelocytic Acute	ncbi_mesh	4	2	PMC3636093,PMC555742
Disease	MESH:C536408	Neural crest tumor	ncbi_mesh	4	3	PMC3636093,PMC7031935,PMC7310532
Disease	MESH:D012868	Skin Abnormalities	ncbi_mesh	4	3	PMC3836801,PMC4091572,PMC6168575
Disease	MESH:D014786	Vision Disorders	ncbi_mesh	4	4	PMC3836801,PMC5605987,PMC6819083,PMC8172195
Disease	MESH:D009069	Movement Disorders	ncbi_mesh	4	2	PMC3982616,PMC5996849
Disease	MESH:D014202	Tremor	ncbi_mesh	4	2	PMC3982616,PMC6819083
Disease	MESH:C563195	Chondrosarcoma Extraskeletal Myxoid	ncbi_mesh	4	1	PMC4022359
Disease	MESH:D018223	Dermatofibrosarcoma	ncbi_mesh	4	1	PMC4022359
Disease	MESH:D003027	Cluster Headache	ncbi_mesh	4	1	PMC4404347
Disease	MESH:D009157	Myasthenia Gravis	ncbi_mesh	4	1	PMC4471546
Disease	MESH:D061206	Neoplasm Micrometastasis	ncbi_mesh	4	2	PMC4492820,PMC6411871
Disease	MESH:D011843	Radiculopathy	ncbi_mesh	4	1	PMC4958313
Disease	MESH:D020763	Pathological Conditions Anatomical	ncbi_mesh	4	3	PMC5302981,PMC8469245,PMC9646701
Disease	MESH:D010049	Ovarian Diseases	ncbi_mesh	4	4	PMC555742,PMC5579334,PMC6687785,PMC6770187
Disease	MESH:C565433	Lymphoblastic Transformation Inhibition of	ncbi_mesh	4	2	PMC5605987,PMC6961243
Disease	MESH:D009765	Obesity	ncbi_mesh	4	2	PMC5804031,PMC7310532
Disease	MESH:D010024	Osteoporosis	ncbi_mesh	4	3	PMC6301684,PMC7658220,PMC8172195
Disease	MESH:D000068079	Motor Disorders	ncbi_mesh	4	3	PMC7029865,PMC7980331,PMC9646701
Disease	MESH:D037081	Posterior Tibial Tendon Dysfunction	ncbi_mesh	4	1	PMC7446925
Disease	MESH:D011542	Pseudarthrosis	ncbi_mesh	4	4	PMC7658220,PMC8144720,PMC8172195,PMC8705852
Disease	MESH:D020234	Gait Ataxia	ncbi_mesh	4	1	PMC7980331
Disease	MESH:C565820	Poikiloderma with Neutropenia	ncbi_mesh	4	2	PMC8150846,PMC8959601
Disease	MESH:D017202	Myocardial Ischemia	ncbi_mesh	4	1	PMC8469245
Disease	MESH:D009634	Noonan Syndrome	ncbi_mesh	3	3	PMC1533846,PMC3836801,PMC6770187
Disease	MESH:D004700	Endocrine System Diseases	ncbi_mesh	3	3	PMC2651892,PMC7658220,PMC8144720
Disease	MESH:C557827	Immune dysfunction with T-cell inactivation due to calcium entry defect 2	ncbi_mesh	3	1	PMC2651892
Disease	MESH:C536494	Uveal melanoma	ncbi_mesh	3	3	PMC2794539,PMC5302981,PMC5527484
Disease	MESH:C483996	FOR heavy chain disease protein human	ncbi_mesh	3	1	PMC3039570
Disease	MESH:D002494	Central Nervous System Infections	ncbi_mesh	3	3	PMC3285665,PMC3982616,PMC555742
Disease	MESH:C537189	Rufous oculocutaneous albinism	ncbi_mesh	3	2	PMC3352892,PMC3484870
Disease	MESH:D015456	Leukemia Biphenotypic Acute	ncbi_mesh	3	1	PMC3366948
Disease	MESH:D009396	Wilms Tumor	ncbi_mesh	3	2	PMC3447199,PMC5369315
Disease	MESH:D004487	Edema	ncbi_mesh	3	3	PMC3484870,PMC4022359,PMC7073166
Disease	MESH:D002318	Cardiovascular Diseases	ncbi_mesh	3	3	PMC3492274,PMC6168575,PMC7658220
Disease	MESH:D001778	Blood Coagulation Disorders	ncbi_mesh	3	3	PMC3492274,PMC3554772,PMC3589544
Disease	MESH:D054079	Vascular Malformations	ncbi_mesh	3	1	PMC3492274
Disease	MESH:D020521	Stroke	ncbi_mesh	3	3	PMC3492274,PMC3636093,PMC8447793
Disease	MESH:D020821	Dystonic Disorders	ncbi_mesh	3	1	PMC3539440
Disease	MESH:D017093	Liver Failure	ncbi_mesh	3	2	PMC3554772,PMC7446925
Disease	MESH:D012327	RNA Virus Infections	ncbi_mesh	3	1	PMC3636093
Disease	MESH:D017496	Hypopigmentation	ncbi_mesh	3	2	PMC3668138,PMC6168575
Disease	MESH:D004409	Dyskinesia Drug-Induced	ncbi_mesh	3	1	PMC3704242
Disease	MESH:D000079262	Obesity Maternal	ncbi_mesh	3	2	PMC3704242,PMC7446925
Disease	MESH:D020388	Muscular Dystrophy Duchenne	ncbi_mesh	3	3	PMC3704242,PMC4958313,PMC8705852
Disease	MESH:D010538	Peritonitis	ncbi_mesh	3	2	PMC3816225,PMC6115972
Disease	MESH:C573012	Lactic Acidosis Congenital Infantile Due To LAD Deficiency	ncbi_mesh	3	1	PMC3816225
Disease	MESH:D007154	Immune System Diseases	ncbi_mesh	3	1	PMC3885720
Disease	MESH:D000014	Abnormalities Drug-Induced	ncbi_mesh	3	2	PMC3885720,PMC8370767
Disease	MESH:D006332	Cardiomegaly	ncbi_mesh	3	1	PMC3982616
Disease	MESH:D006330	Heart Defects Congenital	ncbi_mesh	3	2	PMC3982616,PMC4714971
Disease	MESH:D018227	Sarcoma Clear Cell	ncbi_mesh	3	1	PMC4022359
Disease	MESH:D018234	Sarcoma Alveolar Soft Part	ncbi_mesh	3	1	PMC4022359
Disease	MESH:D062706	Prodromal Symptoms	ncbi_mesh	3	3	PMC4355981,PMC6049873,PMC7169429
Disease	MESH:D020522	Lymphoma Mantle-Cell	ncbi_mesh	3	1	PMC4355981
Disease	OMIM:610141	610141	omim	3	2	PMC4453732,PMC5579334
Disease	MESH:D013915	Thrombasthenia	ncbi_mesh	3	1	PMC4762531
Disease	MESH:D005199	Fanconi Anemia	ncbi_mesh	3	1	PMC4892608
Disease	MESH:D018213	Neoplasms Bone Tissue	ncbi_mesh	3	3	PMC4958313,PMC7952412,PMC8144720
Disease	MESH:D015433	Glomerulonephritis Membranous	ncbi_mesh	3	1	PMC5641092
Disease	MESH:D056693	Propionic Acidemia	ncbi_mesh	3	1	PMC5804031
Disease	MESH:D010300	Parkinson Disease	ncbi_mesh	3	2	PMC5804031,PMC7029865
Disease	MESH:D006470	Hemorrhage	ncbi_mesh	3	1	PMC5980157
Disease	MESH:D009901	Optic Nerve Diseases	ncbi_mesh	3	1	PMC6168575
Disease	MESH:D013733	Testicular Diseases	ncbi_mesh	3	1	PMC6301684
Disease	MESH:D002575	Uterine Cervicitis	ncbi_mesh	3	2	PMC6301684,PMC7446925
Disease	MESH:D020295	Brain Stem Neoplasms	ncbi_mesh	3	2	PMC6617392,PMC6819083
Disease	MESH:D006816	Huntington Disease	ncbi_mesh	3	1	PMC7029865
Disease	MESH:D000090862	Neuroinflammatory Diseases	ncbi_mesh	3	2	PMC7029865,PMC8469245
Disease	MESH:D001859	Bone Neoplasms	ncbi_mesh	3	1	PMC7031935
Disease	MESH:D009423	Nervous System Neoplasms	ncbi_mesh	3	3	PMC7073166,PMC8150846,PMC8447793
Disease	MESH:D007511	Ischemia	ncbi_mesh	3	2	PMC7305302,PMC8469245
Disease	MESH:D002288	Adenocarcinoma Mucinous	ncbi_mesh	3	1	PMC7310532
Disease	MESH:C564871	Progesterone Resistance	ncbi_mesh	3	1	PMC7310532
Disease	MESH:C567306	Skeletal Defects Genital Hypoplasia And Mental Retardation	ncbi_mesh	3	1	PMC7658220
Disease	MESH:D009202	Cardiomyopathies	ncbi_mesh	3	2	PMC7658220,PMC8469245
Disease	MESH:C567924	Infantile Epileptic-Dyskinetic Encephalopathy	ncbi_mesh	3	1	PMC8370767
Disease	MESH:D018265	Carcinoma Papillary Follicular	ncbi_mesh	2	1	PMC2360140
Disease	MESH:D012871	Skin Diseases	ncbi_mesh	2	2	PMC2794539,PMC3484870
Disease	MESH:C536819	Melanocytic nevus syndrome congenital	ncbi_mesh	2	1	PMC2848976
Disease	MESH:D054973	Perivascular Epithelioid Cell Neoplasms	ncbi_mesh	2	2	PMC3352892,PMC3982616
Disease	MESH:D000086002	Mesothelioma Malignant	ncbi_mesh	2	2	PMC3352892,PMC8395939
Disease	MESH:D004408	Dysgeusia	ncbi_mesh	2	2	PMC3447199,PMC7980331
Disease	MESH:D009421	Nervous System Malformations	ncbi_mesh	2	1	PMC3484870
Disease	MESH:D015619	Respiratory System Abnormalities	ncbi_mesh	2	2	PMC3484870,PMC6687785
Disease	MESH:D000309	Adrenal Insufficiency	ncbi_mesh	2	1	PMC3484870
Disease	MESH:C537819	Chromosome 7 trisomy 7p	ncbi_mesh	2	2	PMC3484870,PMC7738992
Disease	MESH:D012078	Renal Artery Obstruction	ncbi_mesh	2	2	PMC3492274,PMC8144720
Disease	MESH:D000783	Aneurysm	ncbi_mesh	2	1	PMC3492274
Disease	MESH:D002561	Cerebrovascular Disorders	ncbi_mesh	2	2	PMC3492274,PMC8144720
Disease	MESH:D003586	Cytomegalovirus Infections	ncbi_mesh	2	1	PMC3539440
Disease	MESH:D013132	Spinocerebellar Degenerations	ncbi_mesh	2	2	PMC3543849,PMC5308618
Disease	MESH:D000092524	Femoral Fractures Distal	ncbi_mesh	2	1	PMC3554772
Disease	MESH:D017728	Lymphoma Large-Cell Anaplastic	ncbi_mesh	2	1	PMC3636093
Disease	MESH:D018281	Cholangiocarcinoma	ncbi_mesh	2	2	PMC3636093,PMC7073166
Disease	MESH:D006393	Hemangiopericytoma	ncbi_mesh	2	2	PMC3636093,PMC4022359
Disease	MESH:C580364	Pdgfra-Associated Chronic Eosinophilic Leukemia	ncbi_mesh	2	1	PMC3636093
Disease	MESH:D065627	Familial Primary Pulmonary Hypertension	ncbi_mesh	2	1	PMC3704242
Disease	MESH:C535362	Chromosome 1p36 Deletion Syndrome	ncbi_mesh	2	1	PMC3704242
Disease	MESH:C537340	Simpson-Golabi-Behmel syndrome	ncbi_mesh	2	2	PMC3836801,PMC4091572
Disease	OMIM:615490	615490	omim	2	1	PMC3836801
Disease	MESH:D018813	Multiple Endocrine Neoplasia Type 2a	ncbi_mesh	2	2	PMC3836801,PMC8071449
Disease	MESH:D012183	Retrograde Degeneration	ncbi_mesh	2	1	PMC3836801
Disease	MESH:D002313	Cardiomyopathy Restrictive	ncbi_mesh	2	2	PMC3885720,PMC8469245
Disease	MESH:D000067404	Social Communication Disorder	ncbi_mesh	2	2	PMC3885720,PMC8469245
Disease	MESH:D012735	Sexual Dysfunction Physiological	ncbi_mesh	2	2	PMC3885720,PMC7029865
Disease	MESH:D015673	Fatigue Syndrome Chronic	ncbi_mesh	2	1	PMC3950186
Disease	MESH:D058249	Birt-Hogg-Dube Syndrome	ncbi_mesh	2	1	PMC3966786
Disease	MESH:D012640	Seizures	ncbi_mesh	2	2	PMC3982616,PMC6819083
Disease	MESH:D005911	Gliosis	ncbi_mesh	2	2	PMC3982616,PMC7029865
Disease	MESH:D056784	Leukoencephalopathies	ncbi_mesh	2	2	PMC3982616,PMC7029865
Disease	MESH:C535579	Cardiofaciocutaneous syndrome	ncbi_mesh	2	2	PMC3982616,PMC6770187
Disease	MESH:D045888	Ganglion Cysts	ncbi_mesh	2	1	PMC4022359
Disease	MESH:D008569	Memory Disorders	ncbi_mesh	2	2	PMC4091572,PMC5605987
Disease	MESH:D009103	Multiple Sclerosis	ncbi_mesh	2	2	PMC4114630,PMC7029865
Disease	MESH:D006689	Hodgkin Disease	ncbi_mesh	2	1	PMC4404347
Disease	MESH:D050197	Atherosclerosis	ncbi_mesh	2	2	PMC4629113,PMC7029865
Disease	MESH:D006345	Heart Septal Defects Ventricular	ncbi_mesh	2	1	PMC4714971
Disease	MESH:D017675	CREST Syndrome	ncbi_mesh	2	1	PMC4714971
Disease	MESH:C563365	Polyposis Syndrome Hereditary Mixed 1	ncbi_mesh	2	1	PMC4762531
Disease	MESH:D006849	Hydrocephalus	ncbi_mesh	2	2	PMC4884927,PMC7029865
Disease	MESH:D016751	Hepatitis E	ncbi_mesh	2	1	PMC4884927
Disease	OMIM:603663	603663	omim	2	1	PMC4958313
Disease	MESH:D053609	Lethargy	ncbi_mesh	2	2	PMC4958313,PMC8370767
Disease	MESH:D013118	Spinal Cord Diseases	ncbi_mesh	2	1	PMC4958313
Disease	MESH:D008059	Mucopolysaccharidosis I	ncbi_mesh	2	1	PMC4958313
Disease	MESH:D059786	Abnormal Karyotype	ncbi_mesh	2	2	PMC5087121,PMC7738992
Disease	MESH:D009196	Myeloproliferative Disorders	ncbi_mesh	2	2	PMC5332555,PMC9221468
Disease	MESH:D020022	Genetic Predisposition to Disease	ncbi_mesh	2	2	PMC5369315,PMC7029865
Disease	MESH:D053632	X-Linked Combined Immunodeficiency Diseases	ncbi_mesh	2	2	PMC5498998,PMC6411871
Disease	MESH:D000210	Acute-Phase Reaction	ncbi_mesh	2	2	PMC5498998,PMC5579334
Disease	MESH:D011475	Prosthesis Failure	ncbi_mesh	2	2	PMC5527484,PMC5641092
Disease	MESH:D055577	Farber Lipogranulomatosis	ncbi_mesh	2	1	PMC5527484
Disease	OMIM:614156	614156	omim	2	1	PMC5579334
Disease	MESH:D056486	Chemical and Drug Induced Liver Injury	ncbi_mesh	2	2	PMC5579334,PMC7658220
Disease	MESH:D000377	Agnosia	ncbi_mesh	2	2	PMC5605987,PMC7031935
Disease	MESH:D003920	Diabetes Mellitus	ncbi_mesh	2	1	PMC5804031
Disease	MESH:D001424	Bacterial Infections	ncbi_mesh	2	2	PMC5804031,PMC9221468
Disease	MESH:D000070642	Brain Injuries Traumatic	ncbi_mesh	2	2	PMC5804031,PMC7029865
Disease	MESH:C536209	Congenital central hypoventilation syndrome	ncbi_mesh	2	1	PMC5804031
Disease	MESH:D007410	Intestinal Diseases	ncbi_mesh	2	2	PMC5827037,PMC8071449
Disease	MESH:D007340	Insulinoma	ncbi_mesh	2	1	PMC5827037
Disease	MESH:D018278	Carcinoma Neuroendocrine	ncbi_mesh	2	1	PMC5827037
Disease	MESH:D014376	Tuberculosis	ncbi_mesh	2	1	PMC5908872
Disease	MESH:C566739	Multiple Pterygium Syndrome Autosomal Dominant	ncbi_mesh	2	2	PMC5978249,PMC6301684
Disease	MESH:C562587	Purine Nucleoside Phosphorylase Deficiency	ncbi_mesh	2	1	PMC5980157
Disease	MESH:D018287	Carcinoma Large Cell	ncbi_mesh	2	1	PMC6049873
Disease	MESH:D004827	Epilepsy	ncbi_mesh	2	2	PMC6168575,PMC8370767
Disease	MESH:D009123	Muscle Hypotonia	ncbi_mesh	2	2	PMC6301684,PMC6961243
Disease	MESH:D021081	Chronobiology Disorders	ncbi_mesh	2	2	PMC6411871,PMC7446925
Disease	MESH:D012004	Rectal Neoplasms	ncbi_mesh	2	1	PMC6617392
Disease	MESH:D002296	Carcinosarcoma	ncbi_mesh	2	2	PMC6770187,PMC8370767
Disease	MESH:C548032	Legius syndrome	ncbi_mesh	2	1	PMC6770187
Disease	MESH:D009190	Myelodysplastic Syndromes	ncbi_mesh	2	2	PMC6770187,PMC9221468
Disease	MESH:D003111	Colonic Polyps	ncbi_mesh	2	2	PMC6770187,PMC7397152
Disease	MESH:D001072	Apraxias	ncbi_mesh	2	1	PMC6819083
Disease	MESH:C536467	Waardenburg syndrome type 4	ncbi_mesh	2	2	PMC6819083,PMC7906369
Disease	MESH:D001308	Auditory Perceptual Disorders	ncbi_mesh	2	1	PMC6961243
Disease	MESH:D016388	Tooth Loss	ncbi_mesh	2	2	PMC6961243,PMC9646701
Disease	MESH:D059350	Chronic Pain	ncbi_mesh	2	1	PMC7029865
Disease	OMIM:614882	614882	omim	2	1	PMC7029865
Disease	MESH:D020258	Neurotoxicity Syndromes	ncbi_mesh	2	1	PMC7029865
Disease	MESH:D009459	Neuroleptic Malignant Syndrome	ncbi_mesh	2	1	PMC7317054
Disease	MESH:D025064	Sex Chromosome Disorders	ncbi_mesh	2	1	PMC7317054
Disease	MESH:D018228	Sarcoma Small Cell	ncbi_mesh	2	1	PMC7326958
Disease	MESH:D010272	Parasitic Diseases	ncbi_mesh	2	2	PMC7397152,PMC9221468
Disease	MESH:D025981	Hip Injuries	ncbi_mesh	2	1	PMC7446925
Disease	MESH:D009135	Muscular Diseases	ncbi_mesh	2	1	PMC7446925
Disease	MESH:D011017	Pneumonia Lipid	ncbi_mesh	2	1	PMC7446925
Disease	MESH:C538144	Supraumbilical midabdominal raphe and facial cavernous hemangiomas	ncbi_mesh	2	1	PMC7658220
Disease	MESH:D004482	Ectromelia Infectious	ncbi_mesh	2	1	PMC7739466
Disease	MESH:D014947	Wounds and Injuries	ncbi_mesh	2	2	PMC7739466,PMC8370767
Disease	MESH:D012859	Sjogren's Syndrome	ncbi_mesh	2	1	PMC7890980
Disease	MESH:D006111	Graves Disease	ncbi_mesh	2	2	PMC7890980,PMC8370767
Disease	MESH:C564818	Peeling Skin Syndrome	ncbi_mesh	2	2	PMC7952412,PMC9929861
Disease	MESH:D042822	Genomic Instability	ncbi_mesh	2	1	PMC7952412
Disease	MESH:C536063	Osteoporosis-pseudoglioma syndrome	ncbi_mesh	2	1	PMC7952412
Disease	MESH:D009371	Neoplasms by Site	ncbi_mesh	2	1	PMC8038069
Disease	MESH:D012893	Sleep Wake Disorders	ncbi_mesh	2	1	PMC8038069
Disease	MESH:D018214	Fibroma Ossifying	ncbi_mesh	2	1	PMC8144720
Disease	MESH:D020240	Apraxia Ideomotor	ncbi_mesh	2	1	PMC8370767
Disease	MESH:D000082122	Internal Hernia	ncbi_mesh	2	1	PMC8395939
Disease	MESH:D018241	Neuroectodermal Tumors Primitive Peripheral	ncbi_mesh	2	1	PMC8447793
Disease	MESH:D004314	Down Syndrome	ncbi_mesh	2	1	PMC8742817
Disease	MESH:D001172	Arthritis Rheumatoid	ncbi_mesh	2	1	PMC9221468
Disease	MESH:D055728	Primary Myelofibrosis	ncbi_mesh	2	1	PMC9221468
Disease	MESH:D008166	Lumpy Skin Disease	ncbi_mesh	2	1	PMC9929861
Disease	MESH:C565335	Paragangliomas 3	ncbi_mesh	1	1	PMC1533846
Disease	MESH:D009375	Neoplasms Glandular and Epithelial	ncbi_mesh	1	1	PMC1533846
Disease	MESH:D009373	Neoplasms Germ Cell and Embryonal	ncbi_mesh	1	1	PMC1533846
Disease	MESH:D013899	Thoracic Neoplasms	ncbi_mesh	1	1	PMC1533846
Disease	MESH:D009402	Nephrosis Lipoid	ncbi_mesh	1	1	PMC1550420
Disease	MESH:C537730	Oculocutaneous albinism type 2	ncbi_mesh	1	1	PMC1550420
Disease	MESH:D010188	Exocrine Pancreatic Insufficiency	ncbi_mesh	1	1	PMC1977874
Disease	MESH:D035583	Rare Diseases	ncbi_mesh	1	1	PMC2360140
Disease	MESH:D010282	Parathyroid Neoplasms	ncbi_mesh	1	1	PMC2360140
Disease	MESH:D003645	Death Sudden	ncbi_mesh	1	1	PMC2360140
Disease	MESH:D012517	Sarcoma Yoshida	ncbi_mesh	1	1	PMC2376111
Disease	MESH:D005413	Flatfoot	ncbi_mesh	1	1	PMC2442611
Disease	MESH:D018249	Adenoma Oxyphilic	ncbi_mesh	1	1	PMC2651892
Disease	MESH:D013724	Teratoma	ncbi_mesh	1	1	PMC2766639
Disease	MESH:D011015	Pneumonia Aspiration	ncbi_mesh	1	1	PMC2766639
Disease	MESH:C537262	Hereditary pancreatitis	ncbi_mesh	1	1	PMC2794539
Disease	MESH:D000077277	Esophageal Squamous Cell Carcinoma	ncbi_mesh	1	1	PMC2794539
Disease	MESH:D019966	Substance-Related Disorders	ncbi_mesh	1	1	PMC2848976
Disease	MESH:D011230	Precancerous Conditions	ncbi_mesh	1	1	PMC2858150
Disease	MESH:D010911	Pituitary Neoplasms	ncbi_mesh	1	1	PMC3024950
Disease	MESH:D014390	Tuberculosis Meningeal	ncbi_mesh	1	1	PMC3039570
Disease	MESH:D001650	Bile Duct Neoplasms	ncbi_mesh	1	1	PMC3130048
Disease	MESH:D018567	Breast Neoplasms Male	ncbi_mesh	1	1	PMC3130048
Disease	MESH:D001941	Breast Diseases	ncbi_mesh	1	1	PMC3130048
Disease	MESH:C537985	Charcot-Marie-Tooth disease Type 1D	ncbi_mesh	1	1	PMC3273949
Disease	MESH:D000848	Anodontia	ncbi_mesh	1	1	PMC3273949
Disease	MESH:D003108	Colonic Diseases	ncbi_mesh	1	1	PMC3285665
Disease	MESH:D002583	Uterine Cervical Neoplasms	ncbi_mesh	1	1	PMC3316730
Disease	MESH:D000073818	Pain Procedural	ncbi_mesh	1	1	PMC3316730
Disease	MESH:D004213	Dissociative Disorders	ncbi_mesh	1	1	PMC3316730
Disease	MESH:D018366	Vasculitis Leukocytoclastic Cutaneous	ncbi_mesh	1	1	PMC3352892
Disease	MESH:D009236	Myxosarcoma	ncbi_mesh	1	1	PMC3352892
Disease	MESH:D008637	Mesenchymoma	ncbi_mesh	1	1	PMC3352892
Disease	MESH:D006258	Head and Neck Neoplasms	ncbi_mesh	1	1	PMC3352892
Disease	MESH:D006402	Hematologic Diseases	ncbi_mesh	1	1	PMC3366948
Disease	MESH:D007674	Kidney Diseases	ncbi_mesh	1	1	PMC3447199
Disease	MESH:D015161	Dementia Multi-Infarct	ncbi_mesh	1	1	PMC3447199
Disease	MESH:D010698	Phobic Disorders	ncbi_mesh	1	1	PMC3447199
Disease	MESH:C564935	Oculopalatocerebral Syndrome	ncbi_mesh	1	1	PMC3484870
Disease	MESH:D058606	Accessory Atrioventricular Bundle	ncbi_mesh	1	1	PMC3484870
Disease	MESH:D001022	Aortic Valve Insufficiency	ncbi_mesh	1	1	PMC3484870
Disease	OMIM:614922	614922	omim	1	1	PMC3484870
Disease	MESH:D005483	Flushing	ncbi_mesh	1	1	PMC3485222
Disease	MESH:D012135	Respiratory Sounds	ncbi_mesh	1	1	PMC3485222
Disease	MESH:D003967	Diarrhea	ncbi_mesh	1	1	PMC3485222
Disease	MESH:D000090122	Livedoid Vasculopathy	ncbi_mesh	1	1	PMC3492274
Disease	MESH:D003251	Constriction Pathologic	ncbi_mesh	1	1	PMC3492274
Disease	OMIM:163000	163000	omim	1	1	PMC3492274
Disease	MESH:C536535	Vein of Galen aneurysm	ncbi_mesh	1	1	PMC3492274
Disease	MESH:C566282	Spinal Arterial Venous Malformations with Cutaneous Hemangiomas	ncbi_mesh	1	1	PMC3492274
Disease	MESH:D009072	Moyamoya Disease	ncbi_mesh	1	1	PMC3492274
Disease	MESH:D001165	Arteriovenous Malformations	ncbi_mesh	1	1	PMC3492274
Disease	MESH:D020968	Brachial Plexus Neuritis	ncbi_mesh	1	1	PMC3539440
Disease	MESH:C537221	Sacral defect and anterior sacral meningocele	ncbi_mesh	1	1	PMC3539440
Disease	MESH:D012468	Salivary Gland Neoplasms	ncbi_mesh	1	1	PMC3539440
Disease	MESH:C562719	Tn Syndrome	ncbi_mesh	1	1	PMC3539440
Disease	MESH:C565121	Deafness Autosomal Dominant 1	ncbi_mesh	1	1	PMC3543849
Disease	MESH:D013035	Spasm	ncbi_mesh	1	1	PMC3554772
Disease	MESH:D014839	Vomiting	ncbi_mesh	1	1	PMC3554772
Disease	MESH:D015459	Leukemia-Lymphoma Adult T-Cell	ncbi_mesh	1	1	PMC3554772
Disease	MESH:D000707	Anaphylaxis	ncbi_mesh	1	1	PMC3554772
Disease	MESH:D022124	Hyperammonemia	ncbi_mesh	1	1	PMC3554772
Disease	MESH:D013927	Thrombosis	ncbi_mesh	1	1	PMC3554772
Disease	MESH:C564296	Neuropathy Hereditary Sensory And Autonomic Type I With Cough And Gastroesophageal Reflux	ncbi_mesh	1	1	PMC3621652
Disease	MESH:D017681	Hypereosinophilic Syndrome	ncbi_mesh	1	1	PMC3636093
Disease	MESH:D018222	Fibromatosis Aggressive	ncbi_mesh	1	1	PMC3636093
Disease	MESH:C537243	Prostate cancer familial	ncbi_mesh	1	1	PMC3636093
Disease	MESH:C537878	Lateral meningocele syndrome	ncbi_mesh	1	1	PMC3636093
Disease	MESH:D013586	Synovitis Pigmented Villonodular	ncbi_mesh	1	1	PMC3636093
Disease	MESH:D000070779	Giant Cell Tumor of Tendon Sheath	ncbi_mesh	1	1	PMC3636093
Disease	MESH:D058405	Desmoplastic Small Round Cell Tumor	ncbi_mesh	1	1	PMC3636093
Disease	MESH:D003324	Coronary Artery Disease	ncbi_mesh	1	1	PMC3636093
Disease	MESH:C536394	Neonatal hemochromatosis	ncbi_mesh	1	1	PMC3648455
Disease	MESH:D016116	Piebaldism	ncbi_mesh	1	1	PMC3668138
Disease	MESH:D034381	Hearing Loss	ncbi_mesh	1	1	PMC3668138
Disease	MESH:D014849	Waardenburg Syndrome	ncbi_mesh	1	1	PMC3668138
Disease	MESH:C557830	Duplication 15q11-q13 Syndrome	ncbi_mesh	1	1	PMC3704242
Disease	MESH:D009136	Muscular Dystrophies	ncbi_mesh	1	1	PMC3704242
Disease	MESH:C537822	Chromosome 7 trisomy mosaic	ncbi_mesh	1	1	PMC3704242
Disease	MESH:D017204	Angelman Syndrome	ncbi_mesh	1	1	PMC3704242
Disease	MESH:C563043	Kleefstra Syndrome	ncbi_mesh	1	1	PMC3704242
Disease	MESH:D003410	Cri-du-Chat Syndrome	ncbi_mesh	1	1	PMC3704242
Disease	OMIM:181800	181800	omim	1	1	PMC3816225
Disease	OMIM:608765	608765	omim	1	1	PMC3816225
Disease	MESH:D002430	Cecal Neoplasms	ncbi_mesh	1	1	PMC3816225
Disease	MESH:D012811	Sigmoid Neoplasms	ncbi_mesh	1	1	PMC3816225
Disease	MESH:C565579	Facial Dysmorphism with Multiple Malformations	ncbi_mesh	1	1	PMC3836801
Disease	MESH:D008659	Metabolic Diseases	ncbi_mesh	1	1	PMC3885720
Disease	MESH:D008831	Microcephaly	ncbi_mesh	1	1	PMC3982616
Disease	MESH:C565633	Retinal Nonattachment Nonsyndromic Congenital	ncbi_mesh	1	1	PMC3982616
Disease	MESH:C536830	Glut1 Deficiency Syndrome	ncbi_mesh	1	1	PMC3982616
Disease	MESH:C536920	Tight skin contracture syndrome lethal	ncbi_mesh	1	1	PMC3982616
Disease	MESH:D061085	Agenesis of Corpus Callosum	ncbi_mesh	1	1	PMC3982616
Disease	MESH:D001284	Atrophy	ncbi_mesh	1	1	PMC3982616
Disease	MESH:D044542	LEOPARD Syndrome	ncbi_mesh	1	1	PMC3982616
Disease	MESH:C537754	Renal dysplasia - limb defects syndrome	ncbi_mesh	1	1	PMC3982616
Disease	MESH:D014277	Trigeminal Neuralgia	ncbi_mesh	1	1	PMC3982616
Disease	MESH:D007888	Leigh Disease	ncbi_mesh	1	1	PMC4022359
Disease	MESH:D000077274	Nasopharyngeal Carcinoma	ncbi_mesh	1	1	PMC4114630
Disease	MESH:D003141	Communicable Diseases	ncbi_mesh	1	1	PMC4355981
Disease	OMIM:613675	613675	omim	1	1	PMC4355981
Disease	MESH:D015452	Precursor B-Cell Lymphoblastic Leukemia-Lymphoma	ncbi_mesh	1	1	PMC4404347
Disease	MESH:D019588	Aging Premature	ncbi_mesh	1	1	PMC4629113
Disease	MESH:D015794	Choroideremia	ncbi_mesh	1	1	PMC4629113
Disease	MESH:C565054	Myeloproliferative Disorder Chronic with Eosinophilia	ncbi_mesh	1	1	PMC4714971
Disease	OMIM:615468	615468	omim	1	1	PMC4714971
Disease	MESH:D018276	Carcinoma Medullary	ncbi_mesh	1	1	PMC4714971
Disease	MESH:D060825	Cognitive Dysfunction	ncbi_mesh	1	1	PMC4714971
Disease	MESH:D010291	Paresis	ncbi_mesh	1	1	PMC4884927
Disease	MESH:D012005	Rectal Prolapse	ncbi_mesh	1	1	PMC4884927
Disease	MESH:D013117	Spinal Cord Compression	ncbi_mesh	1	1	PMC4958313
Disease	MESH:D006552	Hernia Inguinal	ncbi_mesh	1	1	PMC4958313
Disease	MESH:D000080324	Choroidal Effusions	ncbi_mesh	1	1	PMC4958313
Disease	MESH:D010490	Pericardial Effusion	ncbi_mesh	1	1	PMC4958313
Disease	MESH:D003681	Dehydration	ncbi_mesh	1	1	PMC4958313
Disease	MESH:D003872	Dermatitis	ncbi_mesh	1	1	PMC4958313
Disease	MESH:D006030	Glycosuria Renal	ncbi_mesh	1	1	PMC5087121
Disease	MESH:C563514	Hypertension Resistant to Conventional Therapy	ncbi_mesh	1	1	PMC5087121
Disease	MESH:D064129	Prostatic Neoplasms Castration-Resistant	ncbi_mesh	1	1	PMC5302981
Disease	MESH:D014523	Urethral Neoplasms	ncbi_mesh	1	1	PMC5305101
Disease	MESH:D007251	Influenza Human	ncbi_mesh	1	1	PMC5305101
Disease	MESH:D013684	Telangiectasis	ncbi_mesh	1	1	PMC5308618
Disease	MESH:D015461	Leukemia Prolymphocytic T-Cell	ncbi_mesh	1	1	PMC5308618
Disease	MESH:D004802	Eosinophilia	ncbi_mesh	1	1	PMC5332555
Disease	MESH:C537153	Hypomagnesemia primary	ncbi_mesh	1	1	PMC5498998
Disease	MESH:D007911	Lentigo	ncbi_mesh	1	1	PMC5527484
Disease	MESH:D014604	Uveal Neoplasms	ncbi_mesh	1	1	PMC5527484
Disease	MESH:D016400	Lymphoma Large-Cell Immunoblastic	ncbi_mesh	1	1	PMC555742
Disease	MESH:D000069279	Drug Resistant Epilepsy	ncbi_mesh	1	1	PMC5579334
Disease	MESH:C536203	Elejalde Disease	ncbi_mesh	1	1	PMC5579334
Disease	MESH:C538223	Acute zonal occult outer retinopathy	ncbi_mesh	1	1	PMC5605987
Disease	MESH:D057768	Brief Resolved Unexplained Event	ncbi_mesh	1	1	PMC5605987
Disease	MESH:C535808	Mohr-Tranebjaerg syndrome	ncbi_mesh	1	1	PMC5641092
Disease	MESH:D008546	Melanoma Experimental	ncbi_mesh	1	1	PMC5641092
Disease	MESH:D005767	Gastrointestinal Diseases	ncbi_mesh	1	1	PMC5804031
Disease	MESH:D001007	Anxiety	ncbi_mesh	1	1	PMC5804031
Disease	MESH:D003092	Colitis	ncbi_mesh	1	1	PMC5804031
Disease	MESH:D003704	Dementia	ncbi_mesh	1	1	PMC5804031
Disease	MESH:D003193	Compulsive Personality Disorder	ncbi_mesh	1	1	PMC5804031
Disease	MESH:D012817	Signs and Symptoms Digestive	ncbi_mesh	1	1	PMC5804031
Disease	MESH:C564762	Tricarboxylic Acid Cycle Defect of	ncbi_mesh	1	1	PMC5804031
Disease	MESH:D014402	Tuberous Sclerosis	ncbi_mesh	1	1	PMC5804031
Disease	MESH:D018273	Carcinoma Islet Cell	ncbi_mesh	1	1	PMC5827037
Disease	MESH:D020031	Epstein-Barr Virus Infections	ncbi_mesh	1	1	PMC5827037
Disease	MESH:C566021	Tuberous Sclerosis 2	ncbi_mesh	1	1	PMC5827037
Disease	MESH:D000081207	Primary Immunodeficiency Diseases	ncbi_mesh	1	1	PMC5908872
Disease	MESH:D007035	Hypothermia	ncbi_mesh	1	1	PMC5980157
Disease	MESH:D052556	Niemann-Pick Disease Type C	ncbi_mesh	1	1	PMC5980157
Disease	MESH:D002972	Cleft Palate	ncbi_mesh	1	1	PMC5980157
Disease	MESH:D005155	Facial Nerve Diseases	ncbi_mesh	1	1	PMC5996849
Disease	MESH:D002386	Cataract	ncbi_mesh	1	1	PMC6101293
Disease	MESH:D011470	Prostatic Hyperplasia	ncbi_mesh	1	1	PMC6115972
Disease	MESH:D017495	Hyperpigmentation	ncbi_mesh	1	1	PMC6168575
Disease	MESH:D006222	Hamartoma	ncbi_mesh	1	1	PMC6168575
Disease	MESH:D007499	Iris Diseases	ncbi_mesh	1	1	PMC6301684
Disease	MESH:D007673	Kidney Cortex Necrosis	ncbi_mesh	1	1	PMC6301684
Disease	MESH:D008107	Liver Diseases	ncbi_mesh	1	1	PMC6411871
Disease	MESH:D020191	Myoclonic Epilepsies Progressive	ncbi_mesh	1	1	PMC6411871
Disease	MESH:D008151	Lown-Ganong-Levine Syndrome	ncbi_mesh	1	1	PMC6617392
Disease	MESH:D017436	Kallmann Syndrome	ncbi_mesh	1	1	PMC6617392
Disease	MESH:D051437	Renal Insufficiency	ncbi_mesh	1	1	PMC6617392
Disease	MESH:C537768	Anophthalmia with pulmonary hypoplasia	ncbi_mesh	1	1	PMC6687785
Disease	MESH:D002551	Cerebral Ventricle Neoplasms	ncbi_mesh	1	1	PMC6718590
Disease	MESH:D001327	Autoimmune Diseases	ncbi_mesh	1	1	PMC6718590
Disease	MESH:D004814	Epidermal Cyst	ncbi_mesh	1	1	PMC6770187
Disease	MESH:D015674	Mammary Neoplasms Animal	ncbi_mesh	1	1	PMC6770187
Disease	MESH:D000094602	Developmental Defects of Enamel	ncbi_mesh	1	1	PMC6776898
Disease	MESH:D012816	Signs and Symptoms	ncbi_mesh	1	1	PMC6819083
Disease	MESH:D013121	Spinal Curvatures	ncbi_mesh	1	1	PMC6819083
Disease	MESH:C000719212	Pathophobia	ncbi_mesh	1	1	PMC6819083
Disease	MESH:D006223	Hamartoma Syndrome Multiple	ncbi_mesh	1	1	PMC6819083
Disease	MESH:C537927	Fibrocartilaginous embolism	ncbi_mesh	1	1	PMC6819083
Disease	MESH:D019957	Motor Skills Disorders	ncbi_mesh	1	1	PMC6961243
Disease	MESH:C567730	Parkinsonism-Dystonia Infantile	ncbi_mesh	1	1	PMC6961243
Disease	MESH:D008232	Lymphoproliferative Disorders	ncbi_mesh	1	1	PMC6961243
Disease	MESH:C536899	Thrombocytopenia cyclic	ncbi_mesh	1	1	PMC6961243
Disease	MESH:D003865	Depressive Disorder Major	ncbi_mesh	1	1	PMC7029865
Disease	MESH:D001714	Bipolar Disorder	ncbi_mesh	1	1	PMC7029865
Disease	MESH:D001480	Basal Ganglia Diseases	ncbi_mesh	1	1	PMC7029865
Disease	MESH:D006952	Hyperlipoproteinemia Type III	ncbi_mesh	1	1	PMC7169429
Disease	MESH:D009102	Multiple Organ Failure	ncbi_mesh	1	1	PMC7305302
Disease	MESH:C537245	Prostatic stromal proliferation of uncertain malignant potential	ncbi_mesh	1	1	PMC7305302
Disease	MESH:D012804	Sick Sinus Syndrome	ncbi_mesh	1	1	PMC7310532
Disease	MESH:C538445	Clear-cell metastatic renal cell carcinoma	ncbi_mesh	1	1	PMC7310532
Disease	MESH:D051677	Histiocytoma Malignant Fibrous	ncbi_mesh	1	1	PMC7397152
Disease	MESH:D004443	Echinococcosis	ncbi_mesh	1	1	PMC7397152
Disease	MESH:D000069337	Fused Kidney	ncbi_mesh	1	1	PMC7446925
Disease	MESH:D009122	Muscle Hypertonia	ncbi_mesh	1	1	PMC7446925
Disease	MESH:C536778	Systemic carnitine deficiency	ncbi_mesh	1	1	PMC7446925
Disease	MESH:C563462	Carnitine Palmitoyltransferase II Deficiency Infantile	ncbi_mesh	1	1	PMC7446925
Disease	MESH:D009203	Myocardial Infarction	ncbi_mesh	1	1	PMC7658220
Disease	MESH:C563468	Cleft Lip Congenital Healed	ncbi_mesh	1	1	PMC7658220
Disease	MESH:D006333	Heart Failure	ncbi_mesh	1	1	PMC7658220
Disease	MESH:D005157	Facial Pain	ncbi_mesh	1	1	PMC7658220
Disease	MESH:D010018	Osteomalacia	ncbi_mesh	1	1	PMC7658220
Disease	MESH:C567172	Osteopenic Nonfracture Syndrome	ncbi_mesh	1	1	PMC7658220
Disease	MESH:C566090	Synostosis Carpal with Dysplastic Elbow Joints and Brachydactyly	ncbi_mesh	1	1	PMC7658220
Disease	MESH:D005076	Exanthema	ncbi_mesh	1	1	PMC7658220
Disease	MESH:D020246	Venous Thrombosis	ncbi_mesh	1	1	PMC7658220
Disease	MESH:D013734	Androgen-Insensitivity Syndrome	ncbi_mesh	1	1	PMC7668446
Disease	MESH:C536940	Absent radii and thrombocytopenia	ncbi_mesh	1	1	PMC7890980
Disease	MESH:C537675	Gaucher-like disease	ncbi_mesh	1	1	PMC7890980
Disease	MESH:D009078	Mucocele	ncbi_mesh	1	1	PMC7890980
Disease	MESH:D047748	Pituitary ACTH Hypersecretion	ncbi_mesh	1	1	PMC7952412
Disease	MESH:D002280	Carcinoma Basal Cell	ncbi_mesh	1	1	PMC7952412
Disease	MESH:C563236	Testicular Germ Cell Tumor	ncbi_mesh	1	1	PMC7952412
Disease	OMIM:605021	605021	omim	1	1	PMC7952412
Disease	MESH:C535758	Congenital heart block	ncbi_mesh	1	1	PMC7980331
Disease	MESH:D054972	Postural Orthostatic Tachycardia Syndrome	ncbi_mesh	1	1	PMC7980331
Disease	MESH:D015518	Rett Syndrome	ncbi_mesh	1	1	PMC7980331
Disease	MESH:D006627	Hirschsprung Disease	ncbi_mesh	1	1	PMC8071449
Disease	MESH:C565882	Cardiac Valvular Defect Developmental	ncbi_mesh	1	1	PMC8144720
Disease	MESH:C536859	Spastic paraplegia 23	ncbi_mesh	1	1	PMC8144720
Disease	MESH:D058426	Neointima	ncbi_mesh	1	1	PMC8144720
Disease	MESH:D000070896	Bankart Lesions	ncbi_mesh	1	1	PMC8144720
Disease	MESH:D002819	Chorea	ncbi_mesh	1	1	PMC8144720
Disease	MESH:D018880	Atrial Premature Complexes	ncbi_mesh	1	1	PMC8144720
Disease	MESH:D005317	Fetal Growth Retardation	ncbi_mesh	1	1	PMC8144720
Disease	MESH:D000307	Adrenal Gland Diseases	ncbi_mesh	1	1	PMC8144720
Disease	MESH:D059345	Cerebral Small Vessel Diseases	ncbi_mesh	1	1	PMC8144720
Disease	MESH:C536187	Ectrodactyly cardiopathy dysmorphism	ncbi_mesh	1	1	PMC8144720
Disease	MESH:D020429	Tibial Neuropathy	ncbi_mesh	1	1	PMC8172195
Disease	MESH:C537133	Orofaciodigital syndrome 4	ncbi_mesh	1	1	PMC8172195
Disease	MESH:D005660	Funnel Chest	ncbi_mesh	1	1	PMC8172195
Disease	MESH:D018268	Adrenocortical Carcinoma	ncbi_mesh	1	1	PMC8370767
Disease	MESH:D004476	Ectodermal Dysplasia	ncbi_mesh	1	1	PMC8370767
Disease	MESH:C000722848	Southern tick-associated rash illness	ncbi_mesh	1	1	PMC8370767
Disease	MESH:C536913	Thyroid cancer Hurthle cell	ncbi_mesh	1	1	PMC8395939
Disease	MESH:C537443	Meningioma familial	ncbi_mesh	1	1	PMC8447793
Disease	MESH:D005879	Tourette Syndrome	ncbi_mesh	1	1	PMC8469245
Disease	MESH:D009771	Obsessive-Compulsive Disorder	ncbi_mesh	1	1	PMC8469245
Disease	MESH:D015490	HTLV-I Infections	ncbi_mesh	1	1	PMC8469245
Disease	MESH:C566056	Thrombophilia due to Activated Protein C Resistance	ncbi_mesh	1	1	PMC8705852
Disease	MESH:D013789	Thalassemia	ncbi_mesh	1	1	PMC8705852
Disease	MESH:D016472	Motor Neuron Disease	ncbi_mesh	1	1	PMC8705852
Disease	MESH:D002472	Cell Transformation Viral	ncbi_mesh	1	1	PMC8742817
Disease	MESH:D000080902	Mandibular Nerve Injuries	ncbi_mesh	1	1	PMC8959601
Disease	MESH:D002771	Cholera	ncbi_mesh	1	1	PMC9184558
Disease	MESH:D003093	Colitis Ulcerative	ncbi_mesh	1	1	PMC9221468
Disease	MESH:D003876	Dermatitis Atopic	ncbi_mesh	1	1	PMC9221468
Disease	MESH:D002908	Chronic Disease	ncbi_mesh	1	1	PMC9646701
Disease	MESH:D000092164	Lagophthalmos	ncbi_mesh	1	1	PMC9646701
Gene	4763	NF1	ncbi_gene	3875	72	PMC1533846,PMC2228040,PMC2858150,PMC3113907,PMC3273949,PMC3366948,PMC3484870,PMC3492274,PMC3539440,PMC3578816,PMC3648455,PMC3836801,PMC3982616,PMC4091572,PMC4492820,PMC4615033,PMC4714971,PMC4823759,PMC4823762,PMC4884927,PMC4958313,PMC5302981,PMC5332555,PMC5527484,PMC5579334,PMC5605987,PMC5827037,PMC5978249,PMC5980157,PMC5996849,PMC6101293,PMC6115972,PMC6168575,PMC6301684,PMC6411871,PMC6617392,PMC6718590,PMC6770187,PMC6776898,PMC6819083,PMC7029865,PMC7031337,PMC7031935,PMC7073166,PMC7169429,PMC7305302,PMC7310532,PMC7317054,PMC7326958,PMC7397152,PMC7398555,PMC7658220,PMC7668446,PMC7690890,PMC7890980,PMC7906369,PMC7952412,PMC7980331,PMC8038069,PMC8144720,PMC8150846,PMC8172195,PMC8370767,PMC8447793,PMC8705852,PMC8742817,PMC8959601,PMC9013652,PMC9184558,PMC9221468,PMC9646701,PMC9929861
Gene	18015	Nf1	ncbi_gene	1748	45	PMC2858150,PMC3273949,PMC3484870,PMC3492274,PMC3539440,PMC3836801,PMC3982616,PMC4091572,PMC4492820,PMC4714971,PMC4884927,PMC4958313,PMC5302981,PMC5605987,PMC5978249,PMC5980157,PMC6101293,PMC6168575,PMC6301684,PMC6718590,PMC6770187,PMC6819083,PMC6961243,PMC7029865,PMC7073166,PMC7169429,PMC7317054,PMC7326958,PMC7397152,PMC7398555,PMC7446925,PMC7658220,PMC7668446,PMC7739466,PMC7952412,PMC7980331,PMC8038069,PMC8150846,PMC8370767,PMC8705852,PMC8742817,PMC8959601,PMC9221468,PMC9646701,PMC9929861
Gene	3845	KRAS	ncbi_gene	485	26	PMC1533846,PMC1550420,PMC3130048,PMC3273949,PMC3366948,PMC3485222,PMC3543849,PMC3554420,PMC3636093,PMC3816225,PMC3836801,PMC4091572,PMC4355981,PMC4453732,PMC4629113,PMC5302981,PMC5498998,PMC5527484,PMC5579334,PMC5978249,PMC6617392,PMC6770187,PMC7169429,PMC7668446,PMC8370767,PMC8447793
Gene	673	BRAF	ncbi_gene	476	31	PMC1533846,PMC1550420,PMC2651892,PMC2794539,PMC2848976,PMC3273949,PMC3539440,PMC3543849,PMC3554420,PMC3636093,PMC3647113,PMC3668138,PMC3816225,PMC3836801,PMC4091572,PMC4355981,PMC4492820,PMC5302981,PMC5498998,PMC5527484,PMC5579334,PMC5583477,PMC5641092,PMC6101293,PMC6411871,PMC6617392,PMC7169429,PMC7317054,PMC7668446,PMC9013652,PMC9929861
Gene	7157	TP53	ncbi_gene	388	53	PMC1533846,PMC1550420,PMC1977874,PMC2360140,PMC2442611,PMC2651892,PMC2794539,PMC2848976,PMC3273949,PMC3285665,PMC3366948,PMC3543849,PMC3554420,PMC3668138,PMC3816225,PMC3966786,PMC4178206,PMC4355981,PMC4453732,PMC4492820,PMC4884927,PMC5308618,PMC5332555,PMC5369315,PMC5498998,PMC5527484,PMC5579334,PMC5583477,PMC5827037,PMC5908872,PMC5978249,PMC5980157,PMC6101293,PMC6115972,PMC6168575,PMC6411871,PMC6617392,PMC6776898,PMC7031337,PMC7031935,PMC7305302,PMC7310532,PMC7317054,PMC7397152,PMC7690890,PMC7738992,PMC7952412,PMC8038069,PMC8370767,PMC8742817,PMC9013652,PMC9184558,PMC9929861
Gene	1956	EGFR	ncbi_gene	367	27	PMC2848976,PMC3113907,PMC3273949,PMC3485222,PMC3539440,PMC3543849,PMC3621652,PMC3636093,PMC3648455,PMC3776976,PMC3816225,PMC4114630,PMC4453732,PMC5305101,PMC5332555,PMC5498998,PMC5583477,PMC6617392,PMC6776898,PMC7317054,PMC7668446,PMC7952412,PMC8150846,PMC8395939,PMC8469245,PMC8959601,PMC9013652
Gene	5609	MAP2K7	ncbi_gene	352	35	PMC1550420,PMC2651892,PMC2848976,PMC3273949,PMC3543849,PMC3554420,PMC3578816,PMC3647113,PMC3668138,PMC3776976,PMC3836801,PMC4091572,PMC4453732,PMC5302981,PMC5332555,PMC5527484,PMC5579334,PMC5827037,PMC5978249,PMC6101293,PMC6168575,PMC6770187,PMC7031935,PMC7073166,PMC7169429,PMC7317054,PMC7658220,PMC7668446,PMC8038069,PMC8144720,PMC8150846,PMC8172195,PMC8370767,PMC8395939,PMC9221468
Gene	5594	MAPK1	ncbi_gene	350	36	PMC1550420,PMC2360140,PMC2794539,PMC2848976,PMC3273949,PMC3484870,PMC3492274,PMC3539440,PMC3554420,PMC3578816,PMC3647113,PMC3668138,PMC3836801,PMC4453732,PMC5302981,PMC5498998,PMC5527484,PMC5579334,PMC5583477,PMC5978249,PMC6101293,PMC6168575,PMC6301684,PMC6617392,PMC6770187,PMC7031935,PMC7169429,PMC7317054,PMC7658220,PMC8144720,PMC8150846,PMC8172195,PMC8370767,PMC8395939,PMC8705852,PMC8959601
Gene	43149	Nf1	ncbi_gene	335	6	PMC3578816,PMC3836801,PMC3982616,PMC4091572,PMC7398555,PMC8959601
Gene	6237	RRAS	ncbi_gene	298	2	PMC1533846,PMC8447793
Gene	207	AKT1	ncbi_gene	270	44	PMC1533846,PMC1550420,PMC2615028,PMC2651892,PMC2848976,PMC3273949,PMC3492274,PMC3539440,PMC3554420,PMC3578816,PMC3621652,PMC3647113,PMC3776976,PMC3816225,PMC3836801,PMC4453732,PMC5302981,PMC5498998,PMC5527484,PMC5579334,PMC5827037,PMC5908872,PMC5978249,PMC5980157,PMC6101293,PMC6770187,PMC6776898,PMC7031935,PMC7073166,PMC7169429,PMC7317054,PMC7326958,PMC7668446,PMC7738992,PMC7890980,PMC7952412,PMC8038069,PMC8071449,PMC8144720,PMC8150846,PMC8370767,PMC8447793,PMC8469245,PMC8959601
Gene	472	ATM	ncbi_gene	268	6	PMC3130048,PMC3816225,PMC5308618,PMC5527484,PMC8469245,PMC9184558
Gene	5979	RET	ncbi_gene	261	11	PMC2360140,PMC2651892,PMC2848976,PMC3273949,PMC3543849,PMC3636093,PMC3836801,PMC5305101,PMC6617392,PMC8071449,PMC8742817
Gene	8061	FOSL1	ncbi_gene	242	1	PMC8370767
Gene	3105	HLA-A	ncbi_gene	222	6	PMC2360140,PMC4355981,PMC4823759,PMC4823762,PMC555742,PMC6617392
Gene	238	ALK	ncbi_gene	221	9	PMC3636093,PMC3836801,PMC4091572,PMC5369315,PMC6617392,PMC7317054,PMC8071449,PMC9013652,PMC9929861
Gene	2475	MTOR	ncbi_gene	215	28	PMC3273949,PMC3492274,PMC3539440,PMC3543849,PMC3554420,PMC3668138,PMC4178206,PMC4453732,PMC4492820,PMC5302981,PMC5308618,PMC5579334,PMC5804031,PMC5827037,PMC5978249,PMC5980157,PMC6770187,PMC6776898,PMC7031935,PMC7073166,PMC7317054,PMC7668446,PMC7739466,PMC8038069,PMC8071449,PMC8144720,PMC8395939,PMC8469245
Gene	4004	LMO1	ncbi_gene	204	1	PMC6049873
Gene	5728	PTEN	ncbi_gene	189	29	PMC1550420,PMC2651892,PMC2848976,PMC3366948,PMC3539440,PMC3543849,PMC3554420,PMC3647113,PMC3668138,PMC3816225,PMC3966786,PMC4355981,PMC4492820,PMC5498998,PMC5527484,PMC5583477,PMC5804031,PMC7169429,PMC7317054,PMC7326958,PMC7668446,PMC7690890,PMC7738992,PMC7952412,PMC8038069,PMC8469245,PMC9013652,PMC9184558,PMC9929861
Gene	5037	PEBP1	ncbi_gene	178	1	PMC6115972
Gene	564518	nf1b	ncbi_gene	173	2	PMC3484870,PMC5332555
Gene	1950	EGF	ncbi_gene	167	13	PMC3024950,PMC3113907,PMC3648455,PMC4453732,PMC5369315,PMC5827037,PMC6168575,PMC6776898,PMC7073166,PMC7317054,PMC8370767,PMC8395939,PMC8959601
Gene	5293	PIK3CD	ncbi_gene	162	17	PMC3366948,PMC3539440,PMC3554420,PMC3578816,PMC3621652,PMC3647113,PMC4453732,PMC5302981,PMC5908872,PMC5978249,PMC7073166,PMC7668446,PMC7738992,PMC8038069,PMC8071449,PMC8150846,PMC9184558
Gene	857	CAV1	ncbi_gene	162	5	PMC4714971,PMC5498998,PMC6101293,PMC7326958,PMC8395939
Gene	13649	Egfr	ncbi_gene	161	5	PMC3484870,PMC3539440,PMC4884927,PMC6776898,PMC8959601
Gene	8743	TNFSF10	ncbi_gene	158	1	PMC3578816
Gene	326708	nf1a	ncbi_gene	150	3	PMC3484870,PMC4714971,PMC5332555
Gene	14265	Fmr1	ncbi_gene	135	1	PMC7739466
Gene	140795	P2ry14	ncbi_gene	135	1	PMC8959601
Gene	7015	TERT	ncbi_gene	133	7	PMC3539440,PMC4022359,PMC5369315,PMC7317054,PMC7952412,PMC8742817,PMC9221468
Gene	5290	PIK3CA	ncbi_gene	130	21	PMC1533846,PMC2651892,PMC3273949,PMC3366948,PMC3543849,PMC3668138,PMC3816225,PMC5498998,PMC5527484,PMC5579334,PMC5583477,PMC5908872,PMC6101293,PMC6617392,PMC7031935,PMC7310532,PMC7317054,PMC8370767,PMC8469245,PMC8742817,PMC9013652
Gene	1029	CDKN2A	ncbi_gene	129	24	PMC1533846,PMC3130048,PMC3273949,PMC3539440,PMC3554420,PMC3668138,PMC3816225,PMC3966786,PMC4453732,PMC5332555,PMC5527484,PMC5827037,PMC5978249,PMC7031337,PMC7031935,PMC7169429,PMC7305302,PMC7317054,PMC7668446,PMC7952412,PMC8038069,PMC8742817,PMC9184558,PMC9929861
Gene	124540	MSI2	ncbi_gene	129	1	PMC7326958
Gene	9934	P2RY14	ncbi_gene	128	1	PMC8959601
Gene	4893	NRAS	ncbi_gene	124	19	PMC1533846,PMC2848976,PMC3273949,PMC3366948,PMC3447199,PMC3554420,PMC3647113,PMC3668138,PMC3816225,PMC3836801,PMC5302981,PMC5527484,PMC5978249,PMC5980157,PMC6411871,PMC6617392,PMC6770187,PMC7169429,PMC8447793
Gene	22882	ZHX2	ncbi_gene	124	27	PMC1533846,PMC1550420,PMC2651892,PMC2848976,PMC3273949,PMC3492274,PMC3554420,PMC3578816,PMC3636093,PMC3816225,PMC3836801,PMC4453732,PMC4629113,PMC5527484,PMC5579334,PMC6101293,PMC6617392,PMC7031935,PMC7169429,PMC7317054,PMC7952412,PMC8071449,PMC8144720,PMC8150846,PMC8172195,PMC8395939,PMC8447793
Gene	100526136	NF1	ncbi_gene	119	2	PMC6168575,PMC7029865
Gene	2099	ESR1	ncbi_gene	117	3	PMC4178206,PMC6770187,PMC7310532
Gene	4609	MYC	ncbi_gene	115	16	PMC1533846,PMC2766639,PMC2848976,PMC3578816,PMC3636093,PMC4178206,PMC4453732,PMC5498998,PMC6411871,PMC6687785,PMC7310532,PMC7397152,PMC7668446,PMC7952412,PMC8071449,PMC8447793
Gene	8452	CUL3	ncbi_gene	112	4	PMC3836801,PMC6101293,PMC6770187,PMC7169429
Gene	22800	RRAS2	ncbi_gene	112	1	PMC8447793
Gene	4286	MITF	ncbi_gene	110	2	PMC2794539,PMC3668138
Gene	5156	PDGFRA	ncbi_gene	109	6	PMC3273949,PMC3636093,PMC5332555,PMC5980157,PMC7317054,PMC9929861
Gene	5894	RAF1	ncbi_gene	108	14	PMC2848976,PMC3554420,PMC3636093,PMC3647113,PMC3836801,PMC5583477,PMC5978249,PMC7310532,PMC7317054,PMC7397152,PMC7952412,PMC8144720,PMC8172195,PMC8447793
Gene	7297	TYK2	ncbi_gene	108	5	PMC3366948,PMC6718590,PMC7317054,PMC7952412,PMC9221468
Gene	823	CAPN1	ncbi_gene	108	1	PMC6101293
Gene	3394	IRF8	ncbi_gene	103	1	PMC4114630
Gene	386856	pdgfra	ncbi_gene	99	1	PMC5332555
Gene	26413	Mapk1	ncbi_gene	96	19	PMC2848976,PMC3484870,PMC3492274,PMC3539440,PMC3836801,PMC4958313,PMC5302981,PMC6301684,PMC6770187,PMC6961243,PMC7073166,PMC7397152,PMC7658220,PMC8150846,PMC8370767,PMC8395939,PMC8705852,PMC8959601,PMC9646701
Gene	5747	PTK2	ncbi_gene	94	5	PMC2848976,PMC6101293,PMC8038069,PMC8150846,PMC8395939
Gene	140616	sox10	ncbi_gene	94	2	PMC3484870,PMC5332555
Gene	10413	YAP1	ncbi_gene	92	5	PMC4453732,PMC7317054,PMC8038069,PMC8071449,PMC8742817
Gene	19713	Ret	ncbi_gene	91	3	PMC2651892,PMC3836801,PMC8071449
Gene	56717	Mtor	ncbi_gene	89	6	PMC3492274,PMC3539440,PMC4492820,PMC7073166,PMC7739466,PMC8370767
Gene	26405	Map3k2	ncbi_gene	89	1	PMC7658220
Gene	34284	Pka-C1	ncbi_gene	88	2	PMC3836801,PMC8959601
Gene	15461	Hras	ncbi_gene	87	4	PMC1533846,PMC3982616,PMC6961243,PMC8370767
Gene	2597	GAPDH	ncbi_gene	86	26	PMC2360140,PMC2615028,PMC3316730,PMC3554420,PMC3621652,PMC3636093,PMC3836801,PMC4114630,PMC4762531,PMC5302981,PMC6049873,PMC6101293,PMC6411871,PMC6718590,PMC7031337,PMC7326958,PMC7668446,PMC7690890,PMC7906369,PMC7952412,PMC8071449,PMC8144720,PMC8172195,PMC8370767,PMC8447793,PMC8469245
Gene	11651	Akt1	ncbi_gene	86	10	PMC3539440,PMC5332555,PMC5804031,PMC6776898,PMC7073166,PMC7169429,PMC7658220,PMC8071449,PMC8150846,PMC8705852
Gene	19211	Pten	ncbi_gene	85	2	PMC3539440,PMC4884927
Gene	5921	RASA1	ncbi_gene	84	7	PMC3273949,PMC3492274,PMC3836801,PMC4091572,PMC4615033,PMC6101293,PMC7690890
Gene	650	BMP2	ncbi_gene	81	3	PMC5302981,PMC5978249,PMC6115972
Gene	3417	IDH1	ncbi_gene	81	4	PMC7668446,PMC7738992,PMC8370767,PMC8742817
Gene	12796	Camp	ncbi_gene	78	1	PMC8959601
Gene	5879	RAC1	ncbi_gene	73	3	PMC2615028,PMC7169429,PMC8447793
Gene	14580	Gfap	ncbi_gene	71	11	PMC3484870,PMC3982616,PMC4884927,PMC5980157,PMC6168575,PMC6961243,PMC7029865,PMC7738992,PMC8370767,PMC8705852,PMC8742817
Gene	851691	PDS1	ncbi_gene	71	1	PMC4615033
Gene	5295	PIK3R1	ncbi_gene	70	13	PMC1533846,PMC2615028,PMC2651892,PMC3492274,PMC3543849,PMC3668138,PMC4453732,PMC5308618,PMC5527484,PMC5583477,PMC6115972,PMC7952412,PMC8144720
Gene	22059	Trp53	ncbi_gene	70	7	PMC2858150,PMC4884927,PMC5980157,PMC6168575,PMC6718590,PMC7397152,PMC7668446
Gene	216238	Eea1	ncbi_gene	70	1	PMC6776898
Gene	4613	MYCN	ncbi_gene	69	6	PMC1533846,PMC1550420,PMC2442611,PMC5305101,PMC5369315,PMC8071449
Gene	2048	EPHB2	ncbi_gene	67	8	PMC2651892,PMC3130048,PMC4091572,PMC4404347,PMC7317054,PMC7668446,PMC7952412,PMC8071449
Gene	3265	HRAS	ncbi_gene	66	16	PMC1533846,PMC2228040,PMC3273949,PMC3492274,PMC3554420,PMC3982616,PMC4629113,PMC5527484,PMC5978249,PMC5980157,PMC6770187,PMC7169429,PMC7317054,PMC8150846,PMC8447793,PMC9013652
Gene	4524	MTHFR	ncbi_gene	66	1	PMC2376111
Gene	7040	TGFB1	ncbi_gene	65	15	PMC2848976,PMC3130048,PMC3485222,PMC3543849,PMC4178206,PMC4453732,PMC4762531,PMC5302981,PMC5498998,PMC5527484,PMC6115972,PMC6617392,PMC7326958,PMC8150846,PMC8469245
Gene	2332	FMR1	ncbi_gene	65	1	PMC7739466
Gene	5347	PLK1	ncbi_gene	64	2	PMC3776976,PMC5579334
Gene	218397	Rasa1	ncbi_gene	63	7	PMC3492274,PMC3836801,PMC4714971,PMC6301684,PMC6961243,PMC7397152,PMC7668446
Gene	4804	NGFR	ncbi_gene	61	6	PMC3113907,PMC6168575,PMC6411871,PMC7317054,PMC8959601,PMC9221468
Gene	3815	KIT	ncbi_gene	59	8	PMC2360140,PMC2848976,PMC3273949,PMC5332555,PMC5527484,PMC6411871,PMC7317054,PMC9929861
Gene	999	CDH1	ncbi_gene	58	9	PMC2360140,PMC3668138,PMC4178206,PMC5498998,PMC5527484,PMC6411871,PMC7310532,PMC7317054,PMC7326958
Gene	12799	Cnp	ncbi_gene	58	4	PMC3539440,PMC3982616,PMC8370767,PMC8959601
Gene	10746	MAP3K2	ncbi_gene	58	1	PMC7658220
Gene	6714	SRC	ncbi_gene	57	4	PMC3543849,PMC7169429,PMC8150846,PMC8395939
Gene	960	CD44	ncbi_gene	56	5	PMC2766639,PMC3636093,PMC6411871,PMC7317054,PMC8370767
Gene	77040	Atg16l1	ncbi_gene	55	1	PMC6776898
Gene	23512	SUZ12	ncbi_gene	54	10	PMC3589544,PMC5978249,PMC6718590,PMC7031337,PMC7031935,PMC7305302,PMC7317054,PMC7952412,PMC8038069,PMC9929861
Gene	6098	ROS1	ncbi_gene	54	2	PMC3636093,PMC7317054
Gene	109880	Braf	ncbi_gene	53	4	PMC1533846,PMC2848976,PMC3447199,PMC6101293
Gene	17345	Mki67	ncbi_gene	53	10	PMC3113907,PMC3539440,PMC3982616,PMC4884927,PMC5641092,PMC5980157,PMC6168575,PMC7738992,PMC8370767,PMC8959601
Gene	6093	ROCK1	ncbi_gene	53	1	PMC8447793
Gene	675	BRCA2	ncbi_gene	52	5	PMC3130048,PMC5527484,PMC7031935,PMC7310532,PMC9184558
Gene	21823	Th	ncbi_gene	51	5	PMC1533846,PMC4714971,PMC6819083,PMC7029865,PMC8071449
Gene	7351	UCP2	ncbi_gene	51	2	PMC3885720,PMC5804031
Gene	1499	CTNNB1	ncbi_gene	50	12	PMC1550420,PMC2360140,PMC2848976,PMC3130048,PMC3485222,PMC3621652,PMC5498998,PMC5527484,PMC6115972,PMC7031337,PMC7031935,PMC8038069
Gene	13406	Dmp1	ncbi_gene	50	1	PMC7658220
Gene	36295	jeb	ncbi_gene	49	3	PMC3836801,PMC4091572,PMC7398555
Gene	12359	Cat	ncbi_gene	49	2	PMC5804031,PMC7658220
Gene		RAS	ncbi_gene	47	7	PMC3273949,PMC3352892,PMC4629113,PMC4762531,PMC6770187,PMC7169429,PMC8705852
Gene	30590	tp53	ncbi_gene	47	2	PMC3484870,PMC5332555
Gene	5241	PGR	ncbi_gene	47	2	PMC6301684,PMC7310532
Gene	24592	Nf1	ncbi_gene	46	3	PMC6770187,PMC6819083,PMC7073166
Gene	442891	MIR135B	ncbi_gene	45	2	PMC1550420,PMC7031337
Gene	17242	Mdk	ncbi_gene	45	11	PMC2848976,PMC3836801,PMC3982616,PMC5302981,PMC7073166,PMC7169429,PMC7397152,PMC8370767,PMC8705852,PMC8959601,PMC9929861
Gene	50913	Olig2	ncbi_gene	45	7	PMC3484870,PMC3982616,PMC5980157,PMC7029865,PMC7738992,PMC8370767,PMC8742817
Gene	558	AXL	ncbi_gene	45	4	PMC3668138,PMC5305101,PMC5498998,PMC8071449
Gene	14283	Fosl1	ncbi_gene	45	1	PMC8370767
Gene	6010	RHO	ncbi_gene	44	4	PMC7169429,PMC7890980,PMC8038069,PMC8447793
Gene	2064	ERBB2	ncbi_gene	43	12	PMC3273949,PMC3539440,PMC3578816,PMC3816225,PMC4404347,PMC5087121,PMC5498998,PMC6617392,PMC7310532,PMC7317054,PMC7952412,PMC8395939
Gene	12387	Ctnnb1	ncbi_gene	43	4	PMC3447199,PMC7658220,PMC7739466,PMC9221468
Gene	728378	POTEF	ncbi_gene	42	16	PMC2376111,PMC2442611,PMC3485222,PMC3539440,PMC3578816,PMC3636093,PMC3647113,PMC3668138,PMC3982616,PMC4453732,PMC4892608,PMC5308618,PMC6411871,PMC7668446,PMC7906369,PMC9184558
Gene	6506	SLC1A2	ncbi_gene	42	1	PMC3636093
Gene	7124	TNF	ncbi_gene	41	6	PMC3578816,PMC3648455,PMC7317054,PMC8071449,PMC8370767,PMC8469245
Gene	4118	MAL	ncbi_gene	41	3	PMC3621652,PMC4114630,PMC7317054
Gene	4915	NTRK2	ncbi_gene	40	1	PMC2615028
Gene	16653	Kras	ncbi_gene	40	4	PMC2858150,PMC3539440,PMC4453732,PMC8370767
Gene	6285	S100B	ncbi_gene	40	7	PMC3539440,PMC4884927,PMC6168575,PMC7317054,PMC7738992,PMC7952412,PMC9929861
Gene	10533	ATG7	ncbi_gene	40	3	PMC3636093,PMC6115972,PMC6776898
Gene	10215	OLIG2	ncbi_gene	40	5	PMC6049873,PMC7029865,PMC7738992,PMC8370767,PMC8742817
Gene	6750	SST	ncbi_gene	39	4	PMC3024950,PMC3485222,PMC5498998,PMC5827037
Gene	6663	SOX10	ncbi_gene	39	7	PMC3484870,PMC5332555,PMC7317054,PMC7952412,PMC8959601,PMC9221468,PMC9929861
Gene	3569	IL6	ncbi_gene	39	2	PMC3648455,PMC8395939
Gene	1044	CDX1	ncbi_gene	39	2	PMC4762531,PMC5498998
Gene	7272	TTK	ncbi_gene	39	1	PMC6049873
Gene	7431	VIM	ncbi_gene	38	9	PMC3352892,PMC3668138,PMC4178206,PMC4492820,PMC7310532,PMC7326958,PMC7738992,PMC7952412,PMC8370767
Gene	2670	GFAP	ncbi_gene	38	7	PMC3484870,PMC3982616,PMC6168575,PMC7029865,PMC7738992,PMC8370767,PMC8742817
Gene	854073	IRA2	ncbi_gene	38	2	PMC4615033,PMC7690890
Gene	9622	KLK4	ncbi_gene	38	1	PMC5827037
Gene	18950	Pnp	ncbi_gene	38	1	PMC5980157
Gene	6657	SOX2	ncbi_gene	37	5	PMC2766639,PMC3113907,PMC6411871,PMC7952412,PMC9013652
Gene	441931	VN1R17P	ncbi_gene	37	1	PMC3024950
Gene	53425	Alk	ncbi_gene	36	2	PMC3836801,PMC7398555
Gene	11682	Alk	ncbi_gene	36	3	PMC3836801,PMC4091572,PMC8071449
Gene	1027	CDKN1B	ncbi_gene	36	3	PMC4453732,PMC5827037,PMC7952412
Gene	3316	HSPB2	ncbi_gene	35	2	PMC2442611,PMC7317054
Gene	9451	EIF2AK3	ncbi_gene	35	9	PMC2848976,PMC3554420,PMC3578816,PMC3836801,PMC6770187,PMC7952412,PMC8370767,PMC8705852,PMC8959601
Gene	3383	ICAM1	ncbi_gene	35	2	PMC4404347,PMC8395939
Gene	58126	runx1	ncbi_gene	35	1	PMC4714971
Gene	50706	Postn	ncbi_gene	35	1	PMC4884927
Gene	5289	PIK3C3	ncbi_gene	35	2	PMC6115972,PMC6776898
Gene	100126345	MIR889	ncbi_gene	35	1	PMC7031337
Gene	672	BRCA1	ncbi_gene	34	5	PMC3130048,PMC4355981,PMC5527484,PMC6687785,PMC7690890
Gene	324	APC	ncbi_gene	33	8	PMC1550420,PMC3543849,PMC5498998,PMC5583477,PMC6617392,PMC7317054,PMC8038069,PMC9184558
Gene	4084	MXD1	ncbi_gene	33	1	PMC3578816
Gene	9353	SLIT2	ncbi_gene	33	1	PMC3621652
Gene	18008	Nes	ncbi_gene	33	5	PMC4884927,PMC5980157,PMC7738992,PMC7952412,PMC8370767
Gene	2335	FN1	ncbi_gene	32	5	PMC1968784,PMC8071449,PMC8150846,PMC8370767,PMC8395939
Gene	6426	SRSF1	ncbi_gene	32	1	PMC4892608
Gene	8726	EED	ncbi_gene	32	8	PMC5978249,PMC7031337,PMC7031935,PMC7305302,PMC7317054,PMC7952412,PMC8038069,PMC9929861
Gene	627	BDNF	ncbi_gene	31	2	PMC2615028,PMC8469245
Gene	947	CD34	ncbi_gene	31	5	PMC3113907,PMC3636093,PMC4492820,PMC6411871,PMC9929861
Gene	4784	NFIX	ncbi_gene	31	2	PMC3484870,PMC5332555
Gene	406937	MIR145	ncbi_gene	30	2	PMC1550420,PMC7031337
Gene	5366	PMAIP1	ncbi_gene	30	2	PMC2360140,PMC2442611
Gene	22408	Wnt1	ncbi_gene	30	1	PMC4714971
Gene	18613	Pecam1	ncbi_gene	29	3	PMC3352892,PMC4714971,PMC5980157
Gene	2130	EWSR1	ncbi_gene	29	2	PMC3636093,PMC4022359
Gene	1021	CDK6	ncbi_gene	29	2	PMC3636093,PMC7317054
Gene	1000	CDH2	ncbi_gene	29	3	PMC3668138,PMC7310532,PMC7326958
Gene	7414	VCL	ncbi_gene	29	2	PMC8370767,PMC8395939
Gene	595	CCND1	ncbi_gene	28	7	PMC3492274,PMC3647113,PMC3966786,PMC4453732,PMC7310532,PMC7668446,PMC9013652
Gene	1213	CLTC	ncbi_gene	28	2	PMC3636093,PMC6115972
Gene	54721	Tyk2	ncbi_gene	28	1	PMC6718590
Gene	79811	SLTM	ncbi_gene	27	5	PMC2150402,PMC6617392,PMC7317054,PMC8071449,PMC9013652
Gene	3576	CXCL8	ncbi_gene	27	3	PMC2360140,PMC2848976,PMC8395939
Gene	5291	PIK3CB	ncbi_gene	27	4	PMC3366948,PMC5308618,PMC5908872,PMC6115972
Gene	2012	EMP1	ncbi_gene	27	1	PMC3485222
Gene	3107	HLA-C	ncbi_gene	27	2	PMC4355981,PMC555742
Gene	3964	LGALS8	ncbi_gene	27	1	PMC6776898
Gene	2247	FGF2	ncbi_gene	26	7	PMC2766639,PMC2848976,PMC3113907,PMC6617392,PMC7073166,PMC7658220,PMC8370767
Gene	2260	FGFR1	ncbi_gene	26	5	PMC3273949,PMC5302981,PMC6617392,PMC7310532,PMC7317054
Gene	325288	olig2	ncbi_gene	26	1	PMC3484870
Gene	301	ANXA1	ncbi_gene	26	2	PMC3485222,PMC5498998
Gene	12916	Crem	ncbi_gene	26	1	PMC3636093
Gene	84557	MAP1LC3A	ncbi_gene	26	3	PMC5804031,PMC6115972,PMC6776898
Gene	1113	CHGA	ncbi_gene	26	2	PMC5827037,PMC6049873
Gene	2353	FOS	ncbi_gene	25	5	PMC1550420,PMC2848976,PMC8172195,PMC8370767,PMC8469245
Gene	5595	MAPK3	ncbi_gene	25	9	PMC2848976,PMC3273949,PMC3578816,PMC3836801,PMC4453732,PMC5583477,PMC6101293,PMC6301684,PMC8395939
Gene	3484	IGFBP1	ncbi_gene	25	1	PMC3648455
Gene	14618	Gjb1	ncbi_gene	25	1	PMC3982616
Gene	18590	Pdgfa	ncbi_gene	25	1	PMC5980157
Gene	57551	TAOK1	ncbi_gene	25	2	PMC7169429,PMC8038069
Gene	3560	IL2RB	ncbi_gene	25	1	PMC8959601
Gene	4089	SMAD4	ncbi_gene	24	8	PMC1550420,PMC3130048,PMC3543849,PMC4453732,PMC5302981,PMC5498998,PMC5527484,PMC5827037
Gene	79923	NANOG	ncbi_gene	24	5	PMC2766639,PMC3589544,PMC4823759,PMC4823762,PMC8370767
Gene	9518	GDF15	ncbi_gene	24	1	PMC3485222
Gene	7048	TGFBR2	ncbi_gene	24	2	PMC3485222,PMC7317054
Gene	9966	TNFSF15	ncbi_gene	24	1	PMC3485222
Gene	3490	IGFBP7	ncbi_gene	24	1	PMC3621652
Gene	6591	SNAI2	ncbi_gene	24	3	PMC3668138,PMC7310532,PMC8071449
Gene	25163	Cdkn2a	ncbi_gene	24	1	PMC3966786
Gene	6855	SYP	ncbi_gene	24	2	PMC5827037,PMC6049873
Gene	18109	Mycn	ncbi_gene	23	2	PMC1533846,PMC8071449
Gene	387609	Zhx2	ncbi_gene	23	8	PMC1533846,PMC2848976,PMC3982616,PMC7073166,PMC7169429,PMC7397152,PMC7658220,PMC8705852
Gene	3082	HGF	ncbi_gene	23	5	PMC2150402,PMC3273949,PMC6617392,PMC7317054,PMC8469245
Gene	5294	PIK3CG	ncbi_gene	23	5	PMC3366948,PMC3816225,PMC5908872,PMC8447793,PMC8469245
Gene	4781	NFIB	ncbi_gene	23	2	PMC3484870,PMC5332555
Gene	93663	ARHGAP18	ncbi_gene	23	1	PMC3485222
Gene	1267	CNP	ncbi_gene	23	4	PMC3539440,PMC3982616,PMC8742817,PMC8959601
Gene	3630	INS	ncbi_gene	23	8	PMC3647113,PMC3648455,PMC3668138,PMC4453732,PMC5369315,PMC5827037,PMC6617392,PMC7310532
Gene	18708	Pik3r1	ncbi_gene	22	8	PMC1533846,PMC3539440,PMC6301684,PMC7073166,PMC7739466,PMC8071449,PMC8705852,PMC8959601
Gene	8842	PROM1	ncbi_gene	22	1	PMC3113907
Gene	18027	Nfia	ncbi_gene	22	2	PMC3484870,PMC5332555
Gene	18028	Nfib	ncbi_gene	22	2	PMC3484870,PMC5332555
Gene	1302	COL11A2	ncbi_gene	22	4	PMC3578816,PMC5302981,PMC7310532,PMC7668446
Gene	79718	TBL1XR1	ncbi_gene	22	2	PMC4615033,PMC8959601
Gene	852437	IRA1	ncbi_gene	22	1	PMC4615033
Gene	30256	kita	ncbi_gene	22	2	PMC4714971,PMC5332555
Gene	5154	PDGFA	ncbi_gene	22	3	PMC5332555,PMC5980157,PMC7317054
Gene	6194	RPS6	ncbi_gene	22	2	PMC5498998,PMC7668446
Gene	5478	PPIA	ncbi_gene	22	2	PMC7031337,PMC7906369
Gene	53373	TPCN1	ncbi_gene	21	1	PMC2651892
Gene	110157	Raf1	ncbi_gene	21	3	PMC2848976,PMC3982616,PMC8370767
Gene	6774	STAT3	ncbi_gene	21	5	PMC2848976,PMC3578816,PMC6718590,PMC7952412,PMC8370767
Gene	6662	SOX9	ncbi_gene	21	5	PMC3113907,PMC7031337,PMC7317054,PMC7952412,PMC9929861
Gene	3172	HNF4A	ncbi_gene	21	6	PMC3130048,PMC3316730,PMC4022359,PMC5498998,PMC5583477,PMC7031337
Gene	5604	MAP2K1	ncbi_gene	21	6	PMC3554420,PMC5583477,PMC6617392,PMC7073166,PMC7169429,PMC7658220
Gene	114486	Braf	ncbi_gene	21	1	PMC3554420
Gene	852762	CDC20	ncbi_gene	21	1	PMC4615033
Gene	161742	SPRED1	ncbi_gene	21	3	PMC6101293,PMC6770187,PMC7668446
Gene	29110	TBK1	ncbi_gene	21	1	PMC6776898
Gene	6908	TBP	ncbi_gene	21	1	PMC7906369
Gene	25	ABL1	ncbi_gene	20	7	PMC2360140,PMC2848976,PMC3273949,PMC3636093,PMC6115972,PMC7658220,PMC8395939
Gene	536051	BRAF	ncbi_gene	20	1	PMC2848976
Gene	14433	Gapdh	ncbi_gene	20	7	PMC2858150,PMC5980157,PMC6718590,PMC7658220,PMC8071449,PMC8150846,PMC8370767
Gene	3718	JAK3	ncbi_gene	20	2	PMC3366948,PMC5527484
Gene	4193	MDM2	ncbi_gene	20	6	PMC3668138,PMC3816225,PMC5827037,PMC7310532,PMC7317054,PMC9184558
Gene	8766	RAB11A	ncbi_gene	20	1	PMC6776898
Gene	406884	MIRLET7B	ncbi_gene	20	1	PMC7031337
Gene	387	RHOA	ncbi_gene	20	4	PMC7169429,PMC8038069,PMC8395939,PMC8447793
Gene	2665	GDI2	ncbi_gene	20	1	PMC8038069
Gene	4771	NF2	ncbi_gene	19	7	PMC2228040,PMC5527484,PMC6101293,PMC7169429,PMC7317054,PMC7690890,PMC8038069
Gene	8795	TNFRSF10B	ncbi_gene	19	2	PMC3578816,PMC3648455
Gene	6615	SNAI1	ncbi_gene	19	3	PMC3668138,PMC6115972,PMC7326958
Gene	259266	ASPM	ncbi_gene	19	2	PMC4453732,PMC6049873
Gene	6901	TAZ	ncbi_gene	19	5	PMC7317054,PMC8038069,PMC8071449,PMC8370767,PMC8742817
Gene	596	BCL2	ncbi_gene	18	6	PMC2360140,PMC2442611,PMC2615028,PMC2794539,PMC3578816,PMC6718590
Gene	6752	SSTR2	ncbi_gene	18	3	PMC3024950,PMC3485222,PMC5827037
Gene	4684	NCAM1	ncbi_gene	18	4	PMC3113907,PMC5827037,PMC7317054,PMC8370767
Gene	80312	TET1	ncbi_gene	18	1	PMC3366948
Gene	13380	Dkk1	ncbi_gene	18	1	PMC3447199
Gene	4790	NFKB1	ncbi_gene	18	5	PMC3485222,PMC3543849,PMC3578816,PMC6115972,PMC8395939
Gene	387119	CEP85L	ncbi_gene	18	1	PMC3636093
Gene	81671	VMP1	ncbi_gene	18	3	PMC3636093,PMC6115972,PMC7317054
Gene	1351	COX8A	ncbi_gene	18	1	PMC3636093
Gene	42549	InR	ncbi_gene	18	1	PMC3836801
Gene	38494	Ras64B	ncbi_gene	18	1	PMC3836801
Gene	3119	HLA-DQB1	ncbi_gene	18	2	PMC4355981,PMC555742
Gene	3123	HLA-DRB1	ncbi_gene	18	4	PMC4355981,PMC4823759,PMC4823762,PMC555742
Gene	853422	MAD2	ncbi_gene	18	1	PMC4615033
Gene	22060	Trp53-ps	ncbi_gene	18	3	PMC5332555,PMC8370767,PMC8742817
Gene	5328	PLAU	ncbi_gene	17	2	PMC2360140,PMC8370767
Gene	4914	NTRK1	ncbi_gene	17	4	PMC2615028,PMC2651892,PMC7952412,PMC8071449
Gene	2315	MLANA	ncbi_gene	17	4	PMC2794539,PMC6411871,PMC7952412,PMC9929861
Gene	6271	S100A1	ncbi_gene	17	4	PMC3113907,PMC4492820,PMC8150846,PMC8959601
Gene	3717	JAK2	ncbi_gene	17	6	PMC3273949,PMC3366948,PMC5527484,PMC6718590,PMC7317054,PMC9221468
Gene	4843	NOS2	ncbi_gene	17	1	PMC3982616
Gene	18417	Cldn11	ncbi_gene	17	1	PMC3982616
Gene	18823	Plp1	ncbi_gene	17	2	PMC3982616,PMC7029865
Gene	21803	Tgfb1	ncbi_gene	17	3	PMC5498998,PMC6617392,PMC8370767
Gene	546	ATRX	ncbi_gene	17	7	PMC5527484,PMC5827037,PMC5980157,PMC7305302,PMC7317054,PMC8742817,PMC9184558
Gene	4057	LTF	ncbi_gene	17	1	PMC5641092
Gene	280717	ALB	ncbi_gene	17	1	PMC5641092
Gene	10000	AKT3	ncbi_gene	17	1	PMC8469245
Gene	22808	MRAS	ncbi_gene	16	2	PMC1533846,PMC8447793
Gene	6790	AURKA	ncbi_gene	16	3	PMC2360140,PMC3543849,PMC7317054
Gene	3091	HIF1A	ncbi_gene	16	7	PMC2360140,PMC2794539,PMC3578816,PMC5804031,PMC7952412,PMC8469245,PMC9013652
Gene	1432	MAPK14	ncbi_gene	16	1	PMC2442611
Gene	7294	TXK	ncbi_gene	16	3	PMC2615028,PMC3366948,PMC3636093
Gene	14083	Ptk2	ncbi_gene	16	2	PMC2848976,PMC8150846
Gene	2146	EZH2	ncbi_gene	16	5	PMC3114747,PMC3447199,PMC3589544,PMC7952412,PMC9184558
Gene	4851	NOTCH1	ncbi_gene	16	7	PMC3366948,PMC5527484,PMC6115972,PMC7310532,PMC7317054,PMC8742817,PMC9184558
Gene	51074	APIP	ncbi_gene	16	1	PMC3636093
Gene	36952	cnk	ncbi_gene	16	1	PMC3836801
Gene	43644	Pka-C2	ncbi_gene	16	1	PMC4091572
Gene	7046	TGFBR1	ncbi_gene	16	1	PMC6115972
Gene	506322	NRAS	ncbi_gene	15	1	PMC2848976
Gene	6198	RPS6KB1	ncbi_gene	15	6	PMC2848976,PMC3492274,PMC3668138,PMC5978249,PMC7668446,PMC7739466
Gene	17196	Mbp	ncbi_gene	15	5	PMC2848976,PMC3484870,PMC3982616,PMC7029865,PMC8370767
Gene	546644	Ly6g	ncbi_gene	15	1	PMC3352892
Gene	13844	Ephb2	ncbi_gene	15	6	PMC3447199,PMC3982616,PMC4091572,PMC4404347,PMC6776898,PMC6819083
Gene	328572	Ep300	ncbi_gene	15	2	PMC3589544,PMC7739466
Gene	7018	TF	ncbi_gene	15	6	PMC3647113,PMC3668138,PMC4404347,PMC5827037,PMC6617392,PMC6776898
Gene	6352	CCL5	ncbi_gene	15	1	PMC3648455
Gene	7153	TOP2A	ncbi_gene	15	5	PMC3776976,PMC5305101,PMC5579334,PMC7317054,PMC7952412
Gene	18595	Pdgfra	ncbi_gene	15	3	PMC3982616,PMC5332555,PMC5980157
Gene	3688	ITGB1	ncbi_gene	15	4	PMC4404347,PMC4762531,PMC8395939,PMC8447793
Gene	649	BMP1	ncbi_gene	15	1	PMC5302981
Gene	18973	Pole	ncbi_gene	15	1	PMC5498998
Gene	2767	GNA11	ncbi_gene	15	1	PMC5527484
Gene	109594	Lmo1	ncbi_gene	15	1	PMC6049873
Gene	23197	FAF2	ncbi_gene	15	2	PMC6101293,PMC6770187
Gene	199	AIF1	ncbi_gene	15	2	PMC6168575,PMC7029865
Gene	20779	Src	ncbi_gene	15	2	PMC7169429,PMC8150846
Gene	19225	Ptgs2	ncbi_gene	15	1	PMC7397152
Gene	407037	MIR320A	ncbi_gene	15	1	PMC8469245
Gene	5925	RB1	ncbi_gene	14	7	PMC1533846,PMC3273949,PMC5087121,PMC7317054,PMC7668446,PMC8038069,PMC9929861
Gene	10671	DCTN6	ncbi_gene	14	2	PMC3130048,PMC3492274
Gene	20665	Sox10	ncbi_gene	14	5	PMC3484870,PMC7952412,PMC8370767,PMC8959601,PMC9929861
Gene	10376	TUBA1B	ncbi_gene	14	8	PMC3578816,PMC4453732,PMC5308618,PMC6101293,PMC6168575,PMC6770187,PMC7310532,PMC7690890
Gene	5159	PDGFRB	ncbi_gene	14	4	PMC3636093,PMC5305101,PMC5980157,PMC7317054
Gene	6241	RRM2	ncbi_gene	14	2	PMC3776976,PMC5579334
Gene	820	CAMP	ncbi_gene	14	1	PMC4091572
Gene	3106	HLA-B	ncbi_gene	14	2	PMC4355981,PMC555742
Gene	559564	eif2ak3	ncbi_gene	14	1	PMC4714971
Gene	8289	ARID1A	ncbi_gene	14	4	PMC5527484,PMC5583477,PMC7317054,PMC9184558
Gene	4780	NFE2L2	ncbi_gene	14	2	PMC5804031,PMC7169429
Gene	2026	ENO2	ncbi_gene	14	2	PMC5827037,PMC6049873
Gene	55054	ATG16L1	ncbi_gene	14	1	PMC6776898
Gene	406935	MIR143	ncbi_gene	14	1	PMC7031337
Gene	5970	RELA	ncbi_gene	14	1	PMC8395939
Gene	4292	MLH1	ncbi_gene	13	4	PMC1550420,PMC3816225,PMC6617392,PMC9184558
Gene	4436	MSH2	ncbi_gene	13	6	PMC1550420,PMC5527484,PMC7317054,PMC8742817,PMC9013652,PMC9184558
Gene	4170	MCL1	ncbi_gene	13	1	PMC2442611
Gene	5460	POU5F1	ncbi_gene	13	5	PMC2766639,PMC3113907,PMC4823759,PMC4823762,PMC7952412
Gene	4155	MBP	ncbi_gene	13	4	PMC2848976,PMC3484870,PMC4629113,PMC7317054
Gene	208	AKT2	ncbi_gene	13	2	PMC3273949,PMC8469245
Gene	1019	CDK4	ncbi_gene	13	7	PMC3273949,PMC3539440,PMC3554420,PMC3836801,PMC7317054,PMC8038069,PMC9221468
Gene	4792	NFKBIA	ncbi_gene	13	1	PMC3578816
Gene	12661	Chl1	ncbi_gene	13	1	PMC3636093
Gene	38495	Akh	ncbi_gene	13	1	PMC3836801
Gene	16399	Itga2b	ncbi_gene	13	1	PMC4714971
Gene	20203	S100b	ncbi_gene	13	6	PMC4884927,PMC6168575,PMC7952412,PMC8150846,PMC8370767,PMC9929861
Gene	2776	GNAQ	ncbi_gene	13	1	PMC5527484
Gene	84335	AKT1S1	ncbi_gene	13	1	PMC5978249
Gene	396928	GAD1	ncbi_gene	13	1	PMC7029865
Gene	396562	GFAP	ncbi_gene	13	1	PMC7029865
Gene	35430	tsh	ncbi_gene	13	1	PMC7398555
Gene	22174	Tyro3	ncbi_gene	13	1	PMC8071449
Gene	2668	GDNF	ncbi_gene	13	2	PMC8071449,PMC8370767
Gene	2277	VEGFD	ncbi_gene	13	1	PMC8395939
Gene	18706	Pik3ca	ncbi_gene	12	1	PMC1533846
Gene	1012	CDH13	ncbi_gene	12	2	PMC2360140,PMC3485222
Gene	5175	PECAM1	ncbi_gene	12	2	PMC3352892,PMC8395939
Gene	3480	IGF1R	ncbi_gene	12	5	PMC3366948,PMC3554420,PMC3648455,PMC5305101,PMC6617392
Gene	10718	NRG3	ncbi_gene	12	1	PMC3447199
Gene	11461	Actb	ncbi_gene	12	8	PMC3539440,PMC3982616,PMC5605987,PMC5978249,PMC6776898,PMC7169429,PMC7397152,PMC8071449
Gene	29817	Igfbp7	ncbi_gene	12	1	PMC3621652
Gene	27436	EML4	ncbi_gene	12	2	PMC3636093,PMC9929861
Gene	3458	IFNG	ncbi_gene	12	3	PMC3648455,PMC4114630,PMC8395939
Gene	6240	RRM1	ncbi_gene	12	2	PMC3776976,PMC5579334
Gene	9734	HDAC9	ncbi_gene	12	3	PMC3776976,PMC5827037,PMC5978249
Gene	121021	Cspg4	ncbi_gene	12	3	PMC3982616,PMC7029865,PMC8370767
Gene	2152	F3	ncbi_gene	12	5	PMC4404347,PMC5498998,PMC6115972,PMC7169429,PMC8370767
Gene	2339	FNTA	ncbi_gene	12	1	PMC4629113
Gene	3251	HPRT1	ncbi_gene	12	5	PMC5804031,PMC6411871,PMC7031337,PMC7906369,PMC8469245
Gene	8091	HMGA2	ncbi_gene	12	3	PMC5827037,PMC7317054,PMC7326958
Gene	9779	TBC1D5	ncbi_gene	12	1	PMC6115972
Gene	9892	SNAP91	ncbi_gene	12	1	PMC6168575
Gene	100304476	tp53	ncbi_gene	12	1	PMC6617392
Gene	925	CD8A	ncbi_gene	12	2	PMC6617392,PMC8469245
Gene	407026	MIR29C	ncbi_gene	12	1	PMC7031337
Gene	367	AR	ncbi_gene	12	1	PMC7310532
Gene	12505	Cd44	ncbi_gene	12	2	PMC8370767,PMC8705852
Gene	1490	CCN2	ncbi_gene	12	1	PMC8395939
Gene	56938	ARNTL2	ncbi_gene	11	1	PMC2360140
Gene	9076	CLDN1	ncbi_gene	11	1	PMC2360140
Gene	57786	RBAK	ncbi_gene	11	1	PMC2360140
Gene	3725	JUN	ncbi_gene	11	4	PMC2442611,PMC2794539,PMC2848976,PMC8370767
Gene	2261	FGFR3	ncbi_gene	11	4	PMC3273949,PMC6617392,PMC7310532,PMC7317054
Gene	6927	HNF1A	ncbi_gene	11	4	PMC3316730,PMC5498998,PMC5527484,PMC6770187
Gene	7422	VEGFA	ncbi_gene	11	5	PMC3492274,PMC3543849,PMC7397152,PMC8395939,PMC8469245
Gene	81608	FIP1L1	ncbi_gene	11	1	PMC3636093
Gene	8190	MIA	ncbi_gene	11	1	PMC3648455
Gene	7291	TWIST1	ncbi_gene	11	3	PMC3668138,PMC7031337,PMC7317054
Gene	2065	ERBB3	ncbi_gene	11	5	PMC3816225,PMC6617392,PMC7169429,PMC7317054,PMC9221468
Gene	18125	Nos1	ncbi_gene	11	1	PMC3982616
Gene	12367	Casp3	ncbi_gene	11	3	PMC3982616,PMC6718590,PMC7169429
Gene	338413	TAS2R63P	ncbi_gene	11	2	PMC4453732,PMC6770187
Gene	856236	CLB2	ncbi_gene	11	1	PMC4615033
Gene	5122	PCSK1	ncbi_gene	11	1	PMC5498998
Gene	22352	Vim	ncbi_gene	11	5	PMC5583477,PMC5980157,PMC7738992,PMC8071449,PMC8370767
Gene	18383	Tnfrsf11b	ncbi_gene	11	2	PMC6168575,PMC6961243
Gene	3856	KRT8	ncbi_gene	11	2	PMC6770187,PMC7310532
Gene	42452	Oct-TyrR	ncbi_gene	11	1	PMC7398555
Gene	4659	PPP1R12A	ncbi_gene	11	1	PMC8447793
Gene	5781	PTPN11	ncbi_gene	10	4	PMC1533846,PMC3836801,PMC5527484,PMC7317054
Gene	11186	RASSF1	ncbi_gene	10	4	PMC1533846,PMC7317054,PMC7690890,PMC7952412
Gene	407035	MIR31	ncbi_gene	10	1	PMC1550420
Gene	407053	MIR96	ncbi_gene	10	2	PMC1550420,PMC8469245
Gene	6275	S100A4	ncbi_gene	10	2	PMC2794539,PMC8370767
Gene	12478	Cd19	ncbi_gene	10	2	PMC2858150,PMC3352892
Gene	5888	RAD51	ncbi_gene	10	3	PMC2858150,PMC3130048,PMC4892608
Gene	5308	PITX2	ncbi_gene	10	1	PMC3024950
Gene	19126	Prom1	ncbi_gene	10	2	PMC3113907,PMC8370767
Gene	13666	Eif2ak3	ncbi_gene	10	4	PMC3492274,PMC4714971,PMC8705852,PMC8959601
Gene	8797	TNFRSF10A	ncbi_gene	10	1	PMC3578816
Gene	20563	Slit2	ncbi_gene	10	1	PMC3621652
Gene	5729	PTGDR	ncbi_gene	10	1	PMC3636093
Gene	39150	Ilp2	ncbi_gene	10	1	PMC3836801
Gene	403568	RAD51	ncbi_gene	10	1	PMC4892608
Gene	26416	Mapk14	ncbi_gene	10	2	PMC5302981,PMC7658220
Gene	81646	Creb1	ncbi_gene	10	1	PMC5804031
Gene	11004	KIF2C	ncbi_gene	10	2	PMC6049873,PMC7690890
Gene	54472	TOLLIP	ncbi_gene	10	1	PMC6115972
Gene	2255	FGF10	ncbi_gene	10	1	PMC6617392
Gene	26100	WIPI2	ncbi_gene	10	1	PMC6776898
Gene	9474	ATG5	ncbi_gene	10	2	PMC6776898,PMC8469245
Gene	103158530	CD68	ncbi_gene	10	1	PMC7029865
Gene	100523160	DCX	ncbi_gene	10	1	PMC7029865
Gene	51111	KMT5B	ncbi_gene	10	1	PMC7169429
Gene	26395	Map2k1	ncbi_gene	10	2	PMC7169429,PMC7658220
Gene	3852	KRT5	ncbi_gene	10	1	PMC7310532
Gene	4288	MKI67	ncbi_gene	10	2	PMC7317054,PMC8395939
Gene	100419006	NF1P1	ncbi_gene	10	1	PMC7398555
Gene	43769	pan	ncbi_gene	10	1	PMC7398555
Gene	668542	Ighv1-62	ncbi_gene	10	1	PMC7739466
Gene	6175	RPLP0	ncbi_gene	10	1	PMC7906369
Gene	285	ANGPT2	ncbi_gene	10	1	PMC8395939
Gene	3558	IL2	ncbi_gene	10	2	PMC8395939,PMC8469245
Gene	442890	MIR133B	ncbi_gene	9	1	PMC1550420
Gene	3607	FOXK2	ncbi_gene	9	2	PMC1550420,PMC3447199
Gene	3320	HSP90AA1	ncbi_gene	9	3	PMC2442611,PMC3776976,PMC5827037
Gene	5329	PLAUR	ncbi_gene	9	3	PMC2794539,PMC8370767,PMC8395939
Gene	60	ACTB	ncbi_gene	9	3	PMC2848976,PMC6411871,PMC7906369
Gene	1630	DCC	ncbi_gene	9	1	PMC3130048
Gene	111364	H2	ncbi_gene	9	1	PMC3352892
Gene	5788	PTPRC	ncbi_gene	9	3	PMC3352892,PMC5827037,PMC7310532
Gene	81848	SPRY4	ncbi_gene	9	1	PMC3366948
Gene	54790	TET2	ncbi_gene	9	1	PMC3366948
Gene	9159	PCSK7	ncbi_gene	9	1	PMC3447199
Gene	3439	IFNA1	ncbi_gene	9	1	PMC3485222
Gene	2885	GRB2	ncbi_gene	9	4	PMC3539440,PMC7317054,PMC8150846,PMC8395939
Gene	2033	EP300	ncbi_gene	9	2	PMC3589544,PMC5583477
Gene	613	BCR	ncbi_gene	9	2	PMC3636093,PMC5498998
Gene	257415	FAM133B	ncbi_gene	9	1	PMC3636093
Gene	14030	Ewsr1	ncbi_gene	9	1	PMC3636093
Gene	2720	GLB1	ncbi_gene	9	3	PMC3636093,PMC8447793,PMC8959601
Gene	4254	KITLG	ncbi_gene	9	6	PMC3648455,PMC6101293,PMC6168575,PMC7952412,PMC8395939,PMC8469245
Gene	3479	IGF1	ncbi_gene	9	5	PMC3648455,PMC6168575,PMC7317054,PMC8144720,PMC8172195
Gene	3354888	rl	ncbi_gene	9	3	PMC3836801,PMC3982616,PMC4091572
Gene	31328	Ilp7	ncbi_gene	9	1	PMC3836801
Gene	1464	CSPG4	ncbi_gene	9	2	PMC3982616,PMC7029865
Gene	1588	CYP19A1	ncbi_gene	9	2	PMC4178206,PMC7310532
Gene	489372	H2AX	ncbi_gene	9	1	PMC4892608
Gene	26039	SS18L1	ncbi_gene	9	1	PMC5087121
Gene	1033	CDKN3	ncbi_gene	9	1	PMC5308618
Gene	11200	CHEK2	ncbi_gene	9	3	PMC5308618,PMC5827037,PMC7317054
Gene	569836	erbb4b	ncbi_gene	9	1	PMC5332555
Gene	26417;26413	Mapk3	ncbi_gene	9	1	PMC5332555
Gene	57126	CD177	ncbi_gene	9	1	PMC5369315
Gene	3897	L1CAM	ncbi_gene	9	2	PMC5498998,PMC7317054
Gene	196528	ARID2	ncbi_gene	9	2	PMC5527484,PMC5583477
Gene	55193	PBRM1	ncbi_gene	9	2	PMC5527484,PMC5583477
Gene	5243	ABCB1	ncbi_gene	9	1	PMC5583477
Gene	17195	Mbl2	ncbi_gene	9	2	PMC5980157,PMC6776898
Gene	55062	WIPI1	ncbi_gene	9	1	PMC6115972
Gene	4982	TNFRSF11B	ncbi_gene	9	2	PMC6168575,PMC8469245
Gene	920	CD4	ncbi_gene	9	1	PMC6617392
Gene	24890	Esr1	ncbi_gene	9	1	PMC6770187
Gene	338382	RAB7B	ncbi_gene	9	2	PMC6776898,PMC7317054
Gene	9817	KEAP1	ncbi_gene	9	1	PMC7169429
Gene	3371	TNC	ncbi_gene	9	3	PMC7317054,PMC8370767,PMC8395939
Gene	104015	Synj1	ncbi_gene	9	1	PMC7739466
Gene	1051	CEBPB	ncbi_gene	9	1	PMC8370767
Gene	12842	Col1a1	ncbi_gene	9	2	PMC8370767,PMC8395939
Gene	5829	PXN	ncbi_gene	9	1	PMC8395939
Gene	2308	FOXO1	ncbi_gene	8	3	PMC1550420,PMC4453732,PMC6115972
Gene	2309	FOXO3	ncbi_gene	8	2	PMC1550420,PMC4453732
Gene	331	XIAP	ncbi_gene	8	2	PMC2442611,PMC3578816
Gene	3308	HSPA4	ncbi_gene	8	1	PMC2442611
Gene	1017	CDK2	ncbi_gene	8	4	PMC2794539,PMC4492820,PMC5583477,PMC7952412
Gene	3362	HTR6	ncbi_gene	8	2	PMC3024950,PMC6770187
Gene	18390	Oprm1	ncbi_gene	8	2	PMC3024950,PMC6819083
Gene	335	APOA1	ncbi_gene	8	1	PMC3447199
Gene	6484	ST3GAL4	ncbi_gene	8	2	PMC3447199,PMC4762531
Gene	6722	SRF	ncbi_gene	8	2	PMC3543849,PMC8370767
Gene	298947	Pik3cg	ncbi_gene	8	1	PMC3554420
Gene	604	BCL6	ncbi_gene	8	2	PMC3636093,PMC5908872
Gene	8924	HERC2	ncbi_gene	8	1	PMC3836801
Gene	4691	NCL	ncbi_gene	8	2	PMC3836801,PMC8447793
Gene	26554	Cul3	ncbi_gene	8	2	PMC3836801,PMC7169429
Gene	1649	DDIT3	ncbi_gene	8	2	PMC4022359,PMC9184558
Gene	2847485	cat	ncbi_gene	8	1	PMC4629113
Gene	174	AFP	ncbi_gene	8	2	PMC4823759,PMC4823762
Gene	5591	PRKDC	ncbi_gene	8	2	PMC4892608,PMC5308618
Gene	484659	FANCD2	ncbi_gene	8	1	PMC4892608
Gene	548343	glb1	ncbi_gene	8	1	PMC5332555
Gene	1030	CDKN2B	ncbi_gene	8	3	PMC5827037,PMC7952412,PMC8038069
Gene	23451	SF3B1	ncbi_gene	8	1	PMC6770187
Gene	3958	LGALS3	ncbi_gene	8	1	PMC6776898
Gene	5867	RAB4A	ncbi_gene	8	1	PMC6776898
Gene	7037	TFRC	ncbi_gene	8	2	PMC6776898,PMC7906369
Gene	414286	MBP	ncbi_gene	8	1	PMC7029865
Gene	100152482	OLIG2	ncbi_gene	8	1	PMC7029865
Gene	79699	ZYG11B	ncbi_gene	8	1	PMC7169429
Gene	463781	BRAF	ncbi_gene	8	1	PMC7952412
Gene	26362	Axl	ncbi_gene	8	1	PMC8071449
Gene	92170	MTG1	ncbi_gene	8	2	PMC8144720,PMC8172195
Gene	1277	COL1A1	ncbi_gene	8	2	PMC8370767,PMC8395939
Gene	7094	TLN1	ncbi_gene	8	1	PMC8395939
Gene	815	CAMK2A	ncbi_gene	8	1	PMC8469245
Gene	406959	MIR183	ncbi_gene	7	1	PMC1550420
Gene	581	BAX	ncbi_gene	7	2	PMC1550420,PMC2442611
Gene	406958	MIR182	ncbi_gene	7	2	PMC1550420,PMC8469245
Gene	406991	MIR21	ncbi_gene	7	2	PMC1550420,PMC8469245
Gene	7849	PAX8	ncbi_gene	7	2	PMC2360140,PMC2651892
Gene	1909	EDNRA	ncbi_gene	7	2	PMC2360140,PMC8959601
Gene	598	BCL2L1	ncbi_gene	7	1	PMC2442611
Gene	836	CASP3	ncbi_gene	7	3	PMC2442611,PMC6718590,PMC7668446
Gene	355	FAS	ncbi_gene	7	2	PMC2442611,PMC4114630
Gene	4133	MAP2	ncbi_gene	7	3	PMC2615028,PMC3113907,PMC7690890
Gene	17342	Mitf	ncbi_gene	7	1	PMC2794539
Gene	5599	MAPK8	ncbi_gene	7	3	PMC2848976,PMC2858150,PMC3578816
Gene	1385	CREB1	ncbi_gene	7	2	PMC2848976,PMC5804031
Gene	227289	Gpbar1	ncbi_gene	7	1	PMC3024950
Gene	6755	SSTR5	ncbi_gene	7	2	PMC3024950,PMC3485222
Gene	55294	FBXW7	ncbi_gene	7	4	PMC3366948,PMC5527484,PMC5583477,PMC9184558
Gene	7490	WT1	ncbi_gene	7	3	PMC3366948,PMC3636093,PMC7952412
Gene	79796	ALG9	ncbi_gene	7	1	PMC3447199
Gene	7379	UPK2	ncbi_gene	7	1	PMC3447199
Gene	2932	GSK3B	ncbi_gene	7	5	PMC3543849,PMC5908872,PMC6115972,PMC7073166,PMC8038069
Gene	83805	Src	ncbi_gene	7	1	PMC3554420
Gene	24185	Akt1	ncbi_gene	7	2	PMC3554420,PMC7073166
Gene	51651	PTRH2	ncbi_gene	7	2	PMC3636093,PMC3966786
Gene	332	BIRC5	ncbi_gene	7	3	PMC3776976,PMC7317054,PMC7952412
Gene	1786	DNMT1	ncbi_gene	7	3	PMC3776976,PMC5527484,PMC7952412
Gene	4085	MAD2L1	ncbi_gene	7	2	PMC3776976,PMC4615033
Gene	64880	chico	ncbi_gene	7	1	PMC3836801
Gene	32918	Hs3st-B	ncbi_gene	7	1	PMC3836801
Gene	2697	GJA1	ncbi_gene	7	1	PMC3982616
Gene	3117	HLA-DQA1	ncbi_gene	7	1	PMC4355981
Gene	3854	KRT6B	ncbi_gene	7	1	PMC4762531
Gene	5167	ENPP1	ncbi_gene	7	1	PMC4762531
Gene	11747	Anxa5	ncbi_gene	7	1	PMC4892608
Gene	8243	SMC1A	ncbi_gene	7	1	PMC5308618
Gene	4828	NMB	ncbi_gene	7	1	PMC5369315
Gene	4221	MEN1	ncbi_gene	7	2	PMC5527484,PMC5827037
Gene	8647	ABCB11	ncbi_gene	7	1	PMC5583477
Gene	7402	UTRN	ncbi_gene	7	1	PMC5804031
Gene	6570	SLC18A1	ncbi_gene	7	1	PMC5827037
Gene	14255	Flt3	ncbi_gene	7	2	PMC5908872,PMC7658220
Gene	484196	SYK	ncbi_gene	7	1	PMC5908872
Gene	2786	GNG4	ncbi_gene	7	1	PMC6049873
Gene	57405	SPC25	ncbi_gene	7	1	PMC6049873
Gene	10971	YWHAQ	ncbi_gene	7	2	PMC6101293,PMC6770187
Gene	11152	WDR45	ncbi_gene	7	1	PMC6115972
Gene	8408	ULK1	ncbi_gene	7	2	PMC6115972,PMC6776898
Gene	20215	Sag	ncbi_gene	7	1	PMC6770187
Gene	3920	LAMP2	ncbi_gene	7	1	PMC6776898
Gene	56208	Becn1	ncbi_gene	7	1	PMC6776898
Gene	25085	Th	ncbi_gene	7	1	PMC6819083
Gene	74343	Crtc2	ncbi_gene	7	1	PMC7073166
Gene	79594	MUL1	ncbi_gene	7	1	PMC7169429
Gene	9415	FADS2	ncbi_gene	7	1	PMC7169429
Gene	24147	FJX1	ncbi_gene	7	1	PMC7169429
Gene	19353	Rac1	ncbi_gene	7	1	PMC7169429
Gene	1410	CRYAB	ncbi_gene	7	1	PMC7317054
Gene	6696	SPP1	ncbi_gene	7	2	PMC7317054,PMC8395939
Gene	4255	MGMT	ncbi_gene	7	3	PMC7317054,PMC7668446,PMC8742817
Gene	5743	PTGS2	ncbi_gene	7	1	PMC7397152
Gene	57276	Vsig2	ncbi_gene	7	1	PMC7658220
Gene	114788	CSMD3	ncbi_gene	7	1	PMC7952412
Gene	17869	Myc	ncbi_gene	6	3	PMC1533846,PMC1550420,PMC8370767
Gene	5727	PTCH1	ncbi_gene	6	4	PMC2651892,PMC5527484,PMC7738992,PMC9184558
Gene	540786	PTEN	ncbi_gene	6	1	PMC2848976
Gene	64744	SMAP2	ncbi_gene	6	1	PMC3130048
Gene	84295	PHF6	ncbi_gene	6	1	PMC3366948
Gene	11345	GABARAPL2	ncbi_gene	6	2	PMC3447199,PMC6115972
Gene	345	APOC3	ncbi_gene	6	1	PMC3447199
Gene	116519	APOA5	ncbi_gene	6	1	PMC3447199
Gene	7436	VLDLR	ncbi_gene	6	1	PMC3447199
Gene	6646	SOAT1	ncbi_gene	6	1	PMC3447199
Gene	6734	SRPRA	ncbi_gene	6	1	PMC3447199
Gene	1798	DPAGT1	ncbi_gene	6	1	PMC3447199
Gene	23563	CHST5	ncbi_gene	6	1	PMC3447199
Gene	2542	SLC37A4	ncbi_gene	6	1	PMC3447199
Gene	3703	STT3A	ncbi_gene	6	1	PMC3447199
Gene	340665	CYP26C1	ncbi_gene	6	1	PMC3447199
Gene	1586	CYP17A1	ncbi_gene	6	1	PMC3447199
Gene	423675	PTEN	ncbi_gene	6	1	PMC3539440
Gene	396494	EGFR	ncbi_gene	6	1	PMC3539440
Gene	369	ARAF	ncbi_gene	6	4	PMC3554420,PMC4629113,PMC5583477,PMC7031935
Gene	308	ANXA5	ncbi_gene	6	1	PMC3554420
Gene	1045	CDX2	ncbi_gene	6	3	PMC3589544,PMC5498998,PMC5583477
Gene	17153	Mal	ncbi_gene	6	1	PMC3621652
Gene	2120	ETV6	ncbi_gene	6	2	PMC3636093,PMC8469245
Gene	12091	Glb1	ncbi_gene	6	2	PMC3636093,PMC8959601
Gene	133	ADM	ncbi_gene	6	1	PMC3648455
Gene	1674	DES	ncbi_gene	6	4	PMC3668138,PMC4492820,PMC7952412,PMC8742817
Gene	898	CCNE1	ncbi_gene	6	3	PMC3776976,PMC5498998,PMC7317054
Gene	2956	MSH6	ncbi_gene	6	5	PMC3816225,PMC5527484,PMC5583477,PMC7317054,PMC9184558
Gene	39151	Ilp3	ncbi_gene	6	1	PMC3836801
Gene	2768992	Ilp5	ncbi_gene	6	1	PMC3836801
Gene	35221	Rab9	ncbi_gene	6	1	PMC3836801
Gene	5091	PC	ncbi_gene	6	1	PMC4178206
Gene	10381	TUBB3	ncbi_gene	6	2	PMC4823759,PMC4823762
Gene	59	ACTA2	ncbi_gene	6	3	PMC4823759,PMC4823762,PMC8742817
Gene	100048912	CDKN2B-AS1	ncbi_gene	6	1	PMC4932877
Gene	5820	PVT1	ncbi_gene	6	1	PMC4932877
Gene	3643	INSR	ncbi_gene	6	1	PMC5305101
Gene	4683	NBN	ncbi_gene	6	1	PMC5308618
Gene	92737	DNER	ncbi_gene	6	4	PMC5332555,PMC8038069,PMC9221468,PMC9929861
Gene	1048	CEACAM5	ncbi_gene	6	1	PMC5498998
Gene	7042	TGFB2	ncbi_gene	6	2	PMC5498998,PMC6617392
Gene	14406	Gabrg2	ncbi_gene	6	1	PMC5605987
Gene	492019	BTK	ncbi_gene	6	1	PMC5908872
Gene	20674	Sox2	ncbi_gene	6	2	PMC5980157,PMC7952412
Gene	64151	NCAPG	ncbi_gene	6	1	PMC6049873
Gene	824	CAPN2	ncbi_gene	6	1	PMC6101293
Gene	7716	VEZF1	ncbi_gene	6	1	PMC6115972
Gene	8678	BECN1	ncbi_gene	6	2	PMC6115972,PMC7326958
Gene	7405	UVRAG	ncbi_gene	6	2	PMC6115972,PMC6776898
Gene	101092899	MLANA	ncbi_gene	6	1	PMC6411871
Gene	2246	FGF1	ncbi_gene	6	1	PMC6617392
Gene	55509	BATF3	ncbi_gene	6	1	PMC6617392
Gene	3965	LGALS9	ncbi_gene	6	1	PMC6776898
Gene	171361	Eef1a1	ncbi_gene	6	1	PMC6819083
Gene	13193	Dcx	ncbi_gene	6	2	PMC7029865,PMC8370767
Gene	16059	Igh-V7183	ncbi_gene	6	2	PMC7029865,PMC8071449
Gene	11848	Rhoa	ncbi_gene	6	1	PMC7169429
Gene	18479	Pak1	ncbi_gene	6	1	PMC7169429
Gene	396	ARHGDIA	ncbi_gene	6	1	PMC7169429
Gene	5376	PMP22	ncbi_gene	6	1	PMC7317054
Gene	6678	SPARC	ncbi_gene	6	1	PMC7317054
Gene	5080	PAX6	ncbi_gene	6	2	PMC7317054,PMC7739466
Gene	6876	TAGLN	ncbi_gene	6	3	PMC7317054,PMC7952412,PMC8742817
Gene	42249	ChAT	ncbi_gene	6	1	PMC7398555
Gene	2768964	Or69a	ncbi_gene	6	1	PMC7398555
Gene	216439	Agap2	ncbi_gene	6	1	PMC7739466
Gene	1072	CFL1	ncbi_gene	6	2	PMC7890980,PMC8447793
Gene	6222	RPS18	ncbi_gene	6	1	PMC7906369
Gene	454566	NF1	ncbi_gene	6	1	PMC7952412
Gene	466142	PTEN	ncbi_gene	6	1	PMC7952412
Gene	1740	DLG2	ncbi_gene	6	1	PMC8071449
Gene	6351	CCL4	ncbi_gene	6	1	PMC8395939
Gene	23236	PLCB1	ncbi_gene	6	1	PMC8469245
Gene	800	CALD1	ncbi_gene	6	1	PMC8742817
Gene	7465	WEE1	ncbi_gene	6	1	PMC9184558
Gene	18176	Nras	ncbi_gene	5	3	PMC1533846,PMC3539440,PMC6101293
Gene	1026	CDKN1A	ncbi_gene	5	2	PMC1550420,PMC7952412
Gene	4215	MAP3K3	ncbi_gene	5	2	PMC1550420,PMC2848976
Gene	50943	FOXP3	ncbi_gene	5	2	PMC1550420,PMC6617392
Gene	4233	MET	ncbi_gene	5	3	PMC2150402,PMC3776976,PMC8395939
Gene	54205	CYCS	ncbi_gene	5	1	PMC2442611
Gene	842	CASP9	ncbi_gene	5	2	PMC2442611,PMC3578816
Gene	7045	TGFBI	ncbi_gene	5	1	PMC2794539
Gene	4345	CD200	ncbi_gene	5	1	PMC2794539
Gene	5454	POU3F2	ncbi_gene	5	1	PMC2794539
Gene	7077	TIMP2	ncbi_gene	5	2	PMC2794539,PMC7317054
Gene	3976	LIF	ncbi_gene	5	2	PMC2848976,PMC8370767
Gene	20112	Rps6ka2	ncbi_gene	5	1	PMC2848976
Gene	110651	Rps6ka3	ncbi_gene	5	2	PMC2848976,PMC7658220
Gene	930	CD19	ncbi_gene	5	3	PMC2858150,PMC3352892,PMC8469245
Gene	983	CDK1	ncbi_gene	5	2	PMC2858150,PMC5583477
Gene	14772	Grk4	ncbi_gene	5	1	PMC3024950
Gene	7070	THY1	ncbi_gene	5	1	PMC3113907
Gene	2118	ETV4	ncbi_gene	5	1	PMC3114747
Gene	157638	LRATD2	ncbi_gene	5	1	PMC3114747
Gene	2911	GRM1	ncbi_gene	5	1	PMC3130048
Gene	200424	TET3	ncbi_gene	5	1	PMC3366948
Gene	3716	JAK1	ncbi_gene	5	3	PMC3366948,PMC5527484,PMC6718590
Gene	8660	IRS2	ncbi_gene	5	2	PMC3366948,PMC3539440
Gene	5395	PMS2	ncbi_gene	5	2	PMC3366948,PMC6617392
Gene	11095	ADAMTS8	ncbi_gene	5	1	PMC3447199
Gene	50557	Pten	ncbi_gene	5	1	PMC3554420
Gene	24338	Ephb1	ncbi_gene	5	1	PMC3554420
Gene	4297	KMT2A	ncbi_gene	5	1	PMC3636093
Gene	12571	Cdk6	ncbi_gene	5	1	PMC3636093
Gene	20583	Snai2	ncbi_gene	5	2	PMC3668138,PMC8071449
Gene	31220	Ilp6	ncbi_gene	5	1	PMC3836801
Gene	42446	Pi3K92E	ncbi_gene	5	1	PMC3836801
Gene	6161	RPL32	ncbi_gene	5	2	PMC3836801,PMC7906369
Gene	4842	NOS1	ncbi_gene	5	1	PMC3982616
Gene	4846	NOS3	ncbi_gene	5	1	PMC3982616
Gene	19261	Sirpa	ncbi_gene	5	1	PMC4404347
Gene	682	BSG	ncbi_gene	5	1	PMC4404347
Gene	4836	NMT1	ncbi_gene	5	1	PMC4471546
Gene	4582	MUC1	ncbi_gene	5	3	PMC4492820,PMC5498998,PMC8395939
Gene	340273	ABCB5	ncbi_gene	5	1	PMC4492820
Gene	854553	GPB1	ncbi_gene	5	1	PMC4615033
Gene	851243	GPB2	ncbi_gene	5	1	PMC4615033
Gene	12156	Bmp2	ncbi_gene	5	1	PMC5302981
Gene	284656	EPHA10	ncbi_gene	5	1	PMC5305101
Gene	4921	DDR2	ncbi_gene	5	1	PMC5305101
Gene	3791	KDR	ncbi_gene	5	4	PMC5332555,PMC7317054,PMC7397152,PMC8395939
Gene	29126	CD274	ncbi_gene	5	2	PMC5498998,PMC6617392
Gene	5605	MAP2K2	ncbi_gene	5	3	PMC5583477,PMC7073166,PMC7658220
Gene	8815	BANF1	ncbi_gene	5	1	PMC5583477
Gene	19017	Ppargc1a	ncbi_gene	5	1	PMC5804031
Gene	7345	UCHL1	ncbi_gene	5	1	PMC5827037
Gene	1616	DAXX	ncbi_gene	5	2	PMC5827037,PMC9184558
Gene	4005	LMO2	ncbi_gene	5	1	PMC6049873
Gene	4943	TBC1D25	ncbi_gene	5	1	PMC6115972
Gene	81631	MAP1LC3B	ncbi_gene	5	1	PMC6115972
Gene	2074	ERCC6	ncbi_gene	5	1	PMC6115972
Gene	23216	TBC1D1	ncbi_gene	5	1	PMC6115972
Gene	407010	MIR23A	ncbi_gene	5	2	PMC6115972,PMC8469245
Gene	1435	CSF1	ncbi_gene	5	3	PMC6411871,PMC7031935,PMC7952412
Gene	7043	TGFB3	ncbi_gene	5	1	PMC6617392
Gene	20846	Stat1	ncbi_gene	5	1	PMC6718590
Gene	3164	NR4A1	ncbi_gene	5	1	PMC7310532
Gene	894	CCND2	ncbi_gene	5	2	PMC7310532,PMC7317054
Gene	2934	GSN	ncbi_gene	5	1	PMC7317054
Gene	7078	TIMP3	ncbi_gene	5	1	PMC7317054
Gene	3485	IGFBP2	ncbi_gene	5	2	PMC7317054,PMC8395939
Gene	4440	MSI1	ncbi_gene	5	1	PMC7326958
Gene	27303	RBMS3	ncbi_gene	5	1	PMC7326958
Gene	42136	TyrR	ncbi_gene	5	1	PMC7398555
Gene	26419	Mapk8	ncbi_gene	5	1	PMC7658220
Gene	5901	RAN	ncbi_gene	5	1	PMC7690890
Gene	852169	PKC1	ncbi_gene	5	1	PMC7690890
Gene	10982	MAPRE2	ncbi_gene	5	1	PMC7690890
Gene	57261	Brd4	ncbi_gene	5	1	PMC7739466
Gene	7316	UBC	ncbi_gene	5	1	PMC7906369
Gene	465021	CDKN2A	ncbi_gene	5	1	PMC7952412
Gene	14268	Fn1	ncbi_gene	5	2	PMC8071449,PMC8150846
Gene	17172	Ascl1	ncbi_gene	5	1	PMC8370767
Gene	1437	CSF2	ncbi_gene	5	1	PMC8395939
Gene	5228	PGF	ncbi_gene	5	1	PMC8395939
Gene	382	ARF6	ncbi_gene	5	1	PMC8447793
Gene	3002	GZMB	ncbi_gene	5	1	PMC8469245
Gene	818	CAMK2G	ncbi_gene	5	1	PMC8469245
Gene	2770	GNAI1	ncbi_gene	5	2	PMC8469245,PMC8959601
Gene	108	ADCY2	ncbi_gene	5	1	PMC8469245
Gene	5141	PDE4A	ncbi_gene	5	1	PMC8959601
Gene	406946	MIR154	ncbi_gene	4	1	PMC1550420
Gene	406984	MIR200B	ncbi_gene	4	2	PMC1550420,PMC5498998
Gene	442901	MIR328	ncbi_gene	4	2	PMC1550420,PMC8469245
Gene	7448	VTN	ncbi_gene	4	1	PMC1968784
Gene	55872	PBK	ncbi_gene	4	1	PMC2360140
Gene	22974	TPX2	ncbi_gene	4	2	PMC2360140,PMC7317054
Gene	27113	BBC3	ncbi_gene	4	1	PMC2442611
Gene	578	BAK1	ncbi_gene	4	1	PMC2442611
Gene	5468	PPARG	ncbi_gene	4	1	PMC2651892
Gene	9314	KLF4	ncbi_gene	4	2	PMC2766639,PMC7952412
Gene	5077	PAX3	ncbi_gene	4	2	PMC2794539,PMC3668138
Gene	6195	RPS6KA1	ncbi_gene	4	1	PMC2848976
Gene	20111	Rps6ka1	ncbi_gene	4	3	PMC2848976,PMC7658220,PMC8705852
Gene	215748	Cnksr3	ncbi_gene	4	1	PMC2858150
Gene	12766	Cxcr3	ncbi_gene	4	2	PMC2858150,PMC3024950
Gene	14841	Haspin	ncbi_gene	4	1	PMC2858150
Gene	106572	Rab31	ncbi_gene	4	1	PMC2858150
Gene	19264	Ptprc	ncbi_gene	4	3	PMC2858150,PMC3352892,PMC3982616
Gene	9170	LPAR2	ncbi_gene	4	2	PMC3024950,PMC7398555
Gene	6416	MAP2K4	ncbi_gene	4	2	PMC3130048,PMC5583477
Gene	360203	GLT6D1	ncbi_gene	4	1	PMC3130048
Gene	2534	FYN	ncbi_gene	4	2	PMC3130048,PMC7317054
Gene	2641	GCG	ncbi_gene	4	3	PMC3285665,PMC3648455,PMC8469245
Gene	403548	ALPL	ncbi_gene	4	1	PMC3352892
Gene	13419	Dnase1	ncbi_gene	4	3	PMC3352892,PMC6819083,PMC8370767
Gene	4082	MARCKS	ncbi_gene	4	1	PMC3352892
Gene	10251	SPRY3	ncbi_gene	4	1	PMC3366948
Gene	2066	ERBB4	ncbi_gene	4	3	PMC3447199,PMC7317054,PMC8469245
Gene	14862	Gstm1	ncbi_gene	4	1	PMC3447199
Gene	9313	MMP20	ncbi_gene	4	1	PMC3447199
Gene	10730	YME1L1	ncbi_gene	4	1	PMC3447199
Gene	23621	BACE1	ncbi_gene	4	1	PMC3447199
Gene	170689	ADAMTS15	ncbi_gene	4	1	PMC3447199
Gene	4312	MMP1	ncbi_gene	4	1	PMC3447199
Gene	64386	MMP25	ncbi_gene	4	1	PMC3447199
Gene	57646	USP28	ncbi_gene	4	2	PMC3447199,PMC7169429
Gene	372	ARCN1	ncbi_gene	4	1	PMC3447199
Gene	30646	gfap	ncbi_gene	4	1	PMC3484870
Gene	58128	fabp7a	ncbi_gene	4	1	PMC3484870
Gene	324254	mtor	ncbi_gene	4	1	PMC3484870
Gene	6751	SSTR1	ncbi_gene	4	1	PMC3485222
Gene	1839	HBEGF	ncbi_gene	4	2	PMC3485222,PMC8395939
Gene	392	ARHGAP1	ncbi_gene	4	1	PMC3485222
Gene	10293	TRAIP	ncbi_gene	4	3	PMC3492274,PMC3776976,PMC3836801
Gene	56718	Mtor	ncbi_gene	4	2	PMC3554420,PMC7073166
Gene	6423	SFRP2	ncbi_gene	4	1	PMC3589544
Gene	4916	NTRK3	ncbi_gene	4	1	PMC3636093
Gene	142	PARP1	ncbi_gene	4	2	PMC3636093,PMC5579334
Gene	4192	MDK	ncbi_gene	4	2	PMC3648455,PMC4091572
Gene	3481	IGF2	ncbi_gene	4	3	PMC3648455,PMC3816225,PMC7317054
Gene	7076	TIMP1	ncbi_gene	4	2	PMC3776976,PMC8370767
Gene	4602	MYB	ncbi_gene	4	3	PMC3776976,PMC5498998,PMC6411871
Gene	282552	IS2	ncbi_gene	4	1	PMC3816225
Gene	44920	Hsp70Ab	ncbi_gene	4	1	PMC3836801
Gene	31293	N	ncbi_gene	4	1	PMC3836801
Gene	1235	CCR6	ncbi_gene	4	1	PMC3836801
Gene	33203	Pi3K21B	ncbi_gene	4	1	PMC3836801
Gene	43991	Pten	ncbi_gene	4	1	PMC3836801
Gene	33238	Ptth	ncbi_gene	4	1	PMC3836801
Gene	25729	Ccne1	ncbi_gene	4	1	PMC3966786
Gene	24525	Kras	ncbi_gene	4	1	PMC3966786
Gene	6358	CCL14	ncbi_gene	4	1	PMC3982616
Gene	14611	Gja3	ncbi_gene	4	1	PMC3982616
Gene	18127	Nos3	ncbi_gene	4	1	PMC3982616
Gene	52897	Rbfox3	ncbi_gene	4	3	PMC3982616,PMC5980157,PMC8370767
Gene	51727	CMPK1	ncbi_gene	4	1	PMC4022359
Gene	54474	KRT20	ncbi_gene	4	2	PMC4404347,PMC5827037
Gene	10507	SEMA4D	ncbi_gene	4	1	PMC4404347
Gene	51251	NT5C3A	ncbi_gene	4	1	PMC4453732
Gene	440	ASNS	ncbi_gene	4	1	PMC4492820
Gene	852308	GAL1	ncbi_gene	4	1	PMC4615033
Gene	854889	TUB1	ncbi_gene	4	1	PMC4615033
Gene	11320	MGAT4A	ncbi_gene	4	1	PMC4762531
Gene	6955	TRA	ncbi_gene	4	2	PMC4823759,PMC4823762
Gene	21673	Dntt	ncbi_gene	4	1	PMC4892608
Gene	2177	FANCD2	ncbi_gene	4	2	PMC4892608,PMC7310532
Gene	474176	PRKDC	ncbi_gene	4	1	PMC4892608
Gene	13363	Dhh	ncbi_gene	4	1	PMC4958313
Gene	657	BMPR1A	ncbi_gene	4	2	PMC5302981,PMC8469245
Gene	140621	casp3a	ncbi_gene	4	1	PMC5332555
Gene	30678	pcna	ncbi_gene	4	1	PMC5332555
Gene	6598	SMARCB1	ncbi_gene	4	4	PMC5498998,PMC5527484,PMC7317054,PMC9184558
Gene	5898	RALA	ncbi_gene	4	1	PMC5498998
Gene	7403	KDM6A	ncbi_gene	4	2	PMC5527484,PMC7031935
Gene	29072	SETD2	ncbi_gene	4	2	PMC5527484,PMC5827037
Gene	861	RUNX1	ncbi_gene	4	2	PMC5527484,PMC8370767
Gene	23152	CIC	ncbi_gene	4	2	PMC5527484,PMC8742817
Gene	55323	LARP6	ncbi_gene	4	1	PMC555742
Gene	978	CDA	ncbi_gene	4	1	PMC5579334
Gene	25823	TPSG1	ncbi_gene	4	1	PMC5583477
Gene	567	B2M	ncbi_gene	4	2	PMC5583477,PMC7906369
Gene	1373	CPS1	ncbi_gene	4	1	PMC5583477
Gene	15218	Foxn1	ncbi_gene	4	2	PMC5641092,PMC6411871
Gene	22227	Ucp1	ncbi_gene	4	1	PMC5804031
Gene	27087	B3GAT1	ncbi_gene	4	1	PMC5827037
Gene	17260	Mef2c	ncbi_gene	4	1	PMC5908872
Gene	490878	AKT1	ncbi_gene	4	1	PMC5908872
Gene	1978	EIF4EBP1	ncbi_gene	4	2	PMC5978249,PMC7668446
Gene	23476	BRD4	ncbi_gene	4	2	PMC5978249,PMC7952412
Gene	16911	Lmo4	ncbi_gene	4	1	PMC6049873
Gene	6382	SDC1	ncbi_gene	4	3	PMC6101293,PMC8144720,PMC8172195
Gene	12333	Capn1	ncbi_gene	4	1	PMC6101293
Gene	11315	PARK7	ncbi_gene	4	1	PMC6115972
Gene	2263	FGFR2	ncbi_gene	4	3	PMC6115972,PMC6617392,PMC7317054
Gene	9821	RB1CC1	ncbi_gene	4	2	PMC6115972,PMC6776898
Gene	100305071	nras	ncbi_gene	4	1	PMC6617392
Gene	12043	Bcl2	ncbi_gene	4	1	PMC6718590
Gene	20848	Stat3	ncbi_gene	4	1	PMC6718590
Gene	8689	KRT36	ncbi_gene	4	1	PMC6770187
Gene	23890	Gpr34	ncbi_gene	4	2	PMC6770187,PMC8959601
Gene	100504663	Atg14	ncbi_gene	4	1	PMC6776898
Gene	9711	RUBCN	ncbi_gene	4	1	PMC6776898
Gene	420066	CD320	ncbi_gene	4	1	PMC6776898
Gene	101120619	TH	ncbi_gene	4	1	PMC7029865
Gene	12514	Cd68	ncbi_gene	4	1	PMC7029865
Gene	100519212	TRPV1	ncbi_gene	4	1	PMC7029865
Gene	100579174	CALCA	ncbi_gene	4	1	PMC7029865
Gene	449568	449568	ncbi_gene	4	1	PMC7029865
Gene	12540	Cdc42	ncbi_gene	4	1	PMC7169429
Gene	11853	Rhoc	ncbi_gene	4	1	PMC7169429
Gene	9978	RBX1	ncbi_gene	4	1	PMC7169429
Gene	100	ADA	ncbi_gene	4	2	PMC7169429,PMC7317054
Gene	3875	KRT18	ncbi_gene	4	2	PMC7310532,PMC7317054
Gene	9919	SEC16A	ncbi_gene	4	1	PMC7310532
Gene	4878	NPPA	ncbi_gene	4	1	PMC7317054
Gene	3034	HAL	ncbi_gene	4	1	PMC7326958
Gene	38196	nSyb	ncbi_gene	4	1	PMC7398555
Gene	40554	tub	ncbi_gene	4	1	PMC7398555
Gene	18933	Prrx1	ncbi_gene	4	2	PMC7446925,PMC7658220
Gene	559001	fasn	ncbi_gene	4	1	PMC7446925
Gene	56637	Gsk3b	ncbi_gene	4	2	PMC7658220,PMC7739466
Gene	64654	Fgf23	ncbi_gene	4	1	PMC7658220
Gene	4137	MAPT	ncbi_gene	4	1	PMC7690890
Gene	5581	PRKCE	ncbi_gene	4	1	PMC7690890
Gene	855103	SEC14	ncbi_gene	4	1	PMC7690890
Gene	10015	PDCD6IP	ncbi_gene	4	1	PMC7690890
Gene	7994	KAT6A	ncbi_gene	4	1	PMC7739466
Gene	52906	Ahi1	ncbi_gene	4	1	PMC7739466
Gene	22284	Usp9x	ncbi_gene	4	1	PMC7739466
Gene	18508	Pax6	ncbi_gene	4	1	PMC7739466
Gene	4041	LRP5	ncbi_gene	4	1	PMC7952412
Gene	455214	TP53	ncbi_gene	4	1	PMC7952412
Gene	18212	Ntrk2	ncbi_gene	4	1	PMC8071449
Gene	6196	RPS6KA2	ncbi_gene	4	1	PMC8071449
Gene	104156	Etv5	ncbi_gene	4	1	PMC8071449
Gene	8836	GGH	ncbi_gene	4	1	PMC8144720
Gene	50524	Sall2	ncbi_gene	4	1	PMC8370767
Gene	16400	Itga3	ncbi_gene	4	1	PMC8370767
Gene	18787	Serpine1	ncbi_gene	4	1	PMC8370767
Gene	2355	FOSL2	ncbi_gene	4	1	PMC8370767
Gene	16412	Itgb1	ncbi_gene	4	2	PMC8370767,PMC8395939
Gene	19752	Rnase1	ncbi_gene	4	1	PMC8370767
Gene	131096	KCNH8	ncbi_gene	4	1	PMC8370767
Gene	2321	FLT1	ncbi_gene	4	2	PMC8395939,PMC8469245
Gene	3934	LCN2	ncbi_gene	4	1	PMC8395939
Gene	284217	LAMA1	ncbi_gene	4	1	PMC8395939
Gene	3676	ITGA4	ncbi_gene	4	1	PMC8395939
Gene	23527	ACAP2	ncbi_gene	4	1	PMC8447793
Gene	943	TNFRSF8	ncbi_gene	4	1	PMC8469245
Gene	9470	EIF4E2	ncbi_gene	4	1	PMC8469245
Gene	808	CALM3	ncbi_gene	4	1	PMC8469245
Gene	7074	TIAM1	ncbi_gene	3	2	PMC1533846,PMC7169429
Gene	442917	MIR372	ncbi_gene	3	1	PMC1550420
Gene	406979	MIR19A	ncbi_gene	3	1	PMC1550420
Gene	407975	MIR17HG	ncbi_gene	3	1	PMC1550420
Gene	2303	FOXC2	ncbi_gene	3	2	PMC1550420,PMC3668138
Gene	137075	CLDN23	ncbi_gene	3	1	PMC2360140
Gene	7038	TG	ncbi_gene	3	1	PMC2360140
Gene	7982	ST7	ncbi_gene	3	1	PMC2360140
Gene	84515	MCM8	ncbi_gene	3	1	PMC2360140
Gene	4548	MTR	ncbi_gene	3	1	PMC2376111
Gene	17769	Mthfr	ncbi_gene	3	1	PMC2376111
Gene	56616	DIABLO	ncbi_gene	3	1	PMC2442611
Gene	5600	MAPK11	ncbi_gene	3	1	PMC2442611
Gene	8550	MAPKAPK5	ncbi_gene	3	1	PMC2442611
Gene	467	ATF3	ncbi_gene	3	2	PMC2442611,PMC8370767
Gene	6464	SHC1	ncbi_gene	3	1	PMC2615028
Gene	1638	DCT	ncbi_gene	3	1	PMC2794539
Gene	1462	VCAN	ncbi_gene	3	1	PMC2794539
Gene	8829	NRP1	ncbi_gene	3	2	PMC2794539,PMC7317054
Gene	29543	Timp2	ncbi_gene	3	1	PMC2794539
Gene	4214	MAP3K1	ncbi_gene	3	2	PMC2848976,PMC3554420
Gene	1958	EGR1	ncbi_gene	3	2	PMC2848976,PMC7317054
Gene	1386	ATF2	ncbi_gene	3	2	PMC2848976,PMC8469245
Gene	12912	Creb1	ncbi_gene	3	2	PMC2848976,PMC5302981
Gene	19062	Inpp5k	ncbi_gene	3	1	PMC2858150
Gene	16145	Igtp	ncbi_gene	3	1	PMC2858150
Gene	207742	Rnf43	ncbi_gene	3	1	PMC2858150
Gene	18976	Pomc	ncbi_gene	3	1	PMC2858150
Gene	319520	Dusp4	ncbi_gene	3	1	PMC2858150
Gene	16409	Itgam	ncbi_gene	3	2	PMC2858150,PMC3352892
Gene	8549	LGR5	ncbi_gene	3	2	PMC3024950,PMC8370767
Gene	408	ARRB1	ncbi_gene	3	1	PMC3024950
Gene	57110	PLAAT1	ncbi_gene	3	1	PMC3024950
Gene	12918	Crh	ncbi_gene	3	1	PMC3024950
Gene	112476	PRRT2	ncbi_gene	3	2	PMC3024950,PMC7690890
Gene	1269	CNR2	ncbi_gene	3	1	PMC3024950
Gene	14816	Grm1	ncbi_gene	3	1	PMC3024950
Gene	12801	Cnr1	ncbi_gene	3	1	PMC3024950
Gene	12802	Cnr2	ncbi_gene	3	1	PMC3024950
Gene	12778	Ackr3	ncbi_gene	3	1	PMC3024950
Gene	1392	CRH	ncbi_gene	3	1	PMC3024950
Gene	227326	Gpr55	ncbi_gene	3	1	PMC3024950
Gene	20287	Sct	ncbi_gene	3	1	PMC3024950
Gene	1773	DNASE1	ncbi_gene	3	3	PMC3024950,PMC3621652,PMC4114630
Gene	20193	S100a1	ncbi_gene	3	2	PMC3113907,PMC7738992
Gene	79733	E2F8	ncbi_gene	3	1	PMC3114747
Gene	25925	ZNF521	ncbi_gene	3	2	PMC3130048,PMC8038069
Gene	11211	FZD10	ncbi_gene	3	1	PMC3130048
Gene	3707550	J2R	ncbi_gene	3	1	PMC3352892
Gene	16414	Itgb2	ncbi_gene	3	1	PMC3352892
Gene	13733	Adgre1	ncbi_gene	3	1	PMC3352892
Gene	477991	VIM	ncbi_gene	3	1	PMC3352892
Gene	3673	ITGA2	ncbi_gene	3	2	PMC3352892,PMC7317054
Gene	4853	NOTCH2	ncbi_gene	3	3	PMC3366948,PMC5527484,PMC7310532
Gene	59082	CARD18	ncbi_gene	3	1	PMC3447199
Gene	6768	ST14	ncbi_gene	3	1	PMC3447199
Gene	414301	DDI1	ncbi_gene	3	1	PMC3447199
Gene	80975	TMPRSS5	ncbi_gene	3	1	PMC3447199
Gene	56649	TMPRSS4	ncbi_gene	3	1	PMC3447199
Gene	100506742	CASP12	ncbi_gene	3	1	PMC3447199
Gene	12140	Fabp7	ncbi_gene	3	2	PMC3484870,PMC4884927
Gene	6753	SSTR3	ncbi_gene	3	1	PMC3485222
Gene	445	ASS1	ncbi_gene	3	1	PMC3485222
Gene	3552	IL1A	ncbi_gene	3	2	PMC3485222,PMC8395939
Gene	23373	CRTC1	ncbi_gene	3	1	PMC3492274
Gene	12576	Cdkn1b	ncbi_gene	3	1	PMC3492274
Gene	6654	SOS1	ncbi_gene	3	2	PMC3539440,PMC3836801
Gene	1191	CLU	ncbi_gene	3	1	PMC3543849
Gene	6035	RNASE1	ncbi_gene	3	3	PMC3554420,PMC5302981,PMC5308618
Gene	25718	Igf1r	ncbi_gene	3	1	PMC3554420
Gene	841	CASP8	ncbi_gene	3	1	PMC3578816
Gene	3492	IGH	ncbi_gene	3	2	PMC3636093,PMC6617392
Gene	2313	FLI1	ncbi_gene	3	1	PMC3636093
Gene	7113	TMPRSS2	ncbi_gene	3	1	PMC3636093
Gene	6962	TRBV20OR9-2	ncbi_gene	3	2	PMC3636093,PMC4355981
Gene	4998	ORC1	ncbi_gene	3	2	PMC3776976,PMC5583477
Gene	31162	Hr4	ncbi_gene	3	1	PMC3836801
Gene	4535	ND1	ncbi_gene	3	1	PMC3885720
Gene	4538	ND4	ncbi_gene	3	1	PMC3885720
Gene	4519	CYTB	ncbi_gene	3	1	PMC3885720
Gene	201163	FLCN	ncbi_gene	3	1	PMC3966786
Gene	31872	Dsor1	ncbi_gene	3	1	PMC3982616
Gene	26365	Ceacam1	ncbi_gene	3	1	PMC3982616
Gene	12737	Cldn1	ncbi_gene	3	1	PMC3982616
Gene	12741	Cldn5	ncbi_gene	3	1	PMC3982616
Gene	14420	Galc	ncbi_gene	3	1	PMC3982616
Gene	15894	Icam1	ncbi_gene	3	1	PMC3982616
Gene	2521	FUS	ncbi_gene	3	1	PMC4022359
Gene	12567	Cdk4	ncbi_gene	3	1	PMC4022359
Gene	15900	Irf8	ncbi_gene	3	1	PMC4114630
Gene	6470	SHMT1	ncbi_gene	3	1	PMC4178206
Gene	29968	PSAT1	ncbi_gene	3	1	PMC4178206
Gene	54704	PDP1	ncbi_gene	3	1	PMC4178206
Gene	20249	Scd1	ncbi_gene	3	1	PMC4178206
Gene	56652	TWNK	ncbi_gene	3	1	PMC4355981
Gene	182	JAG1	ncbi_gene	3	1	PMC4355981
Gene	140885	SIRPA	ncbi_gene	3	1	PMC4404347
Gene	3429	IFI27	ncbi_gene	3	2	PMC4453732,PMC7952412
Gene	9986	RCE1	ncbi_gene	3	1	PMC4629113
Gene	23463	ICMT	ncbi_gene	3	1	PMC4629113
Gene	16590	Kit	ncbi_gene	3	2	PMC4714971,PMC6168575
Gene	5125	PCSK5	ncbi_gene	3	2	PMC4762531,PMC8469245
Gene	2526	FUT4	ncbi_gene	3	1	PMC4762531
Gene	4248	MGAT3	ncbi_gene	3	1	PMC4762531
Gene	2762	GMDS	ncbi_gene	3	1	PMC4762531
Gene	1803	DPP4	ncbi_gene	3	1	PMC4762531
Gene	12578	Cdkn2a	ncbi_gene	3	2	PMC4884927,PMC5583477
Gene	378938	MALAT1	ncbi_gene	3	1	PMC4932877
Gene	15445	Hpd	ncbi_gene	3	1	PMC4958313
Gene	90	ACVR1	ncbi_gene	3	1	PMC5302981
Gene	545	ATR	ncbi_gene	3	1	PMC5308618
Gene	378480	pdgfaa	ncbi_gene	3	1	PMC5332555
Gene	5424	POLD1	ncbi_gene	3	1	PMC5498998
Gene	688	KLF5	ncbi_gene	3	1	PMC5498998
Gene	15378	Hnf4a	ncbi_gene	3	2	PMC5498998,PMC5583477
Gene	6850	SYK	ncbi_gene	3	2	PMC5498998,PMC5908872
Gene	5922	RASA2	ncbi_gene	3	1	PMC5527484
Gene	9770	RASSF2	ncbi_gene	3	1	PMC5527484
Gene	57492	ARID1B	ncbi_gene	3	2	PMC5527484,PMC9221468
Gene	7248	TSC1	ncbi_gene	3	2	PMC5527484,PMC7031935
Gene	7083	TK1	ncbi_gene	3	1	PMC5579334
Gene	17128	Smad4	ncbi_gene	3	1	PMC5583477
Gene	54894	RNF43	ncbi_gene	3	2	PMC5583477,PMC7310532
Gene	317	APAF1	ncbi_gene	3	1	PMC5641092
Gene	65018	PINK1	ncbi_gene	3	1	PMC5804031
Gene	51024	FIS1	ncbi_gene	3	1	PMC5804031
Gene	10891	PPARGC1A	ncbi_gene	3	1	PMC5804031
Gene	23411	SIRT1	ncbi_gene	3	2	PMC5804031,PMC8469245
Gene	478575	GSK3B	ncbi_gene	3	1	PMC5908872
Gene	695	BTK	ncbi_gene	3	3	PMC5908872,PMC7169429,PMC8395939
Gene	17390	Mmp2	ncbi_gene	3	1	PMC5980157
Gene	3084	NRG1	ncbi_gene	3	2	PMC5996849,PMC7317054
Gene	22137	Ttk	ncbi_gene	3	1	PMC6049873
Gene	3985	LIMK2	ncbi_gene	3	2	PMC6101293,PMC7890980
Gene	831	CAST	ncbi_gene	3	1	PMC6101293
Gene	100500809	MIR23C	ncbi_gene	3	1	PMC6115972
Gene	100313892	MIR761	ncbi_gene	3	1	PMC6115972
Gene	2243	FGA	ncbi_gene	3	3	PMC6411871,PMC7952412,PMC9013652
Gene	5076	PAX2	ncbi_gene	3	3	PMC6411871,PMC7169429,PMC7317054
Gene	3902	LAG3	ncbi_gene	3	1	PMC6617392
Gene	2069	EREG	ncbi_gene	3	2	PMC6617392,PMC8469245
Gene	25149	Esr2	ncbi_gene	3	1	PMC6770187
Gene	16667	Krt17	ncbi_gene	3	1	PMC6770187
Gene	3860	KRT13	ncbi_gene	3	1	PMC6770187
Gene	15565	Htr6	ncbi_gene	3	1	PMC6770187
Gene	51897	Atg13	ncbi_gene	3	1	PMC6776898
Gene	67841	Atg3	ncbi_gene	3	1	PMC6776898
Gene	13162	Slc6a3	ncbi_gene	3	1	PMC6961243
Gene	51176	LEF1	ncbi_gene	3	1	PMC7031337
Gene	4488	MSX2	ncbi_gene	3	1	PMC7031337
Gene	56246	MRAP	ncbi_gene	3	2	PMC7073166,PMC8370767
Gene	192662	Arhgdia	ncbi_gene	3	1	PMC7169429
Gene	998	CDC42	ncbi_gene	3	2	PMC7169429,PMC8447793
Gene	2248	FGF3	ncbi_gene	3	1	PMC7310532
Gene	9965	FGF19	ncbi_gene	3	1	PMC7310532
Gene	1387	CREBBP	ncbi_gene	3	1	PMC7310532
Gene	644914	H3P16	ncbi_gene	3	1	PMC7317054
Gene	2596	GAP43	ncbi_gene	3	1	PMC7317054
Gene	1288	COL4A6	ncbi_gene	3	2	PMC7317054,PMC8071449
Gene	3690	ITGB3	ncbi_gene	3	1	PMC7317054
Gene	5155	PDGFB	ncbi_gene	3	1	PMC7317054
Gene	33427	VGlut	ncbi_gene	3	1	PMC7398555
Gene	40305	Pka-R1	ncbi_gene	3	1	PMC7398555
Gene	31000	elav	ncbi_gene	3	1	PMC7398555
Gene	26403	Map3k11	ncbi_gene	3	1	PMC7658220
Gene	847	CAT	ncbi_gene	3	1	PMC7658220
Gene	10253	SPRY2	ncbi_gene	3	1	PMC7668446
Gene	1848	DUSP6	ncbi_gene	3	1	PMC7668446
Gene	3925	STMN1	ncbi_gene	3	1	PMC7690890
Gene	10399	RACK1	ncbi_gene	3	1	PMC7690890
Gene	146909	KIF18B	ncbi_gene	3	1	PMC7690890
Gene	12386	Ctnna2	ncbi_gene	3	1	PMC7739466
Gene	15898	Icam5	ncbi_gene	3	1	PMC7739466
Gene	13385	Dlg4	ncbi_gene	3	1	PMC7739466
Gene	4926	NUMA1	ncbi_gene	3	1	PMC7952412
Gene	50940	PDE11A	ncbi_gene	3	1	PMC7952412
Gene	284382	ACTL9	ncbi_gene	3	1	PMC7952412
Gene	6490	PMEL	ncbi_gene	3	1	PMC7952412
Gene	1031	CDKN2C	ncbi_gene	3	2	PMC7952412,PMC9184558
Gene	4094	MAF	ncbi_gene	3	2	PMC7952412,PMC8370767
Gene	14886	Gtf2i	ncbi_gene	3	1	PMC7980331
Gene	57080	Gtf2ird1	ncbi_gene	3	1	PMC7980331
Gene	14573	Gdnf	ncbi_gene	3	1	PMC8071449
Gene	25937	WWTR1	ncbi_gene	3	1	PMC8071449
Gene	1293	COL6A3	ncbi_gene	3	1	PMC8071449
Gene	50997	Mpp2	ncbi_gene	3	1	PMC8071449
Gene	14456	Gas6	ncbi_gene	3	1	PMC8071449
Gene	22601	Yap1	ncbi_gene	3	2	PMC8071449,PMC8742817
Gene	56501	Elf4	ncbi_gene	3	1	PMC8370767
Gene	20666	Sox11	ncbi_gene	3	1	PMC8370767
Gene	3678	ITGA5	ncbi_gene	3	1	PMC8370767
Gene	8553	BHLHE40	ncbi_gene	3	1	PMC8370767
Gene	1116	CHI3L1	ncbi_gene	3	1	PMC8370767
Gene	79650	USB1	ncbi_gene	3	1	PMC8370767
Gene	2935	GSPT1	ncbi_gene	3	1	PMC8447793
Gene	574457	MIR181D	ncbi_gene	3	1	PMC8469245
Gene	6655	SOS2	ncbi_gene	3	1	PMC8469245
Gene	4773	NFATC2	ncbi_gene	3	1	PMC8469245
Gene	4775	NFATC3	ncbi_gene	3	1	PMC8469245
Gene	3111	HLA-DOA	ncbi_gene	3	1	PMC8469245
Gene	10735	STAG2	ncbi_gene	3	2	PMC8742817,PMC9184558
Gene	8880	FUBP1	ncbi_gene	3	1	PMC8742817
Gene	251209	gp	ncbi_gene	3	1	PMC8959601
Gene	15165	Hcn1	ncbi_gene	3	1	PMC9646701
Gene	85451	UNK	ncbi_gene	3	1	PMC9929861
Gene	5900	RALGDS	ncbi_gene	2	1	PMC1533846
Gene	5296	PIK3R2	ncbi_gene	2	2	PMC1533846,PMC7169429
Gene	406940	MIR148A	ncbi_gene	2	1	PMC1550420
Gene	406914	MIR127	ncbi_gene	2	1	PMC1550420
Gene	442915	MIR370	ncbi_gene	2	1	PMC1550420
Gene	407023	MIR299	ncbi_gene	2	1	PMC1550420
Gene	442897	MIR323A	ncbi_gene	2	1	PMC1550420
Gene	406924	MIR134	ncbi_gene	2	1	PMC1550420
Gene	442913	MIR376C	ncbi_gene	2	1	PMC1550420
Gene	442905	MIR337	ncbi_gene	2	1	PMC1550420
Gene	6925	TCF4	ncbi_gene	2	2	PMC1550420,PMC2794539
Gene	4087	SMAD2	ncbi_gene	2	1	PMC1550420
Gene	406983	MIR200A	ncbi_gene	2	1	PMC1550420
Gene	406985	MIR200C	ncbi_gene	2	1	PMC1550420
Gene	406982	MIR20A	ncbi_gene	2	1	PMC1550420
Gene	75957	Mir17hg	ncbi_gene	2	1	PMC1550420
Gene	1112	FOXN3	ncbi_gene	2	1	PMC1550420
Gene	2295	FOXF2	ncbi_gene	2	2	PMC1550420,PMC6115972
Gene	9212	AURKB	ncbi_gene	2	2	PMC2360140,PMC3776976
Gene	84634	KISS1R	ncbi_gene	2	1	PMC2360140
Gene	5325	PLAGL1	ncbi_gene	2	1	PMC2360140
Gene	7173	TPO	ncbi_gene	2	1	PMC2360140
Gene	2272	FHIT	ncbi_gene	2	2	PMC2360140,PMC5498998
Gene	10051	SMC4	ncbi_gene	2	1	PMC2360140
Gene	405	ARNT	ncbi_gene	2	2	PMC2360140,PMC2794539
Gene	9261	MAPKAPK2	ncbi_gene	2	1	PMC2442611
Gene	4909	NTF4	ncbi_gene	2	1	PMC2615028
Gene	23114	NFASC	ncbi_gene	2	2	PMC2615028,PMC8144720
Gene	1436	CSF1R	ncbi_gene	2	1	PMC2651892
Gene	161003	STOML3	ncbi_gene	2	1	PMC2651892
Gene	19206	Ptch1	ncbi_gene	2	1	PMC2651892
Gene	1910	EDNRB	ncbi_gene	2	1	PMC2794539
Gene	4935	GPR143	ncbi_gene	2	1	PMC2794539
Gene	25094	Mitf	ncbi_gene	2	1	PMC2794539
Gene	81686	Mmp2	ncbi_gene	2	1	PMC2794539
Gene	1977	EIF4E	ncbi_gene	2	1	PMC2848976
Gene	3726	JUNB	ncbi_gene	2	1	PMC2848976
Gene	26406	Map3k3	ncbi_gene	2	1	PMC2848976
Gene	11641	11641	ncbi_gene	2	1	PMC2858150
Gene	211151	Churc1	ncbi_gene	2	1	PMC2858150
Gene	112407	Egln3	ncbi_gene	2	1	PMC2858150
Gene	66447	Mgst3	ncbi_gene	2	1	PMC2858150
Gene	56935	SMCO4	ncbi_gene	2	1	PMC2858150
Gene	1846	DUSP4	ncbi_gene	2	2	PMC2858150,PMC7169429
Gene	2237	FEN1	ncbi_gene	2	2	PMC2858150,PMC3776976
Gene	7374	UNG	ncbi_gene	2	2	PMC2858150,PMC3776976
Gene	7200	TRH	ncbi_gene	2	1	PMC3024950
Gene	14748	Gpr3	ncbi_gene	2	1	PMC3024950
Gene	14608	Gpr83	ncbi_gene	2	1	PMC3024950
Gene	18795	Plcb1	ncbi_gene	2	1	PMC3024950
Gene	18798	Plcb4	ncbi_gene	2	1	PMC3024950
Gene	381810	Lpar5	ncbi_gene	2	1	PMC3024950
Gene	109689	Arrb1	ncbi_gene	2	1	PMC3024950
Gene	24012	Rgs7	ncbi_gene	2	1	PMC3024950
Gene	11551	Adra2a	ncbi_gene	2	2	PMC3024950,PMC6961243
Gene	23521	RPL13A	ncbi_gene	2	1	PMC3113907
Gene	4855	NOTCH4	ncbi_gene	2	2	PMC3113907,PMC3366948
Gene	6606	SMN1	ncbi_gene	2	1	PMC3113907
Gene	56672	AKIP1	ncbi_gene	2	1	PMC3114747
Gene	130576	LYPD6B	ncbi_gene	2	1	PMC3130048
Gene	89932	PAPLN	ncbi_gene	2	1	PMC3130048
Gene	115265	DDIT4L	ncbi_gene	2	1	PMC3130048
Gene	148103	ZNF599	ncbi_gene	2	1	PMC3130048
Gene	2322	FLT3	ncbi_gene	2	2	PMC3273949,PMC7310532
Gene	3014	H2AX	ncbi_gene	2	1	PMC3316730
Gene	8456	FOXN1	ncbi_gene	2	2	PMC3352892,PMC6049873
Gene	16411	Itgax	ncbi_gene	2	1	PMC3352892
Gene	16398	Itga2	ncbi_gene	2	1	PMC3352892
Gene	8711	TNK1	ncbi_gene	2	2	PMC3366948,PMC8395939
Gene	441194	PMS2CL	ncbi_gene	2	1	PMC3366948
Gene	22943	DKK1	ncbi_gene	2	1	PMC3447199
Gene	54764	ZRANB1	ncbi_gene	2	1	PMC3447199
Gene	7306	TYRP1	ncbi_gene	2	1	PMC3447199
Gene	10525	HYOU1	ncbi_gene	2	1	PMC3447199
Gene	22791	Dnajc2	ncbi_gene	2	1	PMC3484870
Gene	326281	mbpa	ncbi_gene	2	1	PMC3484870
Gene	92949	ADAMTSL1	ncbi_gene	2	1	PMC3485222
Gene	8718	TNFRSF25	ncbi_gene	2	1	PMC3485222
Gene	27242	TNFRSF21	ncbi_gene	2	1	PMC3485222
Gene	5562	PRKAA1	ncbi_gene	2	1	PMC3492274
Gene	12443	Ccnd1	ncbi_gene	2	2	PMC3492274,PMC8370767
Gene	373963	EEF1A1	ncbi_gene	2	1	PMC3539440
Gene	395833	PGK2	ncbi_gene	2	1	PMC3539440
Gene	1915	EEF1A1	ncbi_gene	2	1	PMC3539440
Gene	63967	CLSPN	ncbi_gene	2	1	PMC3578816
Gene	27022	FOXD3	ncbi_gene	2	1	PMC3589544
Gene	2078	ERG	ncbi_gene	2	1	PMC3636093
Gene	50802	IGK	ncbi_gene	2	1	PMC3636093
Gene	3535	IGL	ncbi_gene	2	2	PMC3636093,PMC6617392
Gene	7030	TFE3	ncbi_gene	2	1	PMC3636093
Gene	6362	CCL18	ncbi_gene	2	1	PMC3648455
Gene	6935	ZEB1	ncbi_gene	2	1	PMC3668138
Gene	2185	PTK2B	ncbi_gene	2	1	PMC3668138
Gene	699	BUB1	ncbi_gene	2	2	PMC3776976,PMC5583477
Gene	7298	TYMS	ncbi_gene	2	2	PMC3776976,PMC5087121
Gene	991	CDC20	ncbi_gene	2	2	PMC3776976,PMC5583477
Gene	320	APBA1	ncbi_gene	2	1	PMC3816225
Gene	8913	CACNA1G	ncbi_gene	2	1	PMC3816225
Gene	4762	NEUROG1	ncbi_gene	2	1	PMC3816225
Gene	864	RUNX3	ncbi_gene	2	1	PMC3816225
Gene	8651	SOCS1	ncbi_gene	2	1	PMC3816225
Gene	321	APBA2	ncbi_gene	2	1	PMC3816225
Gene	37131	Pepck1	ncbi_gene	2	1	PMC3836801
Gene	34251	Eaat1	ncbi_gene	2	1	PMC3836801
Gene	36080	Syb	ncbi_gene	2	1	PMC3836801
Gene	1438	CSF2RA	ncbi_gene	2	1	PMC3836801
Gene	32919	rictor	ncbi_gene	2	1	PMC3836801
Gene	34767	B4	ncbi_gene	2	1	PMC3836801
Gene	47396	Tor	ncbi_gene	2	1	PMC3836801
Gene	9481	SLC25A27	ncbi_gene	2	1	PMC3885720
Gene	9611	NCOR1	ncbi_gene	2	1	PMC3966786
Gene	10400	PEMT	ncbi_gene	2	1	PMC3966786
Gene	114737	Iba1	ncbi_gene	2	1	PMC3982616
Gene	18126	Nos2	ncbi_gene	2	1	PMC3982616
Gene	17246	Mdm2	ncbi_gene	2	1	PMC4022359
Gene	834	CASP1	ncbi_gene	2	1	PMC4114630
Gene	3475	IFRD1	ncbi_gene	2	1	PMC4114630
Gene	13033	Ctsd	ncbi_gene	2	1	PMC4404347
Gene	21941	Tnfrsf8	ncbi_gene	2	1	PMC4404347
Gene	51497	NELFCD	ncbi_gene	2	1	PMC4404347
Gene	4681	NBL1	ncbi_gene	2	1	PMC4453732
Gene	54829	ASPN	ncbi_gene	2	1	PMC4471546
Gene	12490	Cd34	ncbi_gene	2	1	PMC4492820
Gene	853439	MAD3	ncbi_gene	2	1	PMC4615033
Gene	851533	MPS1	ncbi_gene	2	1	PMC4615033
Gene	57733	GBA3	ncbi_gene	2	1	PMC4629113
Gene	76365	Tbx18	ncbi_gene	2	1	PMC4714971
Gene	12394	Runx1	ncbi_gene	2	1	PMC4714971
Gene	30519	myb	ncbi_gene	2	1	PMC4714971
Gene	3853	KRT6A	ncbi_gene	2	2	PMC4762531,PMC8469245
Gene	10402	ST3GAL6	ncbi_gene	2	1	PMC4762531
Gene	20315	Cxcl12	ncbi_gene	2	1	PMC4884927
Gene	100124700	HOTAIR	ncbi_gene	2	1	PMC4932877
Gene	100750225	PCAT1	ncbi_gene	2	1	PMC4932877
Gene	15932	Idua	ncbi_gene	2	1	PMC4958313
Gene	12638	Cftr	ncbi_gene	2	1	PMC4958313
Gene	6949	TCOF1	ncbi_gene	2	1	PMC5087121
Gene	1466	CSRP2	ncbi_gene	2	1	PMC5087121
Gene	6760	SS18	ncbi_gene	2	2	PMC5087121,PMC7952412
Gene	658	BMPR1B	ncbi_gene	2	1	PMC5302981
Gene	652	BMP4	ncbi_gene	2	1	PMC5302981
Gene	655	BMP7	ncbi_gene	2	2	PMC5302981,PMC6115972
Gene	6259	RYK	ncbi_gene	2	1	PMC5305101
Gene	368415	ptenb	ncbi_gene	2	1	PMC5332555
Gene	11261	CHP1	ncbi_gene	2	1	PMC5369315
Gene	260402	IS1	ncbi_gene	2	1	PMC5498998
Gene	51741	WWOX	ncbi_gene	2	2	PMC5498998,PMC5583477
Gene	102	ADAM10	ncbi_gene	2	1	PMC5498998
Gene	1788	DNMT3A	ncbi_gene	2	2	PMC5527484,PMC7317054
Gene	2625	GATA3	ncbi_gene	2	2	PMC5527484,PMC7317054
Gene	1022	CDK7	ncbi_gene	2	2	PMC555742,PMC5583477
Gene	23594	ORC6	ncbi_gene	2	1	PMC5583477
Gene	6772	STAT1	ncbi_gene	2	2	PMC5583477,PMC6718590
Gene	5528	PPP2R5D	ncbi_gene	2	1	PMC5583477
Gene	659	BMPR2	ncbi_gene	2	1	PMC5583477
Gene	12590	Cdx1	ncbi_gene	2	1	PMC5583477
Gene	14394	Gabra1	ncbi_gene	2	1	PMC5605987
Gene	1493	CTLA4	ncbi_gene	2	2	PMC5641092,PMC6411871
Gene	9927	MFN2	ncbi_gene	2	1	PMC5804031
Gene	6648	SOD2	ncbi_gene	2	1	PMC5804031
Gene	5563	PRKAA2	ncbi_gene	2	1	PMC5804031
Gene	23410	SIRT3	ncbi_gene	2	1	PMC5804031
Gene	7428	VHL	ncbi_gene	2	1	PMC5827037
Gene	20419	Shcbp1	ncbi_gene	2	1	PMC5908872
Gene	489644	PIK3CD	ncbi_gene	2	1	PMC5908872
Gene	475621	FAT1	ncbi_gene	2	1	PMC5908872
Gene	66945	Sdha	ncbi_gene	2	1	PMC5980157
Gene	20977	Syp	ncbi_gene	2	1	PMC5980157
Gene	109593	Lmo3	ncbi_gene	2	1	PMC6049873
Gene	12330	Canx	ncbi_gene	2	1	PMC6049873
Gene	1808	DPYSL2	ncbi_gene	2	2	PMC6101293,PMC7690890
Gene	200734	SPRED2	ncbi_gene	2	2	PMC6101293,PMC7668446
Gene	100422867	MIR378C	ncbi_gene	2	1	PMC6115972
Gene	9706	ULK2	ncbi_gene	2	1	PMC6115972
Gene	23636	NUP62	ncbi_gene	2	1	PMC6115972
Gene	213	ALB	ncbi_gene	2	2	PMC6115972,PMC8469245
Gene	211323	Nrg1	ncbi_gene	2	1	PMC6168575
Gene	17356	Afdn	ncbi_gene	2	2	PMC6301684,PMC8705852
Gene	5133	PDCD1	ncbi_gene	2	1	PMC6411871
Gene	6239	RREB1	ncbi_gene	2	2	PMC6411871,PMC8370767
Gene	374	AREG	ncbi_gene	2	1	PMC6617392
Gene	108280575	egfra	ncbi_gene	2	1	PMC6617392
Gene	100508689	LOC100508689	ncbi_gene	2	1	PMC6687785
Gene	2810	SFN	ncbi_gene	2	1	PMC6770187
Gene	3881	KRT31	ncbi_gene	2	1	PMC6770187
Gene	246233	Macrod1	ncbi_gene	2	1	PMC6770187
Gene	23710	GABARAPL1	ncbi_gene	2	1	PMC6776898
Gene	30849	PIK3R4	ncbi_gene	2	1	PMC6776898
Gene	9341	VAMP3	ncbi_gene	2	1	PMC6776898
Gene	27243	CHMP2A	ncbi_gene	2	1	PMC6776898
Gene	74244	Atg7	ncbi_gene	2	1	PMC6776898
Gene	9776	ATG13	ncbi_gene	2	1	PMC6776898
Gene	102658792	IGG	ncbi_gene	2	1	PMC7029865
Gene	12310	Calca	ncbi_gene	2	1	PMC7029865
Gene	574034	MIR433	ncbi_gene	2	2	PMC7031337,PMC8469245
Gene	100126308	MIR541	ncbi_gene	2	1	PMC7031337
Gene	4313	MMP2	ncbi_gene	2	1	PMC7031337
Gene	93273	LEMD1	ncbi_gene	2	1	PMC7031337
Gene	3055	HCK	ncbi_gene	2	2	PMC7169429,PMC8395939
Gene	391	RHOG	ncbi_gene	2	1	PMC7169429
Gene	389	RHOC	ncbi_gene	2	1	PMC7169429
Gene	8405	SPOP	ncbi_gene	2	2	PMC7169429,PMC7310532
Gene	27252	KLHL20	ncbi_gene	2	1	PMC7169429
Gene	54941	RNF125	ncbi_gene	2	1	PMC7169429
Gene	89890	KBTBD6	ncbi_gene	2	1	PMC7169429
Gene	84078	KBTBD7	ncbi_gene	2	1	PMC7169429
Gene	57531	HACE1	ncbi_gene	2	1	PMC7169429
Gene	1431	CS	ncbi_gene	2	1	PMC7169429
Gene	8464	SUPT3H	ncbi_gene	2	2	PMC7169429,PMC8469245
Gene	84464	SLX4	ncbi_gene	2	1	PMC7310532
Gene	9564	BCAR1	ncbi_gene	2	1	PMC7310532
Gene	3609	ILF3	ncbi_gene	2	2	PMC7317054,PMC9929861
Gene	9133	CCNB2	ncbi_gene	2	1	PMC7317054
Gene	84823	LMNB2	ncbi_gene	2	1	PMC7317054
Gene	5997	RGS2	ncbi_gene	2	1	PMC7317054
Gene	966	CD59	ncbi_gene	2	1	PMC7317054
Gene	28513	CDH19	ncbi_gene	2	1	PMC7317054
Gene	3489	IGFBP6	ncbi_gene	2	1	PMC7317054
Gene	7424	VEGFC	ncbi_gene	2	1	PMC7317054
Gene	2070	EYA4	ncbi_gene	2	1	PMC7317054
Gene	2304	FOXE1	ncbi_gene	2	1	PMC7317054
Gene	2535	FZD2	ncbi_gene	2	1	PMC7317054
Gene	6664	SOX11	ncbi_gene	2	1	PMC7317054
Gene	7545	ZIC1	ncbi_gene	2	1	PMC7317054
Gene	3696	ITGB8	ncbi_gene	2	1	PMC7317054
Gene	5754	PTK7	ncbi_gene	2	1	PMC7317054
Gene	2619	GAS1	ncbi_gene	2	1	PMC7317054
Gene	7057	THBS1	ncbi_gene	2	1	PMC7317054
Gene	84678	KDM2B	ncbi_gene	2	1	PMC7317054
Gene	6595	SMARCA2	ncbi_gene	2	1	PMC7317054
Gene	10397	NDRG1	ncbi_gene	2	1	PMC7326958
Gene	12857	Cox4i1	ncbi_gene	2	1	PMC7397152
Gene	26408	Map3k5	ncbi_gene	2	1	PMC7658220
Gene	26409	Map3k7	ncbi_gene	2	1	PMC7658220
Gene	15109	Hal	ncbi_gene	2	1	PMC7658220
Gene	23938	Map2k5	ncbi_gene	2	1	PMC7658220
Gene	14173	Fgf2	ncbi_gene	2	1	PMC7658220
Gene	19226	Pth	ncbi_gene	2	1	PMC7658220
Gene	12824	Col2a1	ncbi_gene	2	1	PMC7658220
Gene	170574	Sp7	ncbi_gene	2	1	PMC7658220
Gene	22919	MAPRE1	ncbi_gene	2	1	PMC7690890
Gene	54806	AHI1	ncbi_gene	2	1	PMC7739466
Gene	8239	USP9X	ncbi_gene	2	1	PMC7739466
Gene	16438	Itpr1	ncbi_gene	2	1	PMC7739466
Gene	17933	Myt1l	ncbi_gene	2	1	PMC7739466
Gene	71175	Nipbl	ncbi_gene	2	1	PMC7739466
Gene	20586	Smarca4	ncbi_gene	2	1	PMC7739466
Gene	68094	Smarcc2	ncbi_gene	2	1	PMC7739466
Gene	74370	Rptor	ncbi_gene	2	1	PMC7739466
Gene	72508	Rps6kb1	ncbi_gene	2	2	PMC7739466,PMC8071449
Gene	1979	EIF4EBP2	ncbi_gene	2	1	PMC7739466
Gene	20614	Snap25	ncbi_gene	2	1	PMC7739466
Gene	3145	HMBS	ncbi_gene	2	1	PMC7906369
Gene	2145	EZH1	ncbi_gene	2	1	PMC7952412
Gene	1028	CDKN1C	ncbi_gene	2	1	PMC7952412
Gene	4211	MEIS1	ncbi_gene	2	1	PMC7952412
Gene	216965	Taok1	ncbi_gene	2	1	PMC8038069
Gene	9113	LATS1	ncbi_gene	2	1	PMC8038069
Gene	26524	LATS2	ncbi_gene	2	1	PMC8038069
Gene	16798	Lats1	ncbi_gene	2	1	PMC8038069
Gene	3280	HES1	ncbi_gene	2	1	PMC8071449
Gene	5396	PRRX1	ncbi_gene	2	1	PMC8071449
Gene	109957	P9Ehs1	ncbi_gene	2	1	PMC8071449
Gene	821	CANX	ncbi_gene	2	1	PMC8150846
Gene	16476	Jun	ncbi_gene	2	1	PMC8370767
Gene	22337	Vdr	ncbi_gene	2	1	PMC8370767
Gene	20684	Sp100	ncbi_gene	2	1	PMC8370767
Gene	242509	Bnc2	ncbi_gene	2	1	PMC8370767
Gene	18993	Pou3f3	ncbi_gene	2	1	PMC8370767
Gene	21417	Zeb1	ncbi_gene	2	1	PMC8370767
Gene	16477	Junb	ncbi_gene	2	1	PMC8370767
Gene	67133	Gp2	ncbi_gene	2	1	PMC8370767
Gene	16772	Lama1	ncbi_gene	2	1	PMC8395939
Gene	2806	GOT2	ncbi_gene	2	1	PMC8395939
Gene	13645	Egf	ncbi_gene	2	1	PMC8395939
Gene	26417	Mapk3	ncbi_gene	2	1	PMC8395939
Gene	14219	Ccn2	ncbi_gene	2	1	PMC8395939
Gene	768	CA9	ncbi_gene	2	1	PMC8395939
Gene	7187	TRAF3	ncbi_gene	2	1	PMC8447793
Gene	3500	IGHG1	ncbi_gene	2	1	PMC8447793
Gene	3315	HSPB1	ncbi_gene	2	1	PMC8447793
Gene	7874	USP7	ncbi_gene	2	1	PMC8447793
Gene	5130	PCYT1A	ncbi_gene	2	1	PMC8447793
Gene	407018	MIR27A	ncbi_gene	2	1	PMC8469245
Gene	406948	MIR15A	ncbi_gene	2	1	PMC8469245
Gene	8809	IL18R1	ncbi_gene	2	1	PMC8469245
Gene	26827	RNU6-1	ncbi_gene	2	1	PMC8469245
Gene	3605	IL17A	ncbi_gene	2	1	PMC8469245
Gene	6326	SCN2A	ncbi_gene	2	1	PMC8469245
Gene	816	CAMK2B	ncbi_gene	2	1	PMC8469245
Gene	724033	MIR663A	ncbi_gene	2	1	PMC8469245
Gene	407049	MIR92A2	ncbi_gene	2	1	PMC8469245
Gene	442893	MIR151A	ncbi_gene	2	1	PMC8469245
Gene	574411	MIR451A	ncbi_gene	2	1	PMC8469245
Gene	23678	SGK3	ncbi_gene	2	1	PMC8469245
Gene	5601	MAPK9	ncbi_gene	2	1	PMC8469245
Gene	466	ATF1	ncbi_gene	2	1	PMC8469245
Gene	1236	CCR7	ncbi_gene	2	1	PMC8469245
Gene	8772	FADD	ncbi_gene	2	1	PMC8469245
Gene	7184	HSP90B1	ncbi_gene	2	1	PMC8469245
Gene	5618	PRLR	ncbi_gene	2	1	PMC8469245
Gene	7416	VDAC1	ncbi_gene	2	1	PMC8469245
Gene	109624	Cald1	ncbi_gene	2	1	PMC8742817
Gene	3418	IDH2	ncbi_gene	2	1	PMC8742817
Gene	11704	Amelx	ncbi_gene	2	1	PMC9013652
Gene	12977	Csf1	ncbi_gene	2	1	PMC9013652
Gene	8085	KMT2D	ncbi_gene	2	1	PMC9184558
Gene	4507	MTAP	ncbi_gene	2	1	PMC9184558
Gene	4584	MUC3A	ncbi_gene	2	1	PMC9929861
Gene	4586	MUC5AC	ncbi_gene	2	1	PMC9929861
Gene	390082	OR52E5	ncbi_gene	2	1	PMC9929861
Gene	338751	OR52L1	ncbi_gene	2	1	PMC9929861
Gene	6609	SMPD1	ncbi_gene	2	1	PMC9929861
Gene	7054	TH	ncbi_gene	1	1	PMC1533846
Gene	269881	Map3k10	ncbi_gene	1	1	PMC1533846
Gene	407052	MIR95	ncbi_gene	1	1	PMC1550420
Gene	406965	MIR190A	ncbi_gene	1	1	PMC1550420
Gene	407021	MIR29A	ncbi_gene	1	1	PMC1550420
Gene	407047	MIR9-2	ncbi_gene	1	1	PMC1550420
Gene	407031	MIR30C1	ncbi_gene	1	1	PMC1550420
Gene	2314	FLII	ncbi_gene	1	1	PMC1550420
Gene	94234	FOXQ1	ncbi_gene	1	1	PMC1550420
Gene	9768	PCLAF	ncbi_gene	1	1	PMC2360140
Gene	1434	CSE1L	ncbi_gene	1	1	PMC2360140
Gene	406	ARNTL	ncbi_gene	1	1	PMC2360140
Gene	468	ATF4	ncbi_gene	1	1	PMC2442611
Gene	22809	ATF5	ncbi_gene	1	1	PMC2442611
Gene	3727	JUND	ncbi_gene	1	1	PMC2442611
Gene	6934	TCF7L2	ncbi_gene	1	1	PMC2442611
Gene	18	ABAT	ncbi_gene	1	1	PMC2615028
Gene	9752	PCDHA9	ncbi_gene	1	1	PMC2615028
Gene	3800	KIF5C	ncbi_gene	1	1	PMC2615028
Gene	8805	TRIM24	ncbi_gene	1	1	PMC2651892
Gene	51592	TRIM33	ncbi_gene	1	1	PMC2651892
Gene	8643	PTCH2	ncbi_gene	1	1	PMC2651892
Gene	252972	Tpcn1	ncbi_gene	1	1	PMC2651892
Gene	71950	Nanog	ncbi_gene	1	1	PMC2766639
Gene	18999	Pou5f1	ncbi_gene	1	1	PMC2766639
Gene	5873	RAB27A	ncbi_gene	1	1	PMC2794539
Gene	29560	Hif1a	ncbi_gene	1	1	PMC2794539
Gene	77836	Mlana	ncbi_gene	1	1	PMC2794539
Gene	1843	DUSP1	ncbi_gene	1	1	PMC2848976
Gene	11221	DUSP10	ncbi_gene	1	1	PMC2848976
Gene	1960	EGR3	ncbi_gene	1	1	PMC2848976
Gene	106478911	CST12P	ncbi_gene	1	1	PMC2848976
Gene	22153	Tubb4a	ncbi_gene	1	1	PMC2858150
Gene	23961	Oas1b	ncbi_gene	1	1	PMC2858150
Gene	360216	Zranb1	ncbi_gene	1	1	PMC2858150
Gene	21452	Tcn2	ncbi_gene	1	1	PMC2858150
Gene	14453	Gas2	ncbi_gene	1	1	PMC2858150
Gene	246727	Oas3	ncbi_gene	1	1	PMC2858150
Gene	67138	Herc6	ncbi_gene	1	1	PMC2858150
Gene	108670	Epsti1	ncbi_gene	1	1	PMC2858150
Gene	66377	Ndufc1	ncbi_gene	1	1	PMC2858150
Gene	56360	Acot9	ncbi_gene	1	1	PMC2858150
Gene	72151	Rfc5	ncbi_gene	1	1	PMC2858150
Gene	64685	Nmi	ncbi_gene	1	1	PMC2858150
Gene	69181	Dyrk2	ncbi_gene	1	1	PMC2858150
Gene	80861	Dhx58	ncbi_gene	1	1	PMC2858150
Gene	110854	Ptpa	ncbi_gene	1	1	PMC2858150
Gene	103140	Gstt3	ncbi_gene	1	1	PMC2858150
Gene	231440	Parm1	ncbi_gene	1	1	PMC2858150
Gene	238393	Serpina3f	ncbi_gene	1	1	PMC2858150
Gene	68298	Ncapd2	ncbi_gene	1	1	PMC2858150
Gene	67283	Slc25a19	ncbi_gene	1	1	PMC2858150
Gene	53334	Gosr1	ncbi_gene	1	1	PMC2858150
Gene	11031	RAB31	ncbi_gene	1	1	PMC2858150
Gene	91612	CHURC1	ncbi_gene	1	1	PMC2858150
Gene	319974	Auts2	ncbi_gene	1	1	PMC2858150
Gene	107995	Cdc20	ncbi_gene	1	1	PMC2858150
Gene	14235	Foxm1	ncbi_gene	1	1	PMC2858150
Gene	17215	Mcm3	ncbi_gene	1	1	PMC2858150
Gene	17219	Mcm6	ncbi_gene	1	1	PMC2858150
Gene	17216	Mcm2	ncbi_gene	1	1	PMC2858150
Gene	12442	Ccnb2	ncbi_gene	1	1	PMC2858150
Gene	106344	Rfc4	ncbi_gene	1	1	PMC2858150
Gene	69263	Rfc3	ncbi_gene	1	1	PMC2858150
Gene	19645	Rb1	ncbi_gene	1	1	PMC2858150
Gene	12503	Cd247	ncbi_gene	1	1	PMC2858150
Gene	212541	Rho	ncbi_gene	1	1	PMC3024950
Gene	14645	Glul	ncbi_gene	1	1	PMC3024950
Gene	2861	GPR37	ncbi_gene	1	1	PMC3024950
Gene	55366	LGR4	ncbi_gene	1	1	PMC3024950
Gene	2863	GPR39	ncbi_gene	1	1	PMC3024950
Gene	9248	GPR50	ncbi_gene	1	1	PMC3024950
Gene	9568	GABBR2	ncbi_gene	1	1	PMC3024950
Gene	2796	GNRH1	ncbi_gene	1	1	PMC3024950
Gene	5367	PMCH	ncbi_gene	1	1	PMC3024950
Gene	12917	crf	ncbi_gene	1	1	PMC3024950
Gene	11516	Adcyap1	ncbi_gene	1	1	PMC3024950
Gene	22353	Vip	ncbi_gene	1	1	PMC3024950
Gene	2822	GPLD1	ncbi_gene	1	1	PMC3024950
Gene	14526	Gcg	ncbi_gene	1	1	PMC3024950
Gene	54393	Gabbr1	ncbi_gene	1	1	PMC3024950
Gene	242425	Gabbr2	ncbi_gene	1	1	PMC3024950
Gene	14738	Gpr12	ncbi_gene	1	1	PMC3024950
Gene	64095	Gpr35	ncbi_gene	1	1	PMC3024950
Gene	236781	Gpr119	ncbi_gene	1	1	PMC3024950
Gene	136	ADORA2B	ncbi_gene	1	1	PMC3024950
Gene	1131	CHRM3	ncbi_gene	1	1	PMC3024950
Gene	2149	F2R	ncbi_gene	1	1	PMC3024950
Gene	2150	F2RL1	ncbi_gene	1	1	PMC3024950
Gene	2550	GABBR1	ncbi_gene	1	1	PMC3024950
Gene	9052	GPRC5A	ncbi_gene	1	1	PMC3024950
Gene	2842	GPR19	ncbi_gene	1	1	PMC3024950
Gene	1902	LPAR1	ncbi_gene	1	1	PMC3024950
Gene	5732	PTGER2	ncbi_gene	1	1	PMC3024950
Gene	3352	HTR1D	ncbi_gene	1	1	PMC3024950
Gene	3363	HTR7	ncbi_gene	1	1	PMC3024950
Gene	185	AGTR1	ncbi_gene	1	1	PMC3024950
Gene	624	BDKRB2	ncbi_gene	1	1	PMC3024950
Gene	1813	DRD2	ncbi_gene	1	1	PMC3024950
Gene	2825	GPR1	ncbi_gene	1	1	PMC3024950
Gene	23432	GPR161	ncbi_gene	1	1	PMC3024950
Gene	2914	GRM4	ncbi_gene	1	1	PMC3024950
Gene	20605	Sstr1	ncbi_gene	1	1	PMC3024950
Gene	20606	Sstr2	ncbi_gene	1	1	PMC3024950
Gene	12672	Chrm4	ncbi_gene	1	1	PMC3024950
Gene	11517	Adcyap1r1	ncbi_gene	1	1	PMC3024950
Gene	20609	Sstr5	ncbi_gene	1	1	PMC3024950
Gene	99296	Eae8	ncbi_gene	1	1	PMC3024950
Gene	225192	Hrh4	ncbi_gene	1	1	PMC3024950
Gene	15466	Hrh2	ncbi_gene	1	1	PMC3024950
Gene	21336	Tacr1	ncbi_gene	1	1	PMC3024950
Gene	21337	Tacr2	ncbi_gene	1	1	PMC3024950
Gene	21338	Tacr3	ncbi_gene	1	1	PMC3024950
Gene	51791	Rgs14	ncbi_gene	1	1	PMC3024950
Gene	58175	Rgs20	ncbi_gene	1	1	PMC3024950
Gene	217463	Snx13	ncbi_gene	1	1	PMC3024950
Gene	15978	Ifng	ncbi_gene	1	1	PMC3024950
Gene	11542	Adora3	ncbi_gene	1	1	PMC3024950
Gene	17773	Mtnr1a	ncbi_gene	1	1	PMC3024950
Gene	14428	Galr2	ncbi_gene	1	1	PMC3024950
Gene	12774	Ccr5	ncbi_gene	1	1	PMC3024950
Gene	54199	Ccrl2	ncbi_gene	1	1	PMC3024950
Gene	19204	Ptafr	ncbi_gene	1	1	PMC3024950
Gene	230777	Hcrtr1	ncbi_gene	1	1	PMC3024950
Gene	13051	Cx3cr1	ncbi_gene	1	1	PMC3024950
Gene	58182	Prokr1	ncbi_gene	1	1	PMC3024950
Gene	18441	P2ry1	ncbi_gene	1	1	PMC3024950
Gene	229357	Gpr149	ncbi_gene	1	1	PMC3024950
Gene	19216	Ptger1	ncbi_gene	1	1	PMC3024950
Gene	19218	Ptger3	ncbi_gene	1	1	PMC3024950
Gene	19219	Ptger4	ncbi_gene	1	1	PMC3024950
Gene	18386	Oprd1	ncbi_gene	1	1	PMC3024950
Gene	18389	Oprl1	ncbi_gene	1	1	PMC3024950
Gene	11552	Adra2b	ncbi_gene	1	1	PMC3024950
Gene	319229	Sctr	ncbi_gene	1	1	PMC3024950
Gene	18387	Oprk1	ncbi_gene	1	1	PMC3024950
Gene	18442	P2ry2	ncbi_gene	1	1	PMC3024950
Gene	23615	PYY2	ncbi_gene	1	1	PMC3024950
Gene	4477	MSMB	ncbi_gene	1	1	PMC3024950
Gene	130560	SPATA3	ncbi_gene	1	1	PMC3024950
Gene	132851	SPATA4	ncbi_gene	1	1	PMC3024950
Gene	166378	SPATA5	ncbi_gene	1	1	PMC3024950
Gene	221178	SPATA13	ncbi_gene	1	1	PMC3024950
Gene	221409	SPATS1	ncbi_gene	1	1	PMC3024950
Gene	246777	SPESP1	ncbi_gene	1	1	PMC3024950
Gene	220082	CBY2	ncbi_gene	1	1	PMC3024950
Gene	4956	ODF1	ncbi_gene	1	1	PMC3024950
Gene	6677	SPAM1	ncbi_gene	1	1	PMC3024950
Gene	53878	Svs2	ncbi_gene	1	1	PMC3024950
Gene	64335	Svs3a	ncbi_gene	1	1	PMC3024950
Gene	20944	Svs5	ncbi_gene	1	1	PMC3024950
Gene	20945	Svs6	ncbi_gene	1	1	PMC3024950
Gene	56872	Pate4	ncbi_gene	1	1	PMC3024950
Gene	20939	Sva	ncbi_gene	1	1	PMC3024950
Gene	20941	Svs4	ncbi_gene	1	1	PMC3024950
Gene	71578	Sval1	ncbi_gene	1	1	PMC3024950
Gene	84543	Sval2	ncbi_gene	1	1	PMC3024950
Gene	387564	Sval3	ncbi_gene	1	1	PMC3024950
Gene	51761	ATP8A2	ncbi_gene	1	1	PMC3039570
Gene	4803	NGF	ncbi_gene	1	1	PMC3113907
Gene	200150	PLD5	ncbi_gene	1	1	PMC3130048
Gene	57451	TENM2	ncbi_gene	1	1	PMC3130048
Gene	92565	FANK1	ncbi_gene	1	1	PMC3130048
Gene	64328	XPO4	ncbi_gene	1	1	PMC3130048
Gene	26047	CNTNAP2	ncbi_gene	1	1	PMC3130048
Gene	55739	NAXD	ncbi_gene	1	1	PMC3130048
Gene	2585	GALK2	ncbi_gene	1	1	PMC3130048
Gene	79632	FAM184A	ncbi_gene	1	1	PMC3130048
Gene	55798	METTL2B	ncbi_gene	1	1	PMC3130048
Gene	9969	MED13	ncbi_gene	1	1	PMC3130048
Gene	169026	SLC30A8	ncbi_gene	1	1	PMC3130048
Gene	84461	NEURL4	ncbi_gene	1	1	PMC3130048
Gene	84034	EMILIN2	ncbi_gene	1	1	PMC3130048
Gene	157680	VPS13B	ncbi_gene	1	1	PMC3130048
Gene	8537	BCAS1	ncbi_gene	1	1	PMC3130048
Gene	154313	CFAP206	ncbi_gene	1	1	PMC3130048
Gene	2892	GRIA3	ncbi_gene	1	1	PMC3130048
Gene	375	ARF1	ncbi_gene	1	1	PMC3130048
Gene	7175	TPR	ncbi_gene	1	1	PMC3130048
Gene	57554	LRRC7	ncbi_gene	1	1	PMC3130048
Gene	120	ADD3	ncbi_gene	1	1	PMC3130048
Gene	7536	SF1	ncbi_gene	1	1	PMC3130048
Gene	124989	EFCAB13	ncbi_gene	1	1	PMC3130048
Gene	250	ALPP	ncbi_gene	1	1	PMC3352892
Gene	20533	Slc4a1	ncbi_gene	1	1	PMC3352892
Gene	20536	Slc4a3	ncbi_gene	1	1	PMC3352892
Gene	14131	Fcgr3	ncbi_gene	1	1	PMC3352892
Gene	14130	Fcgr2b	ncbi_gene	1	1	PMC3352892
Gene	3684	ITGAM	ncbi_gene	1	1	PMC3352892
Gene	3687	ITGAX	ncbi_gene	1	1	PMC3352892
Gene	474	ATOH1	ncbi_gene	1	1	PMC3366948
Gene	16187	Il3	ncbi_gene	1	1	PMC3366948
Gene	4486	MST1R	ncbi_gene	1	1	PMC3366948
Gene	9021	SOCS3	ncbi_gene	1	1	PMC3366948
Gene	388677	NOTCH2NLA	ncbi_gene	1	1	PMC3366948
Gene	4854	NOTCH3	ncbi_gene	1	1	PMC3366948
Gene	285362	SUMF1	ncbi_gene	1	1	PMC3366948
Gene	5797	PTPRM	ncbi_gene	1	1	PMC3366948
Gene	54486	Hpgds	ncbi_gene	1	1	PMC3447199
Gene	3445	IFNA8	ncbi_gene	1	1	PMC3447199
Gene	10580	SORBS1	ncbi_gene	1	1	PMC3447199
Gene	917	CD3G	ncbi_gene	1	1	PMC3447199
Gene	399480	mapk3	ncbi_gene	1	1	PMC3484870
Gene	2173	FABP7	ncbi_gene	1	1	PMC3484870
Gene	6754	SSTR4	ncbi_gene	1	1	PMC3485222
Gene	339512	CCDC190	ncbi_gene	1	1	PMC3485222
Gene	2317	FLNB	ncbi_gene	1	1	PMC3485222
Gene	440738	MAP1LC3C	ncbi_gene	1	1	PMC3485222
Gene	9645	MICAL2	ncbi_gene	1	1	PMC3485222
Gene	8878	SQSTM1	ncbi_gene	1	1	PMC3485222
Gene	4747	NEFL	ncbi_gene	1	1	PMC3492274
Gene	14257	Flt4	ncbi_gene	1	1	PMC3492274
Gene	418207	KRAS	ncbi_gene	1	1	PMC3539440
Gene	396239	BRAF	ncbi_gene	1	1	PMC3539440
Gene	396340	COL3A1	ncbi_gene	1	1	PMC3539440
Gene	396526	ACTB	ncbi_gene	1	1	PMC3539440
Gene	1602	DACH1	ncbi_gene	1	1	PMC3543849
Gene	6097	RORC	ncbi_gene	1	1	PMC3543849
Gene	24605	Nras	ncbi_gene	1	1	PMC3554420
Gene	280829	INS	ncbi_gene	1	1	PMC3554772
Gene	280794	FN1	ncbi_gene	1	1	PMC3554772
Gene	521832	LOC521832	ncbi_gene	1	1	PMC3554772
Gene	1488	CTBP2	ncbi_gene	1	1	PMC3589544
Gene	4001	LMNB1	ncbi_gene	1	1	PMC3589544
Gene	57045	TWSG1	ncbi_gene	1	1	PMC3621652
Gene	5914	RARA	ncbi_gene	1	1	PMC3636093
Gene	8021	NUP214	ncbi_gene	1	1	PMC3636093
Gene	4869	NPM1	ncbi_gene	1	1	PMC3636093
Gene	192129	Vmp1	ncbi_gene	1	1	PMC3636093
Gene	57120	GOPC	ncbi_gene	1	1	PMC3636093
Gene	641700	ECSCR	ncbi_gene	1	1	PMC3636093
Gene	7075	TIE1	ncbi_gene	1	1	PMC3636093
Gene	1003	CDH5	ncbi_gene	1	1	PMC3636093
Gene	90952	ESAM	ncbi_gene	1	1	PMC3636093
Gene	171017	ZNF384	ncbi_gene	1	1	PMC3636093
Gene	166	TLE5	ncbi_gene	1	1	PMC3636093
Gene	9839	ZEB2	ncbi_gene	1	1	PMC3668138
Gene	990	CDC6	ncbi_gene	1	1	PMC3776976
Gene	1164	CKS2	ncbi_gene	1	1	PMC3776976
Gene	1111	CHEK1	ncbi_gene	1	1	PMC3776976
Gene	9232	PTTG1	ncbi_gene	1	1	PMC3776976
Gene	4678	NASP	ncbi_gene	1	1	PMC3776976
Gene	4172	MCM3	ncbi_gene	1	1	PMC3776976
Gene	4173	MCM4	ncbi_gene	1	1	PMC3776976
Gene	4174	MCM5	ncbi_gene	1	1	PMC3776976
Gene	4175	MCM6	ncbi_gene	1	1	PMC3776976
Gene	5111	PCNA	ncbi_gene	1	1	PMC3776976
Gene	5557	PRIM1	ncbi_gene	1	1	PMC3776976
Gene	5981	RFC1	ncbi_gene	1	1	PMC3776976
Gene	1062	CENPE	ncbi_gene	1	1	PMC3776976
Gene	1503	CTPS1	ncbi_gene	1	1	PMC3776976
Gene	1719	DHFR	ncbi_gene	1	1	PMC3776976
Gene	8900	CCNA1	ncbi_gene	1	1	PMC3776976
Gene	891	CCNB1	ncbi_gene	1	1	PMC3776976
Gene	899	CCNF	ncbi_gene	1	1	PMC3776976
Gene	1663	DDX11	ncbi_gene	1	1	PMC3776976
Gene	9088	PKMYT1	ncbi_gene	1	1	PMC3776976
Gene	995	CDC25C	ncbi_gene	1	1	PMC3776976
Gene	1063	CENPF	ncbi_gene	1	1	PMC3776976
Gene	5603	MAPK13	ncbi_gene	1	1	PMC3776976
Gene	5393	EXOSC9	ncbi_gene	1	1	PMC3776976
Gene	867	CBL	ncbi_gene	1	1	PMC3836801
Gene	8036	SHOC2	ncbi_gene	1	1	PMC3836801
Gene	41643	Lip3	ncbi_gene	1	1	PMC3836801
Gene	853401	AIM22	ncbi_gene	1	1	PMC3836801
Gene	855625	RAS2	ncbi_gene	1	1	PMC3836801
Gene	39149	Ilp1	ncbi_gene	1	1	PMC3836801
Gene	31271	w	ncbi_gene	1	1	PMC3836801
Gene	33953	nrv2	ncbi_gene	1	1	PMC3836801
Gene	34927	Gli	ncbi_gene	1	1	PMC3836801
Gene	36993	Dcr-2	ncbi_gene	1	1	PMC3836801
Gene	9367	RAB9A	ncbi_gene	1	1	PMC3836801
Gene	158506	CBLL2	ncbi_gene	1	1	PMC3836801
Gene	8675	STX16	ncbi_gene	1	1	PMC3836801
Gene	31543	raptor	ncbi_gene	1	1	PMC3836801
Gene	51083	GAL	ncbi_gene	1	1	PMC3836801
Gene	37247	hpo	ncbi_gene	1	1	PMC3836801
Gene	32979	Mer	ncbi_gene	1	1	PMC3836801
Gene	12798320	mir-8	ncbi_gene	1	1	PMC3836801
Gene	43904	AMPKalpha	ncbi_gene	1	1	PMC3836801
Gene	35286	sNPF	ncbi_gene	1	1	PMC3836801
Gene	33225	ush	ncbi_gene	1	1	PMC3836801
Gene	37851	yki	ncbi_gene	1	1	PMC3836801
Gene	6080	SNORA73A	ncbi_gene	1	1	PMC3950186
Gene	283120	H19	ncbi_gene	1	1	PMC3966786
Gene	17136	Mag	ncbi_gene	1	1	PMC3982616
Gene	110806263	LOC110806263	ncbi_gene	1	1	PMC4022359
Gene	55027	HEATR3	ncbi_gene	1	1	PMC4022359
Gene	14459	Gast	ncbi_gene	1	1	PMC4091572
Gene	79966	SCD5	ncbi_gene	1	1	PMC4091572
Gene	6472	SHMT2	ncbi_gene	1	1	PMC4178206
Gene	9947	MAGEC1	ncbi_gene	1	1	PMC4355981
Gene	267015	HLA-S	ncbi_gene	1	1	PMC4355981
Gene	967	CD63	ncbi_gene	1	1	PMC4404347
Gene	5795	PTPRJ	ncbi_gene	1	1	PMC4404347
Gene	3804	KIR2DL3	ncbi_gene	1	1	PMC4404347
Gene	3806	KIR2DS1	ncbi_gene	1	1	PMC4404347
Gene	3809	KIR2DS4	ncbi_gene	1	1	PMC4404347
Gene	3821	KLRC1	ncbi_gene	1	1	PMC4404347
Gene	3820	KLRB1	ncbi_gene	1	1	PMC4404347
Gene	564064	prkacaa	ncbi_gene	1	1	PMC4471546
Gene	7273	TTN	ncbi_gene	1	1	PMC4492820
Gene	60386	SLC25A19	ncbi_gene	1	1	PMC4492820
Gene	852794	MAD1	ncbi_gene	1	1	PMC4615033
Gene	853100	BUB1	ncbi_gene	1	1	PMC4615033
Gene	854191	BUB3	ncbi_gene	1	1	PMC4615033
Gene	13906564	mrr	ncbi_gene	1	1	PMC4629113
Gene	7324557	tetR	ncbi_gene	1	1	PMC4629113
Gene	20468706	D616_p130014	ncbi_gene	1	1	PMC4629113
Gene	20238	Atxn1	ncbi_gene	1	1	PMC4714971
Gene	2525	FUT3	ncbi_gene	1	1	PMC4762531
Gene	374907	B3GNT8	ncbi_gene	1	1	PMC4762531
Gene	11282	MGAT4B	ncbi_gene	1	1	PMC4762531
Gene	4249	MGAT5	ncbi_gene	1	1	PMC4762531
Gene	2530	FUT8	ncbi_gene	1	1	PMC4762531
Gene	8703	B4GALT3	ncbi_gene	1	1	PMC4762531
Gene	283131	NEAT1	ncbi_gene	1	1	PMC4932877
Gene	55000	TUG1	ncbi_gene	1	1	PMC4932877
Gene	21423	Tcf3	ncbi_gene	1	1	PMC4958313
Gene	2658	GDF2	ncbi_gene	1	1	PMC5302981
Gene	11908	Atf1	ncbi_gene	1	1	PMC5302981
Gene	19697	Rela	ncbi_gene	1	1	PMC5302981
Gene	13684	Eif4e	ncbi_gene	1	1	PMC5302981
Gene	8767	RIPK2	ncbi_gene	1	1	PMC5302981
Gene	2645	GCK	ncbi_gene	1	1	PMC5302981
Gene	1635	DCTD	ncbi_gene	1	1	PMC5305101
Gene	8130	MCOPCT1	ncbi_gene	1	1	PMC5308618
Gene	100148428	pdgfra-2	ncbi_gene	1	1	PMC5332555
Gene	565324	pdgfba	ncbi_gene	1	1	PMC5332555
Gene	100006361	galn	ncbi_gene	1	1	PMC5332555
Gene	796490	pdgfbb	ncbi_gene	1	1	PMC5332555
Gene	30080	mitfa	ncbi_gene	1	1	PMC5332555
Gene	10243	GPHN	ncbi_gene	1	1	PMC5498998
Gene	140733	MACROD2	ncbi_gene	1	1	PMC5498998
Gene	2122	MECOM	ncbi_gene	1	1	PMC5498998
Gene	2114	ETS2	ncbi_gene	1	1	PMC5498998
Gene	51804	SIX4	ncbi_gene	1	1	PMC5498998
Gene	57335	ZNF286A	ncbi_gene	1	1	PMC5498998
Gene	4487	MSX1	ncbi_gene	1	1	PMC5498998
Gene	729288	ZNF286B	ncbi_gene	1	1	PMC5498998
Gene	8028	MLLT10	ncbi_gene	1	1	PMC5498998
Gene	7361	UGT1A	ncbi_gene	1	1	PMC5498998
Gene	57111	RAB25	ncbi_gene	1	1	PMC5498998
Gene	1997	ELF1	ncbi_gene	1	1	PMC5498998
Gene	3916	LAMP1	ncbi_gene	1	1	PMC5498998
Gene	8496	PPFIBP1	ncbi_gene	1	1	PMC5498998
Gene	5885	RAD21	ncbi_gene	1	1	PMC5498998
Gene	4282	MIF	ncbi_gene	1	1	PMC5498998
Gene	353	APRT	ncbi_gene	1	1	PMC5498998
Gene	406967	MIR192	ncbi_gene	1	1	PMC5498998
Gene	5796	PTPRK	ncbi_gene	1	1	PMC5527484
Gene	6608	SMO	ncbi_gene	1	1	PMC5527484
Gene	8312	AXIN1	ncbi_gene	1	1	PMC5527484
Gene	139285	AMER1	ncbi_gene	1	1	PMC5527484
Gene	9757	KMT2B	ncbi_gene	1	1	PMC5527484
Gene	58508	KMT2C	ncbi_gene	1	1	PMC5527484
Gene	6597	SMARCA4	ncbi_gene	1	1	PMC5527484
Gene	8314	BAP1	ncbi_gene	1	1	PMC5527484
Gene	91	ACVR1B	ncbi_gene	1	1	PMC5527484
Gene	3115	HLA-DPB1	ncbi_gene	1	1	PMC555742
Gene	4738	NEDD8	ncbi_gene	1	1	PMC5579334
Gene	143384	CACUL1	ncbi_gene	1	1	PMC5579334
Gene	6320	CLEC11A	ncbi_gene	1	1	PMC5579334
Gene	6773	STAT2	ncbi_gene	1	1	PMC5583477
Gene	6197	RPS6KA3	ncbi_gene	1	1	PMC5583477
Gene	965	CD58	ncbi_gene	1	1	PMC5583477
Gene	3832	KIF11	ncbi_gene	1	1	PMC5583477
Gene	5566	PRKACA	ncbi_gene	1	1	PMC5583477
Gene	5465	PPARA	ncbi_gene	1	1	PMC5583477
Gene	12579	Cdkn2b	ncbi_gene	1	1	PMC5583477
Gene	12550	Cdh1	ncbi_gene	1	1	PMC5583477
Gene	16480	Jup	ncbi_gene	1	1	PMC5583477
Gene	11337	GABARAP	ncbi_gene	1	1	PMC5605987
Gene	3131	HLF	ncbi_gene	1	1	PMC5641092
Gene	664	BNIP3	ncbi_gene	1	1	PMC5804031
Gene	4976	OPA1	ncbi_gene	1	1	PMC5804031
Gene	18181	Nrf1	ncbi_gene	1	1	PMC5804031
Gene	18024	Nfe2l2	ncbi_gene	1	1	PMC5804031
Gene	14775	Gpx1	ncbi_gene	1	1	PMC5804031
Gene	583	BBS2	ncbi_gene	1	1	PMC5827037
Gene	6660	SOX5	ncbi_gene	1	1	PMC5827037
Gene	7249	TSC2	ncbi_gene	1	1	PMC5827037
Gene	129563	DIS3L2	ncbi_gene	1	1	PMC5827037
Gene	403646	CD28	ncbi_gene	1	1	PMC5908872
Gene	23461	ABCA5	ncbi_gene	1	1	PMC5908872
Gene	83643	CCDC3	ncbi_gene	1	1	PMC5908872
Gene	64094	SMOC2	ncbi_gene	1	1	PMC5908872
Gene	84939	PWWP3A	ncbi_gene	1	1	PMC5908872
Gene	100684399	IRF4	ncbi_gene	1	1	PMC5908872
Gene	611243	E2F4	ncbi_gene	1	1	PMC5908872
Gene	486507	SP1	ncbi_gene	1	1	PMC5908872
Gene	13417	Dnah8	ncbi_gene	1	1	PMC5908872
Gene	17259	Mef2b	ncbi_gene	1	1	PMC5908872
Gene	403869	TP53	ncbi_gene	1	1	PMC5908872
Gene	488084	PIK3CA	ncbi_gene	1	1	PMC5908872
Gene	3454	IFNAR1	ncbi_gene	1	1	PMC5980157
Gene	16909	Lmo2	ncbi_gene	1	1	PMC6049873
Gene	351	APP	ncbi_gene	1	1	PMC6101293
Gene	10128	LRPPRC	ncbi_gene	1	1	PMC6101293
Gene	7415	VCP	ncbi_gene	1	1	PMC6101293
Gene	23576	DDAH1	ncbi_gene	1	1	PMC6101293
Gene	826	CAPNS1	ncbi_gene	1	1	PMC6101293
Gene	22173	Tyr	ncbi_gene	1	1	PMC6101293
Gene	5698	PSMB9	ncbi_gene	1	1	PMC6101293
Gene	4782	NFIC	ncbi_gene	1	1	PMC6115972
Gene	10785	WDR4	ncbi_gene	1	1	PMC6115972
Gene	5047	PAEP	ncbi_gene	1	1	PMC6115972
Gene	310	ANXA7	ncbi_gene	1	1	PMC6115972
Gene	411	ARSB	ncbi_gene	1	1	PMC6115972
Gene	662	BNIP1	ncbi_gene	1	1	PMC6115972
Gene	738	VPS51	ncbi_gene	1	1	PMC6115972
Gene	1611	DAP	ncbi_gene	1	1	PMC6115972
Gene	3146	HMGB1	ncbi_gene	1	1	PMC6115972
Gene	3428	IFI16	ncbi_gene	1	1	PMC6115972
Gene	4864	NPC1	ncbi_gene	1	1	PMC6115972
Gene	6279	S100A8	ncbi_gene	1	1	PMC6115972
Gene	6280	S100A9	ncbi_gene	1	1	PMC6115972
Gene	6794	STK11	ncbi_gene	1	1	PMC6115972
Gene	7009	TMBIM6	ncbi_gene	1	1	PMC6115972
Gene	8406	SRPX	ncbi_gene	1	1	PMC6115972
Gene	9100	USP10	ncbi_gene	1	1	PMC6115972
Gene	9842	PLEKHM1	ncbi_gene	1	1	PMC6115972
Gene	9895	TECPR2	ncbi_gene	1	1	PMC6115972
Gene	10013	HDAC6	ncbi_gene	1	1	PMC6115972
Gene	10133	OPTN	ncbi_gene	1	1	PMC6115972
Gene	10193	RNF41	ncbi_gene	1	1	PMC6115972
Gene	10287	RGS19	ncbi_gene	1	1	PMC6115972
Gene	10548	TM9SF1	ncbi_gene	1	1	PMC6115972
Gene	23230	VPS13A	ncbi_gene	1	1	PMC6115972
Gene	23339	VPS39	ncbi_gene	1	1	PMC6115972
Gene	25989	ULK3	ncbi_gene	1	1	PMC6115972
Gene	26191	PTPN22	ncbi_gene	1	1	PMC6115972
Gene	29100	TMEM208	ncbi_gene	1	1	PMC6115972
Gene	29982	NRBF2	ncbi_gene	1	1	PMC6115972
Gene	54734	RAB39A	ncbi_gene	1	1	PMC6115972
Gene	54874	FNBP1L	ncbi_gene	1	1	PMC6115972
Gene	55201	MAP1S	ncbi_gene	1	1	PMC6115972
Gene	55332	DRAM1	ncbi_gene	1	1	PMC6115972
Gene	55578	SUPT20H	ncbi_gene	1	1	PMC6115972
Gene	55823	VPS11	ncbi_gene	1	1	PMC6115972
Gene	57103	TIGAR	ncbi_gene	1	1	PMC6115972
Gene	57617	VPS18	ncbi_gene	1	1	PMC6115972
Gene	79142	PHF23	ncbi_gene	1	1	PMC6115972
Gene	83636	C19orf12	ncbi_gene	1	1	PMC6115972
Gene	83734	ATG10	ncbi_gene	1	1	PMC6115972
Gene	84141	EVA1A	ncbi_gene	1	1	PMC6115972
Gene	84219	WDR24	ncbi_gene	1	1	PMC6115972
Gene	84938	ATG4C	ncbi_gene	1	1	PMC6115972
Gene	85363	TRIM5	ncbi_gene	1	1	PMC6115972
Gene	90678	LRSAM1	ncbi_gene	1	1	PMC6115972
Gene	116442	RAB39B	ncbi_gene	1	1	PMC6115972
Gene	120892	LRRK2	ncbi_gene	1	1	PMC6115972
Gene	128338	DRAM2	ncbi_gene	1	1	PMC6115972
Gene	140775	SMCR8	ncbi_gene	1	1	PMC6115972
Gene	3182	HNRNPAB	ncbi_gene	1	1	PMC6115972
Gene	3516	RBPJ	ncbi_gene	1	1	PMC6115972
Gene	8975	USP13	ncbi_gene	1	1	PMC6115972
Gene	9528	TMEM59	ncbi_gene	1	1	PMC6115972
Gene	23274	CLEC16A	ncbi_gene	1	1	PMC6115972
Gene	29978	UBQLN2	ncbi_gene	1	1	PMC6115972
Gene	51100	SH3GLB1	ncbi_gene	1	1	PMC6115972
Gene	55255	WDR41	ncbi_gene	1	1	PMC6115972
Gene	143187	VTI1A	ncbi_gene	1	1	PMC6115972
Gene	7481	WNT11	ncbi_gene	1	1	PMC6115972
Gene	9820	CUL7	ncbi_gene	1	1	PMC6115972
Gene	54361	WNT4	ncbi_gene	1	1	PMC6115972
Gene	494327	MIR378A	ncbi_gene	1	1	PMC6115972
Gene	4051	CYP4F3	ncbi_gene	1	1	PMC6168575
Gene	397276	TP53	ncbi_gene	1	1	PMC6168575
Gene	100294712	SUZ12	ncbi_gene	1	1	PMC6168575
Gene	828	CAPS	ncbi_gene	1	1	PMC6168575
Gene	1906	EDN1	ncbi_gene	1	1	PMC6168575
Gene	293890	Mlana	ncbi_gene	1	1	PMC6411871
Gene	7299	TYR	ncbi_gene	1	1	PMC6411871
Gene	54954	FAM120C	ncbi_gene	1	1	PMC6617392
Gene	5784	PTPN14	ncbi_gene	1	1	PMC6617392
Gene	84868	HAVCR2	ncbi_gene	1	1	PMC6617392
Gene	8784	TNFRSF18	ncbi_gene	1	1	PMC6617392
Gene	3579	CXCR2	ncbi_gene	1	1	PMC6617392
Gene	12504	Cd4	ncbi_gene	1	1	PMC6617392
Gene	108279928	braf	ncbi_gene	1	1	PMC6617392
Gene	5551	PRF1	ncbi_gene	1	1	PMC6617392
Gene	12048	Bcl2l1	ncbi_gene	1	1	PMC6718590
Gene	7533	YWHAH	ncbi_gene	1	1	PMC6770187
Gene	21405	Hnf1a	ncbi_gene	1	1	PMC6770187
Gene	6202	RPS8	ncbi_gene	1	1	PMC6770187
Gene	6139	RPL17	ncbi_gene	1	1	PMC6770187
Gene	6637	SNRPG	ncbi_gene	1	1	PMC6770187
Gene	7358	UGDH	ncbi_gene	1	1	PMC6770187
Gene	8202	NCOA3	ncbi_gene	1	1	PMC6770187
Gene	5029	P2RY2	ncbi_gene	1	1	PMC6770187
Gene	5524	PTPA	ncbi_gene	1	1	PMC6770187
Gene	3872	KRT17	ncbi_gene	1	1	PMC6770187
Gene	294853	Krt18	ncbi_gene	1	1	PMC6770187
Gene	55004	LAMTOR1	ncbi_gene	1	1	PMC6770187
Gene	55014	STX17	ncbi_gene	1	1	PMC6776898
Gene	3267	AGFG1	ncbi_gene	1	1	PMC6776898
Gene	64422	ATG3	ncbi_gene	1	1	PMC6776898
Gene	11793	Atg5	ncbi_gene	1	1	PMC6776898
Gene	360616	Ppp1r1b	ncbi_gene	1	1	PMC6819083
Gene	22348	Slc32a1	ncbi_gene	1	1	PMC6819083
Gene	100720409	Gfap	ncbi_gene	1	1	PMC7029865
Gene	100135466	Trpv1	ncbi_gene	1	1	PMC7029865
Gene	397271	AIF1	ncbi_gene	1	1	PMC7029865
Gene	397029	PLP1	ncbi_gene	1	1	PMC7029865
Gene	1641	DCX	ncbi_gene	1	1	PMC7029865
Gene	2571	GAD1	ncbi_gene	1	1	PMC7029865
Gene	110259705	TH	ncbi_gene	1	1	PMC7029865
Gene	193034	Trpv1	ncbi_gene	1	1	PMC7029865
Gene	7442	TRPV1	ncbi_gene	1	1	PMC7029865
Gene	89780	WNT3A	ncbi_gene	1	1	PMC7031337
Gene	574450	MIR493	ncbi_gene	1	1	PMC7031337
Gene	340419	RSPO2	ncbi_gene	1	1	PMC7031337
Gene	55703	POLR3B	ncbi_gene	1	1	PMC7031935
Gene	85243	Pik3cb	ncbi_gene	1	1	PMC7073166
Gene	3932	LCK	ncbi_gene	1	1	PMC7169429
Gene	2813	GP2	ncbi_gene	1	1	PMC7169429
Gene	6242	RTKN	ncbi_gene	1	1	PMC7169429
Gene	9181	ARHGEF2	ncbi_gene	1	1	PMC7169429
Gene	189	AGXT	ncbi_gene	1	1	PMC7169429
Gene	2648	KAT2A	ncbi_gene	1	1	PMC7169429
Gene	6880	TAF9	ncbi_gene	1	1	PMC7169429
Gene	19090	Prkdc	ncbi_gene	1	1	PMC7305302
Gene	6667	SP1	ncbi_gene	1	1	PMC7310532
Gene	1822	ATN1	ncbi_gene	1	1	PMC7310532
Gene	5890	RAD51B	ncbi_gene	1	1	PMC7310532
Gene	5889	RAD51C	ncbi_gene	1	1	PMC7310532
Gene	2264	FGFR4	ncbi_gene	1	1	PMC7310532
Gene	1665	DHX15	ncbi_gene	1	1	PMC7317054
Gene	1508	CTSB	ncbi_gene	1	1	PMC7317054
Gene	4322	MMP13	ncbi_gene	1	1	PMC7317054
Gene	60681	FKBP10	ncbi_gene	1	1	PMC7317054
Gene	4239	MFAP4	ncbi_gene	1	1	PMC7317054
Gene	163	AP2B1	ncbi_gene	1	1	PMC7317054
Gene	9902	MRC2	ncbi_gene	1	1	PMC7317054
Gene	5831	PYCR1	ncbi_gene	1	1	PMC7317054
Gene	4619	MYH1	ncbi_gene	1	1	PMC7317054
Gene	3297	HSF1	ncbi_gene	1	1	PMC7317054
Gene	11799	Birc5	ncbi_gene	1	1	PMC7317054
Gene	7138	TNNT1	ncbi_gene	1	1	PMC7317054
Gene	2297	FOXD1	ncbi_gene	1	1	PMC7317054
Gene	23768	FLRT2	ncbi_gene	1	1	PMC7317054
Gene	5330	PLCB2	ncbi_gene	1	1	PMC7317054
Gene	10409	BASP1	ncbi_gene	1	1	PMC7317054
Gene	10605	PAIP1	ncbi_gene	1	1	PMC7317054
Gene	4071	TM4SF1	ncbi_gene	1	1	PMC7317054
Gene	2115	ETV1	ncbi_gene	1	1	PMC7317054
Gene	2675	GFRA2	ncbi_gene	1	1	PMC7317054
Gene	10371	SEMA3A	ncbi_gene	1	1	PMC7317054
Gene	860	RUNX2	ncbi_gene	1	1	PMC7317054
Gene	7148	TNXB	ncbi_gene	1	1	PMC7317054
Gene	3691	ITGB4	ncbi_gene	1	1	PMC7317054
Gene	23492	CBX7	ncbi_gene	1	1	PMC7317054
Gene	9289	ADGRG1	ncbi_gene	1	1	PMC7317054
Gene	284	ANGPT1	ncbi_gene	1	1	PMC7317054
Gene	9510	ADAMTS1	ncbi_gene	1	1	PMC7317054
Gene	10501	SEMA6B	ncbi_gene	1	1	PMC7317054
Gene	26059	ERC2	ncbi_gene	1	1	PMC7317054
Gene	51447	IP6K2	ncbi_gene	1	1	PMC7317054
Gene	1789	DNMT3B	ncbi_gene	1	1	PMC7317054
Gene	1761	DMRT1	ncbi_gene	1	1	PMC7317054
Gene	55506	MACROH2A2	ncbi_gene	1	1	PMC7317054
Gene	3017	H2BC5	ncbi_gene	1	1	PMC7317054
Gene	5152	PDE9A	ncbi_gene	1	1	PMC7317054
Gene	6397	SEC14L1	ncbi_gene	1	1	PMC7317054
Gene	1948	EFNB2	ncbi_gene	1	1	PMC7317054
Gene	83660	TLN2	ncbi_gene	1	1	PMC7317054
Gene	1893	ECM1	ncbi_gene	1	1	PMC7317054
Gene	972	CD74	ncbi_gene	1	1	PMC7317054
Gene	1398	CRK	ncbi_gene	1	1	PMC7317054
Gene	55859	BEX1	ncbi_gene	1	1	PMC7317054
Gene	1359	CPA3	ncbi_gene	1	1	PMC7317054
Gene	8788	DLK1	ncbi_gene	1	1	PMC7317054
Gene	1381	CRABP1	ncbi_gene	1	1	PMC7317054
Gene	54360	CYTL1	ncbi_gene	1	1	PMC7317054
Gene	2634	GBP2	ncbi_gene	1	1	PMC7317054
Gene	9444	QKI	ncbi_gene	1	1	PMC7317054
Gene	259230	SGMS1	ncbi_gene	1	1	PMC7317054
Gene	7058	THBS2	ncbi_gene	1	1	PMC7317054
Gene	1612	DAPK1	ncbi_gene	1	1	PMC7317054
Gene	2199	FBLN2	ncbi_gene	1	1	PMC7317054
Gene	79778	MICALL2	ncbi_gene	1	1	PMC7317054
Gene	79645	EFCAB1	ncbi_gene	1	1	PMC7317054
Gene	3195	TLX1	ncbi_gene	1	1	PMC7317054
Gene	9055	PRC1	ncbi_gene	1	1	PMC7317054
Gene	9182	RASSF9	ncbi_gene	1	1	PMC7317054
Gene	23405	DICER1	ncbi_gene	1	1	PMC7317054
Gene	779	CACNA1S	ncbi_gene	1	1	PMC7326958
Gene	76626	Msi2	ncbi_gene	1	1	PMC7326958
Gene	12389	Cav1	ncbi_gene	1	1	PMC7326958
Gene	4088	SMAD3	ncbi_gene	1	1	PMC7326958
Gene	26018	LRIG1	ncbi_gene	1	1	PMC7326958
Gene	108083	Pip4k2b	ncbi_gene	1	1	PMC7397152
Gene	406431	prrx1a	ncbi_gene	1	1	PMC7446925
Gene	16890	Lipe	ncbi_gene	1	1	PMC7446925
Gene	12894	Cpt1a	ncbi_gene	1	1	PMC7446925
Gene	19016	Pparg	ncbi_gene	1	1	PMC7446925
Gene	23939	Mapk7	ncbi_gene	1	1	PMC7658220
Gene	26396	Map2k2	ncbi_gene	1	1	PMC7658220
Gene	12393	Runx2	ncbi_gene	1	1	PMC7658220
Gene	103993	Bsp	ncbi_gene	1	1	PMC7658220
Gene	18596	Pdgfrb	ncbi_gene	1	1	PMC7658220
Gene	26420	Mapk9	ncbi_gene	1	1	PMC7658220
Gene	111042	Hsp86-ps2	ncbi_gene	1	1	PMC7658220
Gene	4000	LMNA	ncbi_gene	1	1	PMC7690890
Gene	22924	MAPRE3	ncbi_gene	1	1	PMC7690890
Gene	19662	Rbp4	ncbi_gene	1	1	PMC7739466
Gene	11735	Ank3	ncbi_gene	1	1	PMC7739466
Gene	67581	Tbc1d23	ncbi_gene	1	1	PMC7739466
Gene	21413	Tcf4	ncbi_gene	1	1	PMC7739466
Gene	20430	Cyfip1	ncbi_gene	1	1	PMC7739466
Gene	11837	Rplp0	ncbi_gene	1	1	PMC7739466
Gene	3135	HLA-G	ncbi_gene	1	1	PMC7906369
Gene	727837	SSX2B	ncbi_gene	1	1	PMC7952412
Gene	1032	CDKN2D	ncbi_gene	1	1	PMC7952412
Gene	3621	ING1	ncbi_gene	1	1	PMC7952412
Gene	4513	COX2	ncbi_gene	1	1	PMC7952412
Gene	1944	EFNA3	ncbi_gene	1	1	PMC7952412
Gene	6776	STAT5A	ncbi_gene	1	1	PMC7952412
Gene	7178	TPT1	ncbi_gene	1	1	PMC7952412
Gene	17257	Mecp2	ncbi_gene	1	1	PMC7980331
Gene	83605	CCM2	ncbi_gene	1	1	PMC8038069
Gene	3266	ERAS	ncbi_gene	1	1	PMC8038069
Gene	23380	SRGAP2	ncbi_gene	1	1	PMC8038069
Gene	14569	Gdi2	ncbi_gene	1	1	PMC8038069
Gene	6469	SHH	ncbi_gene	1	1	PMC8038069
Gene	50523	Lats2	ncbi_gene	1	1	PMC8038069
Gene	57642	COL20A1	ncbi_gene	1	1	PMC8071449
Gene	1305	COL13A1	ncbi_gene	1	1	PMC8071449
Gene	56484	Foxo3	ncbi_gene	1	1	PMC8071449
Gene	5443	POMC	ncbi_gene	1	1	PMC8144720
Gene	5972	REN	ncbi_gene	1	1	PMC8144720
Gene	18792	Plau	ncbi_gene	1	1	PMC8370767
Gene	18793	Plaur	ncbi_gene	1	1	PMC8370767
Gene	21857	Timp1	ncbi_gene	1	1	PMC8370767
Gene	3679	ITGA7	ncbi_gene	1	1	PMC8370767
Gene	3491	CCN1	ncbi_gene	1	1	PMC8370767
Gene	87	ACTN1	ncbi_gene	1	1	PMC8370767
Gene	63827	BCAN	ncbi_gene	1	1	PMC8370767
Gene	4899	NRF1	ncbi_gene	1	1	PMC8370767
Gene	268697	Ccnb1	ncbi_gene	1	1	PMC8370767
Gene	12447	Ccne1	ncbi_gene	1	1	PMC8370767
Gene	12534	Cdk1	ncbi_gene	1	1	PMC8370767
Gene	22330	Vcl	ncbi_gene	1	1	PMC8370767
Gene	16600	Klf4	ncbi_gene	1	1	PMC8370767
Gene	99377	Sall4	ncbi_gene	1	1	PMC8370767
Gene	16728	L1cam	ncbi_gene	1	1	PMC8370767
Gene	17279	Melk	ncbi_gene	1	1	PMC8370767
Gene	14345	Fut4	ncbi_gene	1	1	PMC8370767
Gene	12767	Cxcr4	ncbi_gene	1	1	PMC8370767
Gene	17756	Map2	ncbi_gene	1	1	PMC8370767
Gene	22152	Tubb3	ncbi_gene	1	1	PMC8370767
Gene	20511	Slc1a2	ncbi_gene	1	1	PMC8370767
Gene	107747	Aldh1l1	ncbi_gene	1	1	PMC8370767
Gene	20512	Slc1a3	ncbi_gene	1	1	PMC8370767
Gene	20198	S100a4	ncbi_gene	1	1	PMC8370767
Gene	24136	Zeb2	ncbi_gene	1	1	PMC8370767
Gene	13712	Elk1	ncbi_gene	1	1	PMC8370767
Gene	16478	Jund	ncbi_gene	1	1	PMC8370767
Gene	13179	Dcn	ncbi_gene	1	1	PMC8370767
Gene	68767	Washc1	ncbi_gene	1	1	PMC8370767
Gene	16401	Itga4	ncbi_gene	1	1	PMC8395939
Gene	1634	DCN	ncbi_gene	1	1	PMC8395939
Gene	2022	ENG	ncbi_gene	1	1	PMC8395939
Gene	3249	HPN	ncbi_gene	1	1	PMC8395939
Gene	634	CEACAM1	ncbi_gene	1	1	PMC8395939
Gene	6373	CXCL11	ncbi_gene	1	1	PMC8395939
Gene	3553	IL1B	ncbi_gene	1	1	PMC8395939
Gene	3586	IL10	ncbi_gene	1	1	PMC8395939
Gene	25818	KLK5	ncbi_gene	1	1	PMC8395939
Gene	5650	KLK7	ncbi_gene	1	1	PMC8395939
Gene	1230	CCR1	ncbi_gene	1	1	PMC8395939
Gene	6363	CCL19	ncbi_gene	1	1	PMC8395939
Gene	5268	SERPINB5	ncbi_gene	1	1	PMC8395939
Gene	4318	MMP9	ncbi_gene	1	1	PMC8395939
Gene	2324	FLT4	ncbi_gene	1	1	PMC8395939
Gene	6387	CXCL12	ncbi_gene	1	1	PMC8395939
Gene	5753	PTK6	ncbi_gene	1	1	PMC8395939
Gene	8340	H2BC13	ncbi_gene	1	1	PMC8447793
Gene	338	APOB	ncbi_gene	1	1	PMC8447793
Gene	3186	RBMXP1	ncbi_gene	1	1	PMC8447793
Gene	6233	RPS27A	ncbi_gene	1	1	PMC8447793
Gene	7311	UBA52	ncbi_gene	1	1	PMC8447793
Gene	9605	VPS9D1	ncbi_gene	1	1	PMC8447793
Gene	26130	GAPVD1	ncbi_gene	1	1	PMC8447793
Gene	2017	CTTN	ncbi_gene	1	1	PMC8447793
Gene	3831	KLC1	ncbi_gene	1	1	PMC8447793
Gene	7020	TFAP2A	ncbi_gene	1	1	PMC8447793
Gene	3984	LIMK1	ncbi_gene	1	1	PMC8447793
Gene	9378	NRXN1	ncbi_gene	1	1	PMC8469245
Gene	494330	MIR381	ncbi_gene	1	1	PMC8469245
Gene	664612	MIR539	ncbi_gene	1	1	PMC8469245
Gene	85358	SHANK3	ncbi_gene	1	1	PMC8469245
Gene	619553	MIR484	ncbi_gene	1	1	PMC8469245
Gene	10859	LILRB1	ncbi_gene	1	1	PMC8469245
Gene	406949	MIR15B	ncbi_gene	1	1	PMC8469245
Gene	407015	MIR26A1	ncbi_gene	1	1	PMC8469245
Gene	574447	MIR146B	ncbi_gene	1	1	PMC8469245
Gene	406921	MIR132	ncbi_gene	1	1	PMC8469245
Gene	407048	MIR92A1	ncbi_gene	1	1	PMC8469245
Gene	723778	MIR650	ncbi_gene	1	1	PMC8469245
Gene	406927	MIR136	ncbi_gene	1	1	PMC8469245
Gene	406993	MIR211	ncbi_gene	1	1	PMC8469245
Gene	406961	MIR185	ncbi_gene	1	1	PMC8469245
Gene	406901	MIR107	ncbi_gene	1	1	PMC8469245
Gene	407024	MIR29B1	ncbi_gene	1	1	PMC8469245
Gene	574478	MIR524	ncbi_gene	1	1	PMC8469245
Gene	406966	MIR191	ncbi_gene	1	1	PMC8469245
Gene	574442	MIR489	ncbi_gene	1	1	PMC8469245
Gene	693157	MIR572	ncbi_gene	1	1	PMC8469245
Gene	406900	MIR106B	ncbi_gene	1	1	PMC8469245
Gene	406919	MIR130A	ncbi_gene	1	1	PMC8469245
Gene	406971	MIR195	ncbi_gene	1	1	PMC8469245
Gene	406980	MIR19B1	ncbi_gene	1	1	PMC8469245
Gene	406957	MIR181C	ncbi_gene	1	1	PMC8469245
Gene	574033	MIR18B	ncbi_gene	1	1	PMC8469245
Gene	100616263	MIR4485	ncbi_gene	1	1	PMC8469245
Gene	407056	MIR99B	ncbi_gene	1	1	PMC8469245
Gene	406891	MIRLET7I	ncbi_gene	1	1	PMC8469245
Gene	574031	MIR363	ncbi_gene	1	1	PMC8469245
Gene	406902	MIR10A	ncbi_gene	1	1	PMC8469245
Gene	574032	MIR20B	ncbi_gene	1	1	PMC8469245
Gene	100302203	MIR1271	ncbi_gene	1	1	PMC8469245
Gene	9180	OSMR	ncbi_gene	1	1	PMC8469245
Gene	2259	FGF14	ncbi_gene	1	1	PMC8469245
Gene	1281	COL3A1	ncbi_gene	1	1	PMC8469245
Gene	56260	C8orf44	ncbi_gene	1	1	PMC8469245
Gene	3908	LAMA2	ncbi_gene	1	1	PMC8469245
Gene	118788	PIK3AP1	ncbi_gene	1	1	PMC8469245
Gene	27330	RPS6KA6	ncbi_gene	1	1	PMC8469245
Gene	5580	PRKCD	ncbi_gene	1	1	PMC8469245
Gene	5209	PFKFB3	ncbi_gene	1	1	PMC8469245
Gene	70	ACTC1	ncbi_gene	1	1	PMC8469245
Gene	153	ADRB1	ncbi_gene	1	1	PMC8469245
Gene	477	ATP1A2	ncbi_gene	1	1	PMC8469245
Gene	7404	UTY	ncbi_gene	1	1	PMC8469245
Gene	4299	AFF1	ncbi_gene	1	1	PMC8469245
Gene	4291	MLF1	ncbi_gene	1	1	PMC8469245
Gene	5087	PBX1	ncbi_gene	1	1	PMC8469245
Gene	5090	PBX3	ncbi_gene	1	1	PMC8469245
Gene	4300	MLLT3	ncbi_gene	1	1	PMC8469245
Gene	8354	H3C11	ncbi_gene	1	1	PMC8469245
Gene	10125	RASGRP1	ncbi_gene	1	1	PMC8469245
Gene	8398	PLA2G6	ncbi_gene	1	1	PMC8469245
Gene	239	ALOX12	ncbi_gene	1	1	PMC8469245
Gene	31	ACACA	ncbi_gene	1	1	PMC8469245
Gene	5834	PYGB	ncbi_gene	1	1	PMC8469245
Gene	58191	CXCL16	ncbi_gene	1	1	PMC8469245
Gene	64806	IL25	ncbi_gene	1	1	PMC8469245
Gene	84300	UQCC2	ncbi_gene	1	1	PMC8705852
Gene	19730	Ralgds	ncbi_gene	1	1	PMC8705852
Gene	225870	Rin1	ncbi_gene	1	1	PMC8705852
Gene	54354	Rassf5	ncbi_gene	1	1	PMC8705852
Gene	74055	Plce1	ncbi_gene	1	1	PMC8705852
Gene	20104	Rps6	ncbi_gene	1	1	PMC8705852
Gene	15926	Idh1	ncbi_gene	1	1	PMC8742817
Gene	79026	AHNAK	ncbi_gene	1	1	PMC8742817
Gene	18053	Ngfr	ncbi_gene	1	1	PMC8959601
Gene	32159	gd	ncbi_gene	1	1	PMC8959601
Gene	18049	Ngf	ncbi_gene	1	1	PMC8959601
Gene	255738	PCSK9	ncbi_gene	1	1	PMC9013652
Gene	51433	ANAPC5	ncbi_gene	1	1	PMC9184558
Gene	10763	NES	ncbi_gene	1	1	PMC9221468
Gene	239985	Arid1b	ncbi_gene	1	1	PMC9221468
Gene	20682	Sox9	ncbi_gene	1	1	PMC9929861
Species	9606	9606	ncbi_taxonomy	2833	137	PMC1533846,PMC1550420,PMC1968784,PMC1977239,PMC1977874,PMC2228040,PMC2360140,PMC2376111,PMC2442611,PMC2615028,PMC2651892,PMC2766639,PMC2794539,PMC2848976,PMC2858150,PMC3024950,PMC3039570,PMC3113907,PMC3114747,PMC3130048,PMC3273949,PMC3285665,PMC3316730,PMC3352892,PMC3366948,PMC3447199,PMC3484870,PMC3485222,PMC3492274,PMC3539440,PMC3543849,PMC3554420,PMC3554772,PMC3578816,PMC3589544,PMC3621652,PMC3636093,PMC3647113,PMC3648455,PMC3668138,PMC3704242,PMC3776976,PMC3816225,PMC3836801,PMC3885720,PMC3950186,PMC3966786,PMC3982616,PMC4022359,PMC4091572,PMC4114630,PMC4178206,PMC4355981,PMC4404347,PMC4453732,PMC4471546,PMC4492820,PMC4615033,PMC4629113,PMC4714971,PMC4762531,PMC4823759,PMC4823762,PMC4884927,PMC4892608,PMC4932877,PMC4958313,PMC5087121,PMC5302981,PMC5305101,PMC5308618,PMC5332555,PMC5369315,PMC5498998,PMC5527484,PMC555742,PMC5579334,PMC5583477,PMC5605987,PMC5641092,PMC5804031,PMC5827037,PMC5908872,PMC5978249,PMC5980157,PMC5996849,PMC6049873,PMC6101293,PMC6115972,PMC6168575,PMC6301684,PMC6411871,PMC6617392,PMC6687785,PMC6718590,PMC6770187,PMC6776898,PMC6819083,PMC6961243,PMC7029865,PMC7031337,PMC7031935,PMC7073166,PMC7169429,PMC7305302,PMC7310532,PMC7317054,PMC7326958,PMC7397152,PMC7398555,PMC7446925,PMC7658220,PMC7668446,PMC7690890,PMC7738992,PMC7739466,PMC7890980,PMC7906369,PMC7952412,PMC7980331,PMC8038069,PMC8071449,PMC8144720,PMC8150846,PMC8172195,PMC8370767,PMC8395939,PMC8447793,PMC8469245,PMC8705852,PMC8742817,PMC8959601,PMC9013652,PMC9184558,PMC9221468,PMC9646701,PMC9929861
Species	10090	10090	ncbi_taxonomy	2382	96	PMC1533846,PMC1550420,PMC1968784,PMC2376111,PMC2442611,PMC2766639,PMC2794539,PMC2848976,PMC2858150,PMC3024950,PMC3039570,PMC3113907,PMC3273949,PMC3352892,PMC3366948,PMC3447199,PMC3484870,PMC3485222,PMC3492274,PMC3539440,PMC3543849,PMC3554420,PMC3554772,PMC3578816,PMC3589544,PMC3636093,PMC3668138,PMC3776976,PMC3836801,PMC3982616,PMC4091572,PMC4114630,PMC4404347,PMC4492820,PMC4615033,PMC4714971,PMC4884927,PMC4892608,PMC4958313,PMC5087121,PMC5302981,PMC5308618,PMC5332555,PMC5605987,PMC5641092,PMC5804031,PMC5827037,PMC5908872,PMC5978249,PMC5980157,PMC6049873,PMC6101293,PMC6115972,PMC6168575,PMC6301684,PMC6411871,PMC6617392,PMC6718590,PMC6770187,PMC6776898,PMC6819083,PMC6961243,PMC7029865,PMC7031935,PMC7073166,PMC7169429,PMC7305302,PMC7310532,PMC7317054,PMC7326958,PMC7397152,PMC7398555,PMC7446925,PMC7658220,PMC7668446,PMC7690890,PMC7738992,PMC7739466,PMC7890980,PMC7952412,PMC7980331,PMC8038069,PMC8071449,PMC8144720,PMC8150846,PMC8172195,PMC8370767,PMC8395939,PMC8469245,PMC8705852,PMC8959601,PMC9013652,PMC9184558,PMC9221468,PMC9646701,PMC9929861
Species		horseradish peroxidase		202	49	PMC2442611,PMC2766639,PMC2858150,PMC3039570,PMC3114747,PMC3352892,PMC3447199,PMC3492274,PMC3554420,PMC3554772,PMC3621652,PMC3636093,PMC3836801,PMC3885720,PMC3950186,PMC3966786,PMC3982616,PMC4022359,PMC4471546,PMC4615033,PMC4629113,PMC4762531,PMC4884927,PMC4892608,PMC5305101,PMC555742,PMC5827037,PMC5908872,PMC6049873,PMC6101293,PMC6168575,PMC6301684,PMC6770187,PMC6776898,PMC6819083,PMC7029865,PMC7031935,PMC7073166,PMC7310532,PMC7398555,PMC7446925,PMC7690890,PMC7738992,PMC7980331,PMC8150846,PMC8370767,PMC8395939,PMC8742817,PMC9013652
Species	9615	9615	ncbi_taxonomy	139	4	PMC3352892,PMC3554772,PMC4892608,PMC5908872
Species	7955	7955	ncbi_taxonomy	131	8	PMC3484870,PMC4471546,PMC4714971,PMC5332555,PMC6411871,PMC7446925,PMC8071449,PMC8959601
Species	7227	7227	ncbi_taxonomy	61	7	PMC3836801,PMC3982616,PMC4091572,PMC7029865,PMC7398555,PMC8071449,PMC8959601
Species	4932	4932	ncbi_taxonomy	60	12	PMC2360140,PMC3039570,PMC3316730,PMC3836801,PMC4615033,PMC4714971,PMC4932877,PMC6101293,PMC6770187,PMC7690890,PMC8959601,PMC9184558
Species	9823	9823	ncbi_taxonomy	56	3	PMC6168575,PMC7029865,PMC7397152
Species	10116	10116	ncbi_taxonomy	39	17	PMC1533846,PMC2794539,PMC3352892,PMC4492820,PMC4615033,PMC4714971,PMC5804031,PMC5827037,PMC5980157,PMC6301684,PMC6411871,PMC6770187,PMC6819083,PMC7029865,PMC7073166,PMC8370767,PMC8959601
Species	10245	10245	ncbi_taxonomy	28	1	PMC3352892
Species	502057	502057	ncbi_taxonomy	20	1	PMC3352892
Species	2093	2093	ncbi_taxonomy	20	16	PMC3950186,PMC4453732,PMC5302981,PMC5305101,PMC5579334,PMC5641092,PMC5827037,PMC5978249,PMC5996849,PMC6411871,PMC7031935,PMC7310532,PMC7397152,PMC7658220,PMC7668446,PMC7906369
Species	562	562	ncbi_taxonomy	12	4	PMC2766639,PMC3554772,PMC3636093,PMC4629113
Species	438045	438045	ncbi_taxonomy	12	1	PMC3950186
Species	9986	9986	ncbi_taxonomy	11	2	PMC7029865,PMC7952412
Species	9913	9913	ncbi_taxonomy	10	4	PMC3024950,PMC3554772,PMC5641092,PMC7029865
Species	7147	7147	ncbi_taxonomy	10	2	PMC3836801,PMC7398555
Species	10376	10376	ncbi_taxonomy	9	2	PMC2858150,PMC3589544
Species	9031	9031	ncbi_taxonomy	7	4	PMC3539440,PMC5980157,PMC6819083,PMC7029865
Species	11646	11646	ncbi_taxonomy	5	3	PMC4884927,PMC6101293,PMC7690890
Species	7111	7111	ncbi_taxonomy	4	1	PMC4629113
Species	2956385	2956385	ncbi_taxonomy	4	1	PMC5804031
Species	7898	7898	ncbi_taxonomy	4	1	PMC6411871
Species	28285	28285	ncbi_taxonomy	3	2	PMC3024950,PMC3950186
Species	4097	4097	ncbi_taxonomy	3	2	PMC3130048,PMC6049873
Species	328850	328850	ncbi_taxonomy	3	2	PMC3836801,PMC4091572
Species	11786	11786	ncbi_taxonomy	3	1	PMC3950186
Species	12227	12227	ncbi_taxonomy	3	1	PMC4629113
Species	9527	9527	ncbi_taxonomy	2	2	PMC3024950,PMC6961243
Species	9685	9685	ncbi_taxonomy	2	2	PMC3285665,PMC3554772
Species	10508	10508	ncbi_taxonomy	2	1	PMC3352892
Species	3704	3704	ncbi_taxonomy	2	2	PMC3485222,PMC8150846
Species	11866	11866	ncbi_taxonomy	2	1	PMC4762531
Species	11320	11320	ncbi_taxonomy	2	1	PMC5305101
Species	629395	629395	ncbi_taxonomy	2	1	PMC6776898
Species	9940	9940	ncbi_taxonomy	2	1	PMC7029865
Species	35269	35269	ncbi_taxonomy	2	1	PMC7169429
Species	303	303	ncbi_taxonomy	1	1	PMC2376111
Species	10034	10034	ncbi_taxonomy	1	1	PMC3024950
Species	390157	390157	ncbi_taxonomy	1	1	PMC3352892
Species	10891	10891	ncbi_taxonomy	1	1	PMC3352892
Species	10254	10254	ncbi_taxonomy	1	1	PMC3352892
Species	260518	260518	ncbi_taxonomy	1	1	PMC3352892
Species	260521	260521	ncbi_taxonomy	1	1	PMC3352892
Species	11232	11232	ncbi_taxonomy	1	1	PMC3352892
Species	7460	7460	ncbi_taxonomy	1	1	PMC3950186
Species	12242	12242	ncbi_taxonomy	1	1	PMC3950186
Species	694005	694005	ncbi_taxonomy	1	1	PMC3950186
Species	7108	7108	ncbi_taxonomy	1	1	PMC4629113
Species	9091	9091	ncbi_taxonomy	1	1	PMC4714971
Species	238	238	ncbi_taxonomy	1	1	PMC4762531
Species	114727	114727	ncbi_taxonomy	1	1	PMC5305101
Species	11308	11308	ncbi_taxonomy	1	1	PMC5305101
Species	10298	10298	ncbi_taxonomy	1	1	PMC5305101
Species	831	831	ncbi_taxonomy	1	1	PMC5804031
Species	3702	3702	ncbi_taxonomy	1	1	PMC5978249
Species	590	590	ncbi_taxonomy	1	1	PMC6776898
Species	1482869	1482869	ncbi_taxonomy	1	1	PMC6819083
Species	9669	9669	ncbi_taxonomy	1	1	PMC7029865
Species	10141	10141	ncbi_taxonomy	1	1	PMC7029865
Species	9544	9544	ncbi_taxonomy	1	1	PMC7029865
Species	11801	11801	ncbi_taxonomy	1	1	PMC8705852
Variant	tmVar:p|SUB|R|681|X;HGVS:p.R681X;VariantGroup:0;OriginalGene:18015;CorrespondingGene:4763;RS#:768638173;CorrespondingSpecies:10090;CA#:334507	p.R681X	litvar	62	1	PMC7980331
Variant	tmVar:p|SUB|R|132|H;HGVS:p.R132H;VariantGroup:0;OriginalGene:15926;CorrespondingGene:3417;RS#:121913500;CorrespondingSpecies:10090;CA#:170874	p.R132H	litvar	51	1	PMC8742817
Variant	tmVar:p|SUB|G|848|R;HGVS:p.G848R;VariantGroup:0;OriginalGene:18015;CorrespondingGene:4763;RS#:1060500368;CorrespondingSpecies:10090	p.G848R	litvar	38	1	PMC4958313
Variant	tmVar:p|Allele|H|1299;VariantGroup:8;CorrespondingGene:4763;RS#:876658521;CorrespondingSpecies:9606	rs876658521	litvar	34	1	PMC9013652
Variant	tmVar:p|SUB|V|600|E;HGVS:p.V600E;VariantGroup:8;OriginalGene:109880;CorrespondingGene:673;RS#:113488022;CorrespondingSpecies:10090;CA#:123643	p.V600E	litvar	31	1	PMC2848976
Variant	tmVar:p|SUB|Y|489|C;HGVS:p.Y489C;VariantGroup:0;OriginalGene:18015;CorrespondingGene:4763;RS#:137854557(Expired);CorrespondingSpecies:10090;CA#:325499	p.Y489C	litvar	30	1	PMC8705852
Variant	tmVar:c|SUB|G|35|A;HGVS:c.35G>A;VariantGroup:0;OriginalGene:16653;CorrespondingGene:3845;RS#:121913529;CorrespondingSpecies:10090;CA#:135567	c.35G>A	litvar	24	1	PMC4453732
Variant	tmVar:p|SUB|V|600|E;HGVS:p.V600E;VariantGroup:0;CorrespondingGene:673;RS#:113488022;CorrespondingSpecies:9606;CA#:123643	p.V600E	litvar	21	8	PMC2651892,PMC3543849,PMC5305101,PMC5579334,PMC5641092,PMC7169429,PMC7305302,PMC7668446
Variant	tmVar:p|SUB|V|600|E;HGVS:p.V600E;VariantGroup:11;OriginalGene:114486;CorrespondingGene:673;RS#:113488022;CorrespondingSpecies:10116;CA#:123643	p.V600E	litvar	20	1	PMC3554420
Variant	tmVar:p|SUB|V|600|E;HGVS:p.V600E;VariantGroup:2;CorrespondingGene:673;RS#:113488022;CorrespondingSpecies:9606;CA#:123643	p.V600E	litvar	20	1	PMC3647113
Variant	tmVar:c|SUB|G|35|T;HGVS:c.35G>T;VariantGroup:0;OriginalGene:16653;CorrespondingGene:3845;RS#:121913529;CorrespondingSpecies:10090;CA#:122540	c.35G>T	litvar	20	1	PMC4453732
Variant	tmVar:p|SUB|V|600|E;HGVS:p.V600E;VariantGroup:0;OriginalGene:109880;CorrespondingGene:673;RS#:113488022;CorrespondingSpecies:10090;CA#:123643	p.V600E	litvar	18	1	PMC3447199
Variant	tmVar:c|SUB|C|228|T;HGVS:c.228C>T;VariantGroup:0;CorrespondingGene:3172;RS#:763756456;CorrespondingSpecies:9606;CA#:9870179	c.228C>T	litvar	16	1	PMC4022359
Variant	tmVar:p|SUB|V|600|K;HGVS:p.V600K;VariantGroup:0;OriginalGene:109880;CorrespondingGene:673;RS#:121913227;CorrespondingSpecies:10090;CA#:16602420	p.V600K	litvar	15	1	PMC3447199
Variant	tmVar:p|SUB|R|1276|P;HGVS:p.R1276P;VariantGroup:0;CorrespondingGene:4763;RS#:137854556;CorrespondingSpecies:9606;CA#:251463	p.R1276P	litvar	15	1	PMC4714971
Variant	tmVar:p|SUB|V|600|E;HGVS:p.V600E;VariantGroup:1;CorrespondingGene:673;RS#:113488022;CorrespondingSpecies:9606;CA#:123643	p.V600E	litvar	13	3	PMC3114747,PMC5498998,PMC6411871
Variant	tmVar:p|SUB|V|600|K;HGVS:p.V600K;VariantGroup:4;OriginalGene:109880;CorrespondingGene:673;RS#:121913227;CorrespondingSpecies:10090;CA#:16602420	p.V600K	litvar	12	1	PMC2848976
Variant	tmVar:p|SUB|V|1642|E;HGVS:p.V1642E;VariantGroup:0;CorrespondingGene:4763;CorrespondingSpecies:9606	p.V1642E	litvar	12	1	PMC8144720
Variant	tmVar:g|SUB|T|19623|G;HGVS:g.19623T>G;VariantGroup:12;CorrespondingGene:4613;CorrespondingSpecies:9606	g.19623T>G	litvar	10	1	PMC1533846
Variant	tmVar:p|SUB|V|600|E;HGVS:p.V600E;VariantGroup:3;CorrespondingGene:673;RS#:113488022;CorrespondingSpecies:9606;CA#:123643	p.V600E	litvar	10	2	PMC4355981,PMC9929861
Variant	tmVar:c|DEL|3739_3742|;HGVS:c.3739_3742del;VariantGroup:1;CorrespondingGene:4763;CorrespondingSpecies:9606	c.3739_3742del	litvar	9	1	PMC2858150
Variant	tmVar:p|SUB|A|35|V;HGVS:p.A35V;VariantGroup:4;CorrespondingGene:4486;RS#:139899091;CorrespondingSpecies:9606;CA#:2409555	p.A35V	litvar	9	1	PMC3366948
Variant	tmVar:c|SUB|C|250|T;HGVS:c.250C>T;VariantGroup:3;CorrespondingGene:1649;CorrespondingSpecies:9606	c.250C>T	litvar	9	1	PMC4022359
Variant	tmVar:p|SUB|R|681|*;HGVS:p.R681*;VariantGroup:2;OriginalGene:18015;CorrespondingGene:4763;RS#:768638173;CorrespondingSpecies:10090	p.R681*	litvar	9	1	PMC4958313
Variant	tmVar:c|SUB|C|2041|T;HGVS:c.2041C>T;VariantGroup:2;OriginalGene:18015;CorrespondingGene:4763;RS#:768638173;CorrespondingSpecies:10090;CA#:334507	c.2041C>T	litvar	9	1	PMC4958313
Variant	tmVar:c|SUB|A||T;VariantGroup:8;CorrespondingGene:472;CorrespondingSpecies:9606	#472#	litvar	9	1	PMC5308618
Variant	tmVar:c|SUB|A|1466|G;HGVS:c.1466A>G;VariantGroup:0;OriginalGene:18015;CorrespondingGene:4763;RS#:137854557(Expired);CorrespondingSpecies:10090;CA#:325499	c.1466A>G	litvar	9	1	PMC8705852
Variant	tmVar:p|SUB|C|228|T;HGVS:p.C228T;VariantGroup:8;CorrespondingGene:4763;CorrespondingSpecies:9606	p.C228T	litvar	9	1	PMC8742817
Variant	tmVar:p|SUB|R|1027|H;HGVS:p.R1027H;VariantGroup:2;CorrespondingGene:7297;RS#:1387668386;CorrespondingSpecies:9606	p.R1027H	litvar	8	1	PMC3366948
Variant	tmVar:p|SUB|V|600|E;HGVS:p.V600E;VariantGroup:4;CorrespondingGene:673;RS#:113488022;CorrespondingSpecies:9606;CA#:123643	p.V600E	litvar	8	1	PMC3668138
Variant	tmVar:g|SUB|C|19339|T;HGVS:g.19339C>T;VariantGroup:6;CorrespondingGene:4613;CorrespondingSpecies:9606	g.19339C>T	litvar	7	1	PMC1533846
Variant	tmVar:c|SUB|C||T;VariantGroup:28;CorrespondingGene:675;CorrespondingSpecies:9606	#675#	litvar	7	1	PMC3130048
Variant	tmVar:p|SUB|Q|61|K;HGVS:p.Q61K;VariantGroup:1;CorrespondingGene:4893;RS#:121913254;CorrespondingSpecies:9606;CA#:151263	p.Q61K	litvar	7	2	PMC3447199,PMC3647113
Variant	tmVar:c|SUB|G|2542|C;HGVS:c.2542G>C;VariantGroup:0;OriginalGene:18015;CorrespondingGene:4763;RS#:1060500368;CorrespondingSpecies:10090	c.2542G>C	litvar	7	1	PMC4958313
Variant	tmVar:p|SUB|F|1174|L;HGVS:p.F1174L;VariantGroup:6;CorrespondingGene:238;RS#:281864719;CorrespondingSpecies:9606;CA#:277829	p.F1174L	litvar	7	1	PMC5369315
Variant	tmVar:p|SUB|G|12|D;HGVS:p.G12D;VariantGroup:45;CorrespondingGene:3845;RS#:121913529;CorrespondingSpecies:9606;CA#:122538	p.G12D	litvar	7	1	PMC5498998
Variant	tmVar:p|SUB|V|600|K;HGVS:p.V600K;VariantGroup:1;CorrespondingGene:673;RS#:121913227;CorrespondingSpecies:9606;CA#:16602420	p.V600K	litvar	6	1	PMC3114747
Variant	tmVar:p|SUB|Q|61|R;HGVS:p.Q61R;VariantGroup:1;CorrespondingGene:4893;RS#:11554290;CorrespondingSpecies:9606;CA#:123618	p.Q61R	litvar	6	2	PMC3447199,PMC3647113
Variant	tmVar:p|SUB|V|600|K;HGVS:p.V600K;VariantGroup:11;CorrespondingGene:673;RS#:121913227;CorrespondingSpecies:9606;CA#:16602420	p.V600K	litvar	6	1	PMC3647113
Variant	tmVar:p|SUB|R|273|H;HGVS:p.R273H;VariantGroup:7;CorrespondingGene:7157;RS#:28934576;CorrespondingSpecies:9606;CA#:434	p.R273H	litvar	6	1	PMC3816225
Variant	tmVar:p|SUB|D|538|G;HGVS:p.D538G;VariantGroup:1;CorrespondingGene:675;RS#:994146384;CorrespondingSpecies:9606	p.D538G	litvar	6	1	PMC7310532
Variant	tmVar:p|SUB|D|22|N;HGVS:p.D22N;VariantGroup:16;CorrespondingGene:673;RS#:397507456(Expired);CorrespondingSpecies:9606;CA#:135131	p.D22N	litvar	6	1	PMC9013652
Variant	tmVar:p|SUB|Q|61|L;HGVS:p.Q61L;VariantGroup:3;CorrespondingGene:4893;RS#:11554290;CorrespondingSpecies:9606;CA#:16602361	p.Q61L	litvar	5	1	PMC2848976
Variant	tmVar:p|SUB|C|192|Y;HGVS:p.C192Y;VariantGroup:0;CorrespondingGene:5395;RS#:772404945;CorrespondingSpecies:9606;CA#:50439	p.C192Y	litvar	5	1	PMC3366948
Variant	tmVar:p|SUB|G|12|D;HGVS:p.G12D;VariantGroup:4;CorrespondingGene:3845;RS#:121913529;CorrespondingSpecies:9606;CA#:122538	p.G12D	litvar	5	2	PMC3647113,PMC4355981
Variant	tmVar:p|SUB|L|584|F;HGVS:p.L584F;VariantGroup:8;CorrespondingGene:4893;CorrespondingSpecies:9606	p.L584F	litvar	5	1	PMC3647113
Variant	tmVar:p|SUB|G|469|A;HGVS:p.G469A;VariantGroup:3;CorrespondingGene:673;RS#:121913355;CorrespondingSpecies:9606;CA#:279970	p.G469A	litvar	5	1	PMC3647113
Variant	tmVar:p|SUB|G|13|D;HGVS:p.G13D;VariantGroup:12;CorrespondingGene:3845;RS#:112445441;CorrespondingSpecies:9606;CA#:122534	p.G13D	litvar	5	1	PMC3816225
Variant	tmVar:p|SUB|G|12|D;HGVS:p.G12D;VariantGroup:11;CorrespondingGene:3845;RS#:121913529;CorrespondingSpecies:9606;CA#:122538	p.G12D	litvar	5	1	PMC3816225
Variant	tmVar:p|SUB|E|545|K;HGVS:p.E545K;VariantGroup:4;CorrespondingGene:5290;RS#:104886003;CorrespondingSpecies:9606;CA#:123334	p.E545K	litvar	5	1	PMC3816225
Variant	tmVar:c|SUB|T|350|A;HGVS:c.350T>A;VariantGroup:2;CorrespondingGene:440;RS#:797045306;CorrespondingSpecies:9606	c.350T>A	litvar	5	1	PMC4492820
Variant	tmVar:c|SUB|C||T;VariantGroup:4;CorrespondingGene:4763;CorrespondingSpecies:9606	#4763#	litvar	5	2	PMC4492820,PMC7317054
Variant	tmVar:p|Allele|R|1276;VariantGroup:0;CorrespondingGene:4763;RS#:137854556;CorrespondingSpecies:9606	rs137854556	litvar	5	1	PMC4714971
Variant	tmVar:p|SUB|E|545|K;HGVS:p.E545K;VariantGroup:6;CorrespondingGene:5290;RS#:104886003;CorrespondingSpecies:9606;CA#:123334	p.E545K	litvar	5	1	PMC5498998
Variant	tmVar:p|SUB|R|273|H;HGVS:p.R273H;VariantGroup:16;CorrespondingGene:7157;RS#:28934576;CorrespondingSpecies:9606;CA#:434	p.R273H	litvar	5	1	PMC5498998
Variant	tmVar:p|SUB|G|13|D;HGVS:p.G13D;VariantGroup:3;CorrespondingGene:3845;RS#:112445441;CorrespondingSpecies:9606;CA#:122534	p.G13D	litvar	5	1	PMC5498998
Variant	tmVar:c|SUB|T|2|A;HGVS:c.2T>A;VariantGroup:1;OriginalGene:18015;CorrespondingGene:4763;RS#:886041346;CorrespondingSpecies:10090	c.2T>A	litvar	5	1	PMC7398555
Variant	tmVar:c|SUB|T|4925|A;HGVS:c.4925T>A;VariantGroup:0;CorrespondingGene:4763;CorrespondingSpecies:9606	c.4925T>A	litvar	5	1	PMC8144720
Variant	tmVar:c|SUB|T|4883|A;HGVS:c.4883T>A;VariantGroup:3;CorrespondingGene:4763;CorrespondingSpecies:9606	c.4883T>A	litvar	5	1	PMC8144720
Variant	tmVar:p|SUB|V|600|E,K;HGVS:p.V600E,K;VariantGroup:6;OriginalGene:109880;CorrespondingGene:673;RS#:113488022;CorrespondingSpecies:10090	p.V600E,K	litvar	4	1	PMC2848976
Variant	tmVar:p|SUB|Q|61|H;HGVS:p.Q61H;VariantGroup:1;CorrespondingGene:3845;RS#:17851045;CorrespondingSpecies:9606;CA#:135552	p.Q61H	litvar	4	1	PMC3647113
Variant	tmVar:p|SUB|D|594|N;HGVS:p.D594N;VariantGroup:0;CorrespondingGene:673;RS#:397516896;CorrespondingSpecies:9606;CA#:135095	p.D594N	litvar	4	1	PMC3647113
Variant	tmVar:p|SUB|V|600|E;HGVS:p.V600E;VariantGroup:18;CorrespondingGene:673;RS#:113488022;CorrespondingSpecies:9606;CA#:123643	p.V600E	litvar	4	1	PMC3816225
Variant	tmVar:p|SUB|G|12|V;HGVS:p.G12V;VariantGroup:1;CorrespondingGene:3845;RS#:121913529;CorrespondingSpecies:9606;CA#:122540	p.G12V	litvar	4	1	PMC3982616
Variant	tmVar:c|SUB|G|34|C;HGVS:c.34G>C;VariantGroup:1;OriginalGene:16653;CorrespondingGene:3845;RS#:121913530;CorrespondingSpecies:10090;CA#:122528	c.34G>C	litvar	4	1	PMC4453732
Variant	tmVar:p|SUB|L|2965|F;HGVS:p.L2965F;VariantGroup:0;CorrespondingGene:472;RS#:200899512;CorrespondingSpecies:9606;CA#:287033	p.L2965F	litvar	4	1	PMC5308618
Variant	tmVar:p|SUB|V|600|E;HGVS:p.V600E;VariantGroup:12;CorrespondingGene:673;RS#:113488022;CorrespondingSpecies:9606;CA#:123643	p.V600E	litvar	4	1	PMC6617392
Variant	tmVar:p|SUB|A|18|D;HGVS:p.A18D;VariantGroup:24;CorrespondingGene:3845;CorrespondingSpecies:9606	p.A18D	litvar	4	1	PMC6617392
Variant	tmVar:p|SUB|L|19|F;HGVS:p.L19F;VariantGroup:13;CorrespondingGene:3845;RS#:121913538;CorrespondingSpecies:9606;CA#:210356	p.L19F	litvar	4	1	PMC6617392
Variant	tmVar:p|SUB|D|278|N;HGVS:p.D278N;VariantGroup:4;CorrespondingGene:2263;RS#:776413718;CorrespondingSpecies:9606;CA#:5720835	p.D278N	litvar	4	1	PMC6617392
Variant	tmVar:p|SUB|R|1320|P;HGVS:p.R1320P;VariantGroup:2;OriginalGene:43149;CorrespondingGene:4763;CorrespondingSpecies:7227	p.R1320P	litvar	4	1	PMC7398555
Variant	tmVar:p|SUB|V|600|E;HGVS:p.V600E;VariantGroup:6;OriginalGene:463781;CorrespondingGene:673;RS#:113488022;CorrespondingSpecies:9598;CA#:123643	p.V600E	litvar	4	1	PMC7952412
Variant	tmVar:p|SUB|G|848|R;HGVS:p.G848R;VariantGroup:2;OriginalGene:18015;CorrespondingGene:4763;RS#:1060500368;CorrespondingSpecies:10090	p.G848R	litvar	4	1	PMC8705852
Variant	tmVar:p|FS|L|2133||;HGVS:p.L2133fsX;VariantGroup:25;CorrespondingGene:4763;CorrespondingSpecies:9606	p.L2133fsX	litvar	4	1	PMC9013652
Variant	tmVar:p|SUB|H|179|R;HGVS:p.H179R;VariantGroup:6;CorrespondingGene:7157;RS#:1057519991;CorrespondingSpecies:9606	p.H179R	litvar	4	1	PMC9013652
Variant	tmVar:p|SUB|G|12|C;HGVS:p.G12C;VariantGroup:7;CorrespondingGene:3845;RS#:121913530;CorrespondingSpecies:9606;CA#:122528	p.G12C	litvar	4	1	PMC9013652
Variant	tmVar:p|SUB|R|524|M;HGVS:p.R524M;VariantGroup:7;CorrespondingGene:5290;CorrespondingSpecies:9606	p.R524M	litvar	3	1	PMC1533846
Variant	tmVar:p|SUB|E|982|D;HGVS:p.E982D;VariantGroup:3;CorrespondingGene:7074;RS#:751281586;CorrespondingSpecies:9606	p.E982D	litvar	3	1	PMC1533846
Variant	tmVar:g|SUB|T|35577|C;HGVS:g.35577T>C;VariantGroup:15;CorrespondingGene:4613;CorrespondingSpecies:9606	g.35577T>C	litvar	3	1	PMC1533846
Variant	tmVar:p|SUB|R|89|L;HGVS:p.R89L;VariantGroup:2;CorrespondingGene:3726;RS#:766988061;CorrespondingSpecies:9606	p.R89L	litvar	3	1	PMC2848976
Variant	tmVar:c|DEL|1261-2_1261-10|;HGVS:c.1261-2_1261-10del;VariantGroup:2;CorrespondingGene:4763;CorrespondingSpecies:9606	c.1261-2_1261-10del	litvar	3	1	PMC2858150
Variant	tmVar:p|SUB|Q|61|R;HGVS:p.Q61R;VariantGroup:0;CorrespondingGene:4893;RS#:11554290;CorrespondingSpecies:9606;CA#:123618	p.Q61R	litvar	3	1	PMC3114747
Variant	tmVar:p|SUB|G|12|V;HGVS:p.G12V;VariantGroup:0;CorrespondingGene:3845;RS#:121913529;CorrespondingSpecies:9606;CA#:122540	p.G12V	litvar	3	3	PMC3130048,PMC3285665,PMC5980157
Variant	tmVar:p|SUB|Q|61|L,R,P;HGVS:p.Q61L,R,P;VariantGroup:47;CorrespondingGene:208;RS#:1380555769;CorrespondingSpecies:9606	p.Q61L,R,P	litvar	3	1	PMC3273949
Variant	tmVar:p|SUB|Q|61|H;HGVS:p.Q61H;VariantGroup:169;CorrespondingGene:3845;RS#:17851045;CorrespondingSpecies:9606;CA#:135552	p.Q61H	litvar	3	1	PMC3273949
Variant	tmVar:p|DEL|746,751|T;HGVS:p.T746,751del;VariantGroup:127;CorrespondingGene:4763;CorrespondingSpecies:9606	p.T746,751del	litvar	3	1	PMC3273949
Variant	tmVar:p|DEL|560|V;HGVS:p.V560del;VariantGroup:55;CorrespondingGene:3815;RS#:121913685;CorrespondingSpecies:9606;CA#:123529	p.V560del	litvar	3	1	PMC3273949
Variant	tmVar:p|SUB|K|642|E;HGVS:p.K642E;VariantGroup:5;CorrespondingGene:3815;RS#:121913512;CorrespondingSpecies:9606;CA#:123547	p.K642E	litvar	3	2	PMC3273949,PMC5527484
Variant	tmVar:p|SUB|Q|61|L;HGVS:p.Q61L;VariantGroup:1;CorrespondingGene:4893;RS#:11554290;CorrespondingSpecies:9606;CA#:16602361	p.Q61L	litvar	3	2	PMC3447199,PMC3647113
Variant	tmVar:p|INS|600|T;HGVS:p.T600ins;VariantGroup:7;CorrespondingGene:4893;CorrespondingSpecies:9606	p.T600ins	litvar	3	1	PMC3647113
Variant	tmVar:p|SUB|Q|61|K;HGVS:p.Q61K;VariantGroup:8;CorrespondingGene:4893;RS#:121913254;CorrespondingSpecies:9606;CA#:151263	p.Q61K	litvar	3	1	PMC3668138
Variant	tmVar:p|SUB|P|309|S;HGVS:p.P309S;VariantGroup:3;CorrespondingGene:4292;RS#:267607808;CorrespondingSpecies:9606;CA#:13121	p.P309S	litvar	3	1	PMC3816225
Variant	tmVar:p|SUB|H|1047|R;HGVS:p.H1047R;VariantGroup:6;CorrespondingGene:5290;RS#:121913279;CorrespondingSpecies:9606;CA#:123326	p.H1047R	litvar	3	1	PMC3816225
Variant	tmVar:c|SUB|C||THY;VariantGroup:5;CorrespondingGene:7015;CorrespondingSpecies:9606	#7015#	litvar	3	1	PMC4022359
Variant	tmVar:p|SUB|T|2666|A;HGVS:p.T2666A;VariantGroup:7;CorrespondingGene:472;RS#:745775382;CorrespondingSpecies:9606;CA#:349494	p.T2666A	litvar	3	1	PMC5308618
Variant	tmVar:p|SUB|Q|1919|P;HGVS:p.Q1919P;VariantGroup:3;CorrespondingGene:472;CorrespondingSpecies:9606	p.Q1919P	litvar	3	1	PMC5308618
Variant	tmVar:c|SUB|C||A;VariantGroup:23;CorrespondingGene:5424;CorrespondingSpecies:9606	#5424#	litvar	3	1	PMC5498998
Variant	tmVar:c|SUB|C||T;VariantGroup:19;OriginalGene:18973;CorrespondingGene:5426;CorrespondingSpecies:10090	#5426#	litvar	3	1	PMC5498998
Variant	tmVar:p|SUB|G|12|V;HGVS:p.G12V;VariantGroup:46;CorrespondingGene:3845;RS#:121913529;CorrespondingSpecies:9606;CA#:122540	p.G12V	litvar	3	1	PMC5498998
Variant	tmVar:p|SUB|H|1047|R;HGVS:p.H1047R;VariantGroup:4;CorrespondingGene:5290;RS#:121913279;CorrespondingSpecies:9606;CA#:123326	p.H1047R	litvar	3	1	PMC5498998
Variant	tmVar:p|Allele|W|280;VariantGroup:1;OriginalGene:280717;CorrespondingGene:213;CorrespondingSpecies:9913	#213#	litvar	3	1	PMC5641092
Variant	tmVar:p|SUB|R|1947|X;HGVS:p.R1947X;VariantGroup:0;OriginalGene:100526136;CorrespondingGene:4763;CorrespondingSpecies:9823	p.R1947X	litvar	3	1	PMC6168575
Variant	tmVar:p|SUB|D|594|F;HGVS:p.D594F;VariantGroup:0;RS#:397516896(Expired)	p.D594F	litvar	3	1	PMC6617392
Variant	tmVar:p|SUB|H|1047|R;HGVS:p.H1047R;VariantGroup:2;CorrespondingGene:5290;RS#:121913279;CorrespondingSpecies:9606;CA#:123326	p.H1047R	litvar	3	1	PMC6617392
Variant	tmVar:p|SUB|P|418|L;HGVS:p.P418L;VariantGroup:1;CorrespondingGene:2261;RS#:781361431;CorrespondingSpecies:9606;CA#:2810322	p.P418L	litvar	3	1	PMC6617392
Variant	tmVar:p|SUB|H|134|R;HGVS:p.H134R;VariantGroup:2;OriginalGene:21823;CorrespondingGene:7054;CorrespondingSpecies:10090	p.H134R	litvar	3	1	PMC6819083
Variant	tmVar:p|SUB|C|250|T;HGVS:p.C250T;VariantGroup:16;CorrespondingGene:7015;CorrespondingSpecies:9606	p.C250T	litvar	3	1	PMC7952412
Variant	tmVar:p|SUB|F|1178|L;HGVS:p.F1178L;VariantGroup:3;CorrespondingGene:238;CorrespondingSpecies:9606	p.F1178L	litvar	3	1	PMC8071449
Variant	tmVar:p|SUB|F|1174|L;HGVS:p.F1174L;VariantGroup:2;OriginalGene:11682;CorrespondingGene:238;RS#:281864719;CorrespondingSpecies:10090;CA#:277829	p.F1174L	litvar	3	1	PMC8071449
Variant	tmVar:c|DEL|2064|GGATGCAGCGG;HGVS:c.2064delGGATGCAGCGG;VariantGroup:1;CorrespondingGene:4763;CorrespondingSpecies:9606	c.2064delGGATGCAGCGG	litvar	3	1	PMC8172195
Variant	tmVar:p|SUB|R|172|W;HGVS:p.R172W;VariantGroup:1;CorrespondingGene:3418;RS#:1057519906;CorrespondingSpecies:9606	p.R172W	litvar	3	1	PMC8742817
Variant	tmVar:p|SUB|C|250|T;HGVS:p.C250T;VariantGroup:7;CorrespondingGene:4763;CorrespondingSpecies:9606	p.C250T	litvar	3	1	PMC8742817
Variant	tmVar:c|SUB|G||T;VariantGroup:8;CorrespondingGene:4613;CorrespondingSpecies:9606	#4613#	litvar	2	1	PMC1533846
Variant	tmVar:g|SUB|G|19361|A;HGVS:g.19361G>A;VariantGroup:2;OriginalGene:18706;CorrespondingGene:5290;RS#:567380496;CorrespondingSpecies:10090	g.19361G>A	litvar	2	1	PMC1533846
Variant	tmVar:p|SUB|Y|32|Y;HGVS:p.Y32Y;VariantGroup:0;CorrespondingGene:4893;RS#:1466940118;CorrespondingSpecies:9606	p.Y32Y	litvar	2	1	PMC1533846
Variant	tmVar:p|SUB|Q|61|H;HGVS:p.Q61H;VariantGroup:3;CorrespondingGene:3845;RS#:17851045;CorrespondingSpecies:9606;CA#:135552	p.Q61H	litvar	2	1	PMC2848976
Variant	tmVar:p|SUB|Q|61|R;HGVS:p.Q61R;VariantGroup:3;CorrespondingGene:4893;RS#:11554290;CorrespondingSpecies:9606;CA#:123618	p.Q61R	litvar	2	1	PMC2848976
Variant	tmVar:p|SUB|Q|61|K;HGVS:p.Q61K;VariantGroup:3;CorrespondingGene:4893;RS#:121913254;CorrespondingSpecies:9606;CA#:151263	p.Q61K	litvar	2	1	PMC2848976
Variant	tmVar:p|SUB|Q|61|L;HGVS:p.Q61L;VariantGroup:0;CorrespondingGene:4893;RS#:11554290;CorrespondingSpecies:9606;CA#:16602361	p.Q61L	litvar	2	1	PMC3114747
Variant	tmVar:c|DEL|6174|T;HGVS:c.6174delT;VariantGroup:2;CorrespondingGene:675;RS#:786204278(Expired);CorrespondingSpecies:9606	c.6174delT	litvar	2	1	PMC3130048
Variant	tmVar:c|SUB|C|162|A;HGVS:c.162C>A;VariantGroup:7;CorrespondingGene:11211;RS#:142916136;CorrespondingSpecies:9606	c.162C>A	litvar	2	1	PMC3130048
Variant	tmVar:c|SUB|A||G;VariantGroup:35;CorrespondingGene:675;CorrespondingSpecies:9606	#675#	litvar	2	1	PMC3130048
Variant	tmVar:c|SUB|G||A;VariantGroup:11;CorrespondingGene:675;CorrespondingSpecies:9606	#675#	litvar	2	1	PMC3130048
Variant	tmVar:c|SUB|T||C;VariantGroup:30;CorrespondingGene:115265;CorrespondingSpecies:9606	#115265#	litvar	2	1	PMC3130048
Variant	tmVar:c|SUB|C||A;VariantGroup:31;CorrespondingGene:675;CorrespondingSpecies:9606	#675#	litvar	2	1	PMC3130048
Variant	tmVar:|SUB|G|13|C,R,S;HGVS:c.13G>C,R,S;VariantGroup:9;CorrespondingGene:2064;RS#:564064363;CorrespondingSpecies:9606	c.13G>C,R,S	litvar	2	1	PMC3273949
Variant	tmVar:p|DEL|746,750|A;HGVS:p.A746,750del;VariantGroup:120;CorrespondingGene:4763;CorrespondingSpecies:9606	p.A746,750del	litvar	2	1	PMC3273949
Variant	tmVar:p|DEL|747,750|T;HGVS:p.T747,750del;VariantGroup:105;CorrespondingGene:4763;CorrespondingSpecies:9606	p.T747,750del	litvar	2	1	PMC3273949
Variant	tmVar:p|SUB|Q|61|E,K;HGVS:p.Q61E,K;VariantGroup:168;CorrespondingGene:3265;RS#:28933406;CorrespondingSpecies:9606	p.Q61E,K	litvar	2	1	PMC3273949
Variant	tmVar:|INS|781|Y,GSP;HGVS:c.781insY,GSP;VariantGroup:99;CorrespondingGene:4763;CorrespondingSpecies:9606	c.781insY,GSP	litvar	2	1	PMC3273949
Variant	tmVar:p|SUB|G|12|V;HGVS:p.G12V;VariantGroup:166;CorrespondingGene:3845;RS#:121913529;CorrespondingSpecies:9606;CA#:122540	p.G12V	litvar	2	1	PMC3273949
Variant	tmVar:|DEL|747,749|L,E;HGVS:c.747,749delL,E;VariantGroup:103;CorrespondingGene:4763;CorrespondingSpecies:9606	c.747,749delL,E	litvar	2	1	PMC3273949
Variant	tmVar:p|SUB|T|751|A;HGVS:p.T751A;VariantGroup:37;CorrespondingGene:3815;RS#:201165084;CorrespondingSpecies:9606;CA#:215590	p.T751A	litvar	2	1	PMC3273949
Variant	tmVar:|DEL|747,752|L,S;HGVS:c.747,752delL,S;VariantGroup:115;CorrespondingGene:4763;CorrespondingSpecies:9606	c.747,752delL,S	litvar	2	1	PMC3273949
Variant	tmVar:p|SUB|A|750|P;HGVS:p.A750P;VariantGroup:87;CorrespondingGene:1956;RS#:121913229;CorrespondingSpecies:9606;CA#:135812	p.A750P	litvar	2	1	PMC3273949
Variant	tmVar:p|SUB|G|469|R;HGVS:p.G469R;VariantGroup:147;CorrespondingGene:673;RS#:121913357;CorrespondingSpecies:9606;CA#:123653	p.G469R	litvar	2	1	PMC3273949
Variant	tmVar:p|SUB|M|511|I;HGVS:p.M511I;VariantGroup:5;CorrespondingGene:3718;RS#:752661478;CorrespondingSpecies:9606;CA#:9301867	p.M511I	litvar	2	1	PMC3366948
Variant	tmVar:p|SUB|A|572|V;HGVS:p.A572V;VariantGroup:3;CorrespondingGene:3718;RS#:121913504;CorrespondingSpecies:9606;CA#:16602504	p.A572V	litvar	2	1	PMC3366948
Variant	tmVar:c|SUB|A|572|T;HGVS:c.572A>T;VariantGroup:3;CorrespondingGene:3718;RS#:121913504;CorrespondingSpecies:9606	c.572A>T	litvar	2	1	PMC3366948
Variant	tmVar:p|SUB|L|1247|X;HGVS:p.L1247X;VariantGroup:4;CorrespondingGene:326708;CorrespondingSpecies:7955	p.L1247X	litvar	2	1	PMC3484870
Variant	tmVar:p|SUB|G|13|R;HGVS:p.G13R;VariantGroup:16;CorrespondingGene:3265;RS#:104894228;CorrespondingSpecies:9606;CA#:129950	p.G13R	litvar	2	1	PMC3554420
Variant	tmVar:p|SUB|L|597|S;HGVS:p.L597S;VariantGroup:17;OriginalGene:114486;CorrespondingGene:673;RS#:121913368;CorrespondingSpecies:10116;CA#:16602421	p.L597S	litvar	2	1	PMC3554420
Variant	tmVar:p|SUB|G|13|L;HGVS:p.G13L;VariantGroup:10;CorrespondingGene:4893;CorrespondingSpecies:9606	p.G13L	litvar	2	1	PMC3647113
Variant	tmVar:p|SUB|S|241|T;HGVS:p.S241T;VariantGroup:5;CorrespondingGene:7157;RS#:786203396(Expired);CorrespondingSpecies:9606;CA#:415	p.S241T	litvar	2	1	PMC3668138
Variant	tmVar:p|Allele|S|241;VariantGroup:5;RS#:786203396(Expired)	rs786203396	litvar	2	1	PMC3668138
Variant	tmVar:p|SUB|S|241|F;HGVS:p.S241F;VariantGroup:9;CorrespondingGene:7157;RS#:28934573;CorrespondingSpecies:9606;CA#:359	p.S241F	litvar	2	1	PMC3816225
Variant	tmVar:p|SUB|D|549|N;HGVS:p.D549N;VariantGroup:20;CorrespondingGene:5290;RS#:1057519699;CorrespondingSpecies:9606	p.D549N	litvar	2	1	PMC3816225
Variant	tmVar:p|SUB|R|233|X;HGVS:p.R233X;VariantGroup:16;CorrespondingGene:5728;RS#:121909219;CorrespondingSpecies:9606;CA#:549	p.R233X	litvar	2	1	PMC3816225
Variant	tmVar:p|SUB|Y|163|H;HGVS:p.Y163H;VariantGroup:15;CorrespondingGene:7157;RS#:786203436(Expired);CorrespondingSpecies:9606	p.Y163H	litvar	2	1	PMC3816225
Variant	tmVar:p|SUB|G|12|V;HGVS:p.G12V;VariantGroup:11;CorrespondingGene:3845;RS#:121913529;CorrespondingSpecies:9606;CA#:122540	p.G12V	litvar	2	1	PMC3816225
Variant	tmVar:p|SUB|E|542|K;HGVS:p.E542K;VariantGroup:2;CorrespondingGene:5290;RS#:121913273;CorrespondingSpecies:9606;CA#:333572	p.E542K	litvar	2	2	PMC3816225,PMC8742817
Variant	tmVar:c|SUB|G|34|T;HGVS:c.34G>T;VariantGroup:1;OriginalGene:16653;CorrespondingGene:3845;RS#:121913530;CorrespondingSpecies:10090;CA#:122528	c.34G>T	litvar	2	1	PMC4453732
Variant	tmVar:c|SUB|C|6792|A;HGVS:c.6792C>A;VariantGroup:1;OriginalGene:18015;CorrespondingGene:4763;RS#:772295894;CorrespondingSpecies:10090;CA#:190957	c.6792C>A	litvar	2	1	PMC4492820
Variant	tmVar:c|DEL|3739_3742|TTTG;HGVS:c.3739_3742delTTTG;VariantGroup:0;CorrespondingGene:4763;RS#:1064794276;CorrespondingSpecies:9606	c.3739_3742delTTTG	litvar	2	1	PMC4823762
Variant	tmVar:p|SUB|W|392|X;HGVS:p.W392X;VariantGroup:3;OriginalGene:15932;CorrespondingGene:3425;CorrespondingSpecies:10090	p.W392X	litvar	2	1	PMC4958313
Variant	tmVar:p|SUB|G|542|X;HGVS:p.G542X;VariantGroup:1;OriginalGene:12638;CorrespondingGene:1080;RS#:113993959;CorrespondingSpecies:10090;CA#:284836	p.G542X	litvar	2	1	PMC4958313
Variant	tmVar:c|SUB|A|5756|C;HGVS:c.5756A>C;VariantGroup:3;CorrespondingGene:472;CorrespondingSpecies:9606	c.5756A>C	litvar	2	1	PMC5308618
Variant	tmVar:c|SUB|A|7996|G;HGVS:c.7996A>G;VariantGroup:7;CorrespondingGene:472;RS#:745775382;CorrespondingSpecies:9606;CA#:349494	c.7996A>G	litvar	2	1	PMC5308618
Variant	tmVar:c|SUB|G|8895|C;HGVS:c.8895G>C;VariantGroup:0;CorrespondingGene:472;RS#:200899512;CorrespondingSpecies:9606;CA#:287033	c.8895G>C	litvar	2	1	PMC5308618
Variant	tmVar:p|SUB|E|848|Q;HGVS:p.E848Q;VariantGroup:2;CorrespondingGene:472;RS#:879254046;CorrespondingSpecies:9606	p.E848Q	litvar	2	1	PMC5308618
Variant	tmVar:p|SUB|C|135|F;HGVS:p.C135F;VariantGroup:7;CorrespondingGene:7157;RS#:587781991;CorrespondingSpecies:9606	p.C135F	litvar	2	1	PMC5369315
Variant	tmVar:p|SUB|R|1275|Q;HGVS:p.R1275Q;VariantGroup:12;CorrespondingGene:238;RS#:113994087;CorrespondingSpecies:9606;CA#:341482	p.R1275Q	litvar	2	1	PMC5369315
Variant	tmVar:p|SUB|C|141|W;HGVS:p.C141W;VariantGroup:2;CorrespondingGene:7157;RS#:1057519977;CorrespondingSpecies:9606	p.C141W	litvar	2	2	PMC5369315,PMC9013652
Variant	tmVar:p|SUB|R|689|W;HGVS:p.R689W;VariantGroup:14;CorrespondingGene:5424;RS#:747628342;CorrespondingSpecies:9606;CA#:9596381	p.R689W	litvar	2	1	PMC5498998
Variant	tmVar:p|SUB|Y|163|H;HGVS:p.Y163H;VariantGroup:27;CorrespondingGene:260402;CorrespondingSpecies:9606	p.Y163H	litvar	2	1	PMC5498998
Variant	tmVar:p|SUB|S|241|F;HGVS:p.S241F;VariantGroup:17;CorrespondingGene:7157;RS#:28934573;CorrespondingSpecies:9606;CA#:359	p.S241F	litvar	2	1	PMC5498998
Variant	tmVar:p|SUB|R|233|X;HGVS:p.R233X;VariantGroup:2;CorrespondingGene:5728;RS#:121909219;CorrespondingSpecies:9606;CA#:549	p.R233X	litvar	2	1	PMC5498998
Variant	tmVar:p|SUB|G|12|C;HGVS:p.G12C;VariantGroup:5;CorrespondingGene:3845;RS#:121913530;CorrespondingSpecies:9606;CA#:122528	p.G12C	litvar	2	1	PMC5498998
Variant	tmVar:p|SUB|R|213|X;HGVS:p.R213X;VariantGroup:32;CorrespondingGene:260402;CorrespondingSpecies:9606	p.R213X	litvar	2	1	PMC5498998
Variant	tmVar:p|SUB|R|248|Q;HGVS:p.R248Q;VariantGroup:10;CorrespondingGene:7157;RS#:11540652;CorrespondingSpecies:9606;CA#:387	p.R248Q	litvar	2	1	PMC5498998
Variant	tmVar:p|SUB|P|309|S;HGVS:p.P309S;VariantGroup:30;CorrespondingGene:260402;CorrespondingSpecies:9606	p.P309S	litvar	2	1	PMC5498998
Variant	tmVar:p|SUB|D|549|N;HGVS:p.D549N;VariantGroup:31;CorrespondingGene:260402;CorrespondingSpecies:9606	p.D549N	litvar	2	1	PMC5498998
Variant	tmVar:p|SUB|R|248|W;HGVS:p.R248W;VariantGroup:10;CorrespondingGene:7157;RS#:121912651;CorrespondingSpecies:9606;CA#:382	p.R248W	litvar	2	1	PMC5498998
Variant	tmVar:p|SUB|A|146|T;HGVS:p.A146T;VariantGroup:12;CorrespondingGene:3845;RS#:121913527;CorrespondingSpecies:9606;CA#:245262	p.A146T	litvar	2	1	PMC5498998
Variant	tmVar:p|SUB|N|822|K;HGVS:p.N822K;VariantGroup:7;CorrespondingGene:3815;RS#:121913514;CorrespondingSpecies:9606;CA#:16602411	p.N822K	litvar	2	1	PMC5527484
Variant	tmVar:p|SUB|Q|209|P;HGVS:p.Q209P;VariantGroup:9;CorrespondingGene:2776;RS#:121913492;CorrespondingSpecies:9606;CA#:16602436	p.Q209P	litvar	2	1	PMC5527484
Variant	tmVar:p|Allele|R|183;VariantGroup:1;RS#:397514698(Expired)	rs397514698	litvar	2	1	PMC5527484
Variant	tmVar:p|SUB|Q|209|L;HGVS:p.Q209L;VariantGroup:8;CorrespondingGene:2776;RS#:121913492;CorrespondingSpecies:9606;CA#:16602434	p.Q209L	litvar	2	1	PMC5527484
Variant	tmVar:p|Allele|V|600;VariantGroup:0;CorrespondingGene:673;RS#:113488022;CorrespondingSpecies:9606	rs113488022	litvar	2	2	PMC5641092,PMC7169429
Variant	tmVar:c|SUB|T|2|A;HGVS:c.2T>A;VariantGroup:2;CorrespondingGene:5076;RS#:750238161;CorrespondingSpecies:9606;CA#:5650602	c.2T>A	litvar	2	1	PMC6411871
Variant	tmVar:p|SUB|D|594|N;HGVS:p.D594N;VariantGroup:32;CorrespondingGene:673;RS#:397516896;CorrespondingSpecies:9606;CA#:135095	p.D594N	litvar	2	1	PMC6617392
Variant	tmVar:p|SUB|D|594|H;HGVS:p.D594H;VariantGroup:0;CorrespondingGene:673;RS#:397516896(Expired);CorrespondingSpecies:9606	p.D594H	litvar	2	1	PMC6617392
Variant	tmVar:p|SUB|K|490|A;HGVS:p.K490A;VariantGroup:3;OriginalGene:77040;CorrespondingGene:55054;CorrespondingSpecies:10090	p.K490A	litvar	2	1	PMC6776898
Variant	tmVar:c|SUB|C|2446|T;HGVS:c.2446C>T;VariantGroup:1;CorrespondingGene:4763;RS#:886041347;CorrespondingSpecies:9606;CA#:10603442	c.2446C>T	litvar	2	1	PMC7031935
Variant	tmVar:p|SUB|R|816|*;HGVS:p.R816*;VariantGroup:16;CorrespondingGene:4763;CorrespondingSpecies:9606	p.R816*	litvar	2	1	PMC7031935
Variant	tmVar:p|SUB|E|542|K;HGVS:p.E542K;VariantGroup:18;CorrespondingGene:5290;RS#:121913273;CorrespondingSpecies:9606;CA#:333572	p.E542K	litvar	2	1	PMC7031935
Variant	tmVar:c|SUB|G|1624|A;HGVS:c.1624G>A;VariantGroup:2;CorrespondingGene:675;RS#:730881511;CorrespondingSpecies:9606;CA#:12652	c.1624G>A	litvar	2	1	PMC7031935
Variant	tmVar:p|SUB|Y|537|S;HGVS:p.Y537S;VariantGroup:13;CorrespondingGene:2099;CorrespondingSpecies:9606	p.Y537S	litvar	2	1	PMC7310532
Variant	tmVar:c|SUB|T|6952|C;HGVS:c.6952T>C;VariantGroup:6;CorrespondingGene:7157;CorrespondingSpecies:9606	c.6952T>C	litvar	2	1	PMC7317054
Variant	tmVar:p|SUB|T|315|I;HGVS:p.T315I;VariantGroup:0;CorrespondingGene:25;RS#:121913459;CorrespondingSpecies:9606;CA#:122575	p.T315I	litvar	2	1	PMC7658220
Variant	tmVar:p|SUB|H|178|D;HGVS:p.H178D;VariantGroup:29;OriginalGene:455214;CorrespondingGene:7157;RS#:1064795203;CorrespondingSpecies:9598	p.H178D	litvar	2	1	PMC7952412
Variant	tmVar:p|SUB|R|428|*;HGVS:p.R428*;VariantGroup:11;CorrespondingGene:4041;CorrespondingSpecies:9606	p.R428*	litvar	2	1	PMC7952412
Variant	tmVar:p|SUB|P|434|L;HGVS:p.P434L;VariantGroup:30;OriginalGene:454566;CorrespondingGene:4763;RS#:1330441874;CorrespondingSpecies:9598	p.P434L	litvar	2	1	PMC7952412
Variant	tmVar:p|SUB|R|651|C;HGVS:p.R651C;VariantGroup:1;CorrespondingGene:114788;RS#:1322937921;CorrespondingSpecies:9606	p.R651C	litvar	2	1	PMC7952412
Variant	tmVar:p|SUB|P|38|S;HGVS:p.P38S;VariantGroup:3;OriginalGene:466142;CorrespondingGene:5728;RS#:587780004;CorrespondingSpecies:9598;CA#:297	p.P38S	litvar	2	1	PMC7952412
Variant	tmVar:p|DUP|12||*;HGVS:p.12dup;VariantGroup:13;CorrespondingGene:284382;CorrespondingSpecies:9606	p.12dup	litvar	2	1	PMC7952412
Variant	tmVar:p|SUB|C|228|T;HGVS:p.C228T;VariantGroup:22;CorrespondingGene:7015;CorrespondingSpecies:9606	p.C228T	litvar	2	1	PMC7952412
Variant	tmVar:p|SUB|T|349|G;HGVS:p.T349G;VariantGroup:18;CorrespondingGene:7015;CorrespondingSpecies:9606	p.T349G	litvar	2	1	PMC7952412
Variant	tmVar:p|SUB|F|1174|V;HGVS:p.F1174V;VariantGroup:2;OriginalGene:11682;CorrespondingGene:238;RS#:281864719;CorrespondingSpecies:10090;CA#:345001	p.F1174V	litvar	2	1	PMC8071449
Variant	tmVar:c|SUB|A|2|C;HGVS:c.2A>C;VariantGroup:3;CorrespondingGene:8061;CorrespondingSpecies:9606	c.2A>C	litvar	2	1	PMC8370767
Variant	tmVar:p|SUB|G|12|V;HGVS:p.G12V;VariantGroup:0;OriginalGene:16653;CorrespondingGene:3845;RS#:121913529;CorrespondingSpecies:10090;CA#:122540	p.G12V	litvar	2	1	PMC8370767
Variant	tmVar:c|SUB|A||G;VariantGroup:2;OriginalGene:19752;CorrespondingGene:6035;CorrespondingSpecies:10090	#6035#	litvar	2	1	PMC8370767
Variant	tmVar:c|DUP|1649|T|;HGVS:c.1649dupT;VariantGroup:11;CorrespondingGene:4763;CorrespondingSpecies:9606	c.1649dupT	litvar	2	1	PMC9929861
Variant	tmVar:p|SUB|S||T;VariantGroup:10;OriginalGene:109880;CorrespondingGene:673;CorrespondingSpecies:10090	#673#	litvar	1	1	PMC1533846
Variant	tmVar:p|SUB|R||M;VariantGroup:5;CorrespondingGene:4613;CorrespondingSpecies:9606	#4613#	litvar	1	1	PMC1533846
Variant	tmVar:p|SUB|E||D;VariantGroup:9;CorrespondingGene:4613;CorrespondingSpecies:9606	#4613#	litvar	1	1	PMC1533846
Variant	tmVar:p|SUB|E|982|K;HGVS:p.E982K;VariantGroup:3;CorrespondingGene:7074;RS#:751281586;CorrespondingSpecies:9606	p.E982K	litvar	1	1	PMC1533846
Variant	tmVar:|SUB|G||T,G;VariantGroup:14;CorrespondingGene:4613;CorrespondingSpecies:9606	#4613#	litvar	1	1	PMC1533846
Variant	tmVar:p|SUB|S|65|S;HGVS:p.S65S;VariantGroup:4;CorrespondingGene:5295;RS#:1317471010;CorrespondingSpecies:9606	p.S65S	litvar	1	1	PMC1533846
Variant	tmVar:c|SUB|A|18|A;HGVS:c.18A>A;VariantGroup:1;CorrespondingGene:3265;RS#:148380285;CorrespondingSpecies:9606;CA#:5779434	c.18A>A	litvar	1	1	PMC1533846
Variant	tmVar:c|SUB|T|1796|A;HGVS:c.1796T>A;VariantGroup:0;CorrespondingGene:324;RS#:777980327;CorrespondingSpecies:9606;CA#:30542	c.1796T>A	litvar	1	1	PMC1550420
Variant	tmVar:p|SUB|V|599|E;HGVS:p.V599E;VariantGroup:0;CorrespondingGene:324;RS#:777980327;CorrespondingSpecies:9606;CA#:30542	p.V599E	litvar	1	1	PMC1550420
Variant	tmVar:p|SUB|G|12|D;HGVS:p.G12D;VariantGroup:1;CorrespondingGene:3845;RS#:121913529;CorrespondingSpecies:9606;CA#:122538	p.G12D	litvar	1	1	PMC1550420
Variant	tmVar:p|SUB|S||T;VariantGroup:15;CorrespondingGene:55872;CorrespondingSpecies:9606	#55872#	litvar	1	1	PMC2360140
Variant	tmVar:c|Allele|T|241;VariantGroup:7;CorrespondingGene:55872;CorrespondingSpecies:9606	#55872#	litvar	1	1	PMC2360140
Variant	tmVar:c|Allele|T|243;VariantGroup:6;CorrespondingGene:55872;CorrespondingSpecies:9606	#55872#	litvar	1	1	PMC2360140
Variant	tmVar:c|Allele|T|235;VariantGroup:4;CorrespondingGene:55872;CorrespondingSpecies:9606	#55872#	litvar	1	1	PMC2360140
Variant	tmVar:c|Allele|T|351;VariantGroup:8;CorrespondingGene:55872;CorrespondingSpecies:9606	#55872#	litvar	1	1	PMC2360140
Variant	tmVar:c|Allele|T|238;VariantGroup:17;CorrespondingGene:55872;CorrespondingSpecies:9606	#55872#	litvar	1	1	PMC2360140
Variant	tmVar:p|SUB|N|235|S;HGVS:p.N235S;VariantGroup:0;CorrespondingGene:7157;RS#:144340710;CorrespondingSpecies:9606;CA#:343	p.N235S	litvar	1	1	PMC2442611
Variant	tmVar:p|SUB|C|176|F;HGVS:p.C176F;VariantGroup:1;CorrespondingGene:7157;RS#:786202962(Expired);CorrespondingSpecies:9606	p.C176F	litvar	1	1	PMC2442611
Variant	tmVar:p|SUB|V|600|K,E;HGVS:p.V600K,E;VariantGroup:7;OriginalGene:109880;CorrespondingGene:673;RS#:113488022;CorrespondingSpecies:10090	p.V600K,E	litvar	1	1	PMC2848976
Variant	tmVar:c|SUB|C|1143|T;HGVS:c.1143C>T;VariantGroup:0;OriginalGene:109880;CorrespondingGene:673;RS#:1458988367;CorrespondingSpecies:10090	c.1143C>T	litvar	1	1	PMC2848976
Variant	tmVar:p|SUB|P|38|S;HGVS:p.P38S;VariantGroup:5;CorrespondingGene:5728;RS#:587780004;CorrespondingSpecies:9606;CA#:297	p.P38S	litvar	1	1	PMC2848976
Variant	tmVar:p|SUB|S|33|C;HGVS:p.S33C;VariantGroup:1;CorrespondingGene:1499;RS#:121913400;CorrespondingSpecies:9606;CA#:16602684	p.S33C	litvar	1	1	PMC2848976
Variant	tmVar:p|SUB|V|600|E,WT;HGVS:p.V600E,WT;VariantGroup:9;OriginalGene:109880;CorrespondingGene:673;RS#:113488022;CorrespondingSpecies:10090	p.V600E,WT	litvar	1	1	PMC2848976
Variant	tmVar:p|SUB|E|10|A;HGVS:p.E10A;VariantGroup:0;OriginalGene:19062;CorrespondingGene:51763;CorrespondingSpecies:10090	p.E10A	litvar	1	1	PMC2858150
Variant	tmVar:c|Allele|T|10;VariantGroup:0;OriginalGene:19062;CorrespondingGene:51763;CorrespondingSpecies:10090	#51763#	litvar	1	1	PMC2858150
Variant	tmVar:c|Allele|CFOR|16_17;VariantGroup:3;CorrespondingGene:4763;CorrespondingSpecies:9606	#4763#	litvar	1	1	PMC2858150
Variant	tmVar:p|SUB|Q|61|K;HGVS:p.Q61K;VariantGroup:0;CorrespondingGene:4893;RS#:121913254;CorrespondingSpecies:9606;CA#:151263	p.Q61K	litvar	1	1	PMC3114747
Variant	tmVar:c|SUB|G||C;VariantGroup:19;CorrespondingGene:56672;CorrespondingSpecies:9606	#56672#	litvar	1	1	PMC3114747
Variant	tmVar:p|FS|S|1982||22;HGVS:p.S1982fsX22;VariantGroup:38;CorrespondingGene:675;RS#:80359550;CorrespondingSpecies:9606	p.S1982fsX22	litvar	1	1	PMC3130048
Variant	tmVar:c|SUB|G|35|T;HGVS:c.35G>T;VariantGroup:0;CorrespondingGene:3845;RS#:121913529;CorrespondingSpecies:9606;CA#:122540	c.35G>T	litvar	1	1	PMC3130048
Variant	tmVar:c|SUB|C|1028|G;HGVS:c.1028C>G;VariantGroup:9;CorrespondingGene:57451;RS#:777076260;CorrespondingSpecies:9606	c.1028C>G	litvar	1	1	PMC3130048
Variant	tmVar:c|SUB|G|661|T;HGVS:c.661G>T;VariantGroup:5;CorrespondingGene:3172;RS#:1257417155;CorrespondingSpecies:9606	c.661G>T	litvar	1	1	PMC3130048
Variant	tmVar:p|SUB|Y|486|*;HGVS:p.Y486*;VariantGroup:34;CorrespondingGene:64744;CorrespondingSpecies:9606	p.Y486*	litvar	1	1	PMC3130048
Variant	tmVar:p|SUB|W|198|*;HGVS:p.W198*;VariantGroup:29;CorrespondingGene:360203;CorrespondingSpecies:9606	p.W198*	litvar	1	1	PMC3130048
Variant	tmVar:c|SUB|C|1458|A;HGVS:c.1458C>A;VariantGroup:1;CorrespondingGene:57554;RS#:1446655352;CorrespondingSpecies:9606	c.1458C>A	litvar	1	1	PMC3130048
Variant	tmVar:c|SUB|G|593|A;HGVS:c.593G>A;VariantGroup:4;CorrespondingGene:154313;RS#:779442168;CorrespondingSpecies:9606	c.593G>A	litvar	1	1	PMC3130048
Variant	tmVar:c|SUB|C|764|G;HGVS:c.764C>G;VariantGroup:6;CorrespondingGene:57451;RS#:778829680;CorrespondingSpecies:9606	c.764C>G	litvar	1	1	PMC3130048
Variant	tmVar:p|SUB|S|255|*;HGVS:p.S255*;VariantGroup:27;CorrespondingGene:360203;CorrespondingSpecies:9606	p.S255*	litvar	1	1	PMC3130048
Variant	tmVar:p|SUB|N|54|K;HGVS:p.N54K;VariantGroup:7;CorrespondingGene:11211;RS#:142916136;CorrespondingSpecies:9606	p.N54K	litvar	1	1	PMC3130048
Variant	tmVar:p|SUB|L|1042|M;HGVS:p.L1042M;VariantGroup:37;CorrespondingGene:2534;CorrespondingSpecies:9606	p.L1042M	litvar	1	1	PMC3130048
Variant	tmVar:p|SUB|K|1411|T;HGVS:p.K1411T;VariantGroup:26;CorrespondingGene:2534;CorrespondingSpecies:9606	p.K1411T	litvar	1	1	PMC3130048
Variant	tmVar:p|SUB|F|1039|S;HGVS:p.F1039S;VariantGroup:3;CorrespondingGene:57451;RS#:757678093;CorrespondingSpecies:9606	p.F1039S	litvar	1	1	PMC3130048
Variant	tmVar:p|SUB|R|1585|S;HGVS:p.R1585S;VariantGroup:23;CorrespondingGene:472;CorrespondingSpecies:9606	p.R1585S	litvar	1	1	PMC3130048
Variant	tmVar:p|SUB|V|779|I;HGVS:p.V779I;VariantGroup:10;CorrespondingGene:7175;RS#:61744267;CorrespondingSpecies:9606;CA#:1298092	p.V779I	litvar	1	1	PMC3130048
Variant	tmVar:p|SUB|V||I;VariantGroup:21;CorrespondingGene:7175;CorrespondingSpecies:9606	#7175#	litvar	1	1	PMC3130048
Variant	tmVar:c|SUB|A||C;VariantGroup:32;CorrespondingGene:675;CorrespondingSpecies:9606	#675#	litvar	1	1	PMC3130048
Variant	tmVar:c|SUB|T||G;VariantGroup:24;CorrespondingGene:675;CorrespondingSpecies:9606	#675#	litvar	1	1	PMC3130048
Variant	tmVar:c|SUB|C||G;VariantGroup:36;CorrespondingGene:675;CorrespondingSpecies:9606	#675#	litvar	1	1	PMC3130048
Variant	tmVar:c|SUB|C||THY;VariantGroup:25;CorrespondingGene:675;CorrespondingSpecies:9606	#675#	litvar	1	1	PMC3130048
Variant	tmVar:p|SUB|R|304|X;HGVS:p.R304X;VariantGroup:26;OriginalGene:18015;CorrespondingGene:4763;RS#:786203950(Expired);CorrespondingSpecies:10090;CA#:198406	p.R304X	litvar	1	1	PMC3273949
Variant	tmVar:p|SUB|C|910|T;HGVS:p.C910T;VariantGroup:98;CorrespondingGene:4763;CorrespondingSpecies:9606	p.C910T	litvar	1	1	PMC3273949
Variant	tmVar:p|SUB|G|598|V;HGVS:p.G598V;VariantGroup:44;CorrespondingGene:1956;RS#:139236063;CorrespondingSpecies:9606;CA#:4265696	p.G598V	litvar	1	1	PMC3273949
Variant	tmVar:p|SUB|E|571|K;HGVS:p.E571K;VariantGroup:77;CorrespondingGene:2260;RS#:771720144;CorrespondingSpecies:9606;CA#:4718290	p.E571K	litvar	1	1	PMC3273949
Variant	tmVar:|DEL|752,759|S,I;HGVS:c.752,759delS,I;VariantGroup:110;CorrespondingGene:4763;CorrespondingSpecies:9606	c.752,759delS,I	litvar	1	1	PMC3273949
Variant	tmVar:p|SUB|R|108|K;HGVS:p.R108K;VariantGroup:1;CorrespondingGene:1956;RS#:1057519828;CorrespondingSpecies:9606	p.R108K	litvar	1	1	PMC3273949
Variant	tmVar:p|SUB|T|599|I;HGVS:p.T599I;VariantGroup:15;CorrespondingGene:673;RS#:121913375;CorrespondingSpecies:9606;CA#:281995	p.T599I	litvar	1	1	PMC3273949
Variant	tmVar:p|SUB|D|842|V;HGVS:p.D842V;VariantGroup:52;CorrespondingGene:5156;RS#:121908585;CorrespondingSpecies:9606;CA#:123194	p.D842V	litvar	1	1	PMC3273949
Variant	tmVar:p|SUB|H|1047|Y;HGVS:p.H1047Y;VariantGroup:161;CorrespondingGene:5290;RS#:121913281;CorrespondingSpecies:9606;CA#:130471	p.H1047Y	litvar	1	1	PMC3273949
Variant	tmVar:p|SUB|K|601|N;HGVS:p.K601N;VariantGroup:81;CorrespondingGene:673;RS#:121913365;CorrespondingSpecies:9606;CA#:16602734	p.K601N	litvar	1	1	PMC3273949
Variant	tmVar:p|SUB|Y|253|H;HGVS:p.Y253H;VariantGroup:58;CorrespondingGene:25;RS#:121913461;CorrespondingSpecies:9606;CA#:122584	p.Y253H	litvar	1	1	PMC3273949
Variant	tmVar:p|SUB|F|317|L;HGVS:p.F317L;VariantGroup:144;CorrespondingGene:25;RS#:121913451;CorrespondingSpecies:9606;CA#:16602555	p.F317L	litvar	1	1	PMC3273949
Variant	tmVar:p|SUB|C|634|W;HGVS:p.C634W;VariantGroup:38;CorrespondingGene:5979;RS#:77709286;CorrespondingSpecies:9606;CA#:8378	p.C634W	litvar	1	1	PMC3273949
Variant	tmVar:p|DEL|558|K;HGVS:p.K558del;VariantGroup:130;CorrespondingGene:4763;CorrespondingSpecies:9606	p.K558del	litvar	1	1	PMC3273949
Variant	tmVar:p|SUB|G|12|A;HGVS:p.G12A;VariantGroup:6;CorrespondingGene:5156;RS#:1440200916;CorrespondingSpecies:9606	p.G12A	litvar	1	1	PMC3273949
Variant	tmVar:p|SUB|R|38|H;HGVS:p.R38H;VariantGroup:59;CorrespondingGene:5290;RS#:772110575;CorrespondingSpecies:9606;CA#:2710498	p.R38H	litvar	1	1	PMC3273949
Variant	tmVar:p|SUB|M|351|T;HGVS:p.M351T;VariantGroup:65;CorrespondingGene:25;RS#:121913457;CorrespondingSpecies:9606;CA#:122590	p.M351T	litvar	1	1	PMC3273949
Variant	tmVar:p|SUB|V|600|E;HGVS:p.V600E;VariantGroup:24;CorrespondingGene:673;RS#:113488022;CorrespondingSpecies:9606;CA#:123643	p.V600E	litvar	1	1	PMC3273949
Variant	tmVar:|DEL|570,576|Y,L;HGVS:c.570,576delY,L;VariantGroup:108;CorrespondingGene:4763;CorrespondingSpecies:9606	c.570,576delY,L	litvar	1	1	PMC3273949
Variant	tmVar:|INS|769,770|V,CV;HGVS:c.769,770insV,CV;VariantGroup:85;CorrespondingGene:4763;CorrespondingSpecies:9606	c.769,770insV,CV	litvar	1	1	PMC3273949
Variant	tmVar:p|SUB|V|167|A;HGVS:p.V167A;VariantGroup:34;CorrespondingGene:207;RS#:11555433;CorrespondingSpecies:9606;CA#:267349931	p.V167A	litvar	1	1	PMC3273949
Variant	tmVar:p|SUB|D|1071|N;HGVS:p.D1071N;VariantGroup:79;CorrespondingGene:5156;RS#:376544204;CorrespondingSpecies:9606;CA#:2923060	p.D1071N	litvar	1	1	PMC3273949
Variant	tmVar:p|DEL|17|E;HGVS:p.E17del;VariantGroup:124;CorrespondingGene:4763;CorrespondingSpecies:9606	p.E17del	litvar	1	1	PMC3273949
Variant	tmVar:p|SUB|G|370|C;HGVS:p.G370C;VariantGroup:39;CorrespondingGene:2261;RS#:121913479;CorrespondingSpecies:9606;CA#:129946	p.G370C	litvar	1	1	PMC3273949
Variant	tmVar:p|SUB|G|12|S;HGVS:p.G12S;VariantGroup:165;CorrespondingGene:3845;RS#:121913530;CorrespondingSpecies:9606;CA#:135565	p.G12S	litvar	1	1	PMC3273949
Variant	tmVar:|DEL|553,556|Y,Q;HGVS:c.553,556delY,Q;VariantGroup:134;CorrespondingGene:4763;CorrespondingSpecies:9606	c.553,556delY,Q	litvar	1	1	PMC3273949
Variant	tmVar:p|SUB|Q|43|X;HGVS:p.Q43X;VariantGroup:76;CorrespondingGene:207;RS#:11555436;CorrespondingSpecies:9606;CA#:267352414	p.Q43X	litvar	1	1	PMC3273949
Variant	tmVar:p|SUB|D|52|N;HGVS:p.D52N;VariantGroup:29;CorrespondingGene:3815;RS#:121913505;CorrespondingSpecies:9606;CA#:2923175	p.D52N	litvar	1	1	PMC3273949
Variant	tmVar:p|SUB|R|24|C;HGVS:p.R24C;VariantGroup:72;CorrespondingGene:1019;RS#:11547328;CorrespondingSpecies:9606;CA#:126982	p.R24C	litvar	1	1	PMC3273949
Variant	tmVar:p|SUB|Y|253|F;HGVS:p.Y253F;VariantGroup:141;CorrespondingGene:25;RS#:121913460;CorrespondingSpecies:9606;CA#:16602550	p.Y253F	litvar	1	1	PMC3273949
Variant	tmVar:p|SUB|M|1250|T;HGVS:p.M1250T;VariantGroup:35;CorrespondingGene:2475;RS#:745726267;CorrespondingSpecies:9606;CA#:589646	p.M1250T	litvar	1	1	PMC3273949
Variant	tmVar:p|DEL|752|S;HGVS:p.S752del;VariantGroup:122;CorrespondingGene:4763;CorrespondingSpecies:9606	p.S752del	litvar	1	1	PMC3273949
Variant	tmVar:p|SUB|L|597|Q;HGVS:p.L597Q;VariantGroup:151;CorrespondingGene:673;RS#:121913366;CorrespondingSpecies:9606;CA#:16602257	p.L597Q	litvar	1	1	PMC3273949
Variant	tmVar:p|SUB|D|846|Y;HGVS:p.D846Y;VariantGroup:80;CorrespondingGene:5156;RS#:121908588;CorrespondingSpecies:9606;CA#:123218	p.D846Y	litvar	1	1	PMC3273949
Variant	tmVar:p|SUB|L|597|S;HGVS:p.L597S;VariantGroup:149;CorrespondingGene:673;RS#:121913368;CorrespondingSpecies:9606;CA#:16602421	p.L597S	litvar	1	1	PMC3273949
Variant	tmVar:p|SUB|R|88|Q;HGVS:p.R88Q;VariantGroup:36;CorrespondingGene:5290;RS#:121913287;CorrespondingSpecies:9606;CA#:16602516	p.R88Q	litvar	1	1	PMC3273949
Variant	tmVar:p|SUB|M|1043|I;HGVS:p.M1043I;VariantGroup:42;CorrespondingGene:5290;RS#:121913283;CorrespondingSpecies:9606;CA#:183868	p.M1043I	litvar	1	1	PMC3273949
Variant	tmVar:p|DEL|836|I;HGVS:p.I836del;VariantGroup:78;CorrespondingGene:2322;RS#:121913490;CorrespondingSpecies:9606;CA#:16602772	p.I836del	litvar	1	1	PMC3273949
Variant	tmVar:p|SUB|E|545|K;HGVS:p.E545K;VariantGroup:94;CorrespondingGene:5290;RS#:104886003;CorrespondingSpecies:9606;CA#:123334	p.E545K	litvar	1	1	PMC3273949
Variant	tmVar:p|SUB|L|597|R;HGVS:p.L597R;VariantGroup:150;CorrespondingGene:673;RS#:121913366;CorrespondingSpecies:9606;CA#:123649	p.L597R	litvar	1	1	PMC3273949
Variant	tmVar:p|DEL|845|H;HGVS:p.H845del;VariantGroup:102;CorrespondingGene:4763;CorrespondingSpecies:9606	p.H845del	litvar	1	1	PMC3273949
Variant	tmVar:p|SUB|F|808|L;HGVS:p.F808L;VariantGroup:117;CorrespondingGene:4763;CorrespondingSpecies:9606	p.F808L	litvar	1	1	PMC3273949
Variant	tmVar:p|INS|766,767|A,AI;HGVS:p.A,AI766,767ins;VariantGroup:136;CorrespondingGene:4763;CorrespondingSpecies:9606	p.A,AI766,767ins	litvar	1	1	PMC3273949
Variant	tmVar:p|SUB|V|559|I;HGVS:p.V559I;VariantGroup:8;CorrespondingGene:3815;RS#:121913520;CorrespondingSpecies:9606;CA#:16602523	p.V559I	litvar	1	1	PMC3273949
Variant	tmVar:p|SUB|K|650|Q;HGVS:p.K650Q;VariantGroup:174;CorrespondingGene:2261;RS#:78311289;CorrespondingSpecies:9606;CA#:170755	p.K650Q	litvar	1	1	PMC3273949
Variant	tmVar:p|SUB|R|24|H;HGVS:p.R24H;VariantGroup:156;CorrespondingGene:1019;RS#:104894340;CorrespondingSpecies:9606;CA#:126984	p.R24H	litvar	1	1	PMC3273949
Variant	tmVar:p|DEL|579|D;HGVS:p.D579del;VariantGroup:96;CorrespondingGene:3815;RS#:1060502543;CorrespondingSpecies:9606;CA#:16611553	p.D579del	litvar	1	1	PMC3273949
Variant	tmVar:p|SUB|H|1047|R;HGVS:p.H1047R;VariantGroup:91;CorrespondingGene:5290;RS#:121913279;CorrespondingSpecies:9606;CA#:123326	p.H1047R	litvar	1	1	PMC3273949
Variant	tmVar:|INS|776|G,YVMA;HGVS:c.776insG,YVMA;VariantGroup:107;CorrespondingGene:4763;CorrespondingSpecies:9606	c.776insG,YVMA	litvar	1	1	PMC3273949
Variant	tmVar:p|SUB|G|776|S;HGVS:p.G776S;VariantGroup:23;CorrespondingGene:2064;RS#:28933369;CorrespondingSpecies:9606;CA#:210550	p.G776S	litvar	1	1	PMC3273949
Variant	tmVar:|DEL|558,562|K,E;HGVS:c.558,562delK,E;VariantGroup:100;CorrespondingGene:4763;CorrespondingSpecies:9606	c.558,562delK,E	litvar	1	1	PMC3273949
Variant	tmVar:p|SUB|R|970|C;HGVS:p.R970C;VariantGroup:53;CorrespondingGene:2064;RS#:771206209;CorrespondingSpecies:9606;CA#:8534426	p.R970C	litvar	1	1	PMC3273949
Variant	tmVar:p|SUB|L|576|P;HGVS:p.L576P;VariantGroup:45;CorrespondingGene:3815;RS#:121913513;CorrespondingSpecies:9606;CA#:16602401	p.L576P	litvar	1	1	PMC3273949
Variant	tmVar:p|SUB|A|664|D;HGVS:p.A664D;VariantGroup:132;CorrespondingGene:4763;CorrespondingSpecies:9606	p.A664D	litvar	1	1	PMC3273949
Variant	tmVar:p|SUB|L|747|Q;HGVS:p.L747Q;VariantGroup:95;CorrespondingGene:2261;RS#:1399826020;CorrespondingSpecies:9606	p.L747Q	litvar	1	1	PMC3273949
Variant	tmVar:p|SUB|E|839|K;HGVS:p.E839K;VariantGroup:32;CorrespondingGene:3815;RS#:121913509;CorrespondingSpecies:9606;CA#:123537	p.E839K	litvar	1	1	PMC3273949
Variant	tmVar:|INS|773,774|H,NPH;HGVS:c.773,774insH,NPH;VariantGroup:114;CorrespondingGene:4763;CorrespondingSpecies:9606	c.773,774insH,NPH	litvar	1	1	PMC3273949
Variant	tmVar:p|SUB|L|755|P;HGVS:p.L755P;VariantGroup:158;CorrespondingGene:2064;RS#:121913469;CorrespondingSpecies:9606;CA#:123587	p.L755P	litvar	1	1	PMC3273949
Variant	tmVar:p|SUB|V|600|R;HGVS:p.V600R;VariantGroup:153;CorrespondingGene:673;RS#:121913227;CorrespondingSpecies:9606;CA#:16021333	p.V600R	litvar	1	1	PMC3273949
Variant	tmVar:p|SUB|S|125|L;HGVS:p.S125L;VariantGroup:16;CorrespondingGene:2260;RS#:121913473;CorrespondingSpecies:9606;CA#:4718768	p.S125L	litvar	1	1	PMC3273949
Variant	tmVar:p|SUB|G|13|V;HGVS:p.G13V;VariantGroup:176;CorrespondingGene:3717;RS#:759031245;CorrespondingSpecies:9606;CA#:4971469	p.G13V	litvar	1	1	PMC3273949
Variant	tmVar:p|SUB|Q|61|K;HGVS:p.Q61K;VariantGroup:162;CorrespondingGene:4893;RS#:121913254;CorrespondingSpecies:9606;CA#:151263	p.Q61K	litvar	1	1	PMC3273949
Variant	tmVar:p|SUB|L|357|T;HGVS:p.L357T;VariantGroup:133;CorrespondingGene:4763;CorrespondingSpecies:9606	p.L357T	litvar	1	1	PMC3273949
Variant	tmVar:p|SUB|S|752|I,F;HGVS:p.S752I,F;VariantGroup:86;CorrespondingGene:4763;CorrespondingSpecies:9606	p.S752I,F	litvar	1	1	PMC3273949
Variant	tmVar:p|SUB|G|12|R;HGVS:p.G12R;VariantGroup:164;CorrespondingGene:3845;RS#:121913530;CorrespondingSpecies:9606;CA#:122531	p.G12R	litvar	1	1	PMC3273949
Variant	tmVar:p|SUB|C|634|R;HGVS:p.C634R;VariantGroup:172;CorrespondingGene:5979;RS#:75076352;CorrespondingSpecies:9606;CA#:8315	p.C634R	litvar	1	1	PMC3273949
Variant	tmVar:p|SUB|T|751|P;HGVS:p.T751P;VariantGroup:37;CorrespondingGene:3815;RS#:201165084;CorrespondingSpecies:9606	p.T751P	litvar	1	1	PMC3273949
Variant	tmVar:p|SUB|Y|1235|D;HGVS:p.Y1235D;VariantGroup:109;CorrespondingGene:4763;CorrespondingSpecies:9606	p.Y1235D	litvar	1	1	PMC3273949
Variant	tmVar:p|SUB|G|469|V;HGVS:p.G469V;VariantGroup:74;CorrespondingGene:673;RS#:121913355;CorrespondingSpecies:9606;CA#:135085	p.G469V	litvar	1	1	PMC3273949
Variant	tmVar:p|SUB|G|719|S;HGVS:p.G719S;VariantGroup:175;CorrespondingGene:1956;RS#:28929495;CorrespondingSpecies:9606;CA#:126722	p.G719S	litvar	1	1	PMC3273949
Variant	tmVar:p|SUB|H|396|R;HGVS:p.H396R;VariantGroup:62;CorrespondingGene:25;RS#:121913454;CorrespondingSpecies:9606;CA#:16602558	p.H396R	litvar	1	1	PMC3273949
Variant	tmVar:p|SUB|T|992|I;HGVS:p.T992I;VariantGroup:54;CorrespondingGene:5156;RS#:1437358654;CorrespondingSpecies:9606	p.T992I	litvar	1	1	PMC3273949
Variant	tmVar:p|SUB|H|701|P;HGVS:p.H701P;VariantGroup:71;CorrespondingGene:5290;RS#:121913282;CorrespondingSpecies:9606;CA#:16602519	p.H701P	litvar	1	1	PMC3273949
Variant	tmVar:p|SUB|F|584|S;HGVS:p.F584S;VariantGroup:93;CorrespondingGene:2322;RS#:752729752;CorrespondingSpecies:9606;CA#:6928559	p.F584S	litvar	1	1	PMC3273949
Variant	tmVar:p|DEL|559|V;HGVS:p.V559del;VariantGroup:104;CorrespondingGene:4763;CorrespondingSpecies:9606	p.V559del	litvar	1	1	PMC3273949
Variant	tmVar:p|SUB|M|552|L;HGVS:p.M552L;VariantGroup:111;CorrespondingGene:4763;CorrespondingSpecies:9606	p.M552L	litvar	1	1	PMC3273949
Variant	tmVar:p|SUB|G|719|A;HGVS:p.G719A;VariantGroup:7;CorrespondingGene:1956;RS#:121913428;CorrespondingSpecies:9606;CA#:135775	p.G719A	litvar	1	1	PMC3273949
Variant	tmVar:p|SUB|C|901|F;HGVS:p.C901F;VariantGroup:112;CorrespondingGene:4763;CorrespondingSpecies:9606	p.C901F	litvar	1	1	PMC3273949
Variant	tmVar:|DEL|632,633|E,L;HGVS:c.632,633delE,L;VariantGroup:119;CorrespondingGene:4763;CorrespondingSpecies:9606	c.632,633delE,L	litvar	1	1	PMC3273949
Variant	tmVar:p|SUB|Y|373|C;HGVS:p.Y373C;VariantGroup:89;CorrespondingGene:2261;RS#:121913485;CorrespondingSpecies:9606;CA#:341413	p.Y373C	litvar	1	1	PMC3273949
Variant	tmVar:p|SUB|C|420|R;HGVS:p.C420R;VariantGroup:14;CorrespondingGene:5290;RS#:121913272;CorrespondingSpecies:9606;CA#:180900	p.C420R	litvar	1	1	PMC3273949
Variant	tmVar:p|SUB|L|858|R;HGVS:p.L858R;VariantGroup:25;CorrespondingGene:1956;RS#:121434568;CorrespondingSpecies:9606;CA#:126713	p.L858R	litvar	1	1	PMC3273949
Variant	tmVar:p|SUB|D|816|V;HGVS:p.D816V;VariantGroup:28;CorrespondingGene:3815;RS#:121913507;CorrespondingSpecies:9606;CA#:123513	p.D816V	litvar	1	1	PMC3273949
Variant	tmVar:p|SUB|F|595|L;HGVS:p.F595L;VariantGroup:148;CorrespondingGene:673;RS#:121913341;CorrespondingSpecies:9606;CA#:295915	p.F595L	litvar	1	1	PMC3273949
Variant	tmVar:|INS|779,780|S,VGS;HGVS:c.779,780insS,VGS;VariantGroup:123;CorrespondingGene:4763;CorrespondingSpecies:9606	c.779,780insS,VGS	litvar	1	1	PMC3273949
Variant	tmVar:p|SUB|G|469|E;HGVS:p.G469E;VariantGroup:74;CorrespondingGene:673;RS#:121913355;CorrespondingSpecies:9606;CA#:279970	p.G469E	litvar	1	1	PMC3273949
Variant	tmVar:p|SUB|G|464|R;HGVS:p.G464R;VariantGroup:145;CorrespondingGene:673;RS#:121913349;CorrespondingSpecies:9606;CA#:16042578	p.G464R	litvar	1	1	PMC3273949
Variant	tmVar:p|SUB|G|466|R;HGVS:p.G466R;VariantGroup:50;CorrespondingGene:673;RS#:121913353;CorrespondingSpecies:9606;CA#:168090546	p.G466R	litvar	1	1	PMC3273949
Variant	tmVar:p|SUB|L|861|Q;HGVS:p.L861Q;VariantGroup:41;CorrespondingGene:1956;RS#:121913444;CorrespondingSpecies:9606;CA#:176021	p.L861Q	litvar	1	1	PMC3273949
Variant	tmVar:p|SUB|N|870|S;HGVS:p.N870S;VariantGroup:121;CorrespondingGene:4763;CorrespondingSpecies:9606	p.N870S	litvar	1	1	PMC3273949
Variant	tmVar:p|SUB|E|355|G;HGVS:p.E355G;VariantGroup:84;CorrespondingGene:207;RS#:1438024792;CorrespondingSpecies:9606	p.E355G	litvar	1	1	PMC3273949
Variant	tmVar:p|SUB|V|825|A;HGVS:p.V825A;VariantGroup:12;CorrespondingGene:3815;RS#:121913524;CorrespondingSpecies:9606;CA#:16602706	p.V825A	litvar	1	1	PMC3273949
Variant	tmVar:p|SUB|T|790|M;HGVS:p.T790M;VariantGroup:73;CorrespondingGene:1956;RS#:121434569;CorrespondingSpecies:9606;CA#:90928	p.T790M	litvar	1	1	PMC3273949
Variant	tmVar:p|SUB|M|918|T;HGVS:p.M918T;VariantGroup:33;CorrespondingGene:5979;RS#:74799832;CorrespondingSpecies:9606;CA#:9082	p.M918T	litvar	1	1	PMC3273949
Variant	tmVar:p|SUB|K|601|E;HGVS:p.K601E;VariantGroup:155;CorrespondingGene:673;RS#:121913364;CorrespondingSpecies:9606;CA#:123645	p.K601E	litvar	1	1	PMC3273949
Variant	tmVar:p|SUB|E|709|A,G;HGVS:p.E709A,G;VariantGroup:10;CorrespondingGene:1956;RS#:397517085(Expired);CorrespondingSpecies:9606	p.E709A,G	litvar	1	1	PMC3273949
Variant	tmVar:c|DEL|751|T;HGVS:c.751delT;VariantGroup:128;CorrespondingGene:4763;CorrespondingSpecies:9606	c.751delT	litvar	1	1	PMC3273949
Variant	tmVar:p|SUB|P|539|R;HGVS:p.P539R;VariantGroup:30;CorrespondingGene:5290;RS#:121913285;CorrespondingSpecies:9606;CA#:16602696	p.P539R	litvar	1	1	PMC3273949
Variant	tmVar:p|SUB|P|753|S;HGVS:p.P753S;VariantGroup:60;CorrespondingGene:2260;RS#:121909642;CorrespondingSpecies:9606;CA#:130223	p.P753S	litvar	1	1	PMC3273949
Variant	tmVar:p|SUB|K|650|T;HGVS:p.K650T;VariantGroup:51;CorrespondingGene:2261;RS#:121913105;CorrespondingSpecies:9606;CA#:345185	p.K650T	litvar	1	1	PMC3273949
Variant	tmVar:p|SUB|A|289|V;HGVS:p.A289V;VariantGroup:48;CorrespondingGene:1956;RS#:149840192;CorrespondingSpecies:9606;CA#:16602664	p.A289V	litvar	1	1	PMC3273949
Variant	tmVar:p|SUB|V||G;VariantGroup:135;CorrespondingGene:4763;CorrespondingSpecies:9606	#4763#	litvar	1	1	PMC3273949
Variant	tmVar:p|SUB|E|255|V;HGVS:p.E255V;VariantGroup:143;CorrespondingGene:25;RS#:121913449;CorrespondingSpecies:9606;CA#:16602552	p.E255V	litvar	1	1	PMC3273949
Variant	tmVar:p|SUB|W|557|R;HGVS:p.W557R;VariantGroup:3;CorrespondingGene:3815;RS#:121913235;CorrespondingSpecies:9606;CA#:16602391	p.W557R	litvar	1	1	PMC3273949
Variant	tmVar:p|SUB|F|359|V;HGVS:p.F359V;VariantGroup:49;CorrespondingGene:25;RS#:121913452;CorrespondingSpecies:9606;CA#:16602557	p.F359V	litvar	1	1	PMC3273949
Variant	tmVar:p|SUB|R|371|H;HGVS:p.R371H;VariantGroup:75;CorrespondingGene:208;RS#:778561687;CorrespondingSpecies:9606;CA#:16602505	p.R371H	litvar	1	1	PMC3273949
Variant	tmVar:|INS|769,770|V,ASV;HGVS:c.769,770insV,ASV;VariantGroup:85;CorrespondingGene:4763;CorrespondingSpecies:9606	c.769,770insV,ASV	litvar	1	1	PMC3273949
Variant	tmVar:p|SUB|G|12|C;HGVS:p.G12C;VariantGroup:163;CorrespondingGene:3845;RS#:121913530;CorrespondingSpecies:9606;CA#:122528	p.G12C	litvar	1	1	PMC3273949
Variant	tmVar:p|INS|774,775|C,HV;HGVS:p.C,HV774,775ins;VariantGroup:97;CorrespondingGene:4763;CorrespondingSpecies:9606	p.C,HV774,775ins	litvar	1	1	PMC3273949
Variant	tmVar:p|SUB|A|391|E;HGVS:p.A391E;VariantGroup:70;CorrespondingGene:2261;RS#:28931615;CorrespondingSpecies:9606;CA#:249860	p.A391E	litvar	1	1	PMC3273949
Variant	tmVar:p|SUB|S|847|T;HGVS:p.S847T;VariantGroup:92;CorrespondingGene:2322;RS#:201398123;CorrespondingSpecies:9606	p.S847T	litvar	1	1	PMC3273949
Variant	tmVar:p|DEL|555|V;HGVS:p.V555del;VariantGroup:101;CorrespondingGene:4763;CorrespondingSpecies:9606	p.V555del	litvar	1	1	PMC3273949
Variant	tmVar:p|SUB|Y|568|D;HGVS:p.Y568D;VariantGroup:137;CorrespondingGene:4763;CorrespondingSpecies:9606	p.Y568D	litvar	1	1	PMC3273949
Variant	tmVar:p|SUB|V|561|D;HGVS:p.V561D;VariantGroup:160;CorrespondingGene:5156;RS#:121908586;CorrespondingSpecies:9606;CA#:123203	p.V561D	litvar	1	1	PMC3273949
Variant	tmVar:p|SUB|G|469|A;HGVS:p.G469A;VariantGroup:74;CorrespondingGene:673;RS#:121913355;CorrespondingSpecies:9606;CA#:279970	p.G469A	litvar	1	1	PMC3273949
Variant	tmVar:p|SUB|E|561|K;HGVS:p.E561K;VariantGroup:19;CorrespondingGene:3717;RS#:762266020;CorrespondingSpecies:9606;CA#:4971932	p.E561K	litvar	1	1	PMC3273949
Variant	tmVar:p|SUB|Y|1230|C;HGVS:p.Y1230C;VariantGroup:138;CorrespondingGene:4763;CorrespondingSpecies:9606	p.Y1230C	litvar	1	1	PMC3273949
Variant	tmVar:|DEL|843,846|I,D;HGVS:c.843,846delI,D;VariantGroup:126;CorrespondingGene:4763;CorrespondingSpecies:9606	c.843,846delI,D	litvar	1	1	PMC3273949
Variant	tmVar:p|SUB|E|319|G;HGVS:p.E319G;VariantGroup:31;CorrespondingGene:207;RS#:12881616;CorrespondingSpecies:9606;CA#:267349193	p.E319G	litvar	1	1	PMC3273949
Variant	tmVar:p|SUB|E|255|K;HGVS:p.E255K;VariantGroup:142;CorrespondingGene:25;RS#:121913448;CorrespondingSpecies:9606;CA#:16602551	p.E255K	litvar	1	1	PMC3273949
Variant	tmVar:p|SUB|P|252|T;HGVS:p.P252T;VariantGroup:64;CorrespondingGene:2260;RS#:121913472;CorrespondingSpecies:9606;CA#:16602744	p.P252T	litvar	1	1	PMC3273949
Variant	tmVar:p|SUB|G|12|F;HGVS:p.G12F;VariantGroup:6;CorrespondingGene:5156;RS#:1440200916;CorrespondingSpecies:9606	p.G12F	litvar	1	1	PMC3273949
Variant	tmVar:p|SUB|P|388|T;HGVS:p.P388T;VariantGroup:57;CorrespondingGene:207;RS#:11555431;CorrespondingSpecies:9606;CA#:267349033	p.P388T	litvar	1	1	PMC3273949
Variant	tmVar:p|SUB|D|276|G;HGVS:p.D276G;VariantGroup:56;CorrespondingGene:25;RS#:121913447;CorrespondingSpecies:9606;CA#:200645023	p.D276G	litvar	1	1	PMC3273949
Variant	tmVar:p|SUB|D|816|H;HGVS:p.D816H;VariantGroup:178;CorrespondingGene:3815;RS#:121913506;CorrespondingSpecies:9606;CA#:123540	p.D816H	litvar	1	1	PMC3273949
Variant	tmVar:p|SUB|S|768|I;HGVS:p.S768I;VariantGroup:63;CorrespondingGene:1956;RS#:121913465;CorrespondingSpecies:9606;CA#:135840	p.S768I	litvar	1	1	PMC3273949
Variant	tmVar:p|SUB|V|559|D,A;HGVS:p.V559D,A;VariantGroup:159;CorrespondingGene:3815;RS#:121913517;CorrespondingSpecies:9606	p.V559D,A	litvar	1	1	PMC3273949
Variant	tmVar:p|SUB|S|302|G;HGVS:p.S302G;VariantGroup:82;CorrespondingGene:208;RS#:1057519754;CorrespondingSpecies:9606	p.S302G	litvar	1	1	PMC3273949
Variant	tmVar:p|SUB|V|461|L;HGVS:p.V461L;VariantGroup:17;CorrespondingGene:207;RS#:11555435;CorrespondingSpecies:9606;CA#:267348052	p.V461L	litvar	1	1	PMC3273949
Variant	tmVar:|SUB|G|13|V,A,D;HGVS:c.13G>V,A,D;VariantGroup:171;CorrespondingGene:3717;RS#:759031245;CorrespondingSpecies:9606	c.13G>V,A,D	litvar	1	1	PMC3273949
Variant	tmVar:p|SUB|Q|252|H;HGVS:p.Q252H;VariantGroup:140;CorrespondingGene:25;RS#:121913458;CorrespondingSpecies:9606;CA#:16602548	p.Q252H	litvar	1	1	PMC3273949
Variant	tmVar:p|SUB|S|752|D;HGVS:p.S752D;VariantGroup:86;CorrespondingGene:4763;CorrespondingSpecies:9606	p.S752D	litvar	1	1	PMC3273949
Variant	tmVar:p|SUB|T|751|I;HGVS:p.T751I;VariantGroup:157;CorrespondingGene:1956;RS#:727504316(Expired);CorrespondingSpecies:9606;CA#:180736	p.T751I	litvar	1	1	PMC3273949
Variant	tmVar:p|SUB|V|600|L;HGVS:p.V600L;VariantGroup:154;CorrespondingGene:673;RS#:121913378;CorrespondingSpecies:9606;CA#:135104	p.V600L	litvar	1	1	PMC3273949
Variant	tmVar:p|SUB|G|12|D;HGVS:p.G12D;VariantGroup:167;CorrespondingGene:3845;RS#:121913529;CorrespondingSpecies:9606;CA#:122538	p.G12D	litvar	1	1	PMC3273949
Variant	tmVar:p|SUB|V|600|K;HGVS:p.V600K;VariantGroup:152;CorrespondingGene:673;RS#:121913227;CorrespondingSpecies:9606;CA#:16602420	p.V600K	litvar	1	1	PMC3273949
Variant	tmVar:p|SUB|G|469|S;HGVS:p.G469S;VariantGroup:146;CorrespondingGene:673;RS#:1057519720;CorrespondingSpecies:9606;CA#:16602534	p.G469S	litvar	1	1	PMC3273949
Variant	tmVar:p|SUB|G|464|V;HGVS:p.G464V;VariantGroup:2;CorrespondingGene:673;RS#:121913348;CorrespondingSpecies:9606;CA#:135076	p.G464V	litvar	1	1	PMC3273949
Variant	tmVar:p|SUB|G|596|R;HGVS:p.G596R;VariantGroup:88;CorrespondingGene:673;RS#:121913361;CorrespondingSpecies:9606;CA#:16602422	p.G596R	litvar	1	1	PMC3273949
Variant	tmVar:p|SUB|A|59|T;HGVS:p.A59T;VariantGroup:90;CorrespondingGene:5979;RS#:376565365;CorrespondingSpecies:9606;CA#:35435	p.A59T	litvar	1	1	PMC3273949
Variant	tmVar:p|SUB|F|311|L;HGVS:p.F311L;VariantGroup:40;CorrespondingGene:25;RS#:137853304;CorrespondingSpecies:9606;CA#:122587	p.F311L	litvar	1	1	PMC3273949
Variant	tmVar:p|SUB|D|835|H,Y;HGVS:p.D835H,Y;VariantGroup:66;CorrespondingGene:2322;RS#:121913488;CorrespondingSpecies:9606	p.D835H,Y	litvar	1	1	PMC3273949
Variant	tmVar:|INS|503,504|Y,AY;HGVS:c.503,504insY,AY;VariantGroup:131;CorrespondingGene:4763;CorrespondingSpecies:9606	c.503,504insY,AY	litvar	1	1	PMC3273949
Variant	tmVar:p|SUB|V|560|D;HGVS:p.V560D;VariantGroup:11;CorrespondingGene:3815;RS#:121913521;CorrespondingSpecies:9606;CA#:16602396	p.V560D	litvar	1	1	PMC3273949
Variant	tmVar:p|SUB|A|18|T;HGVS:p.A18T;VariantGroup:4;CorrespondingGene:2261;RS#:908992323;CorrespondingSpecies:9606;CA#:91266062	p.A18T	litvar	1	1	PMC3273949
Variant	tmVar:p|SUB|L|597|V;HGVS:p.L597V;VariantGroup:43;CorrespondingGene:673;RS#:121913369;CorrespondingSpecies:9606;CA#:123651	p.L597V	litvar	1	1	PMC3273949
Variant	tmVar:p|SUB|F|468|C;HGVS:p.F468C;VariantGroup:118;CorrespondingGene:4763;CorrespondingSpecies:9606	p.F468C	litvar	1	1	PMC3273949
Variant	tmVar:p|SUB|D|594|V;HGVS:p.D594V;VariantGroup:69;CorrespondingGene:673;RS#:121913338;CorrespondingSpecies:9606;CA#:16602425	p.D594V	litvar	1	1	PMC3273949
Variant	tmVar:p|SUB|C|634|Y;HGVS:p.C634Y;VariantGroup:173;CorrespondingGene:5979;RS#:75996173;CorrespondingSpecies:9606;CA#:8348	p.C634Y	litvar	1	1	PMC3273949
Variant	tmVar:p|SUB|E|542|K;HGVS:p.E542K;VariantGroup:68;CorrespondingGene:5290;RS#:121913273;CorrespondingSpecies:9606;CA#:333572	p.E542K	litvar	1	1	PMC3273949
Variant	tmVar:p|SUB|N|345|K;HGVS:p.N345K;VariantGroup:18;CorrespondingGene:5290;RS#:121913284;CorrespondingSpecies:9606;CA#:16602517	p.N345K	litvar	1	1	PMC3273949
Variant	tmVar:p|SUB|T|263|P;HGVS:p.T263P;VariantGroup:0;CorrespondingGene:1956;RS#:1057519829;CorrespondingSpecies:9606	p.T263P	litvar	1	1	PMC3273949
Variant	tmVar:p|SUB|G|250|E;HGVS:p.G250E;VariantGroup:61;CorrespondingGene:25;RS#:121913453;CorrespondingSpecies:9606;CA#:16602547	p.G250E	litvar	1	1	PMC3273949
Variant	tmVar:p|SUB|E|709|K;HGVS:p.E709K;VariantGroup:177;CorrespondingGene:1956;RS#:727504256(Expired);CorrespondingSpecies:9606;CA#:180563	p.E709K	litvar	1	1	PMC3273949
Variant	tmVar:p|SUB|T|315|I;HGVS:p.T315I;VariantGroup:67;CorrespondingGene:25;RS#:121913459;CorrespondingSpecies:9606;CA#:122575	p.T315I	litvar	1	1	PMC3273949
Variant	tmVar:p|SUB|Q|546|K;HGVS:p.Q546K;VariantGroup:22;CorrespondingGene:5290;RS#:121913286;CorrespondingSpecies:9606;CA#:123338	p.Q546K	litvar	1	1	PMC3273949
Variant	tmVar:p|SUB|T|674|I;HGVS:p.T674I;VariantGroup:13;CorrespondingGene:5156;RS#:121908587;CorrespondingSpecies:9606;CA#:123215	p.T674I	litvar	1	1	PMC3273949
Variant	tmVar:p|SUB|P|585|P;HGVS:p.P585P;VariantGroup:46;CorrespondingGene:3815;RS#:121913515;CorrespondingSpecies:9606;CA#:96875835	p.P585P	litvar	1	1	PMC3273949
Variant	tmVar:c|Allele|A|572;VariantGroup:3;CorrespondingGene:3718;RS#:121913504;CorrespondingSpecies:9606	rs121913504	litvar	1	1	PMC3366948
Variant	tmVar:p|SUB|H|1297|Y;HGVS:p.H1297Y;VariantGroup:1;CorrespondingGene:80312;RS#:1389826598;CorrespondingSpecies:9606	p.H1297Y	litvar	1	1	PMC3366948
Variant	tmVar:p|Allele|R|1027;VariantGroup:2;CorrespondingGene:7297;RS#:1387668386;CorrespondingSpecies:9606	rs1387668386	litvar	1	1	PMC3366948
Variant	tmVar:p|Allele|V|600;VariantGroup:0;OriginalGene:109880;CorrespondingGene:673;CorrespondingSpecies:10090	#673#	litvar	1	1	PMC3447199
Variant	tmVar:c|Allele|C|4;VariantGroup:0;OriginalGene:140616;CorrespondingGene:6663;CorrespondingSpecies:7955	#6663#	litvar	1	1	PMC3484870
Variant	tmVar:c|Allele|G|4;VariantGroup:0;OriginalGene:140616;CorrespondingGene:6663;CorrespondingSpecies:7955	#6663#	litvar	1	1	PMC3484870
Variant	tmVar:p|Allele|E|4;VariantGroup:0;OriginalGene:140616;CorrespondingGene:6663;CorrespondingSpecies:7955	#6663#	litvar	1	1	PMC3484870
Variant	tmVar:c|Allele|A|4;VariantGroup:0;OriginalGene:140616;CorrespondingGene:6663;CorrespondingSpecies:7955	#6663#	litvar	1	1	PMC3484870
Variant	tmVar:c|Allele|TTTTTATATCTCATGTTTAGCTCAC|-3;VariantGroup:3;CorrespondingGene:4784;CorrespondingSpecies:9606	#4784#	litvar	1	1	PMC3484870
Variant	tmVar:|Allele|CTCTCTTCGA,CTCTCGCCATCTGCTGTATCAGCTGC|3;VariantGroup:1;CorrespondingGene:4763;CorrespondingSpecies:9606	#4763#	litvar	1	1	PMC3484870
Variant	tmVar:p|SUB|A|97|V;HGVS:p.A97V;VariantGroup:46;CorrespondingGene:1029;RS#:121913385;CorrespondingSpecies:9606	p.A97V	litvar	1	1	PMC3554420
Variant	tmVar:p|SUB|F|134|S;HGVS:p.F134S;VariantGroup:43;CorrespondingGene:1029;CorrespondingSpecies:9606	p.F134S	litvar	1	1	PMC3554420
Variant	tmVar:p|FS|G|67||53;HGVS:p.G67fsX53;VariantGroup:21;CorrespondingGene:1029;CorrespondingSpecies:9606	p.G67fsX53	litvar	1	1	PMC3554420
Variant	tmVar:p|SUB|R|213|X;HGVS:p.R213X;VariantGroup:15;CorrespondingGene:7157;RS#:397516436(Expired);CorrespondingSpecies:9606;CA#:301	p.R213X	litvar	1	1	PMC3554420
Variant	tmVar:p|SUB|R|196|X;HGVS:p.R196X;VariantGroup:10;CorrespondingGene:7157;RS#:397516435(Expired);CorrespondingSpecies:9606;CA#:282	p.R196X	litvar	1	1	PMC3554420
Variant	tmVar:p|SUB|R|342|X;HGVS:p.R342X;VariantGroup:8;CorrespondingGene:7157;RS#:730882029;CorrespondingSpecies:9606;CA#:19	p.R342X	litvar	1	1	PMC3554420
Variant	tmVar:p|FS|R|122||79;HGVS:p.R122fsX79;VariantGroup:25;CorrespondingGene:1029;CorrespondingSpecies:9606	p.R122fsX79	litvar	1	1	PMC3554420
Variant	tmVar:p|SUB|Q|61|R;HGVS:p.Q61R;VariantGroup:4;CorrespondingGene:3265;RS#:121913233;CorrespondingSpecies:9606;CA#:173968	p.Q61R	litvar	1	1	PMC3554420
Variant	tmVar:p|SUB|E|61|X;HGVS:p.E61X;VariantGroup:49;CorrespondingGene:1029;RS#:121913382;CorrespondingSpecies:9606;CA#:16602755	p.E61X	litvar	1	1	PMC3554420
Variant	tmVar:p|SUB|P|72|L;HGVS:p.P72L;VariantGroup:3;CorrespondingGene:1029;RS#:121913387;CorrespondingSpecies:9606	p.P72L	litvar	1	1	PMC3554420
Variant	tmVar:|DEL|316|316;HGVS:c.316del316;VariantGroup:41;CorrespondingGene:1029;CorrespondingSpecies:9606	c.316del316	litvar	1	1	PMC3554420
Variant	tmVar:p|SUB|P|81|L;HGVS:p.P81L;VariantGroup:5;CorrespondingGene:1029;RS#:11552823;CorrespondingSpecies:9606;CA#:190730193	p.P81L	litvar	1	1	PMC3554420
Variant	tmVar:p|SUB|I|50|N;HGVS:p.I50N;VariantGroup:13;CorrespondingGene:7157;RS#:370502517;CorrespondingSpecies:9606;CA#:59	p.I50N	litvar	1	1	PMC3554420
Variant	tmVar:p|SUB|S|366|P;HGVS:p.S366P;VariantGroup:7;CorrespondingGene:7157;RS#:17881470;CorrespondingSpecies:9606	p.S366P	litvar	1	1	PMC3554420
Variant	tmVar:p|SUB|Q|61|L;HGVS:p.Q61L;VariantGroup:47;OriginalGene:24605;CorrespondingGene:4893;RS#:11554290;CorrespondingSpecies:10116;CA#:16602361	p.Q61L	litvar	1	1	PMC3554420
Variant	tmVar:p|SUB|P|38|L;HGVS:p.P38L;VariantGroup:9;OriginalGene:25718;CorrespondingGene:3480;RS#:867336086;CorrespondingSpecies:10116;CA#:275819442	p.P38L	litvar	1	1	PMC3554420
Variant	tmVar:p|SUB|L|139|X;HGVS:p.L139X;VariantGroup:12;OriginalGene:50557;CorrespondingGene:5728;RS#:1085308048;CorrespondingSpecies:10116	p.L139X	litvar	1	1	PMC3554420
Variant	tmVar:p|SUB|H|83|Y;HGVS:p.H83Y;VariantGroup:45;CorrespondingGene:1029;RS#:121913385;CorrespondingSpecies:9606;CA#:16602753	p.H83Y	litvar	1	1	PMC3554420
Variant	tmVar:c|SUB|G||A;VariantGroup:36;CorrespondingGene:1029;CorrespondingSpecies:9606	#1029#	litvar	1	1	PMC3554420
Variant	tmVar:p|SUB|P|114|L;HGVS:p.P114L;VariantGroup:0;CorrespondingGene:1029;RS#:121913386;CorrespondingSpecies:9606;CA#:16602261	p.P114L	litvar	1	1	PMC3554420
Variant	tmVar:p|SUB|R|58|X;HGVS:p.R58X;VariantGroup:3;CorrespondingGene:1029;RS#:121913387;CorrespondingSpecies:9606;CA#:16602756	p.R58X	litvar	1	1	PMC3554420
Variant	tmVar:p|SUB|G|102|E;HGVS:p.G102E;VariantGroup:18;CorrespondingGene:4214;RS#:1344861725;CorrespondingSpecies:9606	p.G102E	litvar	1	1	PMC3554420
Variant	tmVar:p|SUB|E|88|K;HGVS:p.E88K;VariantGroup:14;RS#:953088090;CA#:234220903	p.E88K	litvar	1	1	PMC3554420
Variant	tmVar:p|SUB|G|83|V;HGVS:p.G83V;VariantGroup:1;CorrespondingGene:1029;RS#:121913383;CorrespondingSpecies:9606	p.G83V	litvar	1	1	PMC3554420
Variant	tmVar:p|SUB|F|56|I;HGVS:p.F56I;VariantGroup:28;CorrespondingGene:1029;CorrespondingSpecies:9606	p.F56I	litvar	1	1	PMC3554420
Variant	tmVar:p|SUB|Q|298|X;HGVS:p.Q298X;VariantGroup:19;OriginalGene:50557;CorrespondingGene:5728;RS#:371387815;CorrespondingSpecies:10116;CA#:219	p.Q298X	litvar	1	1	PMC3554420
Variant	tmVar:p|SUB|I|195|T;HGVS:p.I195T;VariantGroup:6;CorrespondingGene:7157;RS#:760043106;CorrespondingSpecies:9606;CA#:2232	p.I195T	litvar	1	1	PMC3554420
Variant	tmVar:p|SUB|Y|76|X;HGVS:p.Y76X;VariantGroup:27;CorrespondingGene:1029;CorrespondingSpecies:9606	p.Y76X	litvar	1	1	PMC3554420
Variant	tmVar:p|SUB|R|248|W;HGVS:p.R248W;VariantGroup:2;CorrespondingGene:7157;RS#:121912651;CorrespondingSpecies:9606;CA#:382	p.R248W	litvar	1	1	PMC3554420
Variant	tmVar:p|SUB|G|75|V;HGVS:p.G75V;VariantGroup:50;CorrespondingGene:1029;RS#:121913382;CorrespondingSpecies:9606	p.G75V	litvar	1	1	PMC3554420
Variant	tmVar:p|SUB|Q|61|K;HGVS:p.Q61K;VariantGroup:44;CorrespondingGene:3265;RS#:28933406;CorrespondingSpecies:9606;CA#:122547	p.Q61K	litvar	1	1	PMC3554420
Variant	tmVar:p|SUB|V|600|R;HGVS:p.V600R;VariantGroup:48;OriginalGene:114486;CorrespondingGene:673;RS#:121913227;CorrespondingSpecies:10116;CA#:16021333	p.V600R	litvar	1	1	PMC3554420
Variant	tmVar:p|SUB|E|69|X;HGVS:p.E69X;VariantGroup:1;CorrespondingGene:1029;RS#:121913383;CorrespondingSpecies:9606;CA#:16602754	p.E69X	litvar	1	1	PMC3554420
Variant	tmVar:c|SUB|G||C;VariantGroup:37;CorrespondingGene:1029;CorrespondingSpecies:9606	#1029#	litvar	1	1	PMC3554420
Variant	tmVar:c|Allele|T|600;VariantGroup:2;CorrespondingGene:673;RS#:113488022;CorrespondingSpecies:9606	rs113488022	litvar	1	1	PMC3647113
Variant	tmVar:p|SUB|D|549|N;HGVS:p.D549N;VariantGroup:9;CorrespondingGene:673;CorrespondingSpecies:9606	p.D549N	litvar	1	1	PMC3647113
Variant	tmVar:p|Allele|D|594;VariantGroup:0;CorrespondingGene:673;CorrespondingSpecies:9606	#673#	litvar	1	1	PMC3647113
Variant	tmVar:c|SUB|C|179|T;HGVS:c.179C>T;VariantGroup:6;CorrespondingGene:1029;RS#:36204594;CorrespondingSpecies:9606	c.179C>T	litvar	1	1	PMC3668138
Variant	tmVar:p|SUB|R|280|T;HGVS:p.R280T;VariantGroup:7;CorrespondingGene:7157;RS#:121912660;CorrespondingSpecies:9606;CA#:445	p.R280T	litvar	1	1	PMC3668138
Variant	tmVar:c|SUB|A|213|G;HGVS:c.213A>G;VariantGroup:2;CorrespondingGene:5290;RS#:879254355;CorrespondingSpecies:9606;CA#:10584687	c.213A>G	litvar	1	1	PMC3668138
Variant	tmVar:p|SUB|Q|61|H;HGVS:p.Q61H;VariantGroup:3;CorrespondingGene:4893;RS#:121913255;CorrespondingSpecies:9606;CA#:16042285	p.Q61H	litvar	1	1	PMC3668138
Variant	tmVar:p|SUB|S|241|T,W;HGVS:p.S241T,W;VariantGroup:5;CorrespondingGene:7157;RS#:786203396(Expired);CorrespondingSpecies:9606	p.S241T,W	litvar	1	1	PMC3668138
Variant	tmVar:p|SUB|H|1047|R;HGVS:p.H1047R;VariantGroup:1;CorrespondingGene:5290;RS#:121913279;CorrespondingSpecies:9606;CA#:123326	p.H1047R	litvar	1	1	PMC3668138
Variant	tmVar:c|SUB|A|136|G;HGVS:c.136A>G;VariantGroup:0;CorrespondingGene:558;RS#:1229998603;CorrespondingSpecies:9606	c.136A>G	litvar	1	1	PMC3668138
Variant	tmVar:p|Allele|H|1047;VariantGroup:6;CorrespondingGene:5290;RS#:121913279;CorrespondingSpecies:9606	rs121913279	litvar	1	1	PMC3816225
Variant	tmVar:p|Allele|G|13;VariantGroup:12;CorrespondingGene:3845;RS#:112445441;CorrespondingSpecies:9606	rs112445441	litvar	1	1	PMC3816225
Variant	tmVar:p|SUB|A|146|T;HGVS:p.A146T;VariantGroup:10;CorrespondingGene:3845;RS#:121913527;CorrespondingSpecies:9606;CA#:245262	p.A146T	litvar	1	1	PMC3816225
Variant	tmVar:p|Allele|E|545;VariantGroup:4;CorrespondingGene:5290;RS#:104886003;CorrespondingSpecies:9606	rs104886003	litvar	1	1	PMC3816225
Variant	tmVar:p|SUB|P|449|T;HGVS:p.P449T;VariantGroup:25;CorrespondingGene:7157;CorrespondingSpecies:9606	p.P449T	litvar	1	1	PMC3816225
Variant	tmVar:p|Allele|Q|61;VariantGroup:5;CorrespondingGene:5290;CorrespondingSpecies:9606	#5290#	litvar	1	1	PMC3816225
Variant	tmVar:p|Allele|E|542;VariantGroup:2;CorrespondingGene:5290;RS#:121913273;CorrespondingSpecies:9606	rs121913273	litvar	1	1	PMC3816225
Variant	tmVar:p|Allele|V|600;VariantGroup:18;CorrespondingGene:673;RS#:113488022;CorrespondingSpecies:9606	rs113488022	litvar	1	1	PMC3816225
Variant	tmVar:p|Allele|G|12;VariantGroup:11;CorrespondingGene:3845;RS#:121913529;CorrespondingSpecies:9606	rs121913529	litvar	1	1	PMC3816225
Variant	tmVar:p|FS|G|117||;HGVS:p.G117fsX;VariantGroup:21;CorrespondingGene:7157;CorrespondingSpecies:9606	p.G117fsX	litvar	1	1	PMC3816225
Variant	tmVar:p|FS|E|157||;HGVS:p.E157fsX;VariantGroup:22;CorrespondingGene:7157;CorrespondingSpecies:9606	p.E157fsX	litvar	1	1	PMC3816225
Variant	tmVar:p|SUB|R|248|W;HGVS:p.R248W;VariantGroup:14;CorrespondingGene:7157;RS#:121912651;CorrespondingSpecies:9606;CA#:382	p.R248W	litvar	1	1	PMC3816225
Variant	tmVar:p|SUB|G|245|D;HGVS:p.G245D;VariantGroup:8;CorrespondingGene:7157;RS#:121912656;CorrespondingSpecies:9606;CA#:371	p.G245D	litvar	1	1	PMC3816225
Variant	tmVar:p|SUB|A|159|D;HGVS:p.A159D;VariantGroup:23;CorrespondingGene:7157;CorrespondingSpecies:9606	p.A159D	litvar	1	1	PMC3816225
Variant	tmVar:p|SUB|E|204|X;HGVS:p.E204X;VariantGroup:24;CorrespondingGene:7157;CorrespondingSpecies:9606	p.E204X	litvar	1	1	PMC3816225
Variant	tmVar:p|SUB|C|176|Y;HGVS:p.C176Y;VariantGroup:19;CorrespondingGene:7157;RS#:786202962(Expired);CorrespondingSpecies:9606;CA#:254	p.C176Y	litvar	1	1	PMC3816225
Variant	tmVar:p|SUB|C|277|F;HGVS:p.C277F;VariantGroup:1;CorrespondingGene:7157;RS#:763098116;CorrespondingSpecies:9606;CA#:1518	p.C277F	litvar	1	1	PMC3816225
Variant	tmVar:p|SUB|A|14|V;HGVS:p.A14V;VariantGroup:17;CorrespondingGene:7157;RS#:1057519747;CorrespondingSpecies:9606	p.A14V	litvar	1	1	PMC3816225
Variant	tmVar:p|SUB|R|213|X;HGVS:p.R213X;VariantGroup:0;CorrespondingGene:7157;RS#:397516436(Expired);CorrespondingSpecies:9606;CA#:301	p.R213X	litvar	1	1	PMC3816225
Variant	tmVar:p|SUB|G|12|A;HGVS:p.G12A;VariantGroup:11;CorrespondingGene:3845;RS#:121913529;CorrespondingSpecies:9606;CA#:135567	p.G12A	litvar	1	1	PMC3816225
Variant	tmVar:p|SUB|Q|61|L;HGVS:p.Q61L;VariantGroup:5;CorrespondingGene:4893;RS#:11554290;CorrespondingSpecies:9606;CA#:16602361	p.Q61L	litvar	1	1	PMC3816225
Variant	tmVar:p|SUB|G|596|R;HGVS:p.G596R;VariantGroup:13;CorrespondingGene:673;RS#:121913361;CorrespondingSpecies:9606;CA#:16602422	p.G596R	litvar	1	1	PMC3816225
Variant	tmVar:p|SUB|G|245|S;HGVS:p.G245S;VariantGroup:26;CorrespondingGene:7157;RS#:28934575;CorrespondingSpecies:9606;CA#:367	p.G245S	litvar	1	1	PMC3816225
Variant	tmVar:p|SUB|K|805|A;HGVS:p.K805A;VariantGroup:3;CorrespondingGene:5979;CorrespondingSpecies:9606	p.K805A	litvar	1	1	PMC3836801
Variant	tmVar:p|SUB|C|695|R;HGVS:p.C695R;VariantGroup:0;CorrespondingGene:8452;RS#:759758641;CorrespondingSpecies:9606;CA#:2139789	p.C695R	litvar	1	1	PMC3836801
Variant	tmVar:p|SUB|F|1174|L;HGVS:p.F1174L;VariantGroup:1;OriginalGene:11682;CorrespondingGene:238;RS#:281864719;CorrespondingSpecies:10090;CA#:277829	p.F1174L	litvar	1	1	PMC3836801
Variant	tmVar:g|SUB|G|8363|A;HGVS:g.8363G>A;VariantGroup:0;CorrespondingGene:7351;CorrespondingSpecies:9606	g.8363G>A	litvar	1	1	PMC3885720
Variant	tmVar:p|SUB|R|462|Q;HGVS:p.R462Q;VariantGroup:0;CorrespondingGene:6041;RS#:486907;CorrespondingSpecies:9606;CA#:122817	p.R462Q	litvar	1	1	PMC3950186
Variant	tmVar:p|SUB|P|301|S;HGVS:p.P301S;VariantGroup:0;CorrespondingGene:673;RS#:34776339;CorrespondingSpecies:9606;CA#:4516878	p.P301S	litvar	1	1	PMC3982616
Variant	tmVar:p|SUB|F|1174|L;HGVS:p.F1174L;VariantGroup:0;OriginalGene:11682;CorrespondingGene:238;RS#:281864719;CorrespondingSpecies:10090;CA#:277829	p.F1174L	litvar	1	1	PMC4091572
Variant	tmVar:p|SUB|R|1331|W;HGVS:p.R1331W;VariantGroup:9;CorrespondingGene:3105;CorrespondingSpecies:9606	p.R1331W	litvar	1	1	PMC4355981
Variant	tmVar:p|SUB|A|74|P;HGVS:p.A74P;VariantGroup:5;CorrespondingGene:7157;CorrespondingSpecies:9606	p.A74P	litvar	1	1	PMC4355981
Variant	tmVar:p|SUB|K|132|Q;HGVS:p.K132Q;VariantGroup:2;CorrespondingGene:7157;RS#:747342068;CorrespondingSpecies:9606	p.K132Q	litvar	1	1	PMC4355981
Variant	tmVar:p|SUB|N|742|S;HGVS:p.N742S;VariantGroup:0;CorrespondingGene:672;RS#:1060499618;CorrespondingSpecies:9606	p.N742S	litvar	1	1	PMC4355981
Variant	tmVar:p|SUB|N|1657|S;HGVS:p.N1657S;VariantGroup:8;CorrespondingGene:3105;CorrespondingSpecies:9606	p.N1657S	litvar	1	1	PMC4355981
Variant	tmVar:p|SUB|E|700|Q;HGVS:p.E700Q;VariantGroup:7;CorrespondingGene:9947;CorrespondingSpecies:9606	p.E700Q	litvar	1	1	PMC4355981
Variant	tmVar:p|SUB|C|124|F;HGVS:p.C124F;VariantGroup:6;CorrespondingGene:3105;CorrespondingSpecies:9606	p.C124F	litvar	1	1	PMC4355981
Variant	tmVar:p|SUB|Y|220|C;HGVS:p.Y220C;VariantGroup:1;CorrespondingGene:7157;RS#:121912666;CorrespondingSpecies:9606;CA#:315	p.Y220C	litvar	1	1	PMC4355981
Variant	tmVar:p|SUB|G||V;VariantGroup:3;CorrespondingGene:3845;CorrespondingSpecies:9606	#3845#	litvar	1	1	PMC4453732
Variant	tmVar:p|SUB|G||D;VariantGroup:2;CorrespondingGene:3845;CorrespondingSpecies:9606	#3845#	litvar	1	1	PMC4453732
Variant	tmVar:p|SUB|G|12|D;HGVS:p.G12D;VariantGroup:0;OriginalGene:16653;CorrespondingGene:3845;RS#:121913529;CorrespondingSpecies:10090;CA#:122538	p.G12D	litvar	1	1	PMC4453732
Variant	tmVar:c|SUB|C|3520|T;HGVS:c.3520C>T;VariantGroup:0;OriginalGene:18015;CorrespondingGene:4763;RS#:868450405;CorrespondingSpecies:10090;CA#:289338189	c.3520C>T	litvar	1	1	PMC4492820
Variant	tmVar:p|Allele|S|88;VariantGroup:0;OriginalGene:852762;CorrespondingGene:991;CorrespondingSpecies:559292	#991#	litvar	1	1	PMC4615033
Variant	tmVar:p|Allele|S|52;VariantGroup:1;OriginalGene:852762;CorrespondingGene:991;CorrespondingSpecies:559292	#991#	litvar	1	1	PMC4615033
Variant	tmVar:p|SUB|S|52|A;HGVS:p.S52A;VariantGroup:1;OriginalGene:852762;CorrespondingGene:991;CorrespondingSpecies:559292	p.S52A	litvar	1	1	PMC4615033
Variant	tmVar:p|SUB|S|88|A;HGVS:p.S88A;VariantGroup:0;OriginalGene:852762;CorrespondingGene:991;CorrespondingSpecies:559292	p.S88A	litvar	1	1	PMC4615033
Variant	tmVar:c|SUB|G|2542|A;HGVS:c.2542G>A;VariantGroup:0;OriginalGene:18015;CorrespondingGene:4763;RS#:1060500368;CorrespondingSpecies:10090	c.2542G>A	litvar	1	1	PMC4958313
Variant	tmVar:c|Allele|C|-10;VariantGroup:4;OriginalGene:18015;CorrespondingGene:4763;CorrespondingSpecies:10090	#4763#	litvar	1	1	PMC4958313
Variant	tmVar:p|SUB|F|876|L;HGVS:p.F876L;VariantGroup:1;CorrespondingGene:4613;CorrespondingSpecies:9606	p.F876L	litvar	1	1	PMC5305101
Variant	tmVar:c|SUB|A|194|C;HGVS:c.194A>C;VariantGroup:13;CorrespondingGene:7157;RS#:899021678;CorrespondingSpecies:9606;CA#:287494927	c.194A>C	litvar	1	1	PMC5308618
Variant	tmVar:p|SUB|P|534|A;HGVS:p.P534A;VariantGroup:5;CorrespondingGene:5291;CorrespondingSpecies:9606	p.P534A	litvar	1	1	PMC5308618
Variant	tmVar:c|SUB|G|2542|C;HGVS:c.2542G>C;VariantGroup:2;CorrespondingGene:472;RS#:879254046;CorrespondingSpecies:9606	c.2542G>C	litvar	1	1	PMC5308618
Variant	tmVar:p|SUB|Q|65|P;HGVS:p.Q65P;VariantGroup:14;CorrespondingGene:7157;RS#:899021678;CorrespondingSpecies:9606;CA#:287494927	p.Q65P	litvar	1	1	PMC5308618
Variant	tmVar:p|SUB|P|383|A;HGVS:p.P383A;VariantGroup:6;CorrespondingGene:5291;CorrespondingSpecies:9606	p.P383A	litvar	1	1	PMC5308618
Variant	tmVar:c|SUB|C|1147|G;HGVS:c.1147C>G;VariantGroup:6;CorrespondingGene:5291;CorrespondingSpecies:9606	c.1147C>G	litvar	1	1	PMC5308618
Variant	tmVar:c|SUB|C|1600|G;HGVS:c.1600C>G;VariantGroup:5;CorrespondingGene:5291;CorrespondingSpecies:9606	c.1600C>G	litvar	1	1	PMC5308618
Variant	tmVar:c|SUB|GG|1516_1517|TT;HGVS:c.1516_1517GG>TT;VariantGroup:12;CorrespondingGene:5291;CorrespondingSpecies:9606	c.1516_1517GG>TT	litvar	1	1	PMC5308618
Variant	tmVar:p|SUB|G|506|F;HGVS:p.G506F;VariantGroup:11;CorrespondingGene:5291;CorrespondingSpecies:9606	p.G506F	litvar	1	1	PMC5308618
Variant	tmVar:p|SUB|M|246|I;HGVS:p.M246I;VariantGroup:4;CorrespondingGene:7157;RS#:1019340046;CorrespondingSpecies:9606;CA#:287487993	p.M246I	litvar	1	1	PMC5308618
Variant	tmVar:c|Allele|A|300-274;VariantGroup:9;CorrespondingGene:8243;CorrespondingSpecies:9606	#8243#	litvar	1	1	PMC5308618
Variant	tmVar:c|Allele|A|300_767;VariantGroup:10;CorrespondingGene:8243;CorrespondingSpecies:9606	#8243#	litvar	1	1	PMC5308618
Variant	tmVar:p|SUB|V|536|E;HGVS:p.V536E;VariantGroup:0;OriginalGene:386856;CorrespondingGene:5156;CorrespondingSpecies:7955	p.V536E	litvar	1	1	PMC5332555
Variant	tmVar:p|SUB|M|246|R;HGVS:p.M246R;VariantGroup:9;CorrespondingGene:7157;RS#:587780074;CorrespondingSpecies:9606;CA#:376	p.M246R	litvar	1	1	PMC5369315
Variant	tmVar:p|SUB|V|203|M;HGVS:p.V203M;VariantGroup:8;CorrespondingGene:7157;RS#:730882003;CorrespondingSpecies:9606;CA#:292	p.V203M	litvar	1	1	PMC5369315
Variant	tmVar:p|SUB|C|176|F;HGVS:p.C176F;VariantGroup:13;CorrespondingGene:7157;RS#:786202962(Expired);CorrespondingSpecies:9606	p.C176F	litvar	1	1	PMC5369315
Variant	tmVar:p|SUB|R|248|W;HGVS:p.R248W;VariantGroup:1;CorrespondingGene:7157;RS#:121912651;CorrespondingSpecies:9606;CA#:382	p.R248W	litvar	1	1	PMC5369315
Variant	tmVar:p|SUB|H|168|R;HGVS:p.H168R;VariantGroup:5;CorrespondingGene:7157;RS#:867114783;CorrespondingSpecies:9606;CA#:287488569	p.H168R	litvar	1	1	PMC5369315
Variant	tmVar:p|SUB|G|245|S;HGVS:p.G245S;VariantGroup:4;CorrespondingGene:7157;RS#:28934575;CorrespondingSpecies:9606;CA#:367	p.G245S	litvar	1	1	PMC5369315
Variant	tmVar:p|SUB|A|159|D;HGVS:p.A159D;VariantGroup:14;CorrespondingGene:57126;CorrespondingSpecies:9606	p.A159D	litvar	1	1	PMC5369315
Variant	tmVar:p|SUB|R|110|L;HGVS:p.R110L;VariantGroup:11;CorrespondingGene:7157;RS#:11540654;CorrespondingSpecies:9606;CA#:2845	p.R110L	litvar	1	1	PMC5369315
Variant	tmVar:p|SUB|F|1245|C;HGVS:p.F1245C;VariantGroup:10;CorrespondingGene:238;RS#:863225283;CorrespondingSpecies:9606;CA#:279597	p.F1245C	litvar	1	1	PMC5369315
Variant	tmVar:p|SUB|P|177|T;HGVS:p.P177T;VariantGroup:3;CorrespondingGene:7157;RS#:147002414;CorrespondingSpecies:9606	p.P177T	litvar	1	1	PMC5369315
Variant	tmVar:p|SUB|R|175|H;HGVS:p.R175H;VariantGroup:0;CorrespondingGene:7157;RS#:28934578;CorrespondingSpecies:9606;CA#:251	p.R175H	litvar	1	1	PMC5369315
Variant	tmVar:p|Allele|H|1047;VariantGroup:4;CorrespondingGene:5290;RS#:121913279;CorrespondingSpecies:9606	rs121913279	litvar	1	1	PMC5498998
Variant	tmVar:p|Allele|E|542;VariantGroup:0;CorrespondingGene:5290;RS#:121913273;CorrespondingSpecies:9606	rs121913273	litvar	1	1	PMC5498998
Variant	tmVar:p|Allele|G|12;VariantGroup:5;CorrespondingGene:3845;RS#:121913530;CorrespondingSpecies:9606	rs121913530	litvar	1	1	PMC5498998
Variant	tmVar:p|Allele|E|545;VariantGroup:6;CorrespondingGene:5290;RS#:104886003;CorrespondingSpecies:9606	rs104886003	litvar	1	1	PMC5498998
Variant	tmVar:p|Allele|Q|61;VariantGroup:8;CorrespondingGene:673;CorrespondingSpecies:9606	#673#	litvar	1	1	PMC5498998
Variant	tmVar:p|Allele|V|600;VariantGroup:1;CorrespondingGene:673;RS#:113488022;CorrespondingSpecies:9606	rs113488022	litvar	1	1	PMC5498998
Variant	tmVar:p|Allele|G|13;VariantGroup:3;CorrespondingGene:3845;RS#:112445441;CorrespondingSpecies:9606	rs112445441	litvar	1	1	PMC5498998
Variant	tmVar:p|SUB|P|286|R;HGVS:p.P286R;VariantGroup:9;OriginalGene:18973;CorrespondingGene:5426;RS#:1057519943;CorrespondingSpecies:10090	p.P286R	litvar	1	1	PMC5498998
Variant	tmVar:c|SUB|T||G;VariantGroup:33;OriginalGene:18973;CorrespondingGene:5426;CorrespondingSpecies:10090	#5426#	litvar	1	1	PMC5498998
Variant	tmVar:p|FS|K|267||;HGVS:p.K267fsX;VariantGroup:44;CorrespondingGene:260402;CorrespondingSpecies:9606	p.K267fsX	litvar	1	1	PMC5498998
Variant	tmVar:p|SUB|G|596|R;HGVS:p.G596R;VariantGroup:39;CorrespondingGene:260402;CorrespondingSpecies:9606	p.G596R	litvar	1	1	PMC5498998
Variant	tmVar:p|SUB|Q|61|H;HGVS:p.Q61H;VariantGroup:8;CorrespondingGene:3845;RS#:17851045;CorrespondingSpecies:9606;CA#:135552	p.Q61H	litvar	1	1	PMC5498998
Variant	tmVar:p|FS|E|157||;HGVS:p.E157fsX;VariantGroup:35;CorrespondingGene:5728;CorrespondingSpecies:9606	p.E157fsX	litvar	1	1	PMC5498998
Variant	tmVar:p|SUB|E|542|K;HGVS:p.E542K;VariantGroup:0;CorrespondingGene:5290;RS#:121913273;CorrespondingSpecies:9606;CA#:333572	p.E542K	litvar	1	1	PMC5498998
Variant	tmVar:p|SUB|G|129|X;HGVS:p.G129X;VariantGroup:43;CorrespondingGene:260402;CorrespondingSpecies:9606	p.G129X	litvar	1	1	PMC5498998
Variant	tmVar:p|SUB|H|179|R;HGVS:p.H179R;VariantGroup:18;CorrespondingGene:260402;CorrespondingSpecies:9606	p.H179R	litvar	1	1	PMC5498998
Variant	tmVar:p|SUB|G|245|D;HGVS:p.G245D;VariantGroup:11;CorrespondingGene:260402;CorrespondingSpecies:9606	p.G245D	litvar	1	1	PMC5498998
Variant	tmVar:p|FS|Y|107||;HGVS:p.Y107fsX;VariantGroup:24;CorrespondingGene:5728;CorrespondingSpecies:9606	p.Y107fsX	litvar	1	1	PMC5498998
Variant	tmVar:p|SUB|F|341|V;HGVS:p.F341V;VariantGroup:22;CorrespondingGene:260402;CorrespondingSpecies:9606	p.F341V	litvar	1	1	PMC5498998
Variant	tmVar:p|SUB|E|204|X;HGVS:p.E204X;VariantGroup:29;CorrespondingGene:5728;CorrespondingSpecies:9606	p.E204X	litvar	1	1	PMC5498998
Variant	tmVar:p|SUB|C|277|F;HGVS:p.C277F;VariantGroup:26;CorrespondingGene:260402;CorrespondingSpecies:9606	p.C277F	litvar	1	1	PMC5498998
Variant	tmVar:p|FS|P|72||;HGVS:p.P72fsX;VariantGroup:38;CorrespondingGene:260402;CorrespondingSpecies:9606	p.P72fsX	litvar	1	1	PMC5498998
Variant	tmVar:p|SUB|S|215|N;HGVS:p.S215N;VariantGroup:15;CorrespondingGene:7157;RS#:587782177;CorrespondingSpecies:9606	p.S215N	litvar	1	1	PMC5498998
Variant	tmVar:p|SUB|R|130|Q;HGVS:p.R130Q;VariantGroup:13;CorrespondingGene:5728;RS#:121909229;CorrespondingSpecies:9606;CA#:437	p.R130Q	litvar	1	1	PMC5498998
Variant	tmVar:p|SUB|V|14|A;HGVS:p.V14A;VariantGroup:7;CorrespondingGene:3845;RS#:104894365;CorrespondingSpecies:9606	p.V14A	litvar	1	1	PMC5498998
Variant	tmVar:p|SUB|C|176|Y;HGVS:p.C176Y;VariantGroup:42;CorrespondingGene:260402;CorrespondingSpecies:9606	p.C176Y	litvar	1	1	PMC5498998
Variant	tmVar:p|FS|K|382||;HGVS:p.K382fsX;VariantGroup:20;CorrespondingGene:5728;CorrespondingSpecies:9606	p.K382fsX	litvar	1	1	PMC5498998
Variant	tmVar:p|SUB|G|12|A;HGVS:p.G12A;VariantGroup:5;CorrespondingGene:3845;RS#:121913530;CorrespondingSpecies:9606;CA#:135565	p.G12A	litvar	1	1	PMC5498998
Variant	tmVar:p|SUB|V|14|I;HGVS:p.V14I;VariantGroup:7;CorrespondingGene:3845;RS#:104894365;CorrespondingSpecies:9606;CA#:156358	p.V14I	litvar	1	1	PMC5498998
Variant	tmVar:p|SUB|S|127|P;HGVS:p.S127P;VariantGroup:21;CorrespondingGene:5728;CorrespondingSpecies:9606	p.S127P	litvar	1	1	PMC5498998
Variant	tmVar:p|FS|Y|103||;HGVS:p.Y103fsX;VariantGroup:28;CorrespondingGene:5728;CorrespondingSpecies:9606	p.Y103fsX	litvar	1	1	PMC5498998
Variant	tmVar:p|SUB|Q|61|L;HGVS:p.Q61L;VariantGroup:8;CorrespondingGene:673;CorrespondingSpecies:9606	p.Q61L	litvar	1	1	PMC5498998
Variant	tmVar:p|SUB|Y|46|C;HGVS:p.Y46C;VariantGroup:41;CorrespondingGene:260402;CorrespondingSpecies:9606	p.Y46C	litvar	1	1	PMC5498998
Variant	tmVar:p|SUB|E|51|X;HGVS:p.E51X;VariantGroup:37;CorrespondingGene:260402;CorrespondingSpecies:9606	p.E51X	litvar	1	1	PMC5498998
Variant	tmVar:p|SUB|A|159|D;HGVS:p.A159D;VariantGroup:36;CorrespondingGene:260402;CorrespondingSpecies:9606	p.A159D	litvar	1	1	PMC5498998
Variant	tmVar:p|FS|P|403||;HGVS:p.P403fsX;VariantGroup:25;CorrespondingGene:260402;CorrespondingSpecies:9606	p.P403fsX	litvar	1	1	PMC5498998
Variant	tmVar:p|SUB|G|245|S;HGVS:p.G245S;VariantGroup:11;CorrespondingGene:7157;RS#:28934575;CorrespondingSpecies:9606;CA#:367	p.G245S	litvar	1	1	PMC5498998
Variant	tmVar:p|SUB|W|557|R;HGVS:p.W557R;VariantGroup:4;CorrespondingGene:3815;RS#:121913235;CorrespondingSpecies:9606;CA#:16602391	p.W557R	litvar	1	1	PMC5527484
Variant	tmVar:p|SUB|Q|209|H;HGVS:p.Q209H;VariantGroup:0;CorrespondingGene:7157;RS#:1289241865;CorrespondingSpecies:9606	p.Q209H	litvar	1	1	PMC5527484
Variant	tmVar:p|SUB|R|183|C;HGVS:p.R183C;VariantGroup:1;RS#:397514698(Expired)	p.R183C	litvar	1	1	PMC5527484
Variant	tmVar:p|SUB|N|822|I;HGVS:p.N822I;VariantGroup:3;CorrespondingGene:3815;RS#:993022333;CorrespondingSpecies:9606	p.N822I	litvar	1	1	PMC5527484
Variant	tmVar:p|Allele|Q|209;VariantGroup:0;CorrespondingGene:7157;RS#:1289241865;CorrespondingSpecies:9606	rs1289241865	litvar	1	1	PMC5527484
Variant	tmVar:p|SUB|V|559|A;HGVS:p.V559A;VariantGroup:2;CorrespondingGene:3815;RS#:121913517;CorrespondingSpecies:9606;CA#:123545	p.V559A	litvar	1	1	PMC5527484
Variant	tmVar:p|SUB|R|183|Q;HGVS:p.R183Q;VariantGroup:1;CorrespondingGene:2776;RS#:397514698(Expired);CorrespondingSpecies:9606;CA#:143805	p.R183Q	litvar	1	1	PMC5527484
Variant	tmVar:p|SUB|L|576|P;HGVS:p.L576P;VariantGroup:6;CorrespondingGene:3815;RS#:121913513;CorrespondingSpecies:9606;CA#:16602401	p.L576P	litvar	1	1	PMC5527484
Variant	tmVar:p|SUB|S||T;VariantGroup:7;CorrespondingGene:673;CorrespondingSpecies:9606	#673#	litvar	1	1	PMC5579334
Variant	tmVar:p|SUB|R|110|P;HGVS:p.R110P;VariantGroup:1;CorrespondingGene:7157;RS#:11540654;CorrespondingSpecies:9606;CA#:10580948	p.R110P	litvar	1	1	PMC5579334
Variant	tmVar:p|SUB|P|152|L;HGVS:p.P152L;VariantGroup:8;CorrespondingGene:7157;RS#:587782705;CorrespondingSpecies:9606;CA#:204	p.P152L	litvar	1	1	PMC5579334
Variant	tmVar:p|Allele|X|;VariantGroup:5;CorrespondingGene:7157;CorrespondingSpecies:9606	#7157#	litvar	1	1	PMC5583477
Variant	tmVar:p|SUB|S|6|E;HGVS:p.S6E;VariantGroup:4;OriginalGene:22352;CorrespondingGene:7431;CorrespondingSpecies:10090	p.S6E	litvar	1	1	PMC5583477
Variant	tmVar:p|Allele|E|600;VariantGroup:0;CorrespondingGene:673;RS#:113488022;CorrespondingSpecies:9606	rs113488022	litvar	1	1	PMC5641092
Variant	tmVar:p|SUB|M|7|I;HGVS:p.M7I;VariantGroup:2;CorrespondingGene:4057;CorrespondingSpecies:9606	p.M7I	litvar	1	1	PMC5641092
Variant	tmVar:p|SUB|V|600|K;HGVS:p.V600K;VariantGroup:3;CorrespondingGene:673;RS#:121913227;CorrespondingSpecies:9606;CA#:16602420	p.V600K	litvar	1	1	PMC5641092
Variant	tmVar:p|SUB|F|12|K;HGVS:p.F12K;VariantGroup:2;CorrespondingGene:1950;CorrespondingSpecies:9606	p.F12K	litvar	1	1	PMC5827037
Variant	tmVar:p|SUB|D|1644|V;HGVS:p.D1644V;VariantGroup:5;CorrespondingGene:4763;CorrespondingSpecies:9606	p.D1644V	litvar	1	1	PMC5978249
Variant	tmVar:p|SUB|D|1623|V;HGVS:p.D1623V;VariantGroup:2;CorrespondingGene:4763;CorrespondingSpecies:9606	p.D1623V	litvar	1	1	PMC5978249
Variant	tmVar:p|SUB|R|1276|X;HGVS:p.R1276X;VariantGroup:0;CorrespondingGene:4763;RS#:199474742;CorrespondingSpecies:9606;CA#:8486236	p.R1276X	litvar	1	1	PMC5978249
Variant	tmVar:p|Allele|S|6;VariantGroup:1;CorrespondingGene:1978;CorrespondingSpecies:9606	#1978#	litvar	1	1	PMC5978249
Variant	tmVar:p|SUB|C||S;VariantGroup:4;CorrespondingGene:4763;CorrespondingSpecies:9606	#4763#	litvar	1	1	PMC6101293
Variant	tmVar:p|SUB|H|1721|Q;HGVS:p.H1721Q;VariantGroup:0;OriginalGene:18015;CorrespondingGene:4763;RS#:267604792;CorrespondingSpecies:10090;CA#:289377349	p.H1721Q	litvar	1	1	PMC6101293
Variant	tmVar:p|SUB|P|1667|S;HGVS:p.P1667S;VariantGroup:1;OriginalGene:18015;CorrespondingGene:4763;RS#:865781825;CorrespondingSpecies:10090;CA#:289377115	p.P1667S	litvar	1	1	PMC6101293
Variant	tmVar:p|SUB|R|2517|*;HGVS:p.R2517*;VariantGroup:5;CorrespondingGene:4763;CorrespondingSpecies:9606	p.R2517*	litvar	1	1	PMC6101293
Variant	tmVar:p|SUB|V|600|E;HGVS:p.V600E;VariantGroup:2;OriginalGene:109880;CorrespondingGene:673;RS#:113488022;CorrespondingSpecies:10090;CA#:123643	p.V600E	litvar	1	1	PMC6101293
Variant	tmVar:rs1917799;VariantGroup:0;RS#:1917799	rs1917799	litvar	1	1	PMC6115972
Variant	tmVar:p|Allele|R|1947;VariantGroup:0;OriginalGene:100526136;CorrespondingGene:4763;CorrespondingSpecies:9823	#4763#	litvar	1	1	PMC6168575
Variant	tmVar:p|SUB|R|1947|*;HGVS:p.R1947*;VariantGroup:0;OriginalGene:100526136;CorrespondingGene:4763;CorrespondingSpecies:9823	p.R1947*	litvar	1	1	PMC6168575
Variant	tmVar:c|Allele|C|500;VariantGroup:1;CorrespondingGene:4254;CorrespondingSpecies:9606	#4254#	litvar	1	1	PMC6168575
Variant	tmVar:c|SUB|A|5233|G;HGVS:c.5233A>G;VariantGroup:0;CorrespondingGene:4763;CorrespondingSpecies:9606	c.5233A>G	litvar	1	1	PMC6411871
Variant	tmVar:p|SUB|K|1745|E;HGVS:p.K1745E;VariantGroup:0;CorrespondingGene:4763;CorrespondingSpecies:9606	p.K1745E	litvar	1	1	PMC6411871
Variant	tmVar:p|SUB|S|228|A;HGVS:p.S228A;VariantGroup:29;CorrespondingGene:5604;CorrespondingSpecies:9606	p.S228A	litvar	1	1	PMC6617392
Variant	tmVar:p|SUB|K|57|N;HGVS:p.K57N;VariantGroup:5;CorrespondingGene:5604;RS#:869025608(Expired);CorrespondingSpecies:9606;CA#:356995	p.K57N	litvar	1	1	PMC6617392
Variant	tmVar:p|SUB|P|590|L;HGVS:p.P590L;VariantGroup:6;CorrespondingGene:2065;RS#:865824076;CorrespondingSpecies:9606;CA#:237622818	p.P590L	litvar	1	1	PMC6617392
Variant	tmVar:p|SUB|G|12|D;HGVS:p.G12D;VariantGroup:31;CorrespondingGene:3845;RS#:121913529;CorrespondingSpecies:9606;CA#:122538	p.G12D	litvar	1	1	PMC6617392
Variant	tmVar:p|SUB|R|209|H;HGVS:p.R209H;VariantGroup:25;CorrespondingGene:2260;CorrespondingSpecies:9606	p.R209H	litvar	1	1	PMC6617392
Variant	tmVar:p|SUB|E|545|K;HGVS:p.E545K;VariantGroup:16;CorrespondingGene:5290;RS#:104886003;CorrespondingSpecies:9606;CA#:123334	p.E545K	litvar	1	1	PMC6617392
Variant	tmVar:p|SUB|G|364|R;HGVS:p.G364R;VariantGroup:17;CorrespondingGene:4763;RS#:145952526;CorrespondingSpecies:9606	p.G364R	litvar	1	1	PMC6617392
Variant	tmVar:p|SUB|V|344|G;HGVS:p.V344G;VariantGroup:14;CorrespondingGene:5290;RS#:1057519941;CorrespondingSpecies:9606	p.V344G	litvar	1	1	PMC6617392
Variant	tmVar:p|SUB|G|322|S;HGVS:p.G322S;VariantGroup:10;CorrespondingGene:1956;RS#:776791214;CorrespondingSpecies:9606;CA#:4265421	p.G322S	litvar	1	1	PMC6617392
Variant	tmVar:p|SUB|G|12|C;HGVS:p.G12C;VariantGroup:3;CorrespondingGene:3845;RS#:121913530;CorrespondingSpecies:9606;CA#:122528	p.G12C	litvar	1	1	PMC6617392
Variant	tmVar:p|SUB|D|626|H;HGVS:p.D626H;VariantGroup:27;CorrespondingGene:238;CorrespondingSpecies:9606	p.D626H	litvar	1	1	PMC6617392
Variant	tmVar:p|SUB|K|4152|T;HGVS:p.K4152T;VariantGroup:22;CorrespondingGene:5784;CorrespondingSpecies:9606	p.K4152T	litvar	1	1	PMC6617392
Variant	tmVar:p|SUB|G|981|S;HGVS:p.G981S;VariantGroup:8;CorrespondingGene:54954;RS#:781971023;CorrespondingSpecies:9606;CA#:10423773	p.G981S	litvar	1	1	PMC6617392
Variant	tmVar:p|SUB|P|2099|S;HGVS:p.P2099S;VariantGroup:26;CorrespondingGene:5784;CorrespondingSpecies:9606	p.P2099S	litvar	1	1	PMC6617392
Variant	tmVar:p|SUB|R|395|X;HGVS:p.R395X;VariantGroup:28;CorrespondingGene:54954;CorrespondingSpecies:9606	p.R395X	litvar	1	1	PMC6617392
Variant	tmVar:p|SUB|L|510|P;HGVS:p.L510P;VariantGroup:18;CorrespondingGene:2263;RS#:1296941849;CorrespondingSpecies:9606	p.L510P	litvar	1	1	PMC6617392
Variant	tmVar:p|SUB|D|596|H;HGVS:p.D596H;VariantGroup:23;CorrespondingGene:5784;CorrespondingSpecies:9606	p.D596H	litvar	1	1	PMC6617392
Variant	tmVar:p|FS|S|803||;HGVS:p.S803fsX;VariantGroup:19;CorrespondingGene:5784;CorrespondingSpecies:9606	p.S803fsX	litvar	1	1	PMC6617392
Variant	tmVar:p|SUB|G|260|R;HGVS:p.G260R;VariantGroup:11;CorrespondingGene:1956;RS#:768627073;CorrespondingSpecies:9606	p.G260R	litvar	1	1	PMC6617392
Variant	tmVar:p|SUB|M|2285|I;HGVS:p.M2285I;VariantGroup:21;CorrespondingGene:5784;CorrespondingSpecies:9606	p.M2285I	litvar	1	1	PMC6617392
Variant	tmVar:p|SUB|S|189|R;HGVS:p.S189R;VariantGroup:20;CorrespondingGene:5784;CorrespondingSpecies:9606	p.S189R	litvar	1	1	PMC6617392
Variant	tmVar:p|SUB|Q|61|H;HGVS:p.Q61H;VariantGroup:7;CorrespondingGene:3845;RS#:17851045;CorrespondingSpecies:9606;CA#:135552	p.Q61H	litvar	1	1	PMC6617392
Variant	tmVar:p|SUB|S|492|R;HGVS:p.S492R;VariantGroup:15;CorrespondingGene:1956;RS#:1057519860;CorrespondingSpecies:9606	p.S492R	litvar	1	1	PMC6617392
Variant	tmVar:p|Allele|D|594;VariantGroup:0;RS#:397516896(Expired)	rs397516896	litvar	1	1	PMC6617392
Variant	tmVar:p|SUB|D|549|N;HGVS:p.D549N;VariantGroup:9;CorrespondingGene:1956;RS#:1418675303;CorrespondingSpecies:9606	p.D549N	litvar	1	1	PMC6617392
Variant	tmVar:c|SUB|G|921|A;HGVS:c.921G>A;VariantGroup:0;CorrespondingGene:9451;RS#:767939096;CorrespondingSpecies:9606;CA#:1754711	c.921G>A	litvar	1	1	PMC6770187
Variant	tmVar:p|Allele|T|2489;VariantGroup:2;OriginalGene:24592;CorrespondingGene:4763;RS#:145794301;CorrespondingSpecies:10116	rs145794301	litvar	1	1	PMC6770187
Variant	tmVar:p|SUB|R|681|X;HGVS:p.R681X;VariantGroup:1;OriginalGene:24592;CorrespondingGene:4763;RS#:768638173;CorrespondingSpecies:10116;CA#:334507	p.R681X	litvar	1	1	PMC6770187
Variant	tmVar:p|SUB|T|2489|A;HGVS:p.T2489A;VariantGroup:2;OriginalGene:24592;CorrespondingGene:4763;RS#:145794301;CorrespondingSpecies:10116;CA#:190557	p.T2489A	litvar	1	1	PMC6770187
Variant	tmVar:p|SUB|L|22|P;HGVS:p.L22P;VariantGroup:4;OriginalGene:20215;CorrespondingGene:6295;CorrespondingSpecies:10090	p.L22P	litvar	1	1	PMC6770187
Variant	tmVar:c|Allele|C|-3;VariantGroup:2;OriginalGene:13649;CorrespondingGene:1956;CorrespondingSpecies:10090	#1956#	litvar	1	1	PMC6776898
Variant	tmVar:p|Allele|G|15;VariantGroup:1;OriginalGene:13649;CorrespondingGene:1956;CorrespondingSpecies:10090	#1956#	litvar	1	1	PMC6776898
Variant	tmVar:p|SUB|M|9|A;HGVS:p.M9A;VariantGroup:0;OriginalGene:13649;CorrespondingGene:1956;CorrespondingSpecies:10090	p.M9A	litvar	1	1	PMC6776898
Variant	tmVar:p|SUB|S|30|M;HGVS:p.S30M;VariantGroup:0;OriginalGene:18015;CorrespondingGene:4763;CorrespondingSpecies:10090	p.S30M	litvar	1	1	PMC6819083
Variant	tmVar:p|FS|T|586|V|18;HGVS:p.T586VfsX18;VariantGroup:19;CorrespondingGene:4763;RS#:786202782;CorrespondingSpecies:9606;CA#:194177	p.T586VfsX18	litvar	1	1	PMC7031935
Variant	tmVar:p|SUB|R|249|G;HGVS:p.R249G;VariantGroup:3;CorrespondingGene:7157;RS#:587782082;CorrespondingSpecies:9606	p.R249G	litvar	1	1	PMC7031935
Variant	tmVar:p|SUB|K|1872|*;HGVS:p.K1872*;VariantGroup:9;CorrespondingGene:675;CorrespondingSpecies:9606	p.K1872*	litvar	1	1	PMC7031935
Variant	tmVar:p|FS|L|179|Y|11;HGVS:p.L179YfsX11;VariantGroup:7;CorrespondingGene:4763;CorrespondingSpecies:9606	p.L179YfsX11	litvar	1	1	PMC7031935
Variant	tmVar:c|SUB|A|5614|T;HGVS:c.5614A>T;VariantGroup:0;CorrespondingGene:675;RS#:80358783(Expired);CorrespondingSpecies:9606;CA#:22708	c.5614A>T	litvar	1	1	PMC7031935
Variant	tmVar:c|DEL|1756_1759|;HGVS:c.1756_1759del;VariantGroup:14;CorrespondingGene:4763;CorrespondingSpecies:9606	c.1756_1759del	litvar	1	1	PMC7031935
Variant	tmVar:c|DEL|3|AGTA;HGVS:c.3delAGTA;VariantGroup:6;CorrespondingGene:675;RS#:80359418;CorrespondingSpecies:9606	c.3delAGTA	litvar	1	1	PMC7031935
Variant	tmVar:c|DEL|536_539|;HGVS:c.536_539del;VariantGroup:11;CorrespondingGene:4763;CorrespondingSpecies:9606	c.536_539del	litvar	1	1	PMC7031935
Variant	tmVar:p|SUB|C|3|W;HGVS:p.C3W;VariantGroup:4;CorrespondingGene:7157;RS#:1057519976;CorrespondingSpecies:9606	p.C3W	litvar	1	1	PMC7031935
Variant	tmVar:c|SUB|C|9|G;HGVS:c.9C>G;VariantGroup:4;CorrespondingGene:7157;RS#:1057519976;CorrespondingSpecies:9606	c.9C>G	litvar	1	1	PMC7031935
Variant	tmVar:c|SUB|A|745|G;HGVS:c.745A>G;VariantGroup:3;CorrespondingGene:7157;RS#:587782082;CorrespondingSpecies:9606	c.745A>G	litvar	1	1	PMC7031935
Variant	tmVar:p|SUB|S||T;VariantGroup:10;CorrespondingGene:675;CorrespondingSpecies:9606	#675#	litvar	1	1	PMC7031935
Variant	tmVar:p|SUB|P|29|S;HGVS:p.P29S;VariantGroup:1;OriginalGene:19353;CorrespondingGene:5879;RS#:1057519874;CorrespondingSpecies:10090	p.P29S	litvar	1	1	PMC7169429
Variant	tmVar:p|SUB|E|964|*;HGVS:p.E964*;VariantGroup:20;CorrespondingGene:2322;CorrespondingSpecies:9606	p.E964*	litvar	1	1	PMC7310532
Variant	tmVar:c|INDEL|5399_5404|CCCAGC;HGVS:c.5399_5404delinsCCCAGC;VariantGroup:15;CorrespondingGene:4763;CorrespondingSpecies:9606	c.5399_5404delinsCCCAGC	litvar	1	1	PMC7310532
Variant	tmVar:c|SUB|C|281|G;HGVS:c.281C>G;VariantGroup:0;CorrespondingGene:5788;RS#:759505457;CorrespondingSpecies:9606	c.281C>G	litvar	1	1	PMC7310532
Variant	tmVar:c|DUP|2372|T|;HGVS:c.2372dupT;VariantGroup:27;CorrespondingGene:4763;CorrespondingSpecies:9606	c.2372dupT	litvar	1	1	PMC7310532
Variant	tmVar:c|DEL|4943|C;HGVS:c.4943delC;VariantGroup:23;CorrespondingGene:675;CorrespondingSpecies:9606	c.4943delC	litvar	1	1	PMC7310532
Variant	tmVar:c|SUB|C|246|G;HGVS:c.246C>G;VariantGroup:8;CorrespondingGene:5890;RS#:1275379805;CorrespondingSpecies:9606	c.246C>G	litvar	1	1	PMC7310532
Variant	tmVar:c|SUB|A|3224|T;HGVS:c.3224A>T;VariantGroup:7;CorrespondingGene:4609;CorrespondingSpecies:9606	c.3224A>T	litvar	1	1	PMC7310532
Variant	tmVar:p|SUB|L|1329|L;HGVS:p.L1329L;VariantGroup:30;CorrespondingGene:1387;RS#:149055008;CorrespondingSpecies:9606;CA#:7869634	p.L1329L	litvar	1	1	PMC7310532
Variant	tmVar:c|INDEL|2854_2855|GC,AT;HGVS:c.2854_2855delinsGC,AT;VariantGroup:14;CorrespondingGene:84464;CorrespondingSpecies:9606	c.2854_2855delinsGC,AT	litvar	1	1	PMC7310532
Variant	tmVar:c|SUB|A|1663|G;HGVS:c.1663A>G;VariantGroup:9;CorrespondingGene:9919;RS#:575474560;CorrespondingSpecies:9606	c.1663A>G	litvar	1	1	PMC7310532
Variant	tmVar:p|FS|K|305||47;HGVS:p.K305fsX47;VariantGroup:19;CorrespondingGene:4609;CorrespondingSpecies:9606	p.K305fsX47	litvar	1	1	PMC7310532
Variant	tmVar:c|SUB|A|3140|T;HGVS:c.3140A>T;VariantGroup:6;CorrespondingGene:5290;RS#:121913279;CorrespondingSpecies:9606;CA#:123328	c.3140A>T	litvar	1	1	PMC7310532
Variant	tmVar:p|SUB|A|952|M;HGVS:p.A952M;VariantGroup:4;CorrespondingGene:84464;RS#:863224277;CorrespondingSpecies:9606;CA#:338677	p.A952M	litvar	1	1	PMC7310532
Variant	tmVar:p|FS|L|2135||;HGVS:p.L2135fsX;VariantGroup:22;CorrespondingGene:2260;CorrespondingSpecies:9606	p.L2135fsX	litvar	1	1	PMC7310532
Variant	tmVar:p|SUB|F|82|L;HGVS:p.F82L;VariantGroup:8;CorrespondingGene:5890;RS#:1275379805;CorrespondingSpecies:9606	p.F82L	litvar	1	1	PMC7310532
Variant	tmVar:p|DUP|94||*;HGVS:p.94dup;VariantGroup:12;CorrespondingGene:1387;CorrespondingSpecies:9606	p.94dup	litvar	1	1	PMC7310532
Variant	tmVar:p|FS|K|585||3;HGVS:p.K585fsX3;VariantGroup:28;CorrespondingGene:675;RS#:80359302;CorrespondingSpecies:9606	p.K585fsX3	litvar	1	1	PMC7310532
Variant	tmVar:c|SUB|A|1613|G;HGVS:c.1613A>G;VariantGroup:1;CorrespondingGene:675;RS#:994146384;CorrespondingSpecies:9606;CA#:247497839	c.1613A>G	litvar	1	1	PMC7310532
Variant	tmVar:c|SUB|C|3985|T;HGVS:c.3985C>T;VariantGroup:29;CorrespondingGene:1387;RS#:149055008;CorrespondingSpecies:9606;CA#:7869634	c.3985C>T	litvar	1	1	PMC7310532
Variant	tmVar:c|DEL|1755_1759|GAAAA;HGVS:c.1755_1759delGAAAA;VariantGroup:3;CorrespondingGene:675;RS#:80359302;CorrespondingSpecies:9606	c.1755_1759delGAAAA	litvar	1	1	PMC7310532
Variant	tmVar:c|DEL|6403_6404|CT;HGVS:c.6403_6404delCT;VariantGroup:25;CorrespondingGene:4853;CorrespondingSpecies:9606	c.6403_6404delCT	litvar	1	1	PMC7310532
Variant	tmVar:c|SUB|G|2890|T;HGVS:c.2890G>T;VariantGroup:26;CorrespondingGene:2322;CorrespondingSpecies:9606	c.2890G>T	litvar	1	1	PMC7310532
Variant	tmVar:p|SUB|R|555|G;HGVS:p.R555G;VariantGroup:9;CorrespondingGene:9919;RS#:575474560;CorrespondingSpecies:9606	p.R555G	litvar	1	1	PMC7310532
Variant	tmVar:p|SUB|H|1047|L;HGVS:p.H1047L;VariantGroup:6;CorrespondingGene:5290;RS#:121913279;CorrespondingSpecies:9606;CA#:123328	p.H1047L	litvar	1	1	PMC7310532
Variant	tmVar:p|SUB|L|1326|I;HGVS:p.L1326I;VariantGroup:5;CorrespondingGene:4763;RS#:765957571;CorrespondingSpecies:9606;CA#:8486312	p.L1326I	litvar	1	1	PMC7310532
Variant	tmVar:c|SUB|T||A;VariantGroup:21;CorrespondingGene:4763;CorrespondingSpecies:9606	#4763#	litvar	1	1	PMC7310532
Variant	tmVar:p|FS|A|1648||22;HGVS:p.A1648fsX22;VariantGroup:24;CorrespondingGene:5290;CorrespondingSpecies:9606	p.A1648fsX22	litvar	1	1	PMC7310532
Variant	tmVar:c|DUP|892_911|GAGCTGCCCCCAGGGAGCAC|;HGVS:c.892_911dupGAGCTGCCCCCAGGGAGCAC;VariantGroup:18;CorrespondingGene:7157;CorrespondingSpecies:9606	c.892_911dupGAGCTGCCCCCAGGGAGCAC	litvar	1	1	PMC7310532
Variant	tmVar:c|SUB|G|826|A;HGVS:c.826G>A;VariantGroup:11;CorrespondingGene:2264;RS#:750977138;CorrespondingSpecies:9606;CA#:3576149	c.826G>A	litvar	1	1	PMC7310532
Variant	tmVar:p|SUB|N|1075|I;HGVS:p.N1075I;VariantGroup:7;CorrespondingGene:4609;CorrespondingSpecies:9606	p.N1075I	litvar	1	1	PMC7310532
Variant	tmVar:p|FS|L|792||;HGVS:p.L792fsX;VariantGroup:16;CorrespondingGene:4853;CorrespondingSpecies:9606	p.L792fsX	litvar	1	1	PMC7310532
Variant	tmVar:p|INDEL|1800_1802|AQP;HGVS:p.AQP1800_1802delins;VariantGroup:17;CorrespondingGene:5290;CorrespondingSpecies:9606	p.AQP1800_1802delins	litvar	1	1	PMC7310532
Variant	tmVar:p|SUB|D|276|N;HGVS:p.D276N;VariantGroup:11;CorrespondingGene:2264;RS#:750977138;CorrespondingSpecies:9606;CA#:3576149	p.D276N	litvar	1	1	PMC7310532
Variant	tmVar:c|SUB|C|535|T;HGVS:c.535C>T;VariantGroup:1;CorrespondingGene:7157;RS#:587780070;CorrespondingSpecies:9606;CA#:256	c.535C>T	litvar	1	1	PMC7317054
Variant	tmVar:c|SUB|A|4868|T;HGVS:c.4868A>T;VariantGroup:29;CorrespondingGene:4763;CorrespondingSpecies:9606	c.4868A>T	litvar	1	1	PMC7317054
Variant	tmVar:c|DEL|3683|C;HGVS:c.3683delC;VariantGroup:12;CorrespondingGene:4763;CorrespondingSpecies:9606	c.3683delC	litvar	1	1	PMC7317054
Variant	tmVar:c|SUB|G|818|A;HGVS:c.818G>A;VariantGroup:0;CorrespondingGene:7157;RS#:28934576;CorrespondingSpecies:9606;CA#:434	c.818G>A	litvar	1	1	PMC7317054
Variant	tmVar:c|SUB|G|389|C;HGVS:c.389G>C;VariantGroup:32;CorrespondingGene:7157;CorrespondingSpecies:9606	c.389G>C	litvar	1	1	PMC7317054
Variant	tmVar:p|DEL|280|S;HGVS:p.S280del;VariantGroup:30;CorrespondingGene:7157;CorrespondingSpecies:9606	p.S280del	litvar	1	1	PMC7317054
Variant	tmVar:c|SUB|G|1|A;HGVS:c.1G>A;VariantGroup:35;CorrespondingGene:7157;RS#:1057280220;CorrespondingSpecies:9606;CA#:287488692	c.1G>A	litvar	1	1	PMC7317054
Variant	tmVar:p|SUB|R|1038|G;HGVS:p.R1038G;VariantGroup:2;CorrespondingGene:4763;CorrespondingSpecies:9606	p.R1038G	litvar	1	1	PMC7397152
Variant	tmVar:c|DEL|2970_2972|;HGVS:c.2970_2972del;VariantGroup:0;OriginalGene:18015;CorrespondingGene:4763;CorrespondingSpecies:10090	c.2970_2972del	litvar	1	1	PMC7397152
Variant	tmVar:p|DEL|2970_2972|N;HGVS:p.N2970_2972del;VariantGroup:0;OriginalGene:18015;CorrespondingGene:4763;CorrespondingSpecies:10090	p.N2970_2972del	litvar	1	1	PMC7397152
Variant	tmVar:p|SUB|R|1276|P;HGVS:p.R1276P;VariantGroup:0;OriginalGene:18015;CorrespondingGene:4763;RS#:137854556;CorrespondingSpecies:10090;CA#:251463	p.R1276P	litvar	1	1	PMC7398555
Variant	tmVar:c|SUB|T|199-10|G;HGVS:c.199-10T>G;VariantGroup:1;OriginalGene:18015;CorrespondingGene:4763;CorrespondingSpecies:10090	c.199-10T>G	litvar	1	1	PMC7446925
Variant	tmVar:c|SUB|A|1|G;HGVS:c.1A>G;VariantGroup:0;OriginalGene:18015;CorrespondingGene:4763;RS#:1060500252;CorrespondingSpecies:10090	c.1A>G	litvar	1	1	PMC7446925
Variant	tmVar:p|SUB|N|057|K;HGVS:p.N057K;VariantGroup:1;CorrespondingGene:2048;CorrespondingSpecies:9606	p.N057K	litvar	1	1	PMC7668446
Variant	tmVar:p|SUB|L|46|V;HGVS:p.L46V;VariantGroup:0;OriginalGene:18508;CorrespondingGene:5080;RS#:78692805;CorrespondingSpecies:10090;CA#:219469335	p.L46V	litvar	1	1	PMC7739466
Variant	Chr10:89622870-89731687dup	chr10:89,622,870-89,731,687	litvar	1	1	PMC7952412
Variant	Chr7:148504464-148581441dup	chr7:148,504,464-148,581,441	litvar	1	1	PMC7952412
Variant	tmVar:p|SUB|L|1167|X;HGVS:p.L1167X;VariantGroup:7;OriginalGene:454566;CorrespondingGene:4763;RS#:786204253(Expired);CorrespondingSpecies:9598;CA#:334775	p.L1167X	litvar	1	1	PMC7952412
Variant	tmVar:c|SUB|G|2586+1|A;HGVS:c.2586+1G>A;VariantGroup:28;CorrespondingGene:1786;CorrespondingSpecies:9606	c.2586+1G>A	litvar	1	1	PMC7952412
Variant	tmVar:p|SUB|W|3337|*;HGVS:p.W3337*;VariantGroup:23;CorrespondingGene:114788;CorrespondingSpecies:9606	p.W3337*	litvar	1	1	PMC7952412
Variant	tmVar:c|SUB|T|1799|A;HGVS:c.1799T>A;VariantGroup:6;OriginalGene:463781;CorrespondingGene:673;RS#:113488022;CorrespondingSpecies:9598;CA#:123643	c.1799T>A	litvar	1	1	PMC7952412
Variant	tmVar:c|SUB|C|532|G;HGVS:c.532C>G;VariantGroup:4;OriginalGene:455214;CorrespondingGene:7157;RS#:587782529;CorrespondingSpecies:9598;CA#:10583674	c.532C>G	litvar	1	1	PMC7952412
Variant	tmVar:c|SUB|C|112|T;HGVS:c.112C>T;VariantGroup:3;OriginalGene:466142;CorrespondingGene:5728;RS#:587780004;CorrespondingSpecies:9598;CA#:297	c.112C>T	litvar	1	1	PMC7952412
Variant	tmVar:c|SUB|C|1282|T;HGVS:c.1282C>T;VariantGroup:0;CorrespondingGene:4041;RS#:121908661;CorrespondingSpecies:9606;CA#:118084	c.1282C>T	litvar	1	1	PMC7952412
Variant	tmVar:p|Allele|X|1167;VariantGroup:7;RS#:786204253(Expired)	rs786204253	litvar	1	1	PMC7952412
Variant	tmVar:p|SUB|N|2621|H;HGVS:p.N2621H;VariantGroup:24;CorrespondingGene:114788;CorrespondingSpecies:9606	p.N2621H	litvar	1	1	PMC7952412
Variant	tmVar:c|SUB|C|1951|T;HGVS:c.1951C>T;VariantGroup:31;CorrespondingGene:50940;RS#:750207873;CorrespondingSpecies:9606	c.1951C>T	litvar	1	1	PMC7952412
Variant	tmVar:c|SUB|C|34|T;HGVS:c.34C>T;VariantGroup:5;OriginalGene:455214;CorrespondingGene:7157;RS#:757274881;CorrespondingSpecies:9598;CA#:2599	c.34C>T	litvar	1	1	PMC7952412
Variant	tmVar:c|SUB|C|1301|T;HGVS:c.1301C>T;VariantGroup:2;CorrespondingGene:4914;RS#:771342578;CorrespondingSpecies:9606;CA#:1169274	c.1301C>T	litvar	1	1	PMC7952412
Variant	tmVar:c|SUB|C|2041|T;HGVS:c.2041C>T;VariantGroup:0;OriginalGene:18015;CorrespondingGene:4763;RS#:768638173;CorrespondingSpecies:10090;CA#:334507	c.2041C>T	litvar	1	1	PMC7980331
Variant	tmVar:p|SUB|M|919|T;HGVS:p.M919T;VariantGroup:7;OriginalGene:19713;CorrespondingGene:5979;CorrespondingSpecies:10090	p.M919T	litvar	1	1	PMC8071449
Variant	tmVar:p|SUB|C|618|F;HGVS:p.C618F;VariantGroup:0;OriginalGene:19713;CorrespondingGene:5979;RS#:79781594;CorrespondingSpecies:10090;CA#:8022	p.C618F	litvar	1	1	PMC8071449
Variant	tmVar:p|SUB|R|1275|Q;HGVS:p.R1275Q;VariantGroup:1;OriginalGene:11682;CorrespondingGene:238;RS#:113994087;CorrespondingSpecies:10090;CA#:341482	p.R1275Q	litvar	1	1	PMC8071449
Variant	tmVar:p|SUB|Q|61|K;HGVS:p.Q61K;VariantGroup:6;CorrespondingGene:238;CorrespondingSpecies:9606	p.Q61K	litvar	1	1	PMC8071449
Variant	tmVar:p|SUB|L|1628|*;HGVS:p.L1628*;VariantGroup:5;CorrespondingGene:4763;CorrespondingSpecies:9606	p.L1628*	litvar	1	1	PMC8144720
Variant	tmVar:p|SUB|L|1628,001042492|*;HGVS:p.L1628,001042492*;VariantGroup:4;CorrespondingGene:4763;CorrespondingSpecies:9606	p.L1628,001042492*	litvar	1	1	PMC8144720
Variant	tmVar:p|Allele|X|696;VariantGroup:0;CorrespondingGene:4763;CorrespondingSpecies:9606	#4763#	litvar	1	1	PMC8172195
Variant	tmVar:c|Allele|C|100;VariantGroup:1;OriginalGene:19752;CorrespondingGene:6035;CorrespondingSpecies:10090	#6035#	litvar	1	1	PMC8370767
Variant	tmVar:c|Allele|C|12;VariantGroup:1;CorrespondingGene:4763;CorrespondingSpecies:9606	#4763#	litvar	1	1	PMC8447793
Variant	tmVar:c|SUB|A|6|C;HGVS:c.6A>C;VariantGroup:0;CorrespondingGene:6237;CorrespondingSpecies:9606	c.6A>C	litvar	1	1	PMC8447793
Variant	tmVar:p|SUB|R|1809|C;HGVS:p.R1809C;VariantGroup:1;OriginalGene:18015;CorrespondingGene:4763;RS#:797045139;CorrespondingSpecies:10090;CA#:276040	p.R1809C	litvar	1	1	PMC8705852
Variant	tmVar:p|Allele|X|489;VariantGroup:0;RS#:137854557(Expired)	rs137854557	litvar	1	1	PMC8705852
Variant	tmVar:c|SUB|T|288_2025|G;HGVS:c.288_2025T>G;VariantGroup:8;CorrespondingGene:4763;CorrespondingSpecies:9606	c.288_2025T>G	litvar	1	1	PMC8705852
Variant	tmVar:c|SUB|C|7908-321|G;HGVS:c.7908-321C>G;VariantGroup:6;CorrespondingGene:4763;CorrespondingSpecies:9606	c.7908-321C>G	litvar	1	1	PMC8705852
Variant	tmVar:c|SUB|A|5749+332|G;HGVS:c.5749+332A>G;VariantGroup:3;OriginalGene:18015;CorrespondingGene:4763;RS#:863224491;CorrespondingSpecies:10090;CA#:336915	c.5749+332A>G	litvar	1	1	PMC8705852
Variant	tmVar:c|DEL|2970_2972|;HGVS:c.2970_2972del;VariantGroup:4;CorrespondingGene:4763;CorrespondingSpecies:9606	c.2970_2972del	litvar	1	1	PMC8705852
Variant	tmVar:p|DEL|2970_2972|N;HGVS:p.N2970_2972del;VariantGroup:4;CorrespondingGene:4763;CorrespondingSpecies:9606	p.N2970_2972del	litvar	1	1	PMC8705852
Variant	tmVar:p|SUB|R|1038|G;HGVS:p.R1038G;VariantGroup:5;CorrespondingGene:4763;CorrespondingSpecies:9606	p.R1038G	litvar	1	1	PMC8705852
Variant	tmVar:c|Allele|A|1466;VariantGroup:0;RS#:137854557(Expired)	rs137854557	litvar	1	1	PMC8705852
Variant	tmVar:c|SUB|A||G;VariantGroup:7;CorrespondingGene:4763;CorrespondingSpecies:9606	#4763#	litvar	1	1	PMC8705852
Variant	tmVar:p|SUB|K|132|N;HGVS:p.K132N;VariantGroup:9;CorrespondingGene:7157;RS#:866775781;CorrespondingSpecies:9606;CA#:287488695	p.K132N	litvar	1	1	PMC8742817
Variant	tmVar:p|SUB|G|112|S;HGVS:p.G112S;VariantGroup:10;CorrespondingGene:7157;RS#:1057519989;CorrespondingSpecies:9606	p.G112S	litvar	1	1	PMC8742817
Variant	tmVar:c|SUB|A|1|C;HGVS:c.1A>C;VariantGroup:0;CorrespondingGene:2720;RS#:794726886(Expired);CorrespondingSpecies:9606;CA#:200308	c.1A>C	litvar	1	1	PMC8959601
Variant	tmVar:c|SUB|A|536|G;HGVS:c.536A>G;VariantGroup:6;CorrespondingGene:7157;RS#:1057519991;CorrespondingSpecies:9606	c.536A>G	litvar	1	1	PMC9013652
Variant	tmVar:c|DEL|6398_6399|;HGVS:c.6398_6399del;VariantGroup:19;CorrespondingGene:4763;CorrespondingSpecies:9606	c.6398_6399del	litvar	1	1	PMC9013652
Variant	tmVar:c|SUB|G|64|A;HGVS:c.64G>A;VariantGroup:16;CorrespondingGene:673;RS#:397507456(Expired);CorrespondingSpecies:9606;CA#:135131	c.64G>A	litvar	1	1	PMC9013652
Variant	tmVar:p|SUB|G|262|V;HGVS:p.G262V;VariantGroup:9;CorrespondingGene:7157;RS#:1131691025;CorrespondingSpecies:9606	p.G262V	litvar	1	1	PMC9013652
Variant	tmVar:p|SUB|K|615|N;HGVS:p.K615N;VariantGroup:1;CorrespondingGene:4763;RS#:1131691080;CorrespondingSpecies:9606	p.K615N	litvar	1	1	PMC9013652
Variant	tmVar:p|SUB|G|744|R;HGVS:p.G744R;VariantGroup:17;CorrespondingGene:238;RS#:1168161055;CorrespondingSpecies:9606	p.G744R	litvar	1	1	PMC9013652
Variant	tmVar:p|SUB|M|246|I;HGVS:p.M246I;VariantGroup:12;CorrespondingGene:7157;RS#:1019340046;CorrespondingSpecies:9606;CA#:287487993	p.M246I	litvar	1	1	PMC9013652
Variant	tmVar:p|SUB|I|1824|V;HGVS:p.I1824V;VariantGroup:3;CorrespondingGene:4763;RS#:370858405;CorrespondingSpecies:9606;CA#:8487182	p.I1824V	litvar	1	1	PMC9013652
Variant	tmVar:p|SUB|S|2134|C;HGVS:p.S2134C;VariantGroup:21;CorrespondingGene:4436;CorrespondingSpecies:9606	p.S2134C	litvar	1	1	PMC9013652
Variant	tmVar:p|SUB|E|285|V;HGVS:p.E285V;VariantGroup:11;CorrespondingGene:7157;RS#:121912667;CorrespondingSpecies:9606;CA#:463	p.E285V	litvar	1	1	PMC9013652
Variant	tmVar:p|SUB|T|745|M;HGVS:p.T745M;VariantGroup:10;CorrespondingGene:5290;RS#:1304992271;CorrespondingSpecies:9606	p.T745M	litvar	1	1	PMC9013652
Variant	tmVar:p|SUB|L|1035|L;HGVS:p.L1035L;VariantGroup:15;CorrespondingGene:1956;RS#:1162463624;CorrespondingSpecies:9606	p.L1035L	litvar	1	1	PMC9013652
Variant	tmVar:p|SUB|Q|16|L;HGVS:p.Q16L;VariantGroup:22;CorrespondingGene:255738;CorrespondingSpecies:9606	p.Q16L	litvar	1	1	PMC9013652
Variant	tmVar:p|DEL|701|ELREA;HGVS:p.ELREA701del;VariantGroup:23;CorrespondingGene:255738;CorrespondingSpecies:9606	p.ELREA701del	litvar	1	1	PMC9013652
Variant	tmVar:p|SUB|M|237|I;HGVS:p.M237I;VariantGroup:5;CorrespondingGene:7157;RS#:587782664;CorrespondingSpecies:9606;CA#:349	p.M237I	litvar	1	1	PMC9013652
Variant	tmVar:p|SUB|Q|331|*;HGVS:p.Q331*;VariantGroup:18;CorrespondingGene:255738;CorrespondingSpecies:9606	p.Q331*	litvar	1	1	PMC9013652
Variant	tmVar:p|SUB|G|12|S;HGVS:p.G12S;VariantGroup:7;CorrespondingGene:3845;RS#:121913530;CorrespondingSpecies:9606;CA#:135565	p.G12S	litvar	1	1	PMC9013652
Variant	tmVar:p|SUB|L|813|R;HGVS:p.L813R;VariantGroup:26;CorrespondingGene:1956;RS#:121434568;CorrespondingSpecies:9606;CA#:126713	p.L813R	litvar	1	1	PMC9013652
Variant	tmVar:p|SUB|E|1299|K;HGVS:p.E1299K;VariantGroup:8;CorrespondingGene:4763;RS#:876658521;CorrespondingSpecies:9606	p.E1299K	litvar	1	1	PMC9013652
Variant	tmVar:p|SUB|R|273|H;HGVS:p.R273H;VariantGroup:0;CorrespondingGene:7157;RS#:28934576;CorrespondingSpecies:9606;CA#:434	p.R273H	litvar	1	1	PMC9013652
Variant	tmVar:p|SUB|G|118|D;HGVS:p.G118D;VariantGroup:4;CorrespondingGene:5290;RS#:587777790;CorrespondingSpecies:9606;CA#:170883	p.G118D	litvar	1	1	PMC9013652
Variant	tmVar:p|SUB|T|2444|T;HGVS:p.T2444T;VariantGroup:14;CorrespondingGene:4763;RS#:759005886;CorrespondingSpecies:9606;CA#:8487560	p.T2444T	litvar	1	1	PMC9013652
Variant	tmVar:|SUB|AT|13387|AU;HGVS:c.13387AT>AU;VariantGroup:0;OriginalGene:18015;CorrespondingGene:4763;CorrespondingSpecies:10090	c.13387AT>AU	litvar	1	1	PMC9221468
Variant	tmVar:c|SUB|C|6855|A;HGVS:c.6855C>A;VariantGroup:2;OriginalGene:18015;CorrespondingGene:4763;RS#:772295894;CorrespondingSpecies:10090;CA#:190957	c.6855C>A	litvar	1	1	PMC9929861
Variant	tmVar:p|FS|E|91|N|6;HGVS:p.E91NfsX6;VariantGroup:8;CorrespondingGene:4763;CorrespondingSpecies:9606	p.E91NfsX6	litvar	1	1	PMC9929861
Variant	tmVar:c|SUB|G|3113+1|A;HGVS:c.3113+1G>A;VariantGroup:1;OriginalGene:18015;CorrespondingGene:4763;RS#:267606599(Expired);CorrespondingSpecies:10090;CA#:251454	c.3113+1G>A	litvar	1	1	PMC9929861
Variant	tmVar:c|SUB|G|6999+1|T;HGVS:c.6999+1G>T;VariantGroup:10;CorrespondingGene:4763;CorrespondingSpecies:9606	c.6999+1G>T	litvar	1	1	PMC9929861
Variant	tmVar:p|SUB|Y|2264|X;HGVS:p.Y2264X;VariantGroup:2;OriginalGene:18015;CorrespondingGene:4763;RS#:772295894;CorrespondingSpecies:10090;CA#:190957	p.Y2264X	litvar	1	1	PMC9929861
Variant	tmVar:p|FS|V|551|G|7;HGVS:p.V551GfsX7;VariantGroup:6;CorrespondingGene:4763;CorrespondingSpecies:9606	p.V551GfsX7	litvar	1	1	PMC9929861
Variant	tmVar:p|FS|D|1302|Y|5;HGVS:p.D1302YfsX5;VariantGroup:0;OriginalGene:18015;CorrespondingGene:4763;RS#:786203500(Expired);CorrespondingSpecies:10090;CA#:196824	p.D1302YfsX5	litvar	1	1	PMC9929861
Variant	tmVar:p|FS|N|1229|M|11;HGVS:p.N1229MfsX11;VariantGroup:7;CorrespondingGene:4763;CorrespondingSpecies:9606	p.N1229MfsX11	litvar	1	1	PMC9929861
Variant	tmVar:c|DEL|3904_3910|;HGVS:c.3904_3910del;VariantGroup:9;CorrespondingGene:4763;CorrespondingSpecies:9606	c.3904_3910del	litvar	1	1	PMC9929861
Variant	tmVar:c|DEL|3683|C;HGVS:c.3683delC;VariantGroup:5;CorrespondingGene:4763;CorrespondingSpecies:9606	c.3683delC	litvar	1	1	PMC9929861
Variant	tmVar:p|SUB|G|12|S;HGVS:p.G12S;VariantGroup:4;CorrespondingGene:3845;RS#:121913530;CorrespondingSpecies:9606;CA#:135565	p.G12S	litvar	1	1	PMC9929861
