publicationId	doi	pmid	pmcid	in_main_portal	journal	publicationDate	publicationTitle	license	is_open_access	has_fulltext	xml_file	license_url_or_text	authors	abstract	citation
8a2c6ed5-f6ab-40e7-bd20-fce178aafd86	https://www.doi.org/10.1016/j.isci.2023.106096	PMID:36818284	PMC9929861	No	iScience	2023-01-31	Deep genomic analysis of malignant peripheral nerve sheath tumor cell lines challenges current malignant peripheral nerve sheath tumor diagnosis	CC-BY-4.0	Yes	Yes	pmc_fulltext_xml/PMC9929861.xml	This is an open access article under the CC BY license (http://creativecommons.org/licenses/by/4.0/).	"[""Magallón-Lorenz M"", ""Terribas E"", ""Ortega-Bertran S"", ""Creus-Bachiller E"", ""Fernández M"", ""Requena G"", ""Rosas I"", ""Mazuelas H"", ""Uriarte-Arrazola I"", ""Negro A"", ""Lausová T"", ""Castellanos E"", ""Blanco I"", ""DeVries G"", ""Kawashima H"", ""Legius E"", ""Brems H"", ""Mautner V"", ""Kluwe L"", ""Ratner N"", ""Wallace M"", ""Fernández-Rodriguez J"", ""Lázaro C"", ""Fletcher JA"", ""Reuss D"", ""Carrió M"", ""Gel B"", ""Serra E.""]"	Malignant peripheral nerve sheath tumors (MPNSTs) are soft-tissue sarcomas of the peripheral nervous system that develop either sporadically or in the context of neurofibromatosis type 1 (NF1). MPNST diagnosis can be challenging and treatment outcomes are poor. We present here a resource consisting of the genomic characterization of 9 widely used human MPNST cell lines for their use in translational research. NF1-related cell lines recapitulated primary MPNST copy number profiles, exhibited NF1, CDKN2A, and SUZ12/EED tumor suppressor gene (TSG) inactivation, and presented no gain-of-function mutations. In contrast, sporadic cell lines collectively displayed different TSG inactivation patterns and presented kinase-activating mutations, fusion genes, altered mutational frequencies and COSMIC signatures, and different methylome-based classifications. Cell lines re-classified as melanomas and other sarcomas exhibited a different drug-treatment response. Deep genomic analysis, methylome-based classification, and cell-identity marker expression, challenged the identity of common MPNST cell lines, opening an opportunity to revise MPNST differential diagnosis.	Magallón-Lorenz M, Terribas E, Ortega-Bertran S, Creus-Bachiller E, Fernández M, Requena G, Rosas I, Mazuelas H, Uriarte-Arrazola I, Negro A, Lausová T, Castellanos E, Blanco I, DeVries G, Kawashima H, Legius E, Brems H, Mautner V, Kluwe L, Ratner N, Wallace M, Fernández-Rodriguez J, Lázaro C, Fletcher JA, Reuss D, Carrió M, Gel B, Serra E. Deep genomic analysis of malignant peripheral nerve sheath tumor cell lines challenges current malignant peripheral nerve sheath tumor diagnosis. iScience. 2023 Jan 31;26(2):106096. doi: 10.1016/j.isci.2023.106096. PMID: 36818284; PMCID: PMC9929861.
cffe9a68-35de-405b-b146-60dc94553ace	https://doi.org/10.1016/j.jpi.2023.100196	PMID:36814440	PMC9939724	No	Journal of Pathology Informatics	2023-01-25	Predicting IHC staining classes of NF1 using features in the hematoxylin channe	CC-BY-NC-ND	Yes	Yes	pmc_fulltext_xml/PMC9939724.xml	This is an open access article under the CC BY-NC-ND license (http://creativecommons.org/licenses/by-nc-nd/4.0/).	"[""Zhang W"", ""Koh MY"", ""Sirohi D"", ""Ying J"", ""Brintz BJ"", ""Knudsen BS.""]"	Immunohistochemistry (IHC) highlights specific cell types in tissues and traditionally involves antibody staining together with a hematoxylin counterstain. The intensity and pattern of hematoxylin staining differs between cell types and reveals morphological characteristics of cells. Here, we propose that features in the hematoxylin stain can be used to predict IHC labels, such as Neurofibromin (encoded by the gene NF1). The dataset consists of 7.2 million cells from benign and kidney cancer cores in a tissue microarray. Morphology and hematoxylin (H&M) features defined within QuPath are subjected to a clustering analysis in CytoMap. H&M features are also used to train 4 different XGBoost models to predict high, low, and negative NF1 stain classes in benign renal tubules, clear cell (ccRCC), papillary (PRCC), and chromophobe (ChRCC) renal carcinoma. The prediction accuracies of NF1 staining classes in benign, ccRCC, ChRCC, and PRCC range between 70% and 90% with areas under the precision recall curve PRAUCNF1-high = 0.82+0.12, PRAUCNF1-low = 0.62+0.25, and PRAUCNF1-negative = 0.83+0.16. The most important feature for predicting the NF1 class involves the minimum cellular hematoxylin staining intensity. Together, these results demonstrate the feasibility to predict NF1 expression solely from features in hematoxylin staining using open source software. Since the hematoxylin features can be obtained from regular H&E and IHC slides, the proposed workflow has broad applicability.	Zhang W, Koh MY, Sirohi D, Ying J, Brintz BJ, Knudsen BS. Predicting IHC staining classes of NF1 using features in the hematoxylin channe <i>Journal of Pathology Informatics.</i> 2023-01-25. DOI:https://doi.org/10.1016/j.jpi.2023.100196 PMID:36814440
5e1a47f6-29e0-414a-8dac-ebdb696c911e	https://www.doi.org/10.1038/s41598-022-21429-4	PMID:36351971	PMC9646701	No	Scientific Reports	2022-11-09	Cerebellum-dependent associative learning is not impaired in a mouse model of neurofibromatosis type 1	CC-BY-4.0	Yes	Yes	pmc_fulltext_xml/PMC9646701.xml	Open Access This article is licensed under a Creative Commons Attribution 4.0 International License, which permits use, sharing, adaptation, distribution and reproduction in any medium or format, as long as you give appropriate credit to the original author(s) and the source, provide a link to the Creative Commons licence, and indicate if changes were made. The images or other third party material in this article are included in the article's Creative Commons licence, unless indicated otherwise in a credit line to the material. If material is not included in the article's Creative Commons licence and your intended use is not permitted by statutory regulation or exceeds the permitted use, you will need to obtain permission directly from the copyright holder. To view a copy of this licence, visit http://creativecommons.org/licenses/by/4.0/.	"[""Ottenhoff MJ"", ""Dijkhuizen S"", ""Ypelaar ACH"", ""de Oude NL"", ""Koekkoek SKE"", ""Wang SS"", ""De Zeeuw CI"", ""Elgersma Y"", ""Boele HJ.""]"	Individuals with Neurofibromatosis type 1 (NF1) experience a high degree of motor problems. The cerebellum plays a pivotal role in motor functioning and the NF1 gene is highly expressed in cerebellar Purkinje cells. However, it is not well understood to what extent NF1 affects cerebellar functioning and how this relates to NF1 motor functioning. Therefore, we subjected global Nf1+/- mice to a cerebellum-dependent associative learning task, called Pavlovian eyeblink conditioning. Additionally, we assessed general motor function and muscle strength in Nf1+/- mice. To our surprise, we found that Nf1+/- mice showed a moderately increased learning rate of conditioned eyeblink responses, as well as improved accuracy in the adaptive timing of the eyeblink responses. Locomotion, balance, general motor function, and muscle strength were not affected in Nf1+/- mice. Together, our results support the view that cerebellar function in Nf1+/- mice is unimpaired.	Ottenhoff MJ, Dijkhuizen S, Ypelaar ACH, de Oude NL, Koekkoek SKE, Wang SS, De Zeeuw CI, Elgersma Y, Boele HJ. Cerebellum-dependent associative learning is not impaired in a mouse model of neurofibromatosis type 1 <i>Scientific Reports.</i> 2022-11-09. DOI:https://www.doi.org/10.1038/s41598-022-21429-4 PMID:36351971
407a6e9e-0140-469e-a7c0-1fbe2bf234ca	https://www.doi.org/10.1523/JNEUROSCI.0562-22.2022	PMID:36344265	PMC9794380	No	The Journal of Neuroscience : The Official Journal of the Society for Neuroscience	2022-11-07	Loss of NF1 in Drosophila larvae causes tactile hypersensitivity and impaired synaptic transmission at the neuromuscular junction	PMC (access type unspecified)	No	No (abstract only)	pmc_fulltext_xml/PMC9794380.xml	SfN exclusive license.	"[""Dyson A"", ""Ryan M"", ""Garg S"", ""Evans DG"", ""Baines RA.""]"	Autism spectrum disorder (ASD) is a neurodevelopmental condition in which the mechanisms underlying its core symptomatology are largely unknown. Studying animal models of monogenic syndromes associated with ASD, such as neurofibromatosis type 1 (NF1), can offer insights into its etiology. Here, we show that loss of function of the Drosophila NF1 ortholog results in tactile hypersensitivity following brief mechanical stimulation in the larva (mixed sexes), paralleling the sensory abnormalities observed in individuals with ASD. Mutant larvae also exhibit synaptic transmission deficits at the glutamatergic neuromuscular junction (NMJ), with increased spontaneous but reduced evoked release. While the latter is homeostatically compensated for by a postsynaptic increase in input resistance, the former is consistent with neuronal hyperexcitability. Indeed, diminished expression of NF1 specifically within central cholinergic neurons induces both excessive neuronal firing and tactile hypersensitivity, suggesting the two may be linked. Furthermore, both impaired synaptic transmission and behavioral deficits are fully rescued via knock-down of Ras proteins. These findings validate NF1 -/- Drosophila as a tractable model of ASD with the potential to elucidate important pathophysiological mechanisms.SIGNIFICANCE STATEMENT Autism spectrum disorder (ASD) affects 1-2% of the overall population and can considerably impact an individual's quality of life. However, there are currently no treatments available for its core symptoms, largely because of a poor understanding of the underlying mechanisms involved. Examining how loss of function of the ASD-associated NF1 gene affects behavior and physiology in Drosophila may shed light on this. In this study, we identify a novel, ASD-relevant behavioral phenotype in NF1 -/- larvae, namely an enhanced response to mechanical stimulation, which is associated with Ras-dependent synaptic transmission deficits indicative of neuronal hyperexcitability. Such insights support the use of Drosophila neurofibromatosis type 1 (NF1) models in ASD research and may provide outputs for genetic or pharmacological screens in future studies.	Dyson A, Ryan M, Garg S, Evans DG, Baines RA. Loss of NF1 in Drosophila Larvae Causes Tactile Hypersensitivity and Impaired Synaptic Transmission at the Neuromuscular Junction <i>The Journal of Neuroscience : The Official Journal of the Society for Neuroscience.</i> 2022-11-07. DOI:https://www.doi.org/10.1523/JNEUROSCI.0562-22.2022 PMID:36344265
9283780b-b08e-447f-ab57-c640e6df510c	https://www.doi.org/10.1007/978-1-0716-2593-4_35	PMID:36180704	PMC8115730	No	Methods in Molecular Biology	2022-09-30	Human and rodent cell lines as models of functional melatonin-responsive pancreatic islet cells	Fair use (license unspecified)	No	Yes	pmc_fulltext_xml/PMC8115730.xml	This file is available for text mining. It may also be used consistent with the principles of fair use under the copyright law.	"[""Zibolka J"", ""Bähr I"", ""Peschke E"", ""Mühlbauer E"", ""Bazwinsky-Wutschke I.""]"	Cell culture of different pancreatic islet cell lines, like the murine α-cell line αTC1.9, the rat β-cell lines INS-1 and INS-1 832/13, and the human δ-cell line QGP-1, can serve as valuable cell models for the analysis of melatonin-dependent modulation of hormone secretion. The paper summarizes in detail the requirements of culture for each cell line and includes batch protocols to stimulate hormone secretion and to treat cells with several melatonin concentrations as previously published. We here describe the processing of collected cell pellets or cell culture supernatants as well as different methods to analyze cell experiments after melatonin treatment on the basis of our own experience. Finally, we outlined for each cell line under which conditions the melatonin treatment should be performed to gain reproducible results.	Zibolka J, Bähr I, Peschke E, Mühlbauer E, Bazwinsky-Wutschke I. Human and Rodent Cell Lines as Models of Functional Melatonin-Responsive Pancreatic Islet Cells <i>Methods in Molecular Biology.</i> 2022-09-30. DOI:https://www.doi.org/10.1007/978-1-0716-2593-4_35 PMID:36180704
333f96b2-63e1-4529-b583-b684b49e9c78	https://www.doi.org/10.3892/ijo.2022.5429	PMID:36169178	PMC9529431	No	International Journal of Oncology	2022-09-28	Establishment and characteristics of GWH04, a new primary human glioblastoma cell line	CC-BY-NC-ND	Yes	Yes	pmc_fulltext_xml/PMC9529431.xml	This is an open access article distributed under the terms of the Creative Commons Attribution-NonCommercial-NoDerivs License, which permits use and distribution in any medium, provided the original work is properly cited, the use is non-commercial and no modifications or adaptations are made.	"[""Cheng F"", ""Wan X"", ""Wang B"", ""Li Y"", ""Peng P"", ""Xu S"", ""Han C"", ""Mao F"", ""Guo D.""]"	Glioblastoma multiforme (GBM) is a common and fatal disease of the central nervous system. GBM cell lines are fundamental tools used in GBM research. The establishment of novel continuous GBM cell lines with clear genetic backgrounds could facilitate the exploration of molecular mechanisms and the screening and evaluation of antitumor drugs in GBM studies. In the present study, a novel primary glioblastoma cell line was established, named GWH04, from a patient with GBM, and its STR genotype and various tumor parameters were examined. The STR information of GWH04 was identical to that of the original primary tumor tissue. Compared with existing cell lines, GWH04 had a similar in vitro proliferation rate as the U87 cell line, but a faster rate than the GL15 cell line, and substantial soft agar clone‑formation capacity and subcutaneous and intracranial tumorigenic capacity. For drug sensitivity test, half maximal inhibitory concentration assays for multiple drugs were performed in these three cell lines, and GWH04 cells were found to be resistant to temozolomide. Aneuploid karyotype with a median of 84 chromosomes was possessed by GWH04, as well as chromosomal structural abnormalities, such as broken chromosomes, double centromere chromosomes, homogeneous staining regions, and double microbodies. Gene sequencing further revealed the mutational status of genes TP53, PTEN, PDGFRA, ERBB2, BRCA1, NF1, and MLH1 and the promoter region of telomerase reverse transcriptase (C228T) in this cell line. Altogether, these results indicated that GWH04 will be a useful tool for human GBM studies both in vitro and in vivo.	Cheng F, Wan X, Wang B, Li Y, Peng P, Xu S, Han C, Mao F, Guo D. Establishment and characteristics of GWH04, a new primary human glioblastoma cell line <i>International Journal of Oncology.</i> 2022-09-28. DOI:https://www.doi.org/10.3892/ijo.2022.5429 PMID:36169178
66a941f3-e886-4867-a439-1fe60b45a724	https://www.doi.org/10.1016/j.isci.2022.104437	PMID:35692635	PMC9184558	No	iScience	2022-06-13	An isogenic cell line panel for sequence-based screening of targeted anticancer drugs	CC-BY-4.0	Yes	Yes	pmc_fulltext_xml/PMC9184558.xml	This is an open access article under the CC BY license (http://creativecommons.org/licenses/by/4.0/).	"[""Cook AL"", ""Wyhs N"", ""Sur S"", ""Ptak B"", ""Popoli M"", ""Dobbyn L"", ""Papadopoulos T"", ""Bettegowda C"", ""Papadopoulos N"", ""Vogelstein B"", ""Zhou S"", ""Kinzler KW.""]"	We describe the creation of an isogenic cell line panel representing common cancer pathways, with features optimized for high-throughput screening. More than 1,800 cell lines from three normal human cell lines were generated using CRISPR technologies. Surprisingly, most of these lines did not result in complete gene inactivation despite integration of sgRNA at the desired genomic site. A subset of the lines harbored biallelic disruptions of the targeted tumor suppressor gene, yielding a final panel of 100 well-characterized lines covering 19 frequently lost cancer pathways. This panel included genetic markers optimized for sequence-based ratiometric assays for drug-based screening assays. To illustrate the potential utility of this panel, we developed a high-throughput screen that identified Wee1 inhibitor MK-1775 as a selective growth inhibitor of cells with inactivation of TP53. These cell lines and screening approach should prove useful for researchers studying a variety of cellular and biochemical phenomena.	Cook AL, Wyhs N, Sur S, Ptak B, Popoli M, Dobbyn L, Papadopoulos T, Bettegowda C, Papadopoulos N, Vogelstein B, Zhou S, Kinzler KW. An isogenic cell line panel for sequence-based screening of targeted anticancer drugs <i>iScience.</i> 2022-06-13. DOI:https://www.doi.org/10.1016/j.isci.2022.104437 PMID:35692635
b0f52283-3dbc-432e-b5f3-1d1097f1b5c3	https://www.doi.org/10.1002/jbmr.4633	PMID:35690920	PMC9378557	No	Journal of Bone and Mineral Research	2022-06-12	Identifying bone matrix impairments in a mouse model of neurofibromatosis type 1 (NF1) by clinically translatable techniques	Fair use (license unspecified)	No	Yes	pmc_fulltext_xml/PMC9378557.xml	This file is available for text mining. It may also be used consistent with the principles of fair use under the copyright law.	"[""Ahmed R"", ""Uppuganti S"", ""Derasari S"", ""Meyer J"", ""Pennings JS"", ""Elefteriou F"", ""Nyman JS.""]"	Three-to-four percent of children with neurofibromatosis type 1 (NF1) present with unilateral tibia bowing, fracture, and recalcitrant healing. Alkaline phosphatase (ALP) enzyme therapy prevented poor bone mineralization and poor mechanical properties in mouse models of NF1 skeletal dysplasia; but transition to clinical trials is hampered by the lack of a technique that (i) identifies NF1 patients at risk of tibia bowing and fracture making them eligible for trial enrollment and (ii) monitors treatment effects on matrix characteristics related to bone strength. Therefore, we assessed the ability of matrix-sensitive techniques to provide characteristics that differentiate between cortical bone from mice characterized by postnatal loss of Nf1 in Osx-creTet-Off ;Nf1flox/flox osteoprogenitors (cKO) and from wild-type (WT) mice. Following euthanasia at two time points of bone disease progression, femur and tibia were harvested from both genotypes (n ≥ 8/age/sex/genotype). A reduction in the mid-diaphysis ultimate force during three-point bending at 20 weeks confirmed deleterious changes in bone induced by Nf1 deficiency, regardless of sex. Pooling females and males, low bound water (BW), and low cortical volumetric bone mineral density (Ct.vBMD) were the most accurate outcomes in distinguishing cKO from WT femurs with accuracy improving with age. Ct.vBMD and the average unloading slope (Avg-US) from cyclic reference point indentation tests were the most sensitive in differentiating WT from cKO tibias. Mineral-to-matrix ratio and carbonate substitution from Raman spectroscopy were not good classifiers. However, when combined with Ct.vBMD and BW (femur), they helped predict bending strength. Nf1 deficiency in osteoprogenitors negatively affected bone microstructure and matrix quality with deficits in properties becoming more pronounced with duration of Nf1 deficiency. Clinically measurable without ionizing radiation, BW and Avg-US are sensitive to deleterious changes in bone matrix in a preclinical model of NF1 bone dysplasia and require further clinical investigation as potential indicators of an onset of bone weakness in children with NF1. © 2022 American Society for Bone and Mineral Research (ASBMR).	Ahmed R, Uppuganti S, Derasari S, Meyer J, Pennings JS, Elefteriou F, Nyman JS. Identifying Bone Matrix Impairments in a Mouse Model of Neurofibromatosis Type 1 (NF1) by Clinically Translatable Techniques <i>Journal of Bone and Mineral Research.</i> 2022-06-12. DOI:https://www.doi.org/10.1002/jbmr.4633 PMID:35690920
0bd0f6af-eea7-4284-a75a-509f364075c0	https://www.doi.org/10.3390/brainsci12060720	PMID:35741605	PMC9221468	Yes	Brain Sciences	2022-05-31	Integrated Drug Mining Reveals Actionable Strategies Inhibiting Plexiform Neurofibromas	CC-BY-4.0	Yes	Yes	pmc_fulltext_xml/PMC9221468.xml	Licensee MDPI, Basel, Switzerland. This article is an open access article distributed under the terms and conditions of the Creative Commons Attribution (CC BY) license (https://creativecommons.org/licenses/by/4.0/).	"[""Brown RM"", ""Farouk Sait S"", ""Dunn G"", ""Sullivan A"", ""Bruckert B"", ""Sun D.""]"	Neurofibromatosis Type 1 (NF1) is one of the most common genetic tumor predisposition syndromes, affecting up to 1 in 2500 individuals. Up to half of patients with NF1 develop benign nerve sheath tumors called plexiform neurofibromas (PNs), characterized by biallelic NF1 loss. PNs can grow to immense sizes, cause extensive morbidity, and harbor a 15% lifetime risk of malignant transformation. Increasingly, molecular sequencing and drug screening data from various preclinical murine and human PN cell lines, murine models, and human PN tissues are available to help identify salient treatments for PNs. Despite this, Selumetinib, a MEK inhibitor, is the only currently FDA-approved pharmacotherapy for symptomatic and inoperable PNs in pediatric NF1 patients. The discovery of alternative and additional treatments has been hampered by the rarity of the disease, which makes prioritizing drugs to be tested in future clinical trials immensely important. Here, we propose a gene regulatory network-based integrated analysis to mine high-throughput cell line-based drug data combined with transcriptomes from resected human PN tumors. Conserved network modules were characterized and served as drug fingerprints reflecting the biological connections among drug effects and the inherent properties of PN cell lines and tissue. Drug candidates were ranked, and the therapeutic potential of drug combinations was evaluated via computational predication. Auspicious therapeutic agents and drug combinations were proposed for further investigation in preclinical and clinical trials.	Brown RM, Farouk Sait S, Dunn G, Sullivan A, Bruckert B, Sun D. Integrated Drug Mining Reveals Actionable Strategies Inhibiting Plexiform Neurofibromas <i>Brain Sciences.</i> 2022-05-31. DOI:https://www.doi.org/10.3390/brainsci12060720 PMID:35741605
1add1c55-56d1-4950-8fae-a53e6553ca4b	https://www.doi.org/10.1016/j.omtn.2022.03.011	PMID:35433111	PMC8983316	Yes	Molecular Therapy Nucleic Acids	2022-04-18	Targeted exon skipping of NF1 exon 17 as a therapeutic for neurofibromatosis type I	CC-BY-NC-ND	Yes	Yes	pmc_fulltext_xml/PMC8983316.xml	This is an open access article under the CC BY-NC-ND license (http://creativecommons.org/licenses/by-nc-nd/4.0/).	"[""Leier A"", ""Moore M"", ""Liu H"", ""Daniel M"", ""Hyde AM"", ""Messiaen L"", ""Korf BR"", ""Selvakumaran J"", ""Ciszewski L"", ""Lambert L"", ""Foote J"", ""Wallace MR"", ""Kesterson RA"", ""Dickson G"", ""Popplewell L"", ""Wallis D.""]"	We investigated the feasibility of utilizing an exon-skipping approach as a genotype-dependent therapeutic for neurofibromatosis type 1 (NF1) by determining which NF1 exons might be skipped while maintaining neurofibromin protein expression and GTPase activating protein (GAP)-related domain (GRD) function. Initial in silico analysis predicted exons that can be skipped with minimal loss of neurofibromin function, which was confirmed by in vitro assessments utilizing an Nf1 cDNA-based functional screening system. Skipping of exons 17 or 52 fit our criteria, as minimal effects on protein expression and GRD activity were noted. Antisense phosphorodiamidate morpholino oligomers (PMOs) were utilized to skip exon 17 in human cell lines with patient-specific pathogenic variants in exon 17, c.1885G>A, and c.1929delG. PMOs restored functional neurofibromin expression. To determine the in vivo significance of exon 17 skipping, we generated a homozygous deletion of exon 17 in a novel mouse model. Mice were viable and exhibited a normal lifespan. Initial studies did not reveal the presence of tumor development; however, altered nesting behavior and systemic lymphoid hyperplasia was noted in peripheral lymphoid organs. Alterations in T and B cell frequencies in the thymus and spleen were identified. Hence, exon skipping should be further investigated as a therapeutic approach for NF1 patients with pathogenic variants in exon 17, as homozygous deletion of exon 17 is consistent with at least partial function of neurofibromin.	Leier A, Moore M, Liu H, Daniel M, Hyde AM, Messiaen L, Korf BR, Selvakumaran J, Ciszewski L, Lambert L, Foote J, Wallace MR, Kesterson RA, Dickson G, Popplewell L, Wallis D. Targeted exon skipping of NF1 exon 17 as a therapeutic for neurofibromatosis type I <i>Molecular Therapy Nucleic Acids.</i> 2022-04-18. DOI:https://www.doi.org/10.1016/j.omtn.2022.03.011 PMID:35433111
dfdae94f-b552-4982-b126-cce3eb08c596	https://www.doi.org/10.7554/eLife.73511	PMID:35311647	PMC8959601	No	eLife	2022-03-21	P2RY14 cAMP signaling regulates Schwann cell precursor self-renewal, proliferation, and nerve tumor initiation in a mouse model of neurofibromatosis	CC-BY	Yes	Yes	pmc_fulltext_xml/PMC8959601.xml	This article is distributed under the terms of the Creative Commons Attribution License, which permits unrestricted use and redistribution provided that the original author and source are credited.	"[""Patritti Cram J"", ""Wu J"", ""Coover RA"", ""Rizvi TA"", ""Chaney KE"", ""Ravindran R"", ""Cancelas JA"", ""Spinner RJ"", ""Ratner N.""]"	Neurofibromatosis type 1 (NF1) is characterized by nerve tumors called neurofibromas, in which Schwann cells (SCs) show deregulated RAS signaling. NF1 is also implicated in regulation of cAMP. We identified the G-protein-coupled receptor (GPCR) P2ry14 in human neurofibromas, neurofibroma-derived SC precursors (SCPs), mature SCs, and mouse SCPs. Mouse Nf1-/- SCP self-renewal was reduced by genetic or pharmacological inhibition of P2ry14. In a mouse model of NF1, genetic deletion of P2ry14 rescued low cAMP signaling, increased mouse survival, delayed neurofibroma initiation, and improved SC Remak bundles. P2ry14 signals via Gi to increase intracellular cAMP, implicating P2ry14 as a key upstream regulator of cAMP. We found that elevation of cAMP by either blocking the degradation of cAMP or by using a P2ry14 inhibitor diminished NF1-/- SCP self-renewal in vitro and neurofibroma SC proliferation in in vivo. These studies identify P2ry14 as a critical regulator of SCP self-renewal, SC proliferation, and neurofibroma initiation.	Patritti Cram J, Wu J, Coover RA, Rizvi TA, Chaney KE, Ravindran R, Cancelas JA, Spinner RJ, Ratner N. P2RY14 cAMP signaling regulates Schwann cell precursor self-renewal, proliferation, and nerve tumor initiation in a mouse model of neurofibromatosis <i>Elife.</i> 2022-03-21. DOI:https://www.doi.org/10.7554/eLife.73511 PMID:35311647
f03f52f5-dc24-4276-a49d-e4c5b1a7963d	https://www.doi.org/10.1111/1759-7714.14385	PMID:35297208	PMC9013652	No	Thorac Cancer	2022-03-17	Establishment and characterization of a novel highly malignant lung cancer cell line ZX2021H derived from a metastatic lymph node lesion	CC-BY-NC	Yes	Yes	pmc_fulltext_xml/PMC9013652.xml	This is an open access article under the terms of the http://creativecommons.org/licenses/by-nc/4.0/ License, which permits use, distribution and reproduction in any medium, provided the original work is properly cited and is not used for commercial purposes.	"[""Zu L"", ""Li X"", ""He J"", ""Zhou N"", ""Meng F"", ""Li X"", ""Xu S"", ""Zhang L.""]"	BACKGROUND. Lung cancer is a highly malignant tumor with a poor prognosis. The establishment of faithful ex vivo cell models is essential for investigating the metastatic mechanisms and developing new anticancer agents. In this study, we established and characterized a novel lung cancer cell line derived from metastatic lymph node tissue from a Chinese patient. METHODS. A primary culture of metastatic lymph node tissue from a patient with lung cancer was used to establish a cell line. The phenotypic characteristics of the cell line were characterized by colony-formation, CCK8, and Transwell assays, and xenografting. The genetic characteristics were evaluated by chromosome analysis, short tandem repeat (STR) profiling, and quantitative real time-polymerase chain reaction (qRT-PCR). RESULTS. A novel lung cancer cell line, named ZX2021H, was successfully established from a metastatic lymph node lesion from a lung cancer patient. The cell line exhibited high capacities for proliferation and invasion, as validated by its phenotypic and genetic characteristics. This cell line had a unique STR profile and karyotype analysis revealed numerical and structural chromosome abnormalities. The growth rate of in vivo xenografted tumors established using ZX2021H cells was higher than that using H1299 cells. The cell stemness-related gene SOX2 was overexpressed in ZX2021 compared with H1299 cells, as determined by qRT-PCR. CONCLUSION. We successfully established a novel, highly malignant lung cancer cell line, ZX2021H, derived from metastatic lymph node tissue from a Chinese lung cancer patient. This cell line may provide an ideal cell model for further studies of the molecular mechanisms underlying lung cancer metastasis and for the development of new anticancer agents.	Zu L, Li X, He J, Zhou N, Meng F, Li X, Xu S, Zhang L. Establishment and characterization of a novel highly malignant lung cancer cell line ZX2021H derived from a metastatic lymph node lesion <i>Thorac Cancer.</i> 2022-03-17. DOI:https://www.doi.org/10.1111/1759-7714.14385 PMID:35297208
445da520-5f82-4124-a756-34d6b51f2526	https://www.doi.org/10.21037/tcr.2019.12.04	PMID:35117401	PMC8798965	No	Transl Cancer Res	2022-02-04	Proteomic and ultrastructural analysis of Clara cell and type II alveolar epithelial cell-type lung cancer cells	CC-BY-NC-ND	Yes	Yes	pmc_fulltext_xml/PMC8798965.xml	Open Access Statement: This is an Open Access article distributed in accordance with the Creative Commons Attribution-NonCommercial-NoDerivs 4.0 International License (CC BY-NC-ND 4.0), which permits the non-commercial replication and distribution of the article with the strict proviso that no changes or edits are made and the original work is properly cited (including links to both the formal publication through the relevant DOI and the license). See: https://creativecommons.org/licenses/by-nc-nd/4.0/.	"[""Hou WL"", ""Chang M"", ""Liu XF"", ""Hu LS"", ""Hua SC.""]"	BACKGROUND. Currently, the identification of Clara cell and type II alveolar epithelial cell-type cancer cells requires electron microscopy, which is a time-consuming and expensive process involving a complicated tissue sampling procedure. The aim of this study was to identify unique biomarkers for Clara cell and type II alveolar epithelial cell-type lung cancer cells, respectively, with proteomic profiling. METHODS. Six human lung adenocarcinoma cell lines (A549, NCI-H358, NCI-H1650, HCC827, NCI-H1395, and NCI-H1975) were investigated for their ultrastructural characteristics. The differentially expressed proteins (DEPs) were screened between NCI-H358 cells (Clara cell type) and A549 cells (type II alveolar epithelial cell type) using two-dimensional difference gel electrophoresis (2D-DIGE) and matrix-assisted laser desorption/ionization time-of-flight mass spectrometry (MALDI-TOF-MS/MS), and then they were validated by western blot. The protein expression levels of endoplasmic reticulum oxidoreductin 1-α (ERO1L), Clara cell 10-kD protein (CC10), and surfactant protein C (SP-C) were also determined in the six cell lines assayed. RESULTS. NCI-H358 cells featured Clara cell differentiation; A549, NCI-H1975, and HCC827 cells had characteristics of type II alveolar epithelial cells; and NCI-H1395 and NCI-H1650 cells had no differentiation characteristics of any lung adenocarcinoma cell type. Five DEPs including ubiquitin carboxyl-terminal hydrolase isozyme L1 (UCHL1), cytokeratin 19 (CK19), cytokeratin 8 (CK8), ERO1L, and peroxiredoxin 2 (PRDX2) between NCI-H358 and A549 cells were identified for further validation; however, none of them showed suitability as an effective biomarker. Similarly, CC10 and SP-C were not appropriate biomarkers. CONCLUSIONS. Cytological subtypes of NCI-H1975 and HCC827 cells were identified, but no promising biomarker was discovered in the present study.	Hou WL, Chang M, Liu XF, Hu LS, Hua SC. Proteomic and ultrastructural analysis of Clara cell and type II alveolar epithelial cell-type lung cancer cells <i>Transl Cancer Res.</i> 2022-02-04. DOI:https://www.doi.org/10.21037/tcr.2019.12.04 PMID:35117401
5f02e714-9825-4f75-b16c-e75d8f3666fe	https://www.doi.org/10.1016/j.xcrm.2021.100471	PMID:35028612	PMC8714940	No	Cell Reports Medicine	2022-01-14	Multiomic analysis identifies CPT1A as a potential therapeutic target in platinum-refractory, high-grade serous ovarian cancer	CC-BY-NC-ND	Yes	Yes	pmc_fulltext_xml/PMC8714940.xml	This is an open access article under the CC BY-NC-ND license (http://creativecommons.org/licenses/by-nc-nd/4.0/).	"[""Huang D"", ""Chowdhury S"", ""Wang H"", ""Savage SR"", ""Ivey RG"", ""Kennedy JJ"", ""Whiteaker JR"", ""Lin C"", ""Hou X"", ""Oberg AL"", ""Larson MC"", ""Eskandari N"", ""Delisi DA"", ""Gentile S"", ""Huntoon CJ"", ""Voytovich UJ"", ""Shire ZJ"", ""Yu Q"", ""Gygi SP"", ""Hoofnagle AN"", ""Herbert ZT"", ""Lorentzen TD"", ""Calinawan A"", ""Karnitz LM"", ""Weroha SJ"", ""Kaufmann SH"", ""Zhang B"", ""Wang P"", ""Birrer MJ"", ""Paulovich AG.""]"	Resistance to platinum compounds is a major determinant of patient survival in high-grade serous ovarian cancer (HGSOC). To understand mechanisms of platinum resistance and identify potential therapeutic targets in resistant HGSOC, we generated a data resource composed of dynamic (±carboplatin) protein, post-translational modification, and RNA sequencing (RNA-seq) profiles from intra-patient cell line pairs derived from 3 HGSOC patients before and after acquiring platinum resistance. These profiles reveal extensive responses to carboplatin that differ between sensitive and resistant cells. Higher fatty acid oxidation (FAO) pathway expression is associated with platinum resistance, and both pharmacologic inhibition and CRISPR knockout of carnitine palmitoyltransferase 1A (CPT1A), which represents a rate limiting step of FAO, sensitize HGSOC cells to platinum. The results are further validated in patient-derived xenograft models, indicating that CPT1A is a candidate therapeutic target to overcome platinum resistance. All multiomic data can be queried via an intuitive gene-query user interface (https://sites.google.com/view/ptrc-cell-line).	Huang D, Chowdhury S, Wang H, Savage SR, Ivey RG, Kennedy JJ, Whiteaker JR, Lin C, Hou X, Oberg AL, Larson MC, Eskandari N, Delisi DA, Gentile S, Huntoon CJ, Voytovich UJ, Shire ZJ, Yu Q, Gygi SP, Hoofnagle AN, Herbert ZT, Lorentzen TD, Calinawan A, Karnitz LM, Weroha SJ, Kaufmann SH, Zhang B, Wang P, Birrer MJ, Paulovich AG. Multiomic analysis identifies CPT1A as a potential therapeutic target in platinum-refractory, high-grade serous ovarian cancer <i>Cell Reports Medicine.</i> 2022-01-14. DOI:https://www.doi.org/10.1016/j.xcrm.2021.100471 PMID:35028612
86e1ed01-8393-46fe-9504-ae4f9b520bb0	https://www.doi.org/10.1007/s00401-021-02395-z	PMID:34967922	PMC8742817	No	Acta Neuropathologica	2021-12-31	Oligosarcomas, IDH-mutant are distinct and aggressive	CC-BY-4.0	Yes	Yes	pmc_fulltext_xml/PMC8742817.xml	Open AccessThis article is licensed under a Creative Commons Attribution 4.0 International License, which permits use, sharing, adaptation, distribution and reproduction in any medium or format, as long as you give appropriate credit to the original author(s) and the source, provide a link to the Creative Commons licence, and indicate if changes were made. The images or other third party material in this article are included in the article's Creative Commons licence, unless indicated otherwise in a credit line to the material. If material is not included in the article's Creative Commons licence and your intended use is not permitted by statutory regulation or exceeds the permitted use, you will need to obtain permission directly from the copyright holder. To view a copy of this licence, visit http://creativecommons.org/licenses/by/4.0/.	"[""Suwala AK"", ""Felix M"", ""Friedel D"", ""Stichel D"", ""Schrimpf D"", ""Hinz F"", ""Hewer E"", ""Schweizer L"", ""Dohmen H"", ""Pohl U"", ""Staszewski O"", ""Korshunov A"", ""Stein M"", ""Wongsurawat T"", ""Cheunsuacchon P"", ""Sathornsumetee S"", ""Koelsche C"", ""Turner C"", ""Le Rhun E"", ""Mühlebner A"", ""Schucht P"", ""Özduman K"", ""Ono T"", ""Shimizu H"", ""Prinz M"", ""Acker T"", ""Herold-Mende C"", ""Kessler T"", ""Wick W"", ""Capper D"", ""Wesseling P"", ""Sahm F"", ""von Deimling A"", ""Hartmann C"", ""Reuss DE.""]"	Oligodendrogliomas are defined at the molecular level by the presence of an IDH mutation and codeletion of chromosomal arms 1p and 19q. In the past, case reports and small studies described gliomas with sarcomatous features arising from oligodendrogliomas, so called oligosarcomas. Here, we report a series of 24 IDH-mutant oligosarcomas from 23 patients forming a distinct methylation class. The tumors were recurrences from prior oligodendrogliomas or developed de novo. Precursor tumors of 12 oligosarcomas were histologically and molecularly indistinguishable from conventional oligodendrogliomas. Oligosarcoma tumor cells were embedded in a dense network of reticulin fibers, frequently showing p53 accumulation, positivity for SMA and CALD1, loss of OLIG2 and gain of H3K27 trimethylation (H3K27me3) as compared to primary lesions. In 5 oligosarcomas no 1p/19q codeletion was detectable, although it was present in the primary lesions. Copy number neutral LOH was determined as underlying mechanism. Oligosarcomas harbored an increased chromosomal copy number variation load with frequent CDKN2A/B deletions. Proteomic profiling demonstrated oligosarcomas to be highly distinct from conventional CNS WHO grade 3 oligodendrogliomas with consistent evidence for a smooth muscle differentiation. Expression of several tumor suppressors was reduced with NF1 being lost frequently. In contrast, oncogenic YAP1 was aberrantly overexpressed in oligosarcomas. Panel sequencing revealed mutations in NF1 and TP53 along with IDH1/2 and TERT promoter mutations. Survival of patients was significantly poorer for oligosarcomas as first recurrence than for grade 3 oligodendrogliomas as first recurrence. These results establish oligosarcomas as a distinct group of IDH-mutant gliomas differing from conventional oligodendrogliomas on the histologic, epigenetic, proteomic, molecular and clinical level. The diagnosis can be based on the combined presence of (a) sarcomatous histology, (b) IDH-mutation and (c) TERT promoter mutation and/or 1p/19q codeletion, or, in unresolved cases, on its characteristic DNA methylation profile.	Suwala AK, Felix M, Friedel D, Stichel D, Schrimpf D, Hinz F, Hewer E, Schweizer L, Dohmen H, Pohl U, Staszewski O, Korshunov A, Stein M, Wongsurawat T, Cheunsuacchon P, Sathornsumetee S, Koelsche C, Turner C, Le Rhun E, Mühlebner A, Schucht P, Özduman K, Ono T, Shimizu H, Prinz M, Acker T, Herold-Mende C, Kessler T, Wick W, Capper D, Wesseling P, Sahm F, von Deimling A, Hartmann C, Reuss DE. Oligosarcomas, IDH-mutant are distinct and aggressive <i>Acta Neuropathologica.</i> 2021-12-31. DOI:https://www.doi.org/10.1007/s00401-021-02395-z PMID:34967922
867000d0-0908-4972-b049-40c0081be8f8	https://www.doi.org/10.3390/jpm11121320	PMID:34945792	PMC8705852	Yes	Journal of Personalized Medicine	2021-12-19	Restoration of Normal NF1 Function with Antisense Morpholino Treatment of Recurrent Pathogenic Patient-Specific Variant c1466A&gt;G; pY489C	CC-BY-4.0	Yes	Yes	pmc_fulltext_xml/PMC8705852.xml	Licensee MDPI, Basel, Switzerland. This article is an open access article distributed under the terms and conditions of the Creative Commons Attribution (CC BY) license (https://creativecommons.org/licenses/by/4.0/).	"[""Elias K Awad"", ""Marc Moore"", ""Hui Liu"", ""Lukasz Ciszewski"", ""Laura Lambert"", ""Bruce R Korf"", ""Linda Popplewell"", ""Robert A Kesterson"", ""Deeann Wallis""]"	Neurofibromatosis type 1 (NF1) is an autosomal dominant genetic disorder with almost 3000 different disease-causing variants within the NF1 gene identified. Up to 44% of these variants cause splicing errors to occur within pre-mRNA. A recurrent variant in exon 13, c.1466A&gt;G; p.Y489C (Y489C) results in the creation of an intragenic cryptic splice site, aberrant splicing, a 62 base pair deletion from the mRNA, and subsequent frameshift. We investigated the ability of phosphorodiamidate m	Elias K Awad, Marc Moore, Hui Liu, Lukasz Ciszewski, Laura Lambert, Bruce R Korf, Linda Popplewell, Robert A Kesterson, Deeann Wallis. Restoration of Normal NF1 Function with Antisense Morpholino Treatment of Recurrent Pathogenic Patient-Specific Variant c.1466A&gt;G; p.Y489C. <i>Journal of Personalized Medicine.</i> 2021-12-19. DOI:https://www.doi.org/10.3390/jpm11121320 PMID:34945792
d56b5c62-09b3-4d54-a1cc-389628dc7229	https://www.doi.org/10.1038/s41598-021-85055-2	PMID:33707600	PMC7952412	No	Scientific Reports	2021-12-07	Establishment and genomic characterization of a sporadic malignant peripheral nerve sheath tumor cell line	CC-BY-4.0	Yes	Yes	pmc_fulltext_xml/PMC7952412.xml	Open Access This article is licensed under a Creative Commons Attribution 4.0 International License, which permits use, sharing, adaptation, distribution and reproduction in any medium or format, as long as you give appropriate credit to the original author(s) and the source, provide a link to the Creative Commons licence, and indicate if changes were made. The images or other third party material in this article are included in the article's Creative Commons licence, unless indicated otherwise in a credit line to the material. If material is not included in the article's Creative Commons licence and your intended use is not permitted by statutory regulation or exceeds the permitted use, you will need to obtain permission directly from the copyright holder. To view a copy of this licence, visit http://creativecommons.org/licenses/by/4.0/.	"[""Jody Fromm Longo"", ""Stephanie N Brosius"", ""Iya Znoyko"", ""Victoria A Alers"", ""Dorea P Jenkins"", ""Robert C Wilson"", ""Andrew J Carroll"", ""Daynna J Wolff"", ""Kevin A Roth"", ""Steven L Carroll""]"	Malignant peripheral nerve sheath tumors (MPNSTs) are aggressive Schwann cell-derived neoplasms that occur sporadically or in patients with neurofibromatosis type 1 (NF1). Preclinical research on sporadic MPNSTs has been limited as few cell lines exist. We generated and characterized a new sporadic MPNST cell line, 2XSB, which shares the molecular and genomic features of the parent tumor. These cells have a highly complex karyotype with extensive chromothripsis. 2XSB cells show robust invasive 3-dimensional and clonogenic culture capability and form solid tumors when xenografted into immunodeficient mice. High-density single nucleotide polymorphism array and whole exome sequencing analyses indicate that, unlike NF1-associated MPNSTs, 2XSB cells have intact, functional NF1 alleles with no evidence of mutations in genes encoding components of Polycomb Repressor Complex 2. However, mutations in other genes implicated in MPNST pathogenesis were identified in 2XSB cells including homozygous deletion of CDKN2A and mutations in TP53 and PTEN. We also identified mutations in genes not previously associated with MPNSTs but associated with the pathogenesis of other human cancers. These include DNMT1, NUMA1, NTRK1, PDE11A, CSMD3, LRP5 and ACTL9. This sporadic MPNST-derived cell line provides a useful tool for investigating the biology and potential treatment regimens for sporadic MPNSTs.	Jody Fromm Longo, Stephanie N Brosius, Iya Znoyko, Victoria A Alers, Dorea P Jenkins, Robert C Wilson, Andrew J Carroll, Daynna J Wolff, Kevin A Roth, Steven L Carroll. Establishment and genomic characterization of a sporadic malignant peripheral nerve sheath tumor cell line. <i>Scientific Reports.</i> 2021-12-07. DOI:https://www.doi.org/10.1038/s41598-021-85055-2 PMID:33707600
2c8610df-2df3-4408-b1f1-1ba8f703663d	https://www.doi.org/10.3892/or.2021.8226	PMID:34779495	PMC8611403	No	Oncology Reports	2021-11-16	Expression of neurofibromin 1 in colorectal cancer and cetuximab resistance	CC-BY-NC-ND	Yes	Yes	pmc_fulltext_xml/PMC8611403.xml	This is an open access article distributed under the terms of the Creative Commons Attribution-NonCommercial-NoDerivs License, which permits use and distribution in any medium, provided the original work is properly cited, the use is non-commercial and no modifications or adaptations are made.	"[""Tak E"", ""Kim M"", ""Cho Y"", ""Choi S"", ""Kim J"", ""Han B"", ""Kim HD"", ""Jang CS"", ""Kim JE"", ""Hong YS"", ""Kim SY"", ""Kim TW.""]"	Neurofibromin 1 (NF1) is a tumor suppressor that has been previously reported to regulate RAS‑MAPK signaling. The present study investigated the possible relationship between NF1 expression and anti‑EGFR antibody (cetuximab) sensitivity in colorectal cancer cell lines. In addition, primary or metastatic colorectal cancer samples from patients treated with cetuximab were assessed for the association of cetuximab sensitivity. The quantities of the NF1 transcript, NF1‑related pathway enrichment and NF1 mutation profile were measured and investigated using RNA sequencing and targeted DNA sequencing. Based on growth inhibition and colony formation assay results, cell lines were designated to be cetuximab‑sensitive (NCI‑H508 and Caco2) or cetuximab‑resistant (KM12C and SM480). Western blotting revealed NF1 was highly expressed in cetuximab‑sensitive cell lines whilst there was little expression in their cetuximab‑resistant counterparts. Knocking down NF1 expression using small interfering RNA in the cetuximab‑sensitive cell lines enhanced the phosphorylation of MEK and ERK according to western blotting. NF1 knockdown also reduced apoptosis, as observed by the decreased number of apoptotic bodies by DAPI nuclear staining and reduced cleavage of caspase and poly‑(ADP ribose) polymerase. NF1 overexpression by transfection with GTPase‑activating protein‑related domain subunit rendered the cetuximab‑resistant cell lines, KM12C and SW480, more susceptible to cetuximab‑induced apoptosis. RNA sequencing of 111 RAS and BRAFV600 wild‑type tumor samples collected from cetuximab‑treated patients with metastatic colorectal cancer revealed that the pre‑treatment NF1 expression levels were not associated with the cetuximab response. However, tumor samples obtained after cetuximab treatment displayed slightly lower NF1 transcript levels compared with those in the pre‑treatment samples, suggesting that exposure to the anti‑EGFR antibody may be associated with reduced NF1 expression levels. Next‑generation sequencing revealed that the frequency of inactivating mutations in NF1 were rare (1.8%) in patients with colorectal cancer and were not associated with the protein expression levels of NF1 except for in a small number of cases (0.5%), where the biallelic inactivation of NF1 was observed. To conclude, the present study showed that modification of NF1 expression can affect sensitivity to cetuximab in colorectal cancer cell lines, though a limitation exists in terms of its potential application as a biomarker for RAS and BRAFV600 wild‑type tumors.	Tak E, Kim M, Cho Y, Choi S, Kim J, Han B, Kim HD, Jang CS, Kim JE, Hong YS, Kim SY, Kim TW. Expression of neurofibromin 1 in colorectal cancer and cetuximab resistance <i>Oncology Reports.</i> 2021-11-16. DOI:https://www.doi.org/10.3892/or.2021.8226 PMID:34779495
e80a78ef-6ac4-41aa-9356-ada266d80915	https://www.doi.org/10.1007/s12035-021-02615-3	PMID:34727321	PMC1682337	No	Molecular Neurobiology	2021-11-02	Individual response to radiation of individuals with neurofibromatosis type I: Role of the ATM protein and influence of statins and bisphosphonates	PMC (access type unspecified)	No	No (abstract only)	pmc_fulltext_xml/PMC1682337.xml		"[""Combemale P"", ""Sonzogni L"", ""Devic C"", ""Bencokova Z"", ""Ferlazzo ML"", ""Granzotto A"", ""Burlet SF"", ""Pinson S"", ""Amini-Adle M"", ""Al-Choboq J"", ""Bodgi L"", ""Bourguignon M"", ""Balosso J"", ""Bachelet JT"", ""Foray N.""]"	Neurofibromatosis type 1 (NF1) is a disease characterized by high occurrence of benign and malignant brain tumours and caused by mutations of the neurofibromin protein. While there is an increasing evidence that NF1 is associated with radiosensitivity and radiosusceptibility, few studies have dealt with the molecular and cellular radiation response of cells from individuals with NF1. Here, we examined the ATM-dependent signalling and repair pathways of the DNA double-strand breaks (DSB), the key-damage induced by ionizing radiation, in skin fibroblast cell lines from 43 individuals with NF1. Ten minutes after X-rays irradiation, quiescent NF1 fibroblasts showed abnormally low rate of recognized DSB reflected by a low yield of nuclear foci formed by phosphorylated H2AX histones. Irradiated NF1 fibroblasts also presented a delayed radiation-induced nucleoshuttling of the ATM kinase (RIANS), potentially due to a specific binding of ATM to the mutated neurofibromin in cytoplasm. Lastly, NF1 fibroblasts showed abnormally high MRE11 nuclease activity suggesting a high genomic instability after irradiation. A combination of bisphosphonates and statins complemented these impairments by accelerating the RIANS, increasing the yield of recognized DSB and reducing genomic instability. Data from NF1 fibroblasts exposed to radiation in radiotherapy and CT scan conditions confirmed that NF1 belongs to the group of syndromes associated with radiosensitivity and radiosusceptibility.	Combemale P, Sonzogni L, Devic C, Bencokova Z, Ferlazzo ML, Granzotto A, Burlet SF, Pinson S, Amini-Adle M, Al-Choboq J, Bodgi L, Bourguignon M, Balosso J, Bachelet JT, Foray N. Individual Response to Radiation of Individuals with Neurofibromatosis Type I: Role of the ATM Protein and Influence of Statins and Bisphosphonates <i>Molecular Neurobiology.</i> 2021-11-02. DOI:https://www.doi.org/10.1007/s12035-021-02615-3 PMID:34727321
39ccdf46-3f08-444c-b08e-b870f1634d99	https://www.doi.org/10.3390/jpm11090922	PMID:34575699	PMC8469245	No	Journal of Personalized Medicine	2021-09-28	MicroRNA expression profiles in autism spectrum disorder: Role for miR-181 in immunomodulation	CC-BY-4.0	Yes	Yes	pmc_fulltext_xml/PMC8469245.xml	Licensee MDPI, Basel, Switzerland. This article is an open access article distributed under the terms and conditions of the Creative Commons Attribution (CC BY) license (https://creativecommons.org/licenses/by/4.0/).	"[""Frye RE"", ""Rose S"", ""McCullough S"", ""Bennuri SC"", ""Porter-Gill PA"", ""Dweep H"", ""Gill PS.""]"	BACKGROUND. MicroRNAs (miRNAs) are important regulators of molecular pathways in psychiatric disease. Here, we examine differential miRNAs expression in lymphoblastoid cell lines (LCLs) derived from 10 individuals with autism spectrum disorder (ASD) and compare them to seven typically developing unrelated age- and gender-matched controls and 10 typically developing siblings. Small RNAseq analysis identified miRNAs, and selected miRNAs were validated using quantitative real-time polymerase reaction (qRT-PCR). KEGG analysis identified target pathways, and selected predicted mRNAs were validated using qRT-PCR. RESULTS. Small RNAseq analysis identified that multiple miRNAs differentiated ASD from unrelated controls and ASD from typically developing siblings, with only one, hsa-miR-451a_R-1, being in common. Verification with qRT-PCR showed that miR-320a differentiated ASD from both sibling and unrelated controls and that several members of the miR-181 family differentiated ASD from unrelated controls. Differential expression of AKT2, AKT3, TNF α and CamKinase II predicted by KEGG analysis was verified by qRT-PCR. Expression of CamKinase II βwas found to be correlated with the severity of stereotyped behavior of the ASD participants. CONCLUSIONS. This study provides insight into the mechanisms regulating molecular pathways in individuals with ASD and identifies differentiated regulated genes involved in both the central nervous system and the immune system.	Frye RE, Rose S, McCullough S, Bennuri SC, Porter-Gill PA, Dweep H, Gill PS. MicroRNA Expression Profiles in Autism Spectrum Disorder: Role for miR-181 in Immunomodulation <i>Journal of Personalized Medicine.</i> 2021-09-28. DOI:https://www.doi.org/10.3390/jpm11090922 PMID:34575699
6be57674-2ebe-4d16-b304-e302bd4846b1	https://www.doi.org/10.1186/s12964-021-00773-4	PMID:34530870	PMC8447793	No	Cell Communication and Signaling	2021-09-17	R-Ras subfamily proteins elicit distinct physiologic effects and phosphoproteome alterations in neurofibromin-null MPNST cells	CC-BY-4.0	Yes	Yes	pmc_fulltext_xml/PMC8447793.xml	Open AccessThis article is licensed under a Creative Commons Attribution 4.0 International License, which permits use, sharing, adaptation, distribution and reproduction in any medium or format, as long as you give appropriate credit to the original author(s) and the source, provide a link to the Creative Commons licence, and indicate if changes were made. The images or other third party material in this article are included in the article's Creative Commons licence, unless indicated otherwise in a credit line to the material. If material is not included in the article's Creative Commons licence and your intended use is not permitted by statutory regulation or exceeds the permitted use, you will need to obtain permission directly from the copyright holder. To view a copy of this licence, visit http://creativecommons.org/licenses/by/4.0/. The Creative Commons Public Domain Dedication waiver (http://creativecommons.org/publicdomain/zero/1.0/) applies to the data made available in this article, unless otherwise stated in a credit line to the data.	"[""Weber SM"", ""Brossier NM"", ""Prechtl A"", ""Barnes S"", ""Wilson LS"", ""Brosius SN"", ""Longo JF"", ""Carroll SL.""]"	BACKGROUND. Loss of the Ras GTPase-activating protein neurofibromin promotes nervous system tumor pathogenesis in patients with neurofibromatosis type 1 (NF1). Neurofibromin loss potentially hyperactivates classic Ras (H-Ras, N-Ras, K-Ras), M-Ras, and R-Ras (R-Ras, R-Ras2/TC21) subfamily proteins. We have shown that classic Ras proteins promote proliferation and survival, but not migration, in malignant peripheral nerve sheath tumor (MPNST) cells. However, it is unclear whether R-Ras, R-Ras2 and M-Ras are expressed and hyperactivated in MPNSTs and, if so, whether they contribute to MPNST pathogenesis. We assessed the expression and activation of these proteins in MPNST cells and inhibited them to determine the effect this had on proliferation, migration, invasion, survival and the phosphoproteome. METHODS. NF1-associated (ST88-14, 90-8, NMS2, NMS-PC, S462, T265-2c) and sporadic (STS-26T, YST-1) MPNST lines were used. Cells were transfected with doxycycline-inducible vectors expressing either a pan-inhibitor of the R-Ras subfamily [dominant negative (DN) R-Ras] or enhanced green fluorescent protein (eGFP). Methodologies used included immunoblotting, immunocytochemistry, PCR, Transwell migration, 3H-thymidine incorporation, calcein cleavage assays and shRNA knockdowns. Proteins in cells with or without DN R-Ras expression were differentially labeled with SILAC and mass spectrometry was used to identify phosphoproteins and determine their relative quantities in the presence and absence of DN R-Ras. Validation of R-Ras and R-Ras2 action and R-Ras regulated networks was performed using genetic and/or pharmacologic approaches. RESULTS. R-Ras2 was uniformly expressed in MPNST cells, with R-Ras present in a major subset. Both proteins were activated in neurofibromin-null MPNST cells. Consistent with classical Ras inhibition, DN R-Ras and R-Ras2 knockdown inhibited proliferation. However, DN R-Ras inhibition impaired migration and invasion but not survival. Mass spectrometry-based phosphoproteomics identified thirteen protein networks distinctly regulated by DN R-Ras, including multiple networks regulating cellular movement and morphology. ROCK1 was a prominent mediator in these networks. DN R-Ras expression and RRAS and RRAS2 knockdown inhibited migration and ROCK1 phosphorylation; ROCK1 inhibition similarly impaired migration and invasion, altered cellular morphology and triggered the accumulation of large intracellular vesicles. CONCLUSIONS. R-Ras proteins function distinctly from classic Ras proteins by regulating distinct signaling pathways that promote MPNST tumorigenesis by mediating migration and invasion. Mutations of the NF1 gene potentially results in the activation of multiple Ras proteins, which are key regulators of many biologic effects. The protein encoded by the NF1 gene, neurofibromin, acts as an inhibitor of both classic Ras and R-Ras proteins; loss of neurofibromin could cause these Ras proteins to become persistently active, leading to the development of cancer. We have previously shown that three related Ras proteins (the classic Ras proteins) are highly activated in malignant peripheral nerve sheath tumor (MPNST) cells with neurofibromin loss and that they drive cancer cell proliferation and survival by activating multiple cellular signaling pathways. Here, we examined the expression, activation and action of R-Ras proteins in MPNST cells that have lost neurofibromin. Both R-Ras and R-Ras2 are expressed in MPNST cells and activated. Inhibition of R-Ras action inhibited proliferation, migration and invasion but not survival. We examined the activation of cytoplasmic signaling pathways in the presence and absence of R-Ras signaling and found that R-Ras proteins regulated 13 signaling pathways distinct from those regulated by classic Ras proteins. Closer study of an R-Ras regulated pathway containing the signaling protein ROCK1 showed that inhibition of either R-Ras, R-Ras2 or ROCK1 similarly impaired cellular migration and invasion and altered cellular morphology. Inhibition of R-Ras/R-Ras2 and ROCK1 signaling also triggered the accumulation of abnormal intracellular vesicles, indicating that these signaling molecules regulate the movement of proteins and other molecules in the cellular interior. Video Abstract.	Weber SM, Brossier NM, Prechtl A, Barnes S, Wilson LS, Brosius SN, Longo JF, Carroll SL. R-Ras subfamily proteins elicit distinct physiologic effects and phosphoproteome alterations in neurofibromin-null MPNST cells <i>Cell Communication and Signaling.</i> 2021-09-17. DOI:https://www.doi.org/10.1186/s12964-021-00773-4 PMID:34530870
f1d3b757-56f2-4706-b346-045caa8c19ec	https://www.doi.org/10.3390/cells9112348	PMID:33114250	PMC7690890	No	Cells	2021-09-08	Nuclear isoforms of neurofibromin are required for proper spindle organization and chromosome segregation	CC-BY-4.0	Yes	Yes	pmc_fulltext_xml/PMC7690890.xml	Licensee MDPI, Basel, Switzerland. This article is an open access article distributed under the terms and conditions of the Creative Commons Attribution (CC BY) license (http://creativecommons.org/licenses/by/4.0/).	"[""Charoula Peta"", ""Emmanouella Tsirimonaki"", ""Dimitris Samouil"", ""Kyriaki Georgiadou"", ""Dimitra Mangoura""]"	Mitotic spindles are highly organized, microtubule (MT)-based, transient structures that serve the fundamental function of unerring chromosome segregation during cell division and thus of genomic stability during tissue morphogenesis and homeostasis. Hence, a multitude of MT-associated proteins (MAPs) regulates the dynamic assembly of MTs in preparation for mitosis. Some tumor suppressors, normally functioning to prevent tumor development, have now emerged as significant MAPs. Among those, neurofibromin, the product of the Neurofibromatosis-1 gene (<i>NF1</i>), a major Ras GTPase activating protein (RasGAP) in neural cells, controls also the critical function of chromosome congression in astrocytic cellular contexts. Cell type- and development-regulated splicings may lead to the inclusion or exclusion of <i>NF1</i>exon51, which bears a nuclear localization sequence (NLS) for nuclear import at G2; yet the functions of the produced NLS and ΔNLS neurofibromin isoforms have not been previously addressed. By using a lentiviral shRNA system, we have generated glioblastoma SF268 cell lines with conditional knockdown of NLS or ΔNLS transcripts. In dissecting the roles of NLS or ΔNLS neurofibromins, we found that NLS-neurofibromin knockdown led to increased density of cytosolic MTs but loss of MT intersections, anastral spindles featuring large hollows and abnormal chromosome positioning, and finally abnormal chromosome segregation and increased micronuclei frequency. Therefore, we propose that NLS neurofibromin isoforms exert prominent mitotic functions.	Charoula Peta, Emmanouella Tsirimonaki, Dimitris Samouil, Kyriaki Georgiadou, Dimitra Mangoura. Nuclear Isoforms of Neurofibromin Are Required for Proper Spindle Organization and Chromosome Segregation. <i>Cells.</i> 2021-09-08. DOI:https://www.doi.org/10.3390/cells9112348 PMID:33114250
d596fddc-5e79-4554-b7e1-4dd5f2318bab	https://www.doi.org/10.1186/s13041-020-00706-1	PMID:33323119	PMC7739466	No	Molecular Brain	2021-09-03	Identification of FMRP target mRNAs in the developmental brain: FMRP might coordinate Ras/MAPK, Wnt/β-catenin, and mTOR signaling during corticogenesis	CC-BY-4.0	Yes	Yes	pmc_fulltext_xml/PMC7739466.xml	Open AccessThis article is licensed under a Creative Commons Attribution 4.0 International License, which permits use, sharing, adaptation, distribution and reproduction in any medium or format, as long as you give appropriate credit to the original author(s) and the source, provide a link to the Creative Commons licence, and indicate if changes were made. The images or other third party material in this article are included in the article's Creative Commons licence, unless indicated otherwise in a credit line to the material. If material is not included in the article's Creative Commons licence and your intended use is not permitted by statutory regulation or exceeds the permitted use, you will need to obtain permission directly from the copyright holder. To view a copy of this licence, visit http://creativecommons.org/licenses/by/4.0/. The Creative Commons Public Domain Dedication waiver (http://creativecommons.org/publicdomain/zero/1.0/) applies to the data made available in this article, unless otherwise stated in a credit line to the data.	"[""Cristine R Casingal"", ""Takako Kikkawa"", ""Hitoshi Inada"", ""Yukio Sasaki"", ""Noriko Osumi""]"	"Corticogenesis is one of the most critical and complicated processes during embryonic brain development. Any slight impairment in corticogenesis could cause neurodevelopmental disorders such as Fragile X syndrome (FXS), of which symptoms contain intellectual disability (ID) and autism spectrum disorder (ASD). Fragile X mental retardation protein (FMRP), an RNA-binding protein responsible for FXS, shows strong expression in neural stem/precursor cells (NPCs) during corticogenesis, although its function during brain development remains largely unknown. In this study, we attempted to identify the FMRP target mRNAs in the cortical primordium using RNA immunoprecipitation sequencing analysis in the mouse embryonic brain. We identified 865 candidate genes as targets of FMRP involving 126 and 118 genes overlapped with ID and ASD-associated genes, respectively. These overlapped genes were enriched with those related to chromatin/chromosome organization and histone modifications, suggesting the involvement of FMRP in epigenetic regulation. We further identified a common set of 17 FMRP ""core"" target genes involved in neurogenesis/FXS/ID/ASD, containing factors associated with Ras/mitogen-activated protein kinase, Wnt/β-catenin, and mammalian target of rapamycin (mTOR) pathways. We indeed showed overactivation of mTOR signaling via an increase in mTOR phosphorylation in the Fmr1 knockout (Fmr1 KO) neocortex. Our results provide further insight into the critical roles of FMRP in the developing brain, where dysfunction of FMRP may influence the regulation of its mRNA targets affecting signaling pathways and epigenetic modifications."	Cristine R Casingal, Takako Kikkawa, Hitoshi Inada, Yukio Sasaki, Noriko Osumi. Identification of FMRP target mRNAs in the developmental brain: FMRP might coordinate Ras/MAPK, Wnt/β-catenin, and mTOR signaling during corticogenesis. <i>Molecular Brain.</i> 2021-09-03. DOI:https://www.doi.org/10.1186/s13041-020-00706-1 PMID:33323119
e9e321e4-e09e-45a2-97e0-d6b1ecec1ac4	https://www.doi.org/10.3390/ijms22168777	PMID:34445479	PMC8395939	No	International Journal of Molecular Sciences	2021-08-27	The CellBox-2 mission to the international space station: Thyroid cancer cells in space	CC-BY-4.0	Yes	Yes	pmc_fulltext_xml/PMC8395939.xml	Licensee MDPI, Basel, Switzerland. This article is an open access article distributed under the terms and conditions of the Creative Commons Attribution (CC BY) license (https://creativecommons.org/licenses/by/4.0/).	"[""Melnik D"", ""Krüger M"", ""Schulz H"", ""Kopp S"", ""Wehland M"", ""Bauer J"", ""Baselet B"", ""Vermeesen R"", ""Baatout S"", ""Corydon TJ"", ""Infanger M"", ""Grimm D.""]"	A spaceflight to the International Space Station (ISS) is a dream of many researchers. We had the chance to investigate the effect of real microgravity (CellBox-2 Space mission) on the transcriptome and proteome of FTC-133 human follicular thyroid cancer cells (TCC). The cells had been sent to the ISS by a Falcon 9 rocket of SpaceX CRS-13 from Cape Canaveral (United States) and cultured in six automated hardware units on the ISS before they were fixed and returned to Earth. Multicellular spheroids (MCS) were detectable in all spaceflight hardware units. The VCL, PXN, ITGB1, RELA, ERK1 and ERK2 mRNA levels were significantly downregulated after 5 days in space in adherently growing cells (AD) and MCS compared with ground controls (1g), whereas the MIK67 and SRC mRNA levels were both suppressed in MCS. By contrast, the ICAM1, COL1A1 and IL6 mRNA levels were significantly upregulated in AD cells compared with 1g and MCS. The protein secretion measured by multianalyte profiling technology and enzyme-linked immunosorbent assay (AngiogenesisMAP®, extracellular matrix proteins) was not significantly altered, with the exception of elevated angiopoietin 2. TCC in space formed MCS, and the response to microgravity was mainly anti-proliferative. We identified ERK/RELA as a major microgravity regulatory pathway.	Melnik D, Krüger M, Schulz H, Kopp S, Wehland M, Bauer J, Baselet B, Vermeesen R, Baatout S, Corydon TJ, Infanger M, Grimm D. The CellBox-2 Mission to the International Space Station: Thyroid Cancer Cells in Space <i>International Journal of Molecular Sciences.</i> 2021-08-27. DOI:https://www.doi.org/10.3390/ijms22168777 PMID:34445479
e78d0bb2-4596-442b-970c-dd9e85277532	https://www.doi.org/10.7554/eLife.64846	PMID:34399888	PMC8370767	No	eLife	2021-08-17	NF1 regulates mesenchymal glioblastoma plasticity and aggressiveness through the AP-1 transcription factor FOSL1	CC-BY	Yes	Yes	pmc_fulltext_xml/PMC8370767.xml	This article is distributed under the terms of the Creative Commons Attribution License, which permits unrestricted use and redistribution provided that the original author and source are credited.	"[""Marques C"", ""Unterkircher T"", ""Kroon P"", ""Oldrini B"", ""Izzo A"", ""Dramaretska Y"", ""Ferrarese R"", ""Kling E"", ""Schnell O"", ""Nelander S"", ""Wagner EF"", ""Bakiri L"", ""Gargiulo G"", ""Carro MS"", ""Squatrito M.""]"	The molecular basis underlying glioblastoma (GBM) heterogeneity and plasticity is not fully understood. Using transcriptomic data of human patient-derived brain tumor stem cell lines (BTSCs), classified based on GBM-intrinsic signatures, we identify the AP-1 transcription factor FOSL1 as a key regulator of the mesenchymal (MES) subtype. We provide a mechanistic basis to the role of the neurofibromatosis type 1 gene (NF1), a negative regulator of the RAS/MAPK pathway, in GBM mesenchymal transformation through the modulation of FOSL1 expression. Depletion of FOSL1 in NF1-mutant human BTSCs and Kras-mutant mouse neural stem cells results in loss of the mesenchymal gene signature and reduction in stem cell properties and in vivo tumorigenic potential. Our data demonstrate that FOSL1 controls GBM plasticity and aggressiveness in response to NF1 alterations.	Marques C, Unterkircher T, Kroon P, Oldrini B, Izzo A, Dramaretska Y, Ferrarese R, Kling E, Schnell O, Nelander S, Wagner EF, Bakiri L, Gargiulo G, Carro MS, Squatrito M. NF1 regulates mesenchymal glioblastoma plasticity and aggressiveness through the AP-1 transcription factor FOSL1 <i>Elife.</i> 2021-08-17. DOI:https://www.doi.org/10.7554/eLife.64846 PMID:34399888
010f14d5-4549-4c84-94b7-eecf6ae6161c	https://www.doi.org/10.1158/2159-8290.CD-20-0442	PMID:32792368	PMC7642097	No	Cancer Discovery	2021-08-06	An <i>in vivo Kras</i> allelic series reveals distinct phenotypes of common oncogenic variants	Fair use (license unspecified)	No	Yes	pmc_fulltext_xml/PMC7642097.xml	This file is available for text mining. It may also be used consistent with the principles of fair use under the copyright law.	"[""Maria Paz Zafra"", ""Marie J Parsons"", ""Jangkyung Kim"", ""Direna Alonso-Curbelo"", ""Sukanya Goswami"", ""Emma M Schatoff"", ""Teng Han"", ""Alyna Katti"", ""Maria Teresa Calvo Fernandez"", ""John E Wilkinson"", ""Elena Piskounova"", ""Lukas E Dow""]"	<i>KRAS</i> is the most frequently mutated oncogene in cancer, yet there is little understanding of how specific KRAS amino acid changes affect tumor initiation, progression, or therapy response. Using high-fidelity CRISPR-based engineering, we created an allelic series of new <i>LSL-Kras</i> mutant mice, reflecting codon 12 and 13 mutations that are highly prevalent in lung (KRAS<sup>G12C</sup>), pancreas (KRAS<sup>G12R</sup>), and colon (KRAS<sup>G13D</sup>) cancers. Induction of each allele in either the murine colon or pancreas revealed striking quantitative and qualitative differences between KRAS mutants in driving the early stages of transformation. Furthermore, using pancreatic organoid models, we show that KRAS<sup>G13D</sup> mutants are sensitive to EGFR inhibition, whereas KRAS<sup>G12C</sup>-mutant organoids are selectively responsive to covalent G12C inhibitors only when EGFR is suppressed. Together, these new mouse strains provide an ideal platform for investigating KRAS biology <i>in vivo</i> and for developing preclinical precision oncology models of KRAS-mutant pancreas, colon, and lung cancers. SIGNIFICANCE: KRAS is the most frequently mutated oncogene. Here, we describe new preclinical models that mimic tissue-selective KRAS mutations and show that each mutation has distinct cellular consequences <i>in vivo</i> and carries differential sensitivity to targeted therapeutic agents.<i>See related commentary by Kostyrko and Sweet-Cordero, p. 1626</i>.<i>This article is highlighted in the In This Issue feature, p. 1611</i>.	Maria Paz Zafra, Marie J Parsons, Jangkyung Kim, Direna Alonso-Curbelo, Sukanya Goswami, Emma M Schatoff, Teng Han, Alyna Katti, Maria Teresa Calvo Fernandez, John E Wilkinson, Elena Piskounova, Lukas E Dow. An <i>In Vivo Kras</i> Allelic Series Reveals Distinct Phenotypes of Common Oncogenic Variants. <i>Cancer Discovery.</i> 2021-08-06. DOI:https://www.doi.org/10.1158/2159-8290.CD-20-0442 PMID:32792368
b7a57a10-47fc-4a2e-bd45-5bc84578a931	https://www.doi.org/10.1016/j.celrep.2021.109441	PMID:34320349	PMC8333195	No	Cell Reports	2021-07-28	The Cancer SENESCopedia: A delineation of cancer cell senescence	CC-BY-NC-ND	Yes	Yes	pmc_fulltext_xml/PMC8333195.xml	This is an open access article under the CC BY-NC-ND license (http://creativecommons.org/licenses/by-nc-nd/4.0/).	"[""Jochems F"", ""Thijssen B"", ""De Conti G"", ""Jansen R"", ""Pogacar Z"", ""Groot K"", ""Wang L"", ""Schepers A"", ""Wang C"", ""Jin H"", ""Beijersbergen RL"", ""Leite de Oliveira R"", ""Wessels LFA"", ""Bernards R.""]"	Cellular senescence is characterized as a stable proliferation arrest that can be triggered by multiple stresses. Most knowledge about senescent cells is obtained from studies in primary cells. However, senescence features may be different in cancer cells, since the pathways that are involved in senescence induction are often deregulated in cancer. We report here a comprehensive analysis of the transcriptome and senolytic responses in a panel of 13 cancer cell lines rendered senescent by two distinct compounds. We show that in cancer cells, the response to senolytic agents and the composition of the senescence-associated secretory phenotype are more influenced by the cell of origin than by the senescence trigger. Using machine learning, we establish the SENCAN gene expression classifier for the detection of senescence in cancer cell samples. The expression profiles and senescence classifier are available as an interactive online Cancer SENESCopedia.	Jochems F, Thijssen B, De Conti G, Jansen R, Pogacar Z, Groot K, Wang L, Schepers A, Wang C, Jin H, Beijersbergen RL, Leite de Oliveira R, Wessels LFA, Bernards R. The Cancer SENESCopedia: A delineation of cancer cell senescence <i>Cell Reports.</i> 2021-07-28. DOI:https://www.doi.org/10.1016/j.celrep.2021.109441 PMID:34320349
36139f53-581a-454b-b82e-722a83627e6e	https://www.doi.org/10.1002/mgg3.1643	PMID:33764694	PMC8172195	No	Molecular Genetics & Genomic Medicine	2021-06-12	A novel mutation in NF1 gene of patient with Neurofibromatosis type 1: A case report and functional study	CC-BY-4.0	Yes	Yes	pmc_fulltext_xml/PMC8172195.xml	This is an open access article under the terms of the http://creativecommons.org/licenses/by/4.0/ License, which permits use, distribution and reproduction in any medium, provided the original work is properly cited.	"[""Tingting Zhang"", ""Caiwei Jia"", ""Zhiya Dong"", ""Chuanyin Li"", ""Wenli Lu""]"	Neurofibromatosis type 1 is an autosomal dominant inherited disease and caused by NF1 gene mutation. Its clinical manifestations include multiple cafe´-au lait (CAL) spots, skinfold freckling, neurofibroma, bone dysplasia, learning disabilities, and an increased risk of malignancy. Here, we reported a Chinese patient bearing with a novel NF1 mutation (c.2064delGGATGCAGCGG/p.Gly672AsnfsTer24) and complaining mainly about bone phenotype. Functional studies found that this novel mutation caused the damage of NF1 mRNA and protein levels, and lost the inhibition on Ras/Erk signaling. A novel mutation in NF1 gene was identified and in vitro functional studies were performed, which provided a potential molecular mechanism to explain the bone maldevelopment of patients with neurofibromatosis type 1.	Tingting Zhang, Caiwei Jia, Zhiya Dong, Chuanyin Li, Wenli Lu. A novel mutation in NF1 gene of patient with Neurofibromatosis type 1: A case report and functional study. <i>Molecular Genetics & Genomic Medicine.</i> 2021-06-12. DOI:https://www.doi.org/10.1002/mgg3.1643 PMID:33764694
00d6d997-577d-4190-aff3-72271277235b	https://www.doi.org/10.3390/cancers13102329	PMID:34066061	PMC8150846	Yes	Cancers	2021-06-05	Neurofibromin Deficiency and Extracellular Matrix Cooperate to Increase Transforming Potential through FAK-Dependent Signaling	CC-BY-4.0	Yes	Yes	pmc_fulltext_xml/PMC8150846.xml	Licensee MDPI, Basel, Switzerland. This article is an open access article distributed under the terms and conditions of the Creative Commons Attribution (CC BY) license (https://creativecommons.org/licenses/by/4.0/).	"[""Andrea Errico"", ""Anna Stocco"", ""Vincent M Riccardi"", ""Alberto Gambalunga"", ""Franco Bassetto"", ""Martina Grigatti"", ""Amedeo Ferlosio"", ""Gianluca Tadini"", ""Debora Garozzo"", ""Stefano Ferraresi"", ""Andrea Trevisan"", ""Sandra Giustini"", ""Andrea Rasola"", ""Federica Chiara""]"	Plexiform neurofibromas (Pnfs) are benign peripheral nerve sheath tumors that are major features of the human genetic syndrome, neurofibromatosis type 1 (NF1). Pnfs are derived from Schwann cells (SCs) undergoing loss of heterozygosity (LOH) at the <i>NF1</i> locus in an <i>NF1</i><sup>+/-</sup> milieu and thus are variably lacking in the key Ras-controlling protein, neurofibromin (Nfn). As these SCs are embedded in a dense desmoplastic milieu of stromal cells and abnormal extracellular matrix (ECM), cell-cell cooperativity (CCC) and the molecular microenvironment play essential roles in Pnf progression towards a malignant peripheral nerve sheath tumor (MPNST). The complexity of Pnf biology makes treatment challenging. The only approved drug, the MEK inhibitor Selumetinib, displays a variable and partial therapeutic response. Here, we explored ECM contributions to the growth of cells lacking Nfn. In a 3D in vitro culture, <i>NF1</i> loss sensitizes cells to signals from a Pnf-mimicking ECM through focal adhesion kinase (FAK) hyperactivation. This hyperactivation correlated with phosphorylation of the downstream effectors, Src, ERK, and AKT, and with colony formation. Expression of the GAP-related domain of Nfn only partially decreased activation of this signaling pathway and only slowed down 3D colony growth of cells lacking Nfn. However, combinatorial treatment with both the FAK inhibitor Defactinib (VS-6063) and Selumetinib (AZD6244) fully suppressed colony growth. These observations pave the way for a new combined therapeutic strategy simultaneously interfering with both intracellular signals and the interplay between the various tumor cells and the ECM.	Andrea Errico, Anna Stocco, Vincent M Riccardi, Alberto Gambalunga, Franco Bassetto, Martina Grigatti, Amedeo Ferlosio, Gianluca Tadini, Debora Garozzo, Stefano Ferraresi, Andrea Trevisan, Sandra Giustini, Andrea Rasola, Federica Chiara. Neurofibromin Deficiency and Extracellular Matrix Cooperate to Increase Transforming Potential through FAK-Dependent Signaling. <i>Cancers.</i> 2021-06-05. DOI:https://www.doi.org/10.3390/cancers13102329 PMID:34066061
57dad8b2-f3d4-423f-9edd-9d676a6302ad	https://www.doi.org/10.3389/fgene.2021.660592	PMID:34046057	PMC8144720	No	Frontiers in Genetics	2021-05-30	Characterization of Two Loss-of-Function NF1 Variants in Chinese Patients and Potential Molecular Interpretations of Phenotypes	CC-BY	Yes	Yes	pmc_fulltext_xml/PMC8144720.xml	This is an open-access article distributed under the terms of the Creative Commons Attribution License (CC BY). The use, distribution or reproduction in other forums is permitted, provided the original author(s) and the copyright owner(s) are credited and that the original publication in this journal is cited, in accordance with accepted academic practice. No use, distribution or reproduction is permitted which does not comply with these terms.	"[""Tingting Zhang"", ""Tianting Han"", ""Zhiya Dong"", ""Chuanyin Li"", ""Wenli Lu""]"	Neurofibromatosis type 1 (NF1) is a common genetic disorder characterized by cafe'-au-lait spots, skinfold freckles, the formation of neurofibromas, skeletal dysplasia, vascular dysplasia, and an increased risk of malignant tumors. In this study, two Chinese NF1 children troubled with bone lesions or hypertension were reported. A <i>de novo NF1</i> mutation (c.4925T &gt; A/p.V1642E) and a maternally inherited <i>NF1</i> mutation (c.4883T &gt; A/p.L1628<sup>∗</sup>) were identified by molecular sequence. According to the ACMG/AMP guidelines, the c.4925T &gt; A was classified as variants of uncertain significance (VOUS) while the c.4883T &gt; A mutation was identified as likely Pathogenic. Further study found that these two NF1 mutants had lost their function to inhibit the Ras/Erk signaling and the proliferation of cells, which could interpretate some phenotypes of these two NF1 patients. We also observed these two NF1 mutants displayed decreased protein stability with increased ubiquitination levels compared with that of wild-type NF1.	Tingting Zhang, Tianting Han, Zhiya Dong, Chuanyin Li, Wenli Lu. Characterization of Two Loss-of-Function NF1 Variants in Chinese Patients and Potential Molecular Interpretations of Phenotypes. <i>Frontiers in Genetics.</i> 2021-05-30. DOI:https://www.doi.org/10.3389/fgene.2021.660592 PMID:34046057
f779e55f-75c0-408a-9021-508ddd7db48f	https://www.doi.org/10.3390/cancers13081909	PMID:33921066	PMC8071449	No	Cancers	2021-04-30	Loss of RET promotes mesenchymal identity in neuroblastoma cells	CC-BY-4.0	Yes	Yes	pmc_fulltext_xml/PMC8071449.xml	Licensee MDPI, Basel, Switzerland. This article is an open access article distributed under the terms and conditions of the Creative Commons Attribution (CC BY) license (https://creativecommons.org/licenses/by/4.0/).	"[""Siaw JT"", ""Gabre JL"", ""Uçkun E"", ""Vigny M"", ""Zhang W"", ""Van den Eynden J"", ""Hallberg B"", ""Palmer RH"", ""Guan J.""]"	Aberrant activation of anaplastic lymphoma kinase (ALK) drives neuroblastoma (NB). Previous work identified the RET receptor tyrosine kinase (RTK) as a downstream target of ALK activity in NB models. We show here that ALK activation in response to ALKAL2 ligand results in the rapid phosphorylation of RET in NB cells, providing additional insight into the contribution of RET to the ALK-driven gene signature in NB. To further address the role of RET in NB, RET knockout (KO) SK-N-AS cells were generated by CRISPR/Cas9 genome engineering. Gene expression analysis of RET KO NB cells identified a reprogramming of NB cells to a mesenchymal (MES) phenotype that was characterized by increased migration and upregulation of the AXL and MNNG HOS transforming gene (MET) RTKs, as well as integrins and extracellular matrix components. Strikingly, the upregulation of AXL in the absence of RET reflects the development timeline observed in the neural crest as progenitor cells undergo differentiation during embryonic development. Together, these findings suggest that a MES phenotype is promoted in mesenchymal NB cells in the absence of RET, reflective of a less differentiated developmental status.	Siaw JT, Gabre JL, Uçkun E, Vigny M, Zhang W, Van den Eynden J, Hallberg B, Palmer RH, Guan J. Loss of RET Promotes Mesenchymal Identity in Neuroblastoma Cells <i>Cancers.</i> 2021-04-30. DOI:https://www.doi.org/10.3390/cancers13081909 PMID:33921066
d9424934-7320-4ada-bfe3-efd6affd5bca	https://www.doi.org/10.1158/0008-5472.CAN-20-1992	PMID:33203698	PMC7854512	Yes	Cancer Research	2021-04-29	Activation of Receptor Tyrosine Kinases Mediates Acquired Resistance to MEK Inhibition in Malignant Peripheral Nerve Sheath Tumors	Fair use (license unspecified)	No	Yes	pmc_fulltext_xml/PMC7854512.xml	This file is available for text mining. It may also be used consistent with the principles of fair use under the copyright law.	"[""Jiawan Wang"", ""Kai Pollard"", ""Ana Calizo"", ""Christine A Pratilas""]"	Malignant peripheral nerve sheath tumors often arise in patients with neurofibromatosis type 1 and are among the most treatment-refractory types of sarcoma. Overall survival in patients with relapsed disease remains poor, and thus novel therapeutic approaches are needed. NF1 is essential for negative regulation of RAS activity and is altered in about 90% of malignant peripheral nerve sheath tumors (MPNST). A complex interplay of upstream signaling and parallel RAS-driven pathways characterizes NF1-driven tumorigenesis, and inhibiting more than one RAS effector pathway is therefore necessary. To devise potential combination therapeutic strategies, we identified actionable alterations in signaling that underlie adaptive and acquired resistance to MEK inhibitor (MEKi). Using a series of proteomic, biochemical, and genetic approaches in an <i>in vitro</i> model of MEKi resistance provided a rationale for combination therapies. HGF/MET signaling was elevated in the MEKi-resistant model. HGF overexpression conferred resistance to MEKi in parental cells. Depletion of HGF or MET restored sensitivity of MEKi-resistant cells to MEKi. Finally, a combination of MEK and MET inhibition demonstrated activity in models of MPNST and may therefore be effective in patients with MPNST harboring genetic alterations in <i>NF1</i>. SIGNIFICANCE: This study demonstrates that MEKi plus MET inhibitor may delay or prevent a novel mechanism of acquired MEKi resistance, with clinical implications for MPNST patients harboring <i>NF1</i> alterations.	Jiawan Wang, Kai Pollard, Ana Calizo, Christine A Pratilas. Activation of Receptor Tyrosine Kinases Mediates Acquired Resistance to MEK Inhibition in Malignant Peripheral Nerve Sheath Tumors. <i>Cancer Research.</i> 2021-04-29. DOI:https://www.doi.org/10.1158/0008-5472.CAN-20-1992 PMID:33203698
26920080-06b1-4157-afc2-22ff41231732	https://www.doi.org/10.3389/fonc.2020.00442	PMID:32346533	PMC7169429	No	Frontiers in Oncology	2021-04-29	Functional genomic screening independently identifies CUL3 as a mediator of vemurafenib resistance via Src-Rac1 signaling axis	CC-BY-4.0	Yes	Yes	pmc_fulltext_xml/PMC7169429.xml	http://creativecommons.org/licenses/by/4.0/	"[""Marion Vanneste"", ""Charlotte R Feddersen"", ""Afshin Varzavand"", ""Elliot Y Zhu"", ""Tyler Foley"", ""Lei Zhao"", ""Kathleen H Holt"", ""Mohammed Milhem"", ""Robert Piper"", ""Christopher S Stipp"", ""Adam J Dupuy"", ""Michael D Henry""]"	Patients with malignant melanoma have a 5-year survival rate of only 15-20% once the tumor has metastasized to distant tissues. While MAP kinase pathway inhibitors (MAPKi) are initially effective for the majority of patients with melanoma harboring BRAF<sup>V600E</sup> mutation, over 90% of patients relapse within 2 years. Thus, there is a critical need for understanding MAPKi resistance mechanisms. In this manuscript, we performed a forward genetic screen using a whole genome shRNA library to identify negative regulators of vemurafenib resistance. We identified loss of NF1 and CUL3 as drivers of vemurafenib resistance. NF1 is a known driver of vemurafenib resistance in melanoma through its action as a negative regulator of RAS. However, the mechanism by which CUL3, a key protein in E3 ubiquitin ligase complexes, is involved in vemurafenib resistance was unknown. We found that loss of CUL3 was associated with an increase in RAC1 activity and MEK<sup>S298</sup> phosphorylation. However, the addition of the Src family inhibitor saracatinib prevented resistance to vemurafenib in CUL3<sup>KD</sup> cells and reversed RAC1 activation. This finding suggests that inhibition of the Src family suppresses MAPKi resistance in CUL3<sup>KD</sup> cells by inactivation of RAC1. Our results also indicated that the loss of CUL3 does not promote the activation of RAC1 through stabilization, suggesting that CUL3 is involved in the stability of upstream regulators of RAC1. Collectively, our study identifies the loss of CUL3 as a driver of MAPKi resistance through activation of RAC1 and demonstrates that inhibition of the Src family can suppress the MAPKi resistance phenotype in CUL3<sup>KD</sup> cells by inactivating RAC1 protein.	Marion Vanneste, Charlotte R Feddersen, Afshin Varzavand, Elliot Y Zhu, Tyler Foley, Lei Zhao, Kathleen H Holt, Mohammed Milhem, Robert Piper, Christopher S Stipp, Adam J Dupuy, Michael D Henry. Functional Genomic Screening Independently Identifies CUL3 as a Mediator of Vemurafenib Resistance via Src-Rac1 Signaling Axis. <i>Frontiers in Oncology.</i> 2021-04-29. DOI:https://www.doi.org/10.3389/fonc.2020.00442 PMID:32346533
8619a1c1-1834-4bf0-8c27-226d969f123c	https://www.doi.org/10.1016/j.celrep.2020.03.066	PMID:32294438	PMC7234854	No	Cell Reports	2021-04-27	Molecular Analysis of Clinically Defined Subsets of High-Grade Serous Ovarian Cancer	CC-BY-NC-ND	Yes	Yes	pmc_fulltext_xml/PMC7234854.xml	This is an open access article under the CC BY-NC-ND license (http://creativecommons.org/licenses/by-nc-nd/4.0/).	"[""Sanghoon Lee"", ""Li Zhao"", ""Christine Rojas"", ""Nicholas W Bateman"", ""Hui Yao"", ""Olivia D Lara"", ""Joseph Celestino"", ""Margaret B Morgan"", ""Tri V Nguyen"", ""Kelly A Conrads"", ""Kelly M Rangel"", ""Robert L Dood"", ""Richard A Hajek"", ""Gloria L Fawcett"", ""Randy A Chu"", ""Katlin Wilson"", ""Jeremy L Loffredo"", ""Coralie Viollet"", ""Amir A Jazaeri"", ""Clifton L Dalgard"", ""Xizeng Mao"", ""Xingzhi Song"", ""Ming Zhou"", ""Brian L Hood"", ""Nirad Banskota"", ""Matthew D Wilkerson"", ""Jerez Te"", ""Anthony R Soltis"", ""Kristin Roman"", ""Andrew Dunn"", ""David Cordover"", ""Agda Karina Eterovic"", ""Jinsong Liu"", ""Jared K Burks"", ""Keith A Baggerly"", ""Nicole D Fleming"", ""Karen H Lu"", ""Shannon N Westin"", ""Robert L Coleman"", ""Gordon B Mills"", ""Yovanni Casablanca"", ""Jianhua Zhang"", ""Thomas P Conrads"", ""George L Maxwell"", ""P Andrew Futreal"", ""Anil K Sood""]"	The diversity and heterogeneity within high-grade serous ovarian cancer (HGSC), which is the most lethal gynecologic malignancy, is not well understood. Here, we perform comprehensive multi-platform omics analyses, including integrated analysis, and immune monitoring on primary and metastatic sites from highly clinically annotated HGSC samples based on a laparoscopic triage algorithm from patients who underwent complete gross resection (R0) or received neoadjuvant chemotherapy (NACT) with excellent or poor response. We identify significant distinct molecular abnormalities and cellular changes and immune cell repertoire alterations between the groups, including a higher rate of NF1 copy number loss, and reduced chromothripsis-like patterns, higher levels of strong-binding neoantigens, and a higher number of infiltrated T cells in the R0 versus the NACT groups.	Sanghoon Lee, Li Zhao, Christine Rojas, Nicholas W Bateman, Hui Yao, Olivia D Lara, Joseph Celestino, Margaret B Morgan, Tri V Nguyen, Kelly A Conrads, Kelly M Rangel, Robert L Dood, Richard A Hajek, Gloria L Fawcett, Randy A Chu, Katlin Wilson, Jeremy L Loffredo, Coralie Viollet, Amir A Jazaeri, Clifton L Dalgard, Xizeng Mao, Xingzhi Song, Ming Zhou, Brian L Hood, Nirad Banskota, Matthew D Wilkerson, Jerez Te, Anthony R Soltis, Kristin Roman, Andrew Dunn, David Cordover, Agda Karina Eterovic, Jinsong Liu, Jared K Burks, Keith A Baggerly, Nicole D Fleming, Karen H Lu, Shannon N Westin, Robert L Coleman, Gordon B Mills, Yovanni Casablanca, Jianhua Zhang, Thomas P Conrads, George L Maxwell, P Andrew Futreal, Anil K Sood. Molecular Analysis of Clinically Defined Subsets of High-Grade Serous Ovarian Cancer. <i>Cell Reports.</i> 2021-04-27. DOI:https://www.doi.org/10.1016/j.celrep.2020.03.066 PMID:32294438
a7f4a632-2851-404a-99ae-40308e1a7fa3	https://www.doi.org/10.3390/cancers13071584	PMID:33808166	PMC8038069	No	Cancers	2021-04-03	Transposon mutagenesis-guided CRISPR/Cas9 screening strongly implicates dysregulation of Hippo/YAP signaling in malignant peripheral nerve sheath tumor development	CC-BY-4.0	Yes	Yes	pmc_fulltext_xml/PMC8038069.xml	Licensee MDPI, Basel, Switzerland. This article is an open access article distributed under the terms and conditions of the Creative Commons Attribution (CC BY) license (http://creativecommons.org/licenses/by/4.0/).	"[""Vélez-Reyes GL"", ""Koes N"", ""Ryu JH"", ""Kaufmann G"", ""Berner M"", ""Weg MT"", ""Wolf NK"", ""Rathe SK"", ""Ratner N"", ""Moriarity BS"", ""Largaespada DA.""]"	Malignant peripheral nerve sheath tumors (MPNSTs) are highly aggressive, genomically complex, have soft tissue sarcomas, and are derived from the Schwann cell lineage. Patients with neurofibromatosis type 1 syndrome (NF1), an autosomal dominant tumor predisposition syndrome, are at a high risk for MPNSTs, which usually develop from pre-existing benign Schwann cell tumors called plexiform neurofibromas. NF1 is characterized by loss-of-function mutations in the NF1 gene, which encode neurofibromin, a Ras GTPase activating protein (GAP) and negative regulator of RasGTP-dependent signaling. In addition to bi-allelic loss of NF1, other known tumor suppressor genes include TP53, CDKN2A, SUZ12, and EED, all of which are often inactivated in the process of MPNST growth. A sleeping beauty (SB) transposon-based genetic screen for high-grade Schwann cell tumors in mice, and comparative genomics, implicated Wnt/β-catenin, PI3K-AKT-mTOR, and other pathways in MPNST development and progression. We endeavored to more systematically test genes and pathways implicated by our SB screen in mice, i.e., in a human immortalized Schwann cell-based model and a human MPNST cell line, using CRISPR/Cas9 technology. We individually induced loss-of-function mutations in 103 tumor suppressor genes (TSG) and oncogene candidates. We assessed anchorage-independent growth, transwell migration, and for a subset of genes, tumor formation in vivo. When tested in a loss-of-function fashion, about 60% of all TSG candidates resulted in the transformation of immortalized human Schwann cells, whereas 30% of oncogene candidates resulted in growth arrest in a MPNST cell line. Individual loss-of-function mutations in the TAOK1, GDI2, NF1, and APC genes resulted in transformation of immortalized human Schwann cells and tumor formation in a xenograft model. Moreover, the loss of all four of these genes resulted in activation of Hippo/Yes Activated Protein (YAP) signaling. By combining SB transposon mutagenesis and CRISPR/Cas9 screening, we established a useful pipeline for the validation of MPNST pathways and genes. Our results suggest that the functional genetic landscape of human MPNST is complex and implicate the Hippo/YAP pathway in the transformation of neurofibromas. It is thus imperative to functionally validate individual cancer genes and pathways using human cell-based models, to determinate their role in different stages of MPNST development, growth, and/or metastasis.	Vélez-Reyes GL, Koes N, Ryu JH, Kaufmann G, Berner M, Weg MT, Wolf NK, Rathe SK, Ratner N, Moriarity BS, Largaespada DA. Transposon Mutagenesis-Guided CRISPR/Cas9 Screening Strongly Implicates Dysregulation of Hippo/YAP Signaling in Malignant Peripheral Nerve Sheath Tumor Development <i>Cancers.</i> 2021-04-03. DOI:https://www.doi.org/10.3390/cancers13071584 PMID:33808166
09cb24e7-8621-4809-8d73-c37f486b6d04	https://www.doi.org/10.1186/s11689-021-09359-0	PMID:33743598	PMC7980331	No	Journal of Neurodevelopmental Disorders	2021-03-21	Shared developmental gait disruptions across two mouse models of neurodevelopmental disorders	CC-BY-4.0	Yes	Yes	pmc_fulltext_xml/PMC7980331.xml	Open AccessThis article is licensed under a Creative Commons Attribution 4.0 International License, which permits use, sharing, adaptation, distribution and reproduction in any medium or format, as long as you give appropriate credit to the original author(s) and the source, provide a link to the Creative Commons licence, and indicate if changes were made. The images or other third party material in this article are included in the article's Creative Commons licence, unless indicated otherwise in a credit line to the material. If material is not included in the article's Creative Commons licence and your intended use is not permitted by statutory regulation or exceeds the permitted use, you will need to obtain permission directly from the copyright holder. To view a copy of this licence, visit http://creativecommons.org/licenses/by/4.0/. The Creative Commons Public Domain Dedication waiver (http://creativecommons.org/publicdomain/zero/1.0/) applies to the data made available in this article, unless otherwise stated in a credit line to the data.	"[""Rahn RM"", ""Weichselbaum CT"", ""Gutmann DH"", ""Dougherty JD"", ""Maloney SE.""]"	BACKGROUND. Motor deficits such as abnormal gait are an underappreciated yet characteristic phenotype of many neurodevelopmental disorders (NDDs), including Williams Syndrome (WS) and Neurofibromatosis Type 1 (NF1). Compared to cognitive phenotypes, gait phenotypes are readily and comparably assessed in both humans and model organisms and are controlled by well-defined CNS circuits. Discovery of a common gait phenotype between NDDs might suggest shared cellular and molecular deficits and highlight simple outcome variables to potentially quantify longitudinal treatment efficacy in NDDs. METHODS. We characterized gait using the DigiGait assay in two different murine NDD models: the complete deletion (CD) mouse, which models hemizygous loss of the complete WS locus, and the Nf1+/R681X mouse, which models a NF1 patient-derived heterozygous germline NF1 mutation. Longitudinal data were collected across four developmental time points (postnatal days 21-30) and one early adulthood time point. RESULTS. Compared to wildtype littermate controls, both models displayed markedly similar spatial, temporal, and postural gait abnormalities during development. Developing CD mice also displayed significant decreases in variability metrics. Multiple gait abnormalities observed across development in the Nf1+/R681X mice persisted into early adulthood, including increased stride length and decreased stride frequency, while developmental abnormalities in the CD model largely resolved by adulthood. CONCLUSIONS. These findings suggest that the subcomponents of gait affected in NDDs show overlap between disorders as well as some disorder-specific features, which may change over the course of development. Our incorporation of spatial, temporal, and postural gait measures also provides a template for gait characterization in other NDD models and a platform to examining circuits or longitudinal therapeutics.	Rahn RM, Weichselbaum CT, Gutmann DH, Dougherty JD, Maloney SE. Shared developmental gait disruptions across two mouse models of neurodevelopmental disorders <i>Journal of Neurodevelopmental Disorders.</i> 2021-03-21. DOI:https://www.doi.org/10.1186/s11689-021-09359-0 PMID:33743598
259f53e1-b917-4aee-afda-9434c0136d06	https://www.doi.org/10.3390/genes11070762	PMID:32650362	PMC7397152	No	Genes	2021-03-19	Preventative effect of Mebendazole against malignancies in neurofibromatosis 1	CC-BY-4.0	Yes	Yes	pmc_fulltext_xml/PMC7397152.xml	Licensee MDPI, Basel, Switzerland. This article is an open access article distributed under the terms and conditions of the Creative Commons Attribution (CC BY) license (http://creativecommons.org/licenses/by/4.0/).	"[""Verena Staedtke"", ""Tyler Gray-Bethke"", ""Gregory J Riggins"", ""Ren-Yuan Bai""]"	Patients with RASopathy Neurofibromatosis 1 (NF1) are at a markedly increased risk of the development of benign and malignant tumors. Malignant tumors are often recalcitrant to treatments and associated with poor survival; however, no chemopreventative strategies currently exist. We thus evaluated the effect of mebendazole, alone or in combination with cyclooxygenase-2 (COX-2) inhibitors, on the prevention of NF1-related malignancies in a <i>cis</i> <i>Nf1+/-;Tp53+/-</i> (NPcis) mouse model of NF1. Our in vitro findings showed that mebendazole (MBZ) inhibits the growth of NF1-related malignant peripheral nerve sheath tumors (MPNSTs) through a reduction in activated guanosine triphosphate (GTP)-bound Ras. The daily MBZ treatment of NPcis mice dosed at 195 mg/kg daily, initiated 60 days after birth, substantially delayed the formation of solid malignancies and increased median survival (<i>p</i> &lt; 0.0001). Compared to placebo-treated mice, phosphorylated extracellular signal-regulated kinase (pERK) levels were decreased in the malignancies of MBZ-treated mice. The combination of MBZ with COX-2 inhibitor celecoxib (CXB) further enhanced the chemopreventative effect in female mice beyond each drug alone. These findings demonstrate the feasibility of a prevention strategy for malignancy development in high-risk NF1 individuals.	Verena Staedtke, Tyler Gray-Bethke, Gregory J Riggins, Ren-Yuan Bai. Preventative Effect of Mebendazole against Malignancies in Neurofibromatosis 1. <i>Genes.</i> 2021-03-19. DOI:https://www.doi.org/10.3390/genes11070762 PMID:32650362
f883202b-bbc8-4ae8-ae00-29abfacb97b0	https://www.doi.org/10.1371/journal.pone.0241821	PMID:33630851	PMC7906369	No	PLoS One	2021-02-25	Selection of internal references for RT-qPCR assays in Neurofibromatosis type 1 (NF1) related Schwann cell lines	CC-BY-4.0	Yes	Yes	pmc_fulltext_xml/PMC7906369.xml	http://creativecommons.org/licenses/by/4.0/	"[""Gu YH"", ""Cui XW"", ""Ren JY"", ""Long MM"", ""Wang W"", ""Wei CJ"", ""Aimaier R"", ""Li YH"", ""Chung MH"", ""Gu B"", ""Li QF"", ""Wang ZC.""]"	Real-time quantitative PCR (RT-qPCR) has been widely applied in uncovering disease mechanisms and screening potential biomarkers. Internal reference gene selection determines the accuracy and reproducibility of data analyses. The aim of this study was to identify the optimal reference genes for the relative quantitative analysis of RT-qPCR in fourteen NF1 related cell lines, including non-tumor, benign and malignant Schwann cell lines. The expression characteristics of eleven candidate reference genes (RPS18, ACTB, B2M, GAPDH, PPIA, HPRT1, TBP, UBC, RPLP0, TFRC and RPL32) were screened and analyzed by four software programs: geNorm, NormFinder, BestKeeper and RefFinder. Results showed that GAPDH, the most frequently used internal reference gene, was significantly unstable between various cell lines. The combinational use of two reference genes (PPIA and TBP) was optimal in malignant Schwann cell lines and the use of single reference genes (PPIA or PRLP0) alone or in combination was optimal in benign Schwann cell lines. These recommended internal reference gene selections may improve the accuracy and reproducibility of RT-qPCR in gene expression analyses of NF1 related tumors.	Gu YH, Cui XW, Ren JY, Long MM, Wang W, Wei CJ, Aimaier R, Li YH, Chung MH, Gu B, Li QF, Wang ZC. Selection of internal references for RT-qPCR assays in Neurofibromatosis type 1 (NF1) related Schwann cell lines <i>PLoS One.</i> 2021-02-25. DOI:https://www.doi.org/10.1371/journal.pone.0241821 PMID:33630851
274d687c-000b-4c69-b347-0dd1e34b28fb	https://www.doi.org/10.1186/s13005-021-00256-4	PMID:33602260	PMC7890980	No	Head & Face Medicine	2021-02-22	Neurofibromin expression by normal salivary glands	CC-BY-4.0	Yes	Yes	pmc_fulltext_xml/PMC7890980.xml	Open AccessThis article is licensed under a Creative Commons Attribution 4.0 International License, which permits use, sharing, adaptation, distribution and reproduction in any medium or format, as long as you give appropriate credit to the original author(s) and the source, provide a link to the Creative Commons licence, and indicate if changes were made. The images or other third party material in this article are included in the article's Creative Commons licence, unless indicated otherwise in a credit line to the material. If material is not included in the article's Creative Commons licence and your intended use is not permitted by statutory regulation or exceeds the permitted use, you will need to obtain permission directly from the copyright holder. To view a copy of this licence, visit http://creativecommons.org/licenses/by/4.0/. The Creative Commons Public Domain Dedication waiver (http://creativecommons.org/publicdomain/zero/1.0/) applies to the data made available in this article, unless otherwise stated in a credit line to the data.	"[""Eloá Borges Luna"", ""Pâmella Pinho Montovani"", ""Rafaela Elvira Rozza-de-Menezes"", ""Karin Soares Cunha""]"	Neurofibromin, a protein encoded by the NF1 gene, is mutated in neurofibromatosis 1, one of the most common genetic diseases. Oral manifestations are common and a high prevalence of hyposalivation was recently described in individuals with neurofibromatosis 1. Although neurofibromin is ubiquitously expressed, its expression levels vary depending on the tissue type and developmental stage of the organism. The role of neurofibromin in the development, morphology, and physiology of salivary glands is unknown and a detailed expression of neurofibromin in human normal salivary glands has never been investigated. To investigate the expression levels and distribution of neurofibromin in acinar and ductal cells of major and minor salivary glands of adult individuals without NF1. Ten samples of morphologically normal major and minor salivary glands (three samples of each gland: parotid, submandibular and minor salivary; and one sample of sublingual gland) from individuals without neurofibromatosis 1 were selected to assess neurofibromin expression through immunohistochemistry. Immunoquantification was performed by a digital method. Neurofibromin was expressed in the cytoplasm of both serous and mucous acinar cells, as well as in ducts from all the samples of salivary glands. Staining intensity varied from mild to strong depending on the type of salivary gland and region (acini or ducts). Ducts had higher neurofibromin expression than acinar cells (p = 0.003). There was no statistical association between the expression of neurofibromin and the type of the salivary gland, considering acini (p = 0.09) or ducts (p = 0.50) of the four salivary glands (parotid, submandibular, minor salivary, and sublingual gland). Similar results were obtained comparing the acini (p = 0.35) and ducts (p = 0.50) of minor and major salivary glands. Besides, there was no correlation between the expression of neurofibromin and age (p = 0.08), and sex (p = 0.79) of the individuals, considering simultaneously the neurofibromin levels of acini and duct (n = 34). Neurofibromin is expressed in the cytoplasm of serous and mucous acinar cells, and ductal cells of salivary glands, suggesting that this protein is important for salivary gland function.	Eloá Borges Luna, Pâmella Pinho Montovani, Rafaela Elvira Rozza-de-Menezes, Karin Soares Cunha. Neurofibromin expression by normal salivary glands. <i>Head & Face Medicine.</i> 2021-02-22. DOI:https://www.doi.org/10.1186/s13005-021-00256-4 PMID:33602260
1fa7e618-79cc-4823-a2f7-1162aa301234	https://www.doi.org/10.4161/21624011.2014.954893	PMID:25960936	PMC4355981	No	Oncoimmunology	2021-02-18	A catalog of HLA type, HLA expression, and neo-epitope candidates in human cancer cell lines	CC-BY-NC	Yes	Yes	pmc_fulltext_xml/PMC4355981.xml	http://creativecommons.org/licenses/by-nc/3.0/	"[""Sebastian Boegel"", ""Martin Löwer"", ""Thomas Bukur"", ""Ugur Sahin"", ""John C Castle""]"	"Cancer cell lines are a tremendous resource for cancer biology and therapy development. These multipurpose tools are commonly used to examine the genetic origin of cancers, to identify potential novel tumor targets, such as tumor antigens for vaccine devel-opment, and utilized to screen potential therapies in preclinical studies. Mutations, gene expression, and drug sensitivity have been determined for many cell lines using next-generation sequencing (NGS). However, the human leukocyte antigen (HLA) type and HLA expression of tumor cell lines, characterizations necessary for the development of cancer vaccines, have remained largely incomplete and, such information, when available, has been distributed in many publications. Here, we determine the 4-digit HLA type and HLA expression of 167 cancer and 10 non-cancer cell lines from publically available RNA-Seq data. We use standard NGS RNA-Seq short reads from ""whole transcriptome"" sequencing, map reads to known HLA types, and statistically determine HLA type, heterozygosity, and expression. First, we present previously unreported HLA Class I and II genotypes. Second, we determine HLA expression levels in each cancer cell line, providing insights into HLA downregulation and loss in cancer. Third, using these results, we provide a fundamental cell line ""barcode"" to track samples and prevent sample annotation swaps and contamination. Fourth, we integrate the cancer cell-line specific HLA types and HLA expression with available cell-line specific mutation information and existing HLA binding prediction algorithms to make a catalog of predicted antigenic mutations in each cell line. The compilation of our results are a fundamental resource for all researchers selecting specific cancer cell lines based on the HLA type and HLA expression, as well as for the development of immunotherapeutic tools for novel cancer treatment modalities."	Sebastian Boegel, Martin Löwer, Thomas Bukur, Ugur Sahin, John C Castle. A catalog of HLA type, HLA expression, and neo-epitope candidates in human cancer cell lines. <i>Oncoimmunology.</i> 2021-02-18. DOI:https://www.doi.org/10.4161/21624011.2014.954893 PMID:25960936
09fa1122-64f4-46b5-b40b-61d2391784f9	https://www.doi.org/10.1007/s12031-020-01779-2	PMID:33570696	PMC1712412	No	Journal of Molecular Neuroscience	2021-02-11	MiR-27a-3p/miR-27b-3p Promotes Neurofibromatosis Type 1 via Targeting of NF1	PMC (access type unspecified)	No	No (abstract only)	pmc_fulltext_xml/PMC1712412.xml		"[""Lu H"", ""Liu P"", ""Pang Q.""]"	The dysregulation of microRNAs (miRNAs) is a crucial molecular signature of disease development. The potential implication of miRNAs in neurofibromatosis type 1 (NF1) remains poorly investigated. The expression levels of miR-27a-3p, miR-27b-3p, and neurofibromin 1 (NF1) were detected by real-time quantitative polymerase chain reaction (RT-qPCR) analysis. The functional roles of miR-27a-3p and miR-27b-3p in NF1 were explored by CCK8 (Cell Counting Kit-8), 5-ethynyl-2'-deoxyuridine (EdU), terminal deoxynucleoitidyl transferase dUTP nick-end labeling (TUNEL), and transwell assays. Luciferase reporter, RNA pull-down, and RNA binding protein immunoprecipitation (RIP) assays were employed to study the probable target relationship between miRNA and messenger RNA (mRNA). MiR-27b-3p and miR-27a-3p were upregulated in dermal and plexiform human Schwann cells (HSC) from NF1 neurofibromas as well as cell lines of malignant peripheral nerve sheath tumors (MPNSTs). MiR-27a-3p/miR-27b-3p mimics promoted the proliferative, migratory, and invasive ability of dermal HSC and MPNST cell ST88-14, while inhibiting the apoptotic capacity. MiR-27a-3p/miR-27b-3p inhibitors elicited the opposite impacts on the above cellular behaviors in dermal HSC and ST88-14. Intriguingly, NF1 was revealed to be the target of both miR-27a-3p and miR-27b-3p, and was negatively modulated by them. MiR-27a-3p/miR-27b-3p upregulation suppressed the expression of NF1 in dermal HSC and ST88-14. Furthermore, NF1 depletion counterbalanced the functional alteration induced by miR-27a-3p/miR-27b-3p inhibition. Our study suggests that both miR-27b-3p and miR-27a-3p are involved in upstream molecular activity responsible for the depletion of NF1, representing promising targets for therapeutic application in NF1.	Lu H, Liu P, Pang Q. MiR-27a-3p/miR-27b-3p Promotes Neurofibromatosis Type 1 via Targeting of NF1 <i>Journal of Molecular Neuroscience.</i> 2021-02-11. DOI:https://www.doi.org/10.1007/s12031-020-01779-2 PMID:33570696
e841cd57-33ec-404d-9419-4ad56af9028d	https://www.doi.org/10.7150/jca.40802	PMID:33391433	PMC7738992	No	Journal of Cancer	2021-01-04	Characterization of a new human astrocytoma cell line SHG140: cell proliferation, cell phenotype, karyotype, STR markers and tumorigenicity analysis	CC-BY-4.0	Yes	Yes	pmc_fulltext_xml/PMC7738992.xml	This is an open access article distributed under the terms of the Creative Commons Attribution License (https://creativecommons.org/licenses/by/4.0/). See http://ivyspring.com/terms for full terms and conditions.	"[""Li Y"", ""Sun T"", ""Chen Z"", ""Shao Y"", ""Huang Y"", ""Zhou Y.""]"	Background: Primary tumor Cell was an important tool for tumor research. Here, a new astrocytoma cell line SHG-140 was established and its proliferation, phenotype, karyotype, STR authentication, pathological characteristics, and characteristics of the cells' intrancranial xenografts of nude mice were studied. Methods: Primary SHG-140 culture was performed in DMEM/F12 medium with 10% FBS. Cell proliferation, karyotype analysis, cell immunofluorescence and STR authentication of SHG140 cells were performed. HE staining and immunohistochemistry, Whole oncogene high flux sequencing of the patient sample were carried out. SHG140 cells were injected into the brain of nude mice, HE staining and immunohistochemistry of intracranial xenograft tumor were detected. Results: Cell immunofluorescence demonstrated that SHG140 cells were positive for A2B5 (Glial precursors ganglioside), GFAP (Glial fibrillary acidic protein), Nestin, S-100 (Acid calcium bingding protein), Olig2 (Oligodendrocyte transcription factor 2) and Ki67 (Nuclear-associated antigen), cells negatively stained for Vimentin. Cell proliferation curve revealed that SHG140 proliferated slightly within 48 h, which then significantly proliferated to the fourth day. Karyotype analysis demonstrated its total number of chromosomes was 55, having trisomy of chromosome 6, 7, 8, 9 and X, and tetrad of chromosome 1 and 21, chromosomal deletion and rearrangement were observed. STR markers analysis showed the cells were derived from human male. SHG140 cells had tumorigenic properties - the intracranial injection of these cells into nude mice gave rise to growing tumors. We found that the glioma tissue was diffusively positive for GFAP, Nestin, slightly positive for Olig2, S-100; the positive rate of Ki-67 was 65% and negative for Vimentin. SHG140 cells were tumorigenic, GFAP, Nestin, S-100 Olig-2, the proliferation marker Ki-67 were expressed in its intracranial xenograft, Vimentin was negative expressed. Whole oncogene high flux sequencing of the patient tissue showed TP53, PTEN, IDH1 and PTCH1 mutation were existed. Conclusions: Our study showed that SHG140 was an astrocytoma glioma continuous cell line derived from a human adult male, having a strong tumorigenicity in nude mice, which made it wound be a useful model for the study of human glioblastoma multiforme.	Li Y, Sun T, Chen Z, Shao Y, Huang Y, Zhou Y. Characterization of a new human astrocytoma cell line SHG140: cell proliferation, cell phenotype, karyotype, STR markers and tumorigenicity analysis <i>Journal of Cancer.</i> 2021-01-04. DOI:https://www.doi.org/10.7150/jca.40802 PMID:33391433
9475dfe4-6186-4f0b-9ca7-bb49a44aa439	https://www.doi.org/10.1038/s41388-020-01581-9	PMID:33293695	PMC7867646	No	Oncogene	2020-12-09	MicroRNA-155 contributes to plexiform neurofibroma growth downstream of MEK	Open Access (license unspecified)	Yes	Yes	pmc_fulltext_xml/PMC7867646.xml	Users may view, print, copy, and download text and data-mine the content in such documents, for the purposes of academic research, subject always to the full Conditions of use:http://www.nature.com/authors/editorial_policies/license.html#terms	"[""Na Y"", ""Hall A"", ""Choi K"", ""Hu L"", ""Rose J"", ""Coover RA"", ""Miller A"", ""Hennigan RF"", ""Dombi E"", ""Kim MO"", ""Subramanian S"", ""Ratner N"", ""Wu J.""]"	MicroRNAs (miRs) are small non-coding RNAs that can have large impacts on oncogenic pathways. Possible functions of dysregulated miRs have not been studied in neurofibromatosis type 1 (NF1) plexiform neurofibromas (PNFs). In PNFs, Schwann cells (SCs) have biallelic NF1 mutations necessary for tumorigenesis. We analyzed a miR microarray comparing with normal and PNF SCs and identified differences in miR expression, and we validated in mouse PNFs versus normal mouse SCs by qRT-PCR. Among these, miR-155 was a top overexpressed miR, and its expression was regulated by RAS/MAPK signaling. Overexpression of miR-155 increased mature Nf1-/- mouse SC proliferation. In SC precursors, which model tumor-initiating cells, pharmacological and genetic inhibition of miR-155 decreased PNF-derived sphere numbers in vitro, and we identified Maf as a miR-155 target. In vivo, global deletion of miR-155 significantly decreased tumor number and volume, increasing mouse survival. Fluorescent nanoparticles entered PNFs, suggesting that an anti-miR might have therapeutic potential. However, treatment of established PNFs using anti-miR-155 peptide nucleic acid-loaded nanoparticles marginally decreased tumor numbers and did not reduce tumor growth. These results suggest that miR-155 plays a functional role in PNF growth and/or SC proliferation, and that targeting neurofibroma miRs is feasible, and might provide novel therapeutic opportunities.	Na Y, Hall A, Choi K, Hu L, Rose J, Coover RA, Miller A, Hennigan RF, Dombi E, Kim MO, Subramanian S, Ratner N, Wu J. MicroRNA-155 contributes to plexiform neurofibroma growth downstream of MEK <i>Oncogene.</i> 2020-12-09. DOI:https://www.doi.org/10.1038/s41388-020-01581-9 PMID:33293695
21f7e39b-0ce2-4cf4-a8f2-d55d04796b6c	https://www.doi.org/10.1038/s41467-020-19555-6	PMID:33177525	PMC7658220	No	Nature Communications	2020-12-04	MEKK2 mediates aberrant ERK activation in neurofibromatosis type I	CC-BY-4.0	Yes	Yes	pmc_fulltext_xml/PMC7658220.xml	Open Access This article is licensed under a Creative Commons Attribution 4.0 International License, which permits use, sharing, adaptation, distribution and reproduction in any medium or format, as long as you give appropriate credit to the original author(s) and the source, provide a link to the Creative Commons license, and indicate if changes were made. The images or other third party material in this article are included in the article’s Creative Commons license, unless indicated otherwise in a credit line to the material. If material is not included in the article’s Creative Commons license and your intended use is not permitted by statutory regulation or exceeds the permitted use, you will need to obtain permission directly from the copyright holder. To view a copy of this license, visit http://creativecommons.org/licenses/by/4.0/.	"[""Seoyeon Bok"", ""Dong Yeon Shin"", ""Alisha R Yallowitz"", ""Mark Eiseman"", ""Michelle Cung"", ""Ren Xu"", ""Na Li"", ""Jun Sun"", ""Alfred L Williams"", ""John E Scott"", ""Bing Su"", ""Jae-Hyuck Shim"", ""Matthew B Greenblatt""]"	Neurofibromatosis type I (NF1) is characterized by prominent skeletal manifestations caused by NF1 loss. While inhibitors of the ERK activating kinases MEK1/2 are promising as a means to treat NF1, the broad blockade of the ERK pathway produced by this strategy is potentially associated with therapy limiting toxicities. Here, we have sought targets offering a more narrow inhibition of ERK activation downstream of NF1 loss in the skeleton, finding that MEKK2 is a novel component of a noncanonical ERK pathway in osteoblasts that mediates aberrant ERK activation after NF1 loss. Accordingly, despite mice with conditional deletion of Nf1 in mature osteoblasts (Nf1<sup>fl/fl</sup>;Dmp1-Cre) and Mekk2<sup>-/-</sup> each displaying skeletal defects, Nf1<sup>fl/fl</sup>;Mekk2<sup>-/-</sup>;Dmp1-Cre mice show an amelioration of NF1-associated phenotypes. We also provide proof-of-principle that FDA-approved inhibitors with activity against MEKK2 can ameliorate NF1 skeletal pathology. Thus, MEKK2 functions as a MAP3K in the ERK pathway in osteoblasts, offering a potential new therapeutic strategy for the treatment of NF1.	Seoyeon Bok, Dong Yeon Shin, Alisha R Yallowitz, Mark Eiseman, Michelle Cung, Ren Xu, Na Li, Jun Sun, Alfred L Williams, John E Scott, Bing Su, Jae-Hyuck Shim, Matthew B Greenblatt. MEKK2 mediates aberrant ERK activation in neurofibromatosis type I. <i>Nature Communications.</i> 2020-12-04. DOI:https://www.doi.org/10.1038/s41467-020-19555-6 PMID:33177525
764c12a2-b459-4f19-aa2c-9721df7b2845	https://www.doi.org/10.1093/noajnl/vdaa138	PMID:33235998	PMC7668446	No	Neuro-Oncology Advances	2020-11-26	Combination MEK and mTOR inhibitor therapy is active in models of glioblastoma	CC-BY-4.0	Yes	Yes	pmc_fulltext_xml/PMC7668446.xml	http://creativecommons.org/licenses/by/4.0/	"[""Karisa C Schreck"", ""Amy N Allen"", ""Jiawan Wang"", ""Christine A Pratilas""]"	RAS effector signaling pathways such as PI3K/mTOR and ERK are frequently dysregulated in glioblastoma. While small molecule targeted therapies against these pathways have appeared promising in preclinical studies, they have been disappointing in clinical trials due to toxicity and de novo and adaptive resistance. To identify predictors of glioblastoma sensitivity to dual pathway inhibition with mTORC1/2 and MEK inhibitors, we tested these agents, alone and in combination, in a cohort of genomically characterized glioblastoma cell lines. Seven genomically characterized, patient-derived glioblastoma neurosphere cell lines were evaluated for their sensitivity to the dual mTORC1/2 kinase inhibitor sapanisertib (MLN0128, TAK-228) alone or in combination with the MEK1/2 inhibitor trametinib (GSK1120212), using assessment of proliferation and evaluation of the downstream signaling consequences of these inhibitors. Sapanisertib inhibited cell growth in neurosphere lines, but induced apoptosis only in a subset of lines, and did not completely inhibit downstream mTOR signaling via ribosomal protein S6 (RPS6). Growth sensitivity to MEK inhibitor monotherapy was observed in a subset of lines defined by loss of NF1, was predicted by an ERK-dependent expression signature, and was associated with effective phospho-RPS6 inhibition. In these lines, combined MEK/mTOR treatment further inhibited growth and induced apoptosis. Combined MEK and mTOR inhibition also led to modest antiproliferative effects in lines with intact NF1 and insensitivity to MEK inhibitor monotherapy. These data demonstrate that combined MEK/mTOR inhibition is synergistic in glioblastoma cell lines and may be more potent in NF1-deficient glioblastoma.	Karisa C Schreck, Amy N Allen, Jiawan Wang, Christine A Pratilas. Combination MEK and mTOR inhibitor therapy is active in models of glioblastoma. <i>Neuro-Oncology Advances.</i> 2020-11-26. DOI:https://www.doi.org/10.1093/noajnl/vdaa138 PMID:33235998
34adeb47-8674-4b60-9995-0d653b2cb003	https://www.doi.org/10.1172/JCI139807	PMID:33108355	PMC7773354	Yes	The Journal of Clinical Investigation	2020-10-27	Humanized neurofibroma model from induced pluripotent stem cells delineates tumor pathogenesis and developmental origins	PMC (access type unspecified)	No	No (abstract only)	pmc_fulltext_xml/PMC7773354.xml		"[""Mo J"", ""Anastasaki C"", ""Chen Z"", ""Shipman T"", ""Papke J"", ""Yin K"", ""Gutmann DH"", ""Le LQ.""]"	Neurofibromatosis type 1 (NF1) is a common tumor predisposition syndrome caused by NF1 gene mutation, in which affected patients develop Schwann cell lineage peripheral nerve sheath tumors (neurofibromas). To investigate human neurofibroma pathogenesis, we differentiated a series of isogenic, patient-specific NF1-mutant human induced pluripotent stem cells (hiPSCs) into Schwannian lineage cells (SLCs). We found that, although WT and heterozygous NF1-mutant hiPSCs-SLCs did not form tumors following mouse sciatic nerve implantation, NF1-null SLCs formed bona fide neurofibromas with high levels of SOX10 expression. To confirm that SOX10+ SLCs contained the cells of origin for neurofibromas, both Nf1 alleles were inactivated in mouse Sox10+ cells, leading to classic nodular cutaneous and plexiform neurofibroma formation that completely recapitulated their human counterparts. Moreover, we discovered that NF1 loss impaired Schwann cell differentiation by inducing a persistent stem-like state to expand the pool of progenitors required to initiate tumor formation, indicating that, in addition to regulating MAPK-mediated cell growth, NF1 loss also altered Schwann cell differentiation to promote neurofibroma development. Taken together, we established a complementary humanized neurofibroma explant and, to our knowledge, first-in-kind genetically engineered nodular cutaneous neurofibroma mouse models that delineate neurofibroma pathogenesis amenable to future therapeutic target discovery and evaluation.	Mo J, Anastasaki C, Chen Z, Shipman T, Papke J, Yin K, Gutmann DH, Le LQ. Humanized neurofibroma model from induced pluripotent stem cells delineates tumor pathogenesis and developmental origins <i>The Journal of Clinical Investigation.</i> 2020-10-27. DOI:https://www.doi.org/10.1172/JCI139807 PMID:33108355
2de05346-c4b4-4243-88ec-5376a35a963e	https://www.doi.org/10.1002/npr2.12144	PMID:33037790	PMC7722681	No	Neuropsychopharmacology Reports	2020-10-10	Forskolin rapidly enhances neuron-like morphological change of directly induced-neuronal cells from neurofibromatosis type 1 patients	CC-BY-NC-ND	Yes	Yes	pmc_fulltext_xml/PMC7722681.xml	This is an open access article under the terms of the http://creativecommons.org/licenses/by-nc-nd/4.0/ License, which permits use and distribution in any medium, provided the original work is properly cited, the use is non‐commercial and no modifications or adaptations are made.	"[""Sagata N"", ""Kano SI"", ""Ohgidani M"", ""Inamine S"", ""Sakai Y"", ""Kato H"", ""Masuda K"", ""Nakahara T"", ""Nakahara-Kido M"", ""Ohga S"", ""Furue M"", ""Sawa A"", ""Kanba S"", ""Kato TA.""]"	"Aim: Neurofibromatosis type 1 (NF1) is a multifaceted disease, and frequently comorbid with neurodevelopmental disorders such as autism spectrum disorder (ASD) and learning disorder. Dysfunction of adenylyl cyclase (AC) is one of the candidate pathways in abnormal development of neuronal cells in the brain of NF1 patients, while its dynamic abnormalities have not been observed. Direct conversion technology can generate induced-neuronal (iN) cells directly from human fibroblasts within 2 weeks. Just recently, we have revealed that forskolin, an AC activator, rescues the gene expression pattern of iN cells derived from NF1 patients (NF1-iN cells). In this microreport, we show the dynamic effect of forskolin on NF1-iN cells. Methods: iN cells derived from healthy control (HC-iN cells) and NF1-iN cells were treated with forskolin (final concentration 10 μM), respectively. Morphological changes of iN cells were captured by inverted microscope with CCD camera every 2 minutes for 90 minutes. Results: Prior to forskolin treatment, neuron-like spherical-form cells were observed in HC-iN cells, but most NF1-iN cells were not spherical-form but flatform. Only 20 minutes after forskolin treatment, the morphology of the iN cells were dramatically changed from flatform to spherical form, especially in NF1-iN cells.
Conclusion: The present pilot data indicate that forskolin or AC activators may have therapeutic effects on the growth of neuronal cells in NF1 patients. Further translational research should be conducted to validate our pilot findings for future drug development of ASD."	Sagata N, Kano SI, Ohgidani M, Inamine S, Sakai Y, Kato H, Masuda K, Nakahara T, Nakahara-Kido M, Ohga S, Furue M, Sawa A, Kanba S, Kato TA. Forskolin rapidly enhances neuron-like morphological change of directly induced-neuronal cells from neurofibromatosis type 1 patients <i>Neuropsychopharmacology Reports.</i> 2020-10-10. DOI:https://www.doi.org/10.1002/npr2.12144 PMID:33037790
c89afb88-838d-400a-8efd-f24e17ff3bdd		PMID:28469964	PMC5411799	Yes	American Journal of Cancer Research	2020-10-01	Comprehensive pharmacological profiling of neurofibromatosis cell lines	PMC (access type unspecified)	No	No (abstract only)	pmc_fulltext_xml/PMC5411799.xml		"[""Jianman Guo"", ""Michael R Grovola"", ""Hong Xie"", ""Grace E Coggins"", ""Patrick Duggan"", ""Rukhsana Hasan"", ""Jiale Huang"", ""Danny W Lin"", ""Claire Song"", ""Gabriela M Witek"", ""Simon Berritt"", ""David C Schultz"", ""Jeffrey Field""]"	Patients with Neurofibromatosis type 1 (NF1) and Neurofibromatosis type 2 (NF2) are predisposed to tumors of the nervous system. NF1 patients predominantly develop neurofibromas, and Malignant Peripheral Nerve Sheath Tumors (MPNST) while NF2 patients develop schwannomas and meningiomas. Here we quantified the drug sensitivities of NF1 and NF2 tumor cell lines in a high throughput platform. The platform contained a comprehensive collection of inhibitors of MEK, RAF, RAS, farnesyl transferase, PAK and ERK, representative drugs against many other cancer pathways including Wnt, Hedgehog, p53, EGF, HDAC, as well as classical cytotoxic agents recommended for treating MPNST, such as doxorubicin and etoposide. We profiled seven NF1-associated MPNST cell lines (ST88-14, ST88-3, 90-8, sNF02.2, T265, S462TY, SNF96.2), one sporadic MPNST cell line (STS26), one schwannoma from a NF2 patient (HEI193), one NF2-deficient malignant meningioma (KT21-MG-Luc5D), one mouse NF2 schwannoma (SC4) and one sporadic rat schwannoma (RT4-67 or RT4). NF1 cells were primarily distinguished from NF2 cells and the sporadic MPNST cell line by their sensitivity to MEK and ERK inhibitors, and to a smaller extent their sensitivity to BH3 mimetics and farnesyl transferase inhibitors. The platform was highly successful in predicting the effects of clinical trials for Neurofibromas.	Jianman Guo, Michael R Grovola, Hong Xie, Grace E Coggins, Patrick Duggan, Rukhsana Hasan, Jiale Huang, Danny W Lin, Claire Song, Gabriela M Witek, Simon Berritt, David C Schultz, Jeffrey Field. Comprehensive pharmacological profiling of neurofibromatosis cell lines. <i>American Journal of Cancer Research.</i> 2020-10-01. PMID:28469964
e6882b37-10f1-4653-901c-b54a29c8f84c	https://www.doi.org/10.1158/1078-0432.CCR-19-1667	PMID:31548343	PMC6980768	No	Clinical Cancer Research	2020-10-01	Co-occurring alterations in the RAS-MAPK pathway limit response to MET inhibitor treatment in MET exon 14 skipping mutation-positive lung cancer	Fair use (license unspecified)	No	Yes	pmc_fulltext_xml/PMC6980768.xml	This file is available for text mining. It may also be used consistent with the principles of fair use under the copyright law.	"[""Julia K Rotow"", ""Philippe Gui"", ""Wei Wu"", ""Victoria M Raymond"", ""Richard B Lanman"", ""Frederic J Kaye"", ""Nir Peled"", ""Ferran Fece de la Cruz"", ""Brandon Nadres"", ""Ryan B Corcoran"", ""Iwei Yeh"", ""Boris C Bastian"", ""Petr Starostik"", ""Kimberly Newsom"", ""Victor R Olivas"", ""Alexander M Wolff"", ""James S Fraser"", ""Eric A Collisson"", ""Caroline E McCoach"", ""D Ross Camidge"", ""Jose Pacheco"", ""Lyudmila Bazhenova"", ""Tianhong Li"", ""Trever G Bivona"", ""Collin M Blakely""]"	Although patients with advanced-stage non-small cell lung cancers (NSCLC) harboring <i>MET</i> exon 14 skipping mutations (<i>MET</i>ex14) often benefit from MET tyrosine kinase inhibitor (TKI) treatment, clinical benefit is limited by primary and acquired drug resistance. The molecular basis for this resistance remains incompletely understood. Targeted sequencing analysis was performed on cell-free circulating tumor DNA obtained from 289 patients with advanced-stage <i>MET</i>ex14-mutated NSCLC. Prominent co-occurring RAS-MAPK pathway gene alterations (e.g., in <i>KRAS, NF1</i>) were detected in NSCLCs with <i>MET</i>ex14 skipping alterations as compared with <i>EGFR</i>-mutated NSCLCs. There was an association between decreased MET TKI treatment response and RAS-MAPK pathway co-occurring alterations. In a preclinical model expressing a canonical <i>MET</i>ex14 mutation, KRAS overexpression or NF1 downregulation hyperactivated MAPK signaling to promote MET TKI resistance. This resistance was overcome by cotreatment with crizotinib and the MEK inhibitor trametinib. Our study provides a genomic landscape of co-occurring alterations in advanced-stage <i>MET</i>ex14-mutated NSCLC and suggests a potential combination therapy strategy targeting MAPK pathway signaling to enhance clinical outcomes.	Julia K Rotow, Philippe Gui, Wei Wu, Victoria M Raymond, Richard B Lanman, Frederic J Kaye, Nir Peled, Ferran Fece de la Cruz, Brandon Nadres, Ryan B Corcoran, Iwei Yeh, Boris C Bastian, Petr Starostik, Kimberly Newsom, Victor R Olivas, Alexander M Wolff, James S Fraser, Eric A Collisson, Caroline E McCoach, D Ross Camidge, Jose Pacheco, Lyudmila Bazhenova, Tianhong Li, Trever G Bivona, Collin M Blakely. Co-occurring Alterations in the RAS-MAPK Pathway Limit Response to MET Inhibitor Treatment in MET Exon 14 Skipping Mutation-Positive Lung Cancer. <i>Clinical Cancer Research.</i> 2020-10-01. DOI:https://www.doi.org/10.1158/1078-0432.CCR-19-1667 PMID:31548343
a23345d3-39c6-4747-af13-39412ef44fa0	https://www.doi.org/10.3390/cancers10080273	PMID:30115852	PMC6115972	No	Cancers	2020-09-30	Functional Linkage of RKIP to the Epithelial to Mesenchymal Transition and Autophagy during the Development of Prostate Cancer	CC-BY-4.0	Yes	Yes	pmc_fulltext_xml/PMC6115972.xml	Licensee MDPI, Basel, Switzerland. This article is an open access article distributed under the terms and conditions of the Creative Commons Attribution (CC BY) license (http://creativecommons.org/licenses/by/4.0/).	"[""Mahmoud Ahmed"", ""Trang Huyen Lai"", ""Sahib Zada"", ""Jin Seok Hwang"", ""Trang Minh Pham"", ""Miyong Yun"", ""Deok Ryong Kim""]"	Raf kinase inhibitor protein (RKIP) plays a critical role in many signaling pathways as a multi-functional adapter protein. In particular, the loss of RKIP's function in certain types of cancer cells results in epithelial to mesenchymal transition (EMT) and the promotion of cancer metastasis. In addition, RKIP inhibits autophagy by modulating LC3-lipidation and mTORC1. How the RKIP-dependent inhibition of autophagy is linked to EMT and cancer progression is still under investigation. In this study, we investigated the ways by which RKIP interacts with key gene products in EMT and autophagy during the progression of prostate cancer. We first identified the gene products of interest using the corresponding gene ontology terms. The weighted-gene co-expression network analysis (WGCNA) was applied on a gene expression dataset from three groups of prostate tissues; benign prostate hyperplasia, primary and metastatic cancer. We found two modules of highly co-expressed genes, which were preserved in other independent datasets of prostate cancer tissues. RKIP showed potentially novel interactions with one EMT and seven autophagy gene products (TGFBR1; PIK3C3, PIK3CB, TBC1D25, TBC1D5, TOLLIP, WDR45 and WIPI1). In addition, we identified several upstream transcription modulators that could regulate the expression of these gene products. Finally, we verified some RKIP novel interactions by co-localization using the confocal microscopy analysis in a prostate cancer cell line. To summarize, RKIP interacts with EMT and autophagy as part of the same functional unit in developing prostate cancer.	Mahmoud Ahmed, Trang Huyen Lai, Sahib Zada, Jin Seok Hwang, Trang Minh Pham, Miyong Yun, Deok Ryong Kim. Functional Linkage of RKIP to the Epithelial to Mesenchymal Transition and Autophagy during the Development of Prostate Cancer. <i>Cancers.</i> 2020-09-30. DOI:https://www.doi.org/10.3390/cancers10080273 PMID:30115852
cb1bbb09-e004-477e-b0b4-b5cce9776560	https://www.doi.org/10.1093/noajnl/vdz049	PMID:32642732	PMC7317054	No	Neuro-Oncology Advances	2020-09-28	Genetics of human malignant peripheral nerve sheath tumors	CC-BY-4.0	Yes	Yes	pmc_fulltext_xml/PMC7317054.xml	http://creativecommons.org/licenses/by/4.0/	"[""Alexander Pemov"", ""Hua Li"", ""William Presley"", ""Margaret R Wallace"", ""David T Miller""]"	Malignant peripheral nerve sheath tumors (MPNSTs) are heterogeneous, highly aggressive tumors with no widely effective treatment other than surgery. Genomic architecture of MPNST is similar to other soft tissue sarcomas, with a relatively modest burden of single nucleotide variants and an elevated frequency of copy-number alterations. Recent advances in genomic studies identified previously unrecognized critical involvement of polycomb repressor complex 2 (PRC2) core components <i>SUZ12</i> and <i>EED</i> in transition to malignancy. Notably, somatic changes in <i>NF1</i>, <i>CDKN2A/B</i>, and PRC2 are found in most MPNST regardless of their etiology (e.g. neurofibromatosis type 1-associated vs. sporadic vs. radiation-induced), indicating that similar molecular mechanisms impact pathogenesis in these neoplasms. The timing and specific order of genetic or epigenetic changes may, however, explain the typically poorer prognosis of NF1-associated MPNSTs. Studies that reveal genes and regulatory pathways uniquely altered in malignancies are essential to development of targeted tumor therapies. Characterization of MPNST molecular profiles may also contribute to tools for earlier detection, and prediction of prognosis or drug response. Here we review the genetic discoveries and their implications in understanding MPNST biology.	Alexander Pemov, Hua Li, William Presley, Margaret R Wallace, David T Miller. Genetics of human malignant peripheral nerve sheath tumors. <i>Neuro-Oncology Advances.</i> 2020-09-28. DOI:https://www.doi.org/10.1093/noajnl/vdz049 PMID:32642732
d1e5bb99-2f44-44d2-80a5-5a9c17e7c636	https://www.doi.org/10.3892/etm.2020.8418	PMID:32104235	PMC7027123	No	Experimental and Therapeutic Medicine	2020-09-28	MicroRNA-103a-3p potentiates chemoresistance to cisplatin in non-small cell lung carcinoma by targeting neurofibromatosis 1	CC-BY-NC-ND	Yes	Yes	pmc_fulltext_xml/PMC7027123.xml	This is an open access article distributed under the terms of the Creative Commons Attribution-NonCommercial-NoDerivs License, which permits use and distribution in any medium, provided the original work is properly cited, the use is non-commercial and no modifications or adaptations are made.	"[""Hongge Zhu"", ""Jie Yang"", ""Shun'e Yang""]"	Lung cancer remains the leading cause of cancer-associated mortality worldwide, and non-small-cell lung cancer (NSCLC) contributes to ~80% of these deaths. However, both primary and acquired cisplatin resistance frequently occurs within the disease and represents a huge clinical treatment problem. The underlying molecular mechanisms are not yet completely understood, but in recent years, microRNAs (miR) have been reported to play vital roles in the development of lung cancer and chemoresistance. In the present study, it was revealed that there were increased expression levels of miR-103a-3p in both NSCLC cell lines and human NSCLC samples that exhibited resistance to cisplatin. The results also revealed that the inhibition of miR-103a-3p in A549/cisplatin cells significantly sensitized these cells to cisplatin, while inhibition of miR-103a-3p expression inhibited tumor growth and enhanced the function of cisplatin in a xenograft animal model. Furthermore, the present study demonstrated that miR-103a-3p regulates cisplatin resistance by targeting neurofibromatosis 1 (NF1) via activating ERK signaling <i>in vitro</i> and <i>in vivo</i>. In conclusion, NF1 was identified as a special miR-103a-3p target in the present study, and it was revealed that targeting NF1 via miR-103a-3p may help reverse chemoresistance and provide a biomarker to cisplatin responsiveness in NSCLC.	Hongge Zhu, Jie Yang, Shun'e Yang. MicroRNA-103a-3p potentiates chemoresistance to cisplatin in non-small cell lung carcinoma by targeting neurofibromatosis 1. <i>Experimental and Therapeutic Medicine.</i> 2020-09-28. DOI:https://www.doi.org/10.3892/etm.2020.8418 PMID:32104235
56811196-5155-4e8e-a8eb-6ad560c493c9	https://www.doi.org/10.1186/s12935-020-1128-z	PMID:32099531	PMC7031935	No	Cancer Cell International	2020-09-28	Establishment and characterization of patient-derived cancer models of malignant peripheral nerve sheath tumors	CC-BY-4.0	Yes	Yes	pmc_fulltext_xml/PMC7031935.xml	Open AccessThis article is licensed under a Creative Commons Attribution 4.0 International License, which permits use, sharing, adaptation, distribution and reproduction in any medium or format, as long as you give appropriate credit to the original author(s) and the source, provide a link to the Creative Commons licence, and indicate if changes were made. The images or other third party material in this article are included in the article's Creative Commons licence, unless indicated otherwise in a credit line to the material. If material is not included in the article's Creative Commons licence and your intended use is not permitted by statutory regulation or exceeds the permitted use, you will need to obtain permission directly from the copyright holder. To view a copy of this licence, visit http://creativecommons.org/licenses/by/4.0/. The Creative Commons Public Domain Dedication waiver (http://creativecommons.org/publicdomain/zero/1.0/) applies to the data made available in this article, unless otherwise stated in a credit line to the data.	"[""Rieko Oyama"", ""Fusako Kito"", ""Mami Takahashi"", ""Emi Hattori"", ""Rei Noguchi"", ""Yoko Takai"", ""Marimu Sakumoto"", ""Zhiwei Qiao"", ""Shunichi Toki"", ""Masato Sugawara"", ""Yoshikazu Tanzawa"", ""Eisuke Kobayashi"", ""Fumihiko Nakatani"", ""Shintaro Iwata"", ""Akihiko Yoshida"", ""Akira Kawai"", ""Tadashi Kondo""]"	Malignant peripheral nerve sheath tumors (MPNSTs) are a rare subtype of soft-tissue sarcoma, derived from a peripheral branch or the sheath of the sciatic nerve, brachial plexus, or sacral plexus. The clinical outcomes for MPNST patients with unresectable or metastatic tumors are dismal, and novel therapeutic strategies are required. Although patient-derived cancer cell lines are vital for basic research and preclinical studies, few MPNST cell lines are available from public cell banks. Therefore, the aim of this study was to establish cancer cell lines derived from MPNST patients. We used tumor tissues from five patients with MPNSTs, including one derived from a rare bone tissue MPNST. The tumor tissues were obtained at the time of surgery and were immediately processed to establish cell lines. A patient-derived xenograft was also established when a sufficient amount of tumor tissue was available. The characterization of established cells was performed with respect to cell proliferation, spheroid formation, and invasion. The mutation status of actionable genes was monitored by NCC Oncopanel, by which the mutation of 114 genes was assessed by next-generation sequencing. The response to anti-cancer agents, including anti-cancer drugs approved for the treatment of other malignancies was investigated in the established cell lines. We established five cell lines (NCC-MPNST1-C1, NCC-MPNST2-C1, NCC-MPNST3-C1, NCC-MPNST4-C1, and NCC-MPNST5-C1) from the original tumors, and also established patient-derived xenografts (PDXs) from which one cell line (NCC-MPNST3-X2-C1) was produced. The established MPNST cell lines proliferated continuously and formed spheroids while exhibiting distinct invasion abilities. The cell lines had typical mutations in the actionable genes, and the mutation profiles differed among the cell lines. The responsiveness to examined anti-cancer agents differed among cell lines; while the presence of an actionable gene mutation did not correspond with the response to the anticipated anti-cancer agents. The established cell lines exhibit various characteristics, including proliferation and invasion potential. In addition, they had different mutation profiles and response to the anti-cancer agents. These observations suggest that the established cell lines will be useful for future research on MPNSTs.	Rieko Oyama, Fusako Kito, Mami Takahashi, Emi Hattori, Rei Noguchi, Yoko Takai, Marimu Sakumoto, Zhiwei Qiao, Shunichi Toki, Masato Sugawara, Yoshikazu Tanzawa, Eisuke Kobayashi, Fumihiko Nakatani, Shintaro Iwata, Akihiko Yoshida, Akira Kawai, Tadashi Kondo. Establishment and characterization of patient-derived cancer models of malignant peripheral nerve sheath tumors. <i>Cancer Cell International.</i> 2020-09-28. DOI:https://www.doi.org/10.1186/s12935-020-1128-z PMID:32099531
919e20d6-9234-4cd4-b0a3-db6f937b294f	https://www.doi.org/10.1038/s42003-018-0163-y	PMID:30302402	PMC6168575	Yes	Communications Biology	2020-08-27	Genetically engineered minipigs model the major clinical features of human neurofibromatosis type 1	CC-BY-4.0	Yes	Yes	pmc_fulltext_xml/PMC6168575.xml	Open Access This article is licensed under a Creative Commons Attribution 4.0 International License, which permits use, sharing, adaptation, distribution and reproduction in any medium or format, as long as you give appropriate credit to the original author(s) and the source, provide a link to the Creative Commons license, and indicate if changes were made. The images or other third party material in this article are included in the article’s Creative Commons license, unless indicated otherwise in a credit line to the material. If material is not included in the article’s Creative Commons license and your intended use is not permitted by statutory regulation or exceeds the permitted use, you will need to obtain permission directly from the copyright holder. To view a copy of this license, visit http://creativecommons.org/licenses/by/4.0/.	"[""Sara H Isakson"", ""Anthony E Rizzardi"", ""Alexander W Coutts"", ""Daniel F Carlson"", ""Mark N Kirstein"", ""James Fisher"", ""Jeremie Vitte"", ""Kyle B Williams"", ""G Elizabeth Pluhar"", ""Sonika Dahiya"", ""Brigitte C Widemann"", ""Eva Dombi"", ""Tilat Rizvi"", ""Nancy Ratner"", ""Ludwine Messiaen"", ""Anat O Stemmer-Rachamimov"", ""Scott C Fahrenkrug"", ""David H Gutmann"", ""Marco Giovannini"", ""Christopher L Moertel"", ""David A Largaespada"", ""Adrienne L Watson""]"	Neurofibromatosis Type 1 (NF1) is a genetic disease caused by mutations in <i>Neurofibromin 1</i> (<i>NF1</i>). NF1 patients present with a variety of clinical manifestations and are predisposed to cancer development. Many NF1 animal models have been developed, yet none display the spectrum of disease seen in patients and the translational impact of these models has been limited. We describe a minipig model that exhibits clinical hallmarks of NF1, including café au lait macules, neurofibromas, and optic pathway glioma. Spontaneous loss of heterozygosity is observed in this model, a phenomenon also described in NF1 patients. Oral administration of a mitogen-activated protein kinase/extracellular signal-regulated kinase inhibitor suppresses Ras signaling. To our knowledge, this model provides an unprecedented opportunity to study the complex biology and natural history of NF1 and could prove indispensable for development of imaging methods, biomarkers, and evaluation of safety and efficacy of NF1-targeted therapies.	Sara H Isakson, Anthony E Rizzardi, Alexander W Coutts, Daniel F Carlson, Mark N Kirstein, James Fisher, Jeremie Vitte, Kyle B Williams, G Elizabeth Pluhar, Sonika Dahiya, Brigitte C Widemann, Eva Dombi, Tilat Rizvi, Nancy Ratner, Ludwine Messiaen, Anat O Stemmer-Rachamimov, Scott C Fahrenkrug, David H Gutmann, Marco Giovannini, Christopher L Moertel, David A Largaespada, Adrienne L Watson. Genetically engineered minipigs model the major clinical features of human neurofibromatosis type 1. <i>Communications Biology.</i> 2020-08-27. DOI:https://www.doi.org/10.1038/s42003-018-0163-y PMID:30302402
d452103e-fef3-4348-8fbf-1679ada30fa8	https://www.doi.org/10.1158/0008-5472.CAN-19-1429	PMID:32816910	PMC7968129	No	Cancer Research	2020-08-21	Cdkn2a Loss in a Model of Neurofibroma Demonstrates Stepwise Tumor Progression to Atypical Neurofibroma and MPNST	Fair use (license unspecified)	No	Yes	pmc_fulltext_xml/PMC7968129.xml	This file is available for text mining. It may also be used consistent with the principles of fair use under the copyright law.	"[""Chaney KE"", ""Perrino MR"", ""Kershner LJ"", ""Patel AV"", ""Wu J"", ""Choi K"", ""Rizvi TA"", ""Dombi E"", ""Szabo S"", ""Largaespada DA"", ""Ratner N.""]"	Plexiform neurofibromas are benign nerve sheath Schwann cell tumors characterized by biallelic mutations in the neurofibromatosis type 1 (NF1) tumor suppressor gene. Atypical neurofibromas show additional frequent loss of CDKN2A/Ink4a/Arf and may be precursor lesions of aggressive malignant peripheral nerve sheath tumors (MPNST). Here we combined loss of Nf1 in developing Schwann cells with global Ink4a/Arf loss and identified paraspinal plexiform neurofibromas and atypical neurofibromas. Upon transplantation, atypical neurofibromas generated genetically engineered mice (GEM)-PNST similar to human MPNST, and tumors showed reduced p16INK4a protein and reduced senescence markers, confirming susceptibility to transformation. Superficial GEM-PNST contained regions of nerve-associated plexiform neurofibromas or atypical neurofibromas and grew rapidly on transplantation. Transcriptome analyses showed similarities to corresponding human tumors. Thus, we recapitulated nerve tumor progression in NF1 and provided preclinical platforms for testing therapies at each tumor grade. These results support a tumor progression model in which loss of NF1 in Schwann cells drives plexiform neurofibromas formation, additional loss of Ink4a/Arf contributes to atypical neurofibromas formation, and further changes underlie transformation to MPNST. SIGNIFICANCE: New mouse models recapitulate the stepwise progression of NF1 tumors and will be useful to define effective treatments that halt tumor growth and tumor progression in NF1.	Chaney KE, Perrino MR, Kershner LJ, Patel AV, Wu J, Choi K, Rizvi TA, Dombi E, Szabo S, Largaespada DA, Ratner N. Cdkn2a Loss in a Model of Neurofibroma Demonstrates Stepwise Tumor Progression to Atypical Neurofibroma and MPNST <i>Cancer Research.</i> 2020-08-21. DOI:https://www.doi.org/10.1158/0008-5472.CAN-19-1429 PMID:32816910
e6889d32-06ea-4274-82e8-0659ca9b1b51	https://www.doi.org/10.1371/journal.pone.0237097	PMID:32810864	PMC7446925	No	PLoS One	2020-08-19	Evaluating modified diets and dietary supplement therapies for reducing muscle lipid accumulation and improving muscle function in neurofibromatosis type 1 (NF1)	CC-BY-4.0	Yes	Yes	pmc_fulltext_xml/PMC7446925.xml	http://creativecommons.org/licenses/by/4.0/	"[""Vasiljevski ER"", ""Houweling PJ"", ""Rupasinghe T"", ""Kaur T"", ""Summers MA"", ""Roessner U"", ""Little DG"", ""Schindeler A.""]"	Neurofibromatosis type 1 (NF1) is a genetic disorder that affects a range of tissue systems, however the associated muscle weakness and fatigability can have a profound impact on quality of life. Prior studies using the limb-specific Nf1 knockout mouse (Nf1Prx1-/-) revealed an accumulation of intramyocellular lipid (IMCL) that could be rescued by a diet supplemented with L-carnitine and enriched for medium-chain fatty acids (MCFAs). In this study we used the Nf1Prx1-/- mouse to model a range of dietary interventions designed to reduce IMCL accumulation, and analyze using other modalities including in situ muscle physiology and lipid mass spectrometry. Histological IMCL accumulation was significantly reduced by a range of treatments including L-carnitine and high MCFAs alone. A low-fat diet did not affect IMCL, but did provide improvements to muscle strength. Supplementation yielded rapid improvements in IMCL within 4 weeks, but were lost once treatment was discontinued. In situ muscle measurements were highly variable in Nf1Prx1-/- mice, attributable to the severe phenotype present in this model, with fusion of the hips and an overall small hind limb muscle size. Lipidome analysis enabled segregation of the normal and modified chow diets, and fatty acid data suggested increased muscle lipolysis with the intervention. Acylcarnitines were also affected, suggestive of a mitochondrial fatty acid oxidation disorder. These data support the theory that NF1 is a lipid storage disease that can be treated by dietary intervention, and encourages future human trials.	Vasiljevski ER, Houweling PJ, Rupasinghe T, Kaur T, Summers MA, Roessner U, Little DG, Schindeler A. Evaluating modified diets and dietary supplement therapies for reducing muscle lipid accumulation and improving muscle function in neurofibromatosis type 1 (NF1) <i>PLoS One.</i> 2020-08-19. DOI:https://www.doi.org/10.1371/journal.pone.0237097 PMID:32810864
b7c0a03e-9144-4aac-a6d1-8b05424a952c	https://www.doi.org/10.3892/ol.2020.11825	PMID:32782605	PMC7400074	No	Oncology Letters	2020-08-13	Establishment of highly invasive pancreatic cancer cell lines and the expression of IL-32	CC-BY-NC-ND	Yes	Yes	pmc_fulltext_xml/PMC7400074.xml	This is an open access article distributed under the terms of the Creative Commons Attribution-NonCommercial-NoDerivs License, which permits use and distribution in any medium, provided the original work is properly cited, the use is non-commercial and no modifications or adaptations are made.	"[""Takagi K"", ""Imura J"", ""Shimomura A"", ""Noguchi A"", ""Minamisaka T"", ""Tanaka S"", ""Nishida T"", ""Hatta H"", ""Nakajima T.""]"	Compared to tumors of other organs, pancreatic cancer is highly aggressive; with one of its biological features being that, despite a prominent fibrotic stroma, there is remarkable infiltration of tumor cells. This characteristic is considered to be the main reason for the poor prognosis of patients with pancreatic cancer. Therefore, in order to elucidate the factors that contribute to this high invasiveness, a selective invasion method was used to establish four highly invasive subclones from six human pancreatic cancer cell lines. The results demonstrated that two cell lines did not exhibit enhanced invasiveness. Microarray analysis revealed that, in the highly invasive cell lines, several genes were expressed at high levels, compared with the original cell lines. These highly expressed genes were recognized only in highly invasive cells. Among them, IL-32 was most strongly upregulated in the highly invasive cells, compared with cells with a low invasive potential, as well as the original cells. RT-qPCR and western blot analysis confirmed the high levels of expression of IL-32 in highly invasive cells at the RNA and protein levels. In addition, immunohistochemical analysis of resected surgical materials revealed that the tumor cells expressed IL-32 and, in particular, many IL-32 positive cells were seen at the invasive front of the tumor tissue. IL-32 is a cytokine that is widely involved in the development of cancer and has recently received considerable attention. This cytokine has multiple splice variants and shows a wide variety of behaviors, depending on the tumor type and primary organ. Although some hypotheses have been proposed to explain the activity of IL-32, a unified view has not been agreed. In the present study, through the establishment of highly invasive cells from pancreatic cancer and a comprehensive gene analysis, it is suggested that IL-32 may serve an important role as a molecule involved in the invasiveness of this neoplasm.	Takagi K, Imura J, Shimomura A, Noguchi A, Minamisaka T, Tanaka S, Nishida T, Hatta H, Nakajima T. Establishment of highly invasive pancreatic cancer cell lines and the expression of IL-32 <i>Oncology Letters.</i> 2020-08-13. DOI:https://www.doi.org/10.3892/ol.2020.11825 PMID:32782605
abe7ba81-0080-4233-9fc4-cfe2705ad90b	https://www.doi.org/10.1016/j.ccell.2020.02.003	PMID:32142667	PMC7286719	No	Cancer Cell	2020-08-10	Neurofibromin is an estrogen receptor-α transcriptional co-repressor in breast cancer	Fair use (license unspecified)	No	Yes	pmc_fulltext_xml/PMC7286719.xml	This file is available for text mining. It may also be used consistent with the principles of fair use under the copyright law.	"[""Ze-Yi Zheng"", ""Meenakshi Anurag"", ""Jonathan T Lei"", ""Jin Cao"", ""Purba Singh"", ""Jianheng Peng"", ""Hilda Kennedy"", ""Nhu-Chau Nguyen"", ""Yue Chen"", ""Philip Lavere"", ""Jing Li"", ""Xin-Hui Du"", ""Burcu Cakar"", ""Wei Song"", ""Beom-Jun Kim"", ""Jiejun Shi"", ""Sinem Seker"", ""Doug W Chan"", ""Guo-Qiang Zhao"", ""Xi Chen"", ""Kimberly C Banks"", ""Richard B Lanman"", ""Maryam Nemati Shafaee"", ""Xiang H-F Zhang"", ""Suhas Vasaikar"", ""Bing Zhang"", ""Susan G Hilsenbeck"", ""Wei Li"", ""Charles E Foulds"", ""Matthew J Ellis"", ""Eric C Chang""]"	We report that neurofibromin, a tumor suppressor and Ras-GAP (GTPase-activating protein), is also an estrogen receptor-α (ER) transcriptional co-repressor through leucine/isoleucine-rich motifs that are functionally independent of GAP activity. GAP activity, in turn, does not affect ER binding. Consequently, neurofibromin depletion causes estradiol hypersensitivity and tamoxifen agonism, explaining the poor prognosis associated with neurofibromin loss in endocrine therapy-treated ER<sup>+</sup> breast cancer. Neurofibromin-deficient ER<sup>+</sup> breast cancer cells initially retain sensitivity to selective ER degraders (SERDs). However, Ras activation does play a role in acquired SERD resistance, which can be reversed upon MEK inhibitor addition, and SERD/MEK inhibitor combinations induce tumor regression. Thus, neurofibromin is a dual repressor for both Ras and ER signaling, and co-targeting may treat neurofibromin-deficient ER<sup>+</sup> breast tumors.	Ze-Yi Zheng, Meenakshi Anurag, Jonathan T Lei, Jin Cao, Purba Singh, Jianheng Peng, Hilda Kennedy, Nhu-Chau Nguyen, Yue Chen, Philip Lavere, Jing Li, Xin-Hui Du, Burcu Cakar, Wei Song, Beom-Jun Kim, Jiejun Shi, Sinem Seker, Doug W Chan, Guo-Qiang Zhao, Xi Chen, Kimberly C Banks, Richard B Lanman, Maryam Nemati Shafaee, Xiang H-F Zhang, Suhas Vasaikar, Bing Zhang, Susan G Hilsenbeck, Wei Li, Charles E Foulds, Matthew J Ellis, Eric C Chang. Neurofibromin Is an Estrogen Receptor-α Transcriptional Co-repressor in Breast Cancer. <i>Cancer Cell.</i> 2020-08-10. DOI:https://www.doi.org/10.1016/j.ccell.2020.02.003 PMID:32142667
3c1324f0-c5cb-4533-8567-c986bb68fe38	https://www.doi.org/10.1371/journal.pgen.1008920	PMID:32697780	PMC7398555	No	PLoS Genetics	2020-07-23	Developmental loss of neurofibromin across distributed neuronal circuits drives excessive grooming in Drosophila	CC-BY-4.0	Yes	Yes	pmc_fulltext_xml/PMC7398555.xml	http://creativecommons.org/licenses/by/4.0/	"[""King LB"", ""Boto T"", ""Botero V"", ""Aviles AM"", ""Jomsky BM"", ""Joseph C"", ""Walker JA"", ""Tomchik SM.""]"	Neurofibromatosis type 1 is a monogenetic disorder that predisposes individuals to tumor formation and cognitive and behavioral symptoms. The neuronal circuitry and developmental events underlying these neurological symptoms are unknown. To better understand how mutations of the underlying gene (NF1) drive behavioral alterations, we have examined grooming in the Drosophila neurofibromatosis 1 model. Mutations of the fly NF1 ortholog drive excessive grooming, and increased grooming was observed in adults when Nf1 was knocked down during development. Furthermore, intact Nf1 Ras GAP-related domain signaling was required to maintain normal grooming. The requirement for Nf1 was distributed across neuronal circuits, which were additive when targeted in parallel, rather than mapping to discrete microcircuits. Overall, these data suggest that broadly-distributed alterations in neuronal function during development, requiring intact Ras signaling, drive key Nf1-mediated behavioral alterations. Thus, global developmental alterations in brain circuits/systems function may contribute to behavioral phenotypes in neurofibromatosis type 1.	King LB, Boto T, Botero V, Aviles AM, Jomsky BM, Joseph C, Walker JA, Tomchik SM. Developmental loss of neurofibromin across distributed neuronal circuits drives excessive grooming in Drosophila <i>PLoS Genetics.</i> 2020-07-23. DOI:https://www.doi.org/10.1371/journal.pgen.1008920 PMID:32697780
d94fc855-28b3-48e9-84d2-a7c69b8a013a	https://www.doi.org/10.1038/s41419-020-2703-x	PMID:32606289	PMC7326958	No	Cell Death & Disease	2020-07-02	Knockdown of MSI2 inhibits metastasis by interacting with caveolin-1 and inhibiting its ubiquitylation in human NF1-MPNST cells	CC-BY-4.0	Yes	Yes	pmc_fulltext_xml/PMC7326958.xml	Open Access This article is licensed under a Creative Commons Attribution 4.0 International License, which permits use, sharing, adaptation, distribution and reproduction in any medium or format, as long as you give appropriate credit to the original author(s) and the source, provide a link to the Creative Commons license, and indicate if changes were made. The images or other third party material in this article are included in the article’s Creative Commons license, unless indicated otherwise in a credit line to the material. If material is not included in the article’s Creative Commons license and your intended use is not permitted by statutory regulation or exceeds the permitted use, you will need to obtain permission directly from the copyright holder. To view a copy of this license, visit http://creativecommons.org/licenses/by/4.0/.	"[""Yang K"", ""Du J"", ""Shi D"", ""Ji F"", ""Ji Y"", ""Pan J"", ""Lv F"", ""Zhang Y"", ""Zhang J.""]"	Malignant peripheral nerve sheath tumours (MPNSTs) are highly aggressive Schwann cell-derived sarcomas, and they are either associated with neurofibromatosis type 1 (NF1) or sporadic. Our previous study found that high mobility group protein A2 (HMGA2) regulates NF1-MPNST growth through Musashi-2 (MSI2); however, whether MSI2 regulates MPNST metastasis and what the mechanism is remain unclear. Here, we demonstrated that the protein caveolin-1 (CAV1) directly interacts with MSI2 in human NF1-MPNST cells. Moreover, we discovered that knockdown of MSI2 induces CAV1 protein expression by inhibiting its ubiquitylation level in NF1-MPNSTs. In addition, CAV1 mediates the suppressive function of MSI2 in epithelial-mesenchymal transition, migration and invasion in vitro and metastasis in vivo. These results help to reveal the potential mechanisms of MSI2 as a target of antimetastatic treatment for human NF1-MPNST.	Yang K, Du J, Shi D, Ji F, Ji Y, Pan J, Lv F, Zhang Y, Zhang J. Knockdown of MSI2 inhibits metastasis by interacting with caveolin-1 and inhibiting its ubiquitylation in human NF1-MPNST cells <i>Cell Death & Disease.</i> 2020-07-02. DOI:https://www.doi.org/10.1038/s41419-020-2703-x PMID:32606289
92a9c4b6-8acb-458f-8181-cccc4e1c7579	https://www.doi.org/10.1093/neuonc/noz093	PMID:31127849	PMC6827838	No	Neuro-Oncology	2020-06-29	Galectin-1 inhibition induces cell apoptosis through dual suppression of CXCR4 and Ras pathways in human malignant peripheral nerve sheath tumors	PMC (access type unspecified)	No	Yes	pmc_fulltext_xml/PMC6827838.xml	https://academic.oup.com/journals/pages/open_access/funder_policies/chorus/standard_publication_model	"[""Tsung-Chieh Shih"", ""Yunpeng Fan"", ""Sophie Kiss"", ""Xiaocen Li"", ""Xiaojun Nicole Deng"", ""Ruiwu Liu"", ""Xiao-Jia Chen"", ""Randy Carney"", ""Amanda Chen"", ""Paramita M Ghosh"", ""Kit S Lam""]"	The Ras signaling pathway is commonly dysregulated in human malignant peripheral nerve sheath tumors (MPNSTs). It is well known that galectin-1 (Gal-1) is essential to stabilize membrane Ras and thereby induce the activation of Ras. However, the role of Gal-1 in MPNST progression remains unknown. The aim of this study was to examine whether Gal-1 knockdown could have an effect on the Ras signaling pathway. Cell viability, apoptosis assay, and colony formation were performed to examine the effects of inhibition of Gal-1 in MPNST cells. We used a human MPNST xenograft model to assess growth and metastasis inhibitory effects of Gal-1 inhibitor LLS2. Gal-1 was upregulated in MPNST patients and was highly expressed in MPNST cells. Knockdown of Gal-1 by small interfering (si)RNA in Gal-1 expressing MPNST cells significantly reduces cell proliferation through the suppression of C-X-C chemokine receptor type 4 (CXCR4) and the rat sarcoma viral oncogene homolog (RAS)/extracellular signal-regulated kinase (ERK) pathway, which are important oncogenic signaling in MPNST development. Moreover, Gal-1 knockdown induces apoptosis and inhibits colony formation. LLS2, a novel Gal-1 allosteric small molecule inhibitor, is cytotoxic against MPNST cells and was able to induce apoptosis and suppress colony formation in MPNST cells. LLS2 treatment and Gal-1 knockdown exhibited similar effects on the suppression of CXCR4 and RAS/ERK pathways. More importantly, inhibition of Gal-1 expression or function by treatment with either siRNA or LLS2 resulted in significant tumor responses in an MPNST xenograft model. Our results identified an oncogenic role of Gal-1 in MPNST and that its inhibitor, LLS2, is a potential therapeutic agent, applied topically or systemically, against MPNST.	Tsung-Chieh Shih, Yunpeng Fan, Sophie Kiss, Xiaocen Li, Xiaojun Nicole Deng, Ruiwu Liu, Xiao-Jia Chen, Randy Carney, Amanda Chen, Paramita M Ghosh, Kit S Lam. Galectin-1 inhibition induces cell apoptosis through dual suppression of CXCR4 and Ras pathways in human malignant peripheral nerve sheath tumors. <i>Neuro-Oncology.</i> 2020-06-29. DOI:https://www.doi.org/10.1093/neuonc/noz093 PMID:31127849
7e3b3912-435d-4518-a215-743fd6c30aa3	https://www.doi.org/10.1186/s13058-020-01300-y	PMID:32576280	PMC7310532	No	Breast Cancer Research	2020-06-25	New generation breast cancer cell lines developed from patient-derived xenografts	CC-BY-4.0	Yes	Yes	pmc_fulltext_xml/PMC7310532.xml	Open AccessThis article is licensed under a Creative Commons Attribution 4.0 International License, which permits use, sharing, adaptation, distribution and reproduction in any medium or format, as long as you give appropriate credit to the original author(s) and the source, provide a link to the Creative Commons licence, and indicate if changes were made. The images or other third party material in this article are included in the article's Creative Commons licence, unless indicated otherwise in a credit line to the material. If material is not included in the article's Creative Commons licence and your intended use is not permitted by statutory regulation or exceeds the permitted use, you will need to obtain permission directly from the copyright holder. To view a copy of this licence, visit http://creativecommons.org/licenses/by/4.0/. The Creative Commons Public Domain Dedication waiver (http://creativecommons.org/publicdomain/zero/1.0/) applies to the data made available in this article, unless otherwise stated in a credit line to the data.	"[""Finlay-Schultz J"", ""Jacobsen BM"", ""Riley D"", ""Paul KV"", ""Turner S"", ""Ferreira-Gonzalez A"", ""Harrell JC"", ""Kabos P"", ""Sartorius CA.""]"	BACKGROUND. Breast cancer is a highly heterogeneous disease characterized by multiple histologic and molecular subtypes. While a myriad of breast cancer cell lines have been developed over the past 60 years, estrogen receptor alpha (ER)+ disease and some mutations associated with this subtype remain underrepresented. Here we describe six breast cancer cell lines derived from patient-derived xenografts (PDX) and their general characteristics. METHODS. Established breast cancer PDX were processed into cell suspensions and placed into standard 2D cell culture; six emerged into long-term passageable cell lines. Cell lines were assessed for protein expression of common luminal, basal, and mesenchymal markers, growth assessed in response to estrogens and endocrine therapies, and RNA-seq and oncogenomics testing performed to compare relative transcript levels and identify putative oncogenic drivers. RESULTS. Three cell lines express ER and two are also progesterone receptor (PR) positive; PAM50 subtyping identified one line as luminal A. One of the ER+PR+ lines harbors a D538G mutation in the gene for ER (ESR1), providing a natural model that contains this endocrine-resistant genotype. The third ER+PR-/low cell line has mucinous features, a rare histologic type of breast cancer. The three other lines are ER- and represent two basal-like and a mixed ductal/lobular breast cancer. The cell lines show varied responses to tamoxifen and fulvestrant, and three were demonstrated to regrow tumors in vivo. RNA sequencing confirms all cell lines are human and epithelial. Targeted oncogenomics testing confirmed the noted ESR1 mutation in addition to other mutations (i.e., PIK3CA, BRCA2, CCND1, NF1, TP53, MYC) and amplifications (i.e., FGFR1, FGFR3) frequently found in breast cancers. CONCLUSIONS. These new generation breast cancer cell lines add to the existing repository of breast cancer models, increase the number of ER+ lines, and provide a resource that can be genetically modified for studying several important clinical breast cancer features.	Finlay-Schultz J, Jacobsen BM, Riley D, Paul KV, Turner S, Ferreira-Gonzalez A, Harrell JC, Kabos P, Sartorius CA. New generation breast cancer cell lines developed from patient-derived xenografts <i>Breast Cancer Res.</i> 2020-06-25. DOI:https://www.doi.org/10.1186/s13058-020-01300-y PMID:32576280
cef258bb-9cc8-4213-b53b-32cb46d23aaa	https://www.doi.org/10.1111/pcmr.12908	PMID:32567790	PMC7818249	No	Pigment Cell Melanoma Res	2020-06-23	Genomic and signalling pathway characterization of the NZM panel of melanoma cell lines: A valuable model for studying the impact of genetic diversity in melanoma	CC-BY-NC-ND	Yes	Yes	pmc_fulltext_xml/PMC7818249.xml	This is an open access article under the terms of the http://creativecommons.org/licenses/by-nc-nd/4.0/ License, which permits use and distribution in any medium, provided the original work is properly cited, the use is non‐commercial and no modifications or adaptations are made.	"[""Tran KB"", ""Gimenez G"", ""Tsai P"", ""Kolekar S"", ""Rodger EJ"", ""Chatterjee A"", ""Jabed A"", ""Shih JH"", ""Joseph WR"", ""Marshall ES"", ""Wang Q"", ""Print CG"", ""Eccles MR"", ""Baguley BC"", ""Shepherd PR.""]"	Melanoma is a disease associated with a very high mutation burden and thus the possibility of a diverse range of oncogenic mechanisms that allow it to evade therapeutic interventions and the immune system. Here, we describe the characterization of a panel of 102 cell lines from metastatic melanomas (the NZM lines), including using whole-exome and RNA sequencing to analyse genetic variants and gene expression changes in a subset of this panel. Lines possessing all major melanoma genotypes were identified, and hierarchical clustering of gene expression profiles revealed four broad subgroups of cell lines. Immunogenotyping identified a range of HLA haplotypes as well as expression of neoantigens and cancer-testis antigens in the lines. Together, these characteristics make the NZM panel a valuable resource for cell-based, immunological and xenograft studies to better understand the diversity of melanoma biology and the responses of melanoma to therapeutic interventions.	Tran KB, Gimenez G, Tsai P, Kolekar S, Rodger EJ, Chatterjee A, Jabed A, Shih JH, Joseph WR, Marshall ES, Wang Q, Print CG, Eccles MR, Baguley BC, Shepherd PR. Genomic and signalling pathway characterization of the NZM panel of melanoma cell lines: A valuable model for studying the impact of genetic diversity in melanoma <i>Pigment Cell Melanoma Res.</i> 2020-06-23. DOI:https://www.doi.org/10.1111/pcmr.12908 PMID:32567790
37be3018-e4c4-4327-bdae-5a4625d24a5d	https://www.doi.org/10.1038/s41597-020-0508-5	PMID:32561749	PMC7305302	Yes	Scientific Data	2020-06-21	A clinically and genomically annotated nerve sheath tumor biospecimen repository	CC-BY-4.0	Yes	Yes	pmc_fulltext_xml/PMC7305302.xml	Open Access This article is licensed under a Creative Commons Attribution 4.0 International License, which permits use, sharing, adaptation, distribution and reproduction in any medium or format, as long as you give appropriate credit to the original author(s) and the source, provide a link to the Creative Commons license, and indicate if changes were made. The images or other third party material in this article are included in the article’s Creative Commons license, unless indicated otherwise in a credit line to the material. If material is not included in the article’s Creative Commons license and your intended use is not permitted by statutory regulation or exceeds the permitted use, you will need to obtain permission directly from the copyright holder. To view a copy of this license, visit http://creativecommons.org/licenses/by/4.0/.	"[""Pollard K"", ""Banerjee J"", ""Doan X"", ""Wang J"", ""Guo X"", ""Allaway R"", ""Langmead S"", ""Slobogean B"", ""Meyer CF"", ""Loeb DM"", ""Morris CD"", ""Belzberg AJ"", ""Blakeley JO"", ""Rodriguez FJ"", ""Guinney J"", ""Gosline SJC"", ""Pratilas CA.""]"	Nerve sheath tumors occur as a heterogeneous group of neoplasms in patients with neurofibromatosis type 1 (NF1). The malignant form represents the most common cause of death in people with NF1, and even when benign, these tumors can result in significant disfigurement, neurologic dysfunction, and a range of profound symptoms. Lack of human tissue across the peripheral nerve tumors common in NF1 has been a major limitation in the development of new therapies. To address this unmet need, we have created an annotated collection of patient tumor samples, patient-derived cell lines, and patient-derived xenografts, and carried out high-throughput genomic and transcriptomic characterization to serve as a resource for further biologic and preclinical therapeutic studies. In this work, we release genomic and transcriptomic datasets comprised of 55 tumor samples derived from 23 individuals, complete with clinical annotation. All data are publicly available through the NF Data Portal and at http://synapse.org/jhubiobank.	Pollard K, Banerjee J, Doan X, Wang J, Guo X, Allaway R, Langmead S, Slobogean B, Meyer CF, Loeb DM, Morris CD, Belzberg AJ, Blakeley JO, Rodriguez FJ, Guinney J, Gosline SJC, Pratilas CA. A clinically and genomically annotated nerve sheath tumor biospecimen repository <i>Scientific Data.</i> 2020-06-21. DOI:https://www.doi.org/10.1038/s41597-020-0508-5 PMID:32561749
0951c8d7-87dd-4edc-a68a-647e918419ae	https://www.doi.org/10.1523/JNEUROSCI.2235-19.2020	PMID:32527982	PMC7343320	No	The Journal of Neuroscience : The Official Journal of the Society for Neuroscience	2020-06-13	Disruption of Critical Period Plasticity in a Mouse Model of Neurofibromatosis Type 1	PMC (access type unspecified)	No	No (abstract only)	pmc_fulltext_xml/PMC7343320.xml		"[""van Lier M"", ""Saiepour MH"", ""Kole K"", ""Cheyne JE"", ""Zabouri N"", ""Blok T"", ""Qin Y"", ""Ruimschotel E"", ""Heimel JA"", ""Lohmann C"", ""Levelt CN.""]"	Neurofibromatosis type 1 (NF1) is a common monogenic neurodevelopmental disorder associated with physical and cognitive problems. The cognitive issues are thought to arise from increased release of the neurotransmitter GABA. Modulating the signaling pathways causing increased GABA release in a mouse model of NF1 reverts deficits in hippocampal learning. However, clinical trials based on these approaches have so far been unsuccessful. We therefore used a combination of slice electrophysiology, in vivo two-photon calcium imaging, and optical imaging of intrinsic signal in a mouse model of NF1 to investigate whether cortical development is affected in NF1, possibly causing lifelong consequences that cannot be rescued by reducing inhibition later in life. We find that, in NF1 mice of both sexes, inhibition increases strongly during the development of the visual cortex and remains high. While this increase in cortical inhibition does not affect spontaneous cortical activity patterns during early cortical development, the critical period for ocular dominance plasticity is shortened in NF1 mice due to its early closure but unaltered onset. Notably, after environmental enrichment, differences in inhibitory innervation and ocular dominance plasticity between NF1 mice and WT littermates disappear. These results provide the first evidence for critical period dysregulation in NF1 and suggest that treatments aimed at normalizing levels of inhibition will need to start at early stages of development.SIGNIFICANCE STATEMENT Neurofibromatosis type 1 is associated with cognitive problems for which no treatment is currently available. This study shows that, in a mouse model of neurofibromatosis type 1, cortical inhibition is increased during development and critical period regulation is disturbed. Rearing the mice in an environment that stimulates cognitive function overcomes these deficits. These results uncover critical period dysregulation as a novel mechanism in the pathogenesis of neurofibromatosis type 1. This suggests that targeting the affected signaling pathways in neurofibromatosis type 1 for the treatment of cognitive disabilities may have to start at a much younger age than has so far been tested in clinical trials.	van Lier M, Saiepour MH, Kole K, Cheyne JE, Zabouri N, Blok T, Qin Y, Ruimschotel E, Heimel JA, Lohmann C, Levelt CN. Disruption of Critical Period Plasticity in a Mouse Model of Neurofibromatosis Type 1 <i>The Journal of Neuroscience : The Official Journal of the Society for Neuroscience.</i> 2020-06-13. DOI:https://www.doi.org/10.1523/JNEUROSCI.2235-19.2020 PMID:32527982
d78b1319-34a4-4261-8d32-bf71e4833b89	https://www.doi.org/10.1074/jbc.RA119.010981	PMID:32471868	PMC7380178	No	Journal of Biological Chemistry	2020-05-31	Genetic disruption of the small GTPase RAC1 prevents plexiform neurofibroma formation in mice with neurofibromatosis type 1	PMC (access type unspecified)	No	No (abstract only)	pmc_fulltext_xml/PMC7380178.xml	Published under exclusive license by The American Society for Biochemistry and Molecular Biology, Inc.	"[""Mund JA"", ""Park S"", ""Smith AE"", ""He Y"", ""Jiang L"", ""Hawley E"", ""Roberson MJ"", ""Mitchell DK"", ""Abu-Sultanah M"", ""Yuan J"", ""Bessler WK"", ""Sandusky G"", ""Chen S"", ""Zhang C"", ""Rhodes SD"", ""Clapp DW.""]"	Neurofibromatosis type 1 (NF1) is a common cancer predisposition syndrome caused by mutations in the NF1 tumor suppressor gene. NF1 encodes neurofibromin, a GTPase-activating protein for RAS proto-oncogene GTPase (RAS). Plexiform neurofibromas are a hallmark of NF1 and result from loss of heterozygosity of NF1 in Schwann cells, leading to constitutively activated p21RAS. Given the inability to target p21RAS directly, here we performed an shRNA library screen of all human kinases and Rho-GTPases in a patient-derived NF1-/- Schwann cell line to identify novel therapeutic targets to disrupt PN formation and progression. Rho family members, including Rac family small GTPase 1 (RAC1), were identified as candidates. Corroborating these findings, we observed that shRNA-mediated knockdown of RAC1 reduces cell proliferation and phosphorylation of extracellular signal-regulated kinase (ERK) in NF1-/- Schwann cells. Genetically engineered Nf1flox/flox;PostnCre+ mice, which develop multiple PNs, also exhibited increased RAC1-GTP and phospho-ERK levels compared with Nf1flox/flox;PostnCre- littermates. Notably, mice in which both Nf1 and Rac1 loci were disrupted (Nf1flox/floxRac1flox/flox;PostnCre+) were completely free of tumors and had normal phospho-ERK activity compared with Nf1flox/flox ;PostnCre+ mice. We conclude that the RAC1-GTPase is a key downstream node of RAS and that genetic disruption of the Rac1 allele completely prevents PN tumor formation in vivo in mice.	Mund JA, Park S, Smith AE, He Y, Jiang L, Hawley E, Roberson MJ, Mitchell DK, Abu-Sultanah M, Yuan J, Bessler WK, Sandusky G, Chen S, Zhang C, Rhodes SD, Clapp DW. Genetic disruption of the small GTPase RAC1 prevents plexiform neurofibroma formation in mice with neurofibromatosis type 1 <i>Journal of Biological Chemistry.</i> 2020-05-31. DOI:https://www.doi.org/10.1074/jbc.RA119.010981 PMID:32471868
7f9424ce-1240-412d-b6e0-c24ef9729ec2	https://www.doi.org/10.1002/pbc.28372	PMID:32459399	PMC7516834	Yes	Pediatr Blood Cancer	2020-05-28	Early administration of imatinib mesylate reduces plexiform neurofibroma tumor burden with durable results after drug discontinuation in a mouse model of neurofibromatosis type 1	Fair use (license unspecified)	No	Yes	pmc_fulltext_xml/PMC7516834.xml	This file is available for text mining. It may also be used consistent with the principles of fair use under the copyright law.	"[""Armstrong AE"", ""Rhodes SD"", ""Smith A"", ""Chen S"", ""Bessler W"", ""Ferguson MJ"", ""Jiang L"", ""Li X"", ""Yuan J"", ""Yang X"", ""Yang FC"", ""Robertson KA"", ""Ingram DA"", ""Blakeley JO"", ""Clapp DW.""]"	BACKGROUND. Neurofibromatosis type 1 (NF1) is a common genetic disorder characterized by plexiform neurofibromas (pNF), which are thought to be congenital tumors that arise in utero and enlarge throughout life. Genetic studies in murine models delineated an indispensable role for the stem cell factor (SCF)/c-kit pathway in pNF initiation and progression. A subsequent phase 2 clinical trial using imatinib mesylate to inhibit SCF/c-kit demonstrated tumor shrinkage in a subset of preexisting pNF; however, imatinib's role on preventing pNF development has yet to be explored. PROCEDURE. We evaluated the effect of imatinib dosed at 10-100 mg/kg/day for 12 weeks to one-month-old Nf1flox/flox ;PostnCre(+) mice, prior to onset of pNF formation. To determine durability of response, we then monitored for pNF growth at later time points, comparing imatinib- with vehicle-treated mice. We assessed gross and histopathological analysis of tumor burden. RESULTS. Imatinib administered preventatively led to a significant decrease in pNF number, even at doses as low as 10 mg/kg/day. Tumor development continued to be significantly inhibited after cessation of imatinib dosed at 50 and 100 mg/kg/day. In the cohort of treated mice that underwent prolonged follow-up, the size of residual tumors was significantly reduced as compared with age-matched littermates that received vehicle control. CONCLUSIONS. Early administration of imatinib inhibits pNF genesis in vivo, and effects are sustained after discontinuation of therapy. These findings may guide clinical use of imatinib in young NF1 patients prior to the substantial development of pNF.	Armstrong AE, Rhodes SD, Smith A, Chen S, Bessler W, Ferguson MJ, Jiang L, Li X, Yuan J, Yang X, Yang FC, Robertson KA, Ingram DA, Blakeley JO, Clapp DW. Early administration of imatinib mesylate reduces plexiform neurofibroma tumor burden with durable results after drug discontinuation in a mouse model of neurofibromatosis type 1 <i>Pediatr Blood Cancer.</i> 2020-05-28. DOI:https://www.doi.org/10.1002/pbc.28372 PMID:32459399
0f142ebb-5c32-491a-9176-66402a549f1e	https://www.doi.org/10.15252/embr.201947734	PMID:31448519	PMC6776898	No	EMBO Reports	2020-05-11	Targeting of early endosomes by autophagy facilitates EGFR recycling and signalling	CC-BY-4.0	Yes	Yes	pmc_fulltext_xml/PMC6776898.xml	This is an open access article under the terms of the http://creativecommons.org/licenses/by/4.0/ License, which permits use, distribution and reproduction in any medium, provided the original work is properly cited.	"[""Jane Fraser"", ""Joanne Simpson"", ""Rosa Fontana"", ""Chieko Kishi-Itakura"", ""Nicholas T Ktistakis"", ""Noor Gammoh""]"	Despite recently uncovered connections between autophagy and the endocytic pathway, the role of autophagy in regulating endosomal function remains incompletely understood. Here, we find that the ablation of autophagy-essential players disrupts EGF-induced endocytic trafficking of EGFR. Cells lacking ATG7 or ATG16L1 exhibit increased levels of phosphatidylinositol-3-phosphate (PI(3)P), a key determinant of early endosome maturation. Increased PI(3)P levels are associated with an accumulation of EEA1-positive endosomes where EGFR trafficking is stalled. Aberrant early endosomes are recognised by the autophagy machinery in a TBK1- and Gal8-dependent manner and are delivered to LAMP2-positive lysosomes. Preventing this homeostatic regulation of early endosomes by autophagy reduces EGFR recycling to the plasma membrane and compromises downstream signalling and cell survival. Our findings uncover a novel role for the autophagy machinery in maintaining early endosome function and growth factor sensing.	Jane Fraser, Joanne Simpson, Rosa Fontana, Chieko Kishi-Itakura, Nicholas T Ktistakis, Noor Gammoh. Targeting of early endosomes by autophagy facilitates EGFR recycling and signalling. <i>EMBO Reports.</i> 2020-05-11. DOI:https://www.doi.org/10.15252/embr.201947734 PMID:31448519
0080290f-62b7-438f-a7fe-67a03208054c		PMID:32266095	PMC7136923	No	American Journal of Cancer Research	2020-04-09	Polo-like kinase 1 as a therapeutic target for malignant peripheral nerve sheath tumors (MPNST) and schwannomas	PMC (access type unspecified)	No	No (abstract only)	pmc_fulltext_xml/PMC7136923.xml		"[""Guo J"", ""Chaney KE"", ""Choi K"", ""Witek G"", ""Patel AV"", ""Xie H"", ""Lin D"", ""Whig K"", ""Xiong Y"", ""Schultz DC"", ""Ratner N"", ""Field J.""]"	Neurofibromatosis type 1 (NF1) and Neurofibromatosis type 2 (NF2) are two dominantly inherited disorders that cause tumors in Schwann cells. NF1 patients have a high risk for malignant peripheral nerve sheath tumors (MPNST), which are often inoperable and do not respond well to current chemotherapies or radiation. NF2 patients have a high risk for schwannomas. To identify potential therapeutic targets in these two tumors, we screened the NF1 MPNST cell line, ST88-14, and the NF2 schwannoma cell line, HEI-193, against ~2000 drugs of known mechanisms of action (including ~600 cancer relevant drugs), and also screened the cell lines against an siRNA library targeting most protein kinases. Both the drug screen and the siRNA screen identified Polo-like kinase 1 (PLK1) among the most potent hits in both cell lines. Since PLK1 acts on the cell cycle primarily at the G2/M transition, the same stage where aurora kinase (AURKA) acts, we explored PLK1 and its relationship to aurora kinase in MPNST. Quantitative profiling of PLK1 inhibitors against a panel of 10 neurofibromatosis cell lines found that they were potent inhibitors and, unlike AURKA inhibitors, were not more selective for NF1 over NF2 tumor cells. Furthermore, one PLK1 inhibitor, BI6727 stabilized tumor volume in MPNST xenografts. We conclude that PLK1 is a therapeutic target for MPNSTs and schwannomas, but inhibitors may have a narrow therapeutic index that limits their use as a single agent.	Guo J, Chaney KE, Choi K, Witek G, Patel AV, Xie H, Lin D, Whig K, Xiong Y, Schultz DC, Ratner N, Field J. Polo-like kinase 1 as a therapeutic target for malignant peripheral nerve sheath tumors (MPNST) and schwannomas <i>American Journal of Cancer Research.</i> 2020-04-09. PMID:32266095
6ce9ed98-7639-4f4c-892c-002c73dbf5c4	https://www.doi.org/10.1016/j.stemcr.2020.03.007	PMID:32243842	PMC7160375	No	Stem Cell Reports	2020-04-04	Human iPSC-derived neurons and cerebral organoids establish differential effects of germline NF1 gene mutations	CC-BY-NC-ND	Yes	Yes	pmc_fulltext_xml/PMC7160375.xml	http://creativecommons.org/licenses/by-nc-nd/4.0/	"[""Anastasaki C"", ""Wegscheid ML"", ""Hartigan K"", ""Papke JB"", ""Kopp ND"", ""Chen J"", ""Cobb O"", ""Dougherty JD"", ""Gutmann DH.""]"	Neurofibromatosis type 1 (NF1) is a common neurodevelopmental disorder caused by a spectrum of distinct germline NF1 gene mutations, traditionally viewed as equivalent loss-of-function alleles. To specifically address the issue of mutational equivalency in a disease with considerable clinical heterogeneity, we engineered seven isogenic human induced pluripotent stem cell lines, each with a different NF1 patient NF1 mutation, to identify potential differential effects of NF1 mutations on human central nervous system cells and tissues. Although all mutations increased proliferation and RAS activity in 2D neural progenitor cells (NPCs) and astrocytes, we observed striking differences between NF1 mutations on 2D NPC dopamine levels, and 3D NPC proliferation, apoptosis, and neuronal differentiation in developing cerebral organoids. Together, these findings demonstrate differential effects of NF1 gene mutations at the cellular and tissue levels, suggesting that the germline NF1 gene mutation is one factor that underlies clinical variability.	Anastasaki C, Wegscheid ML, Hartigan K, Papke JB, Kopp ND, Chen J, Cobb O, Dougherty JD, Gutmann DH. Human iPSC-Derived Neurons and Cerebral Organoids Establish Differential Effects of Germline NF1 Gene Mutations <i>Stem Cell Reports.</i> 2020-04-04. DOI:https://www.doi.org/10.1016/j.stemcr.2020.03.007 PMID:32243842
837795ca-bf09-442a-9741-563f6d4ddf49	https://www.doi.org/10.1016/j.ccell.2019.05.013	PMID:31287991	PMC6617392	No	Cancer Cell	2020-03-30	Genomic and transcriptomic determinants of therapy resistance and immune landscape evolution during anti-EGFR treatment in colorectal cancer	CC-BY-4.0	Yes	Yes	pmc_fulltext_xml/PMC6617392.xml	http://creativecommons.org/licenses/by/4.0/	"[""Andrew Woolston"", ""Khurum Khan"", ""Georgia Spain"", ""Louise J Barber"", ""Beatrice Griffiths"", ""Reyes Gonzalez-Exposito"", ""Lisa Hornsteiner"", ""Marco Punta"", ""Yatish Patil"", ""Alice Newey"", ""Sonia Mansukhani"", ""Matthew N Davies"", ""Andrew Furness"", ""Francesco Sclafani"", ""Clare Peckitt"", ""Mirta Jiménez"", ""Kyriakos Kouvelakis"", ""Romana Ranftl"", ""Ruwaida Begum"", ""Isma Rana"", ""Janet Thomas"", ""Annette Bryant"", ""Sergio Quezada"", ""Andrew Wotherspoon"", ""Nasir Khan"", ""Nikolaos Fotiadis"", ""Teresa Marafioti"", ""Thomas Powles"", ""Stefano Lise"", ""Fernando Calvo"", ""Sebastian Guettler"", ""Katharina von Loga"", ""Sheela Rao"", ""David Watkins"", ""Naureen Starling"", ""Ian Chau"", ""Anguraj Sadanandam"", ""David Cunningham"", ""Marco Gerlinger""]"	Despite biomarker stratification, the anti-EGFR antibody cetuximab is only effective against a subgroup of colorectal cancers (CRCs). This genomic and transcriptomic analysis of the cetuximab resistance landscape in 35 RAS wild-type CRCs identified associations of NF1 and non-canonical RAS/RAF aberrations with primary resistance and validated transcriptomic CRC subtypes as non-genetic predictors of benefit. Sixty-four percent of biopsies with acquired resistance harbored no genetic resistance drivers. Most of these had switched from a cetuximab-sensitive transcriptomic subtype at baseline to a fibroblast- and growth factor-rich subtype at progression. Fibroblast-supernatant conferred cetuximab resistance in vitro, confirming a major role for non-genetic resistance through stromal remodeling. Cetuximab treatment increased cytotoxic immune infiltrates and PD-L1 and LAG3 immune checkpoint expression, potentially providing opportunities to treat cetuximab-resistant CRCs with immunotherapy.	Andrew Woolston, Khurum Khan, Georgia Spain, Louise J Barber, Beatrice Griffiths, Reyes Gonzalez-Exposito, Lisa Hornsteiner, Marco Punta, Yatish Patil, Alice Newey, Sonia Mansukhani, Matthew N Davies, Andrew Furness, Francesco Sclafani, Clare Peckitt, Mirta Jiménez, Kyriakos Kouvelakis, Romana Ranftl, Ruwaida Begum, Isma Rana, Janet Thomas, Annette Bryant, Sergio Quezada, Andrew Wotherspoon, Nasir Khan, Nikolaos Fotiadis, Teresa Marafioti, Thomas Powles, Stefano Lise, Fernando Calvo, Sebastian Guettler, Katharina von Loga, Sheela Rao, David Watkins, Naureen Starling, Ian Chau, Anguraj Sadanandam, David Cunningham, Marco Gerlinger. Genomic and Transcriptomic Determinants of Therapy Resistance and Immune Landscape Evolution during Anti-EGFR Treatment in Colorectal Cancer. <i>Cancer Cell.</i> 2020-03-30. DOI:https://www.doi.org/10.1016/j.ccell.2019.05.013 PMID:31287991
dc1b7e9c-1f58-4e22-8b80-926b44fa7596	https://www.doi.org/10.1007/s12253-020-00805-3	PMID:32172478	PMC25651787	No	Pathology & Oncology Research	2020-03-16	Comparison of different colorectal cancer with liver metastases models using six colorectal cancer cell lines	Metadata not retrieved	Unknown	Unknown			"[""Xu Y"", ""Zhang L"", ""Wang Q"", ""Zheng M.""]"	At present, modeling methods of colorectal cancer with liver metastases have significant limitations. Here, we established orthotopic and ectopic hepatic metastases models using six colorectal cancer cell lines to choose an ideal animal model for studying colorectal cancer growth and liver metastases. Luciferin-expressing six colorectal cancer cell lines were used to induce animal models of colorectal cancer with liver metastases by intra-splenic injection or implantation of tumor tissue in the caecum. Tumors growth and metastatic events were observed by bioluminescence imaging. In orthotopic transplantation group, six cell lines all had taken rates of 100% for orthotopic tumors but showed variations in rates of growth. HCT-116 cell developed the 50% liver metastases. However, the ectopic transplantation group achieved higher liver metastatic rate, with the highest frequencies for HCT116 cell (90%) and SW620 cell (77.8%). Furthermore, the time to develop liver metastases and survival rates of bearing-tumor mice were shorter than orthotopic transplantation group. Additionally, six colorectal cancer cell lines resulted in more lymph node metastases in orthotopic transplantation group, whereas produced widespread peritoneal seeding in ectopic transplantation group. Bioluminescence imaging and pathological findings confirmed the growth and metastatic characteristics of tumors. Two animal models of colorectal cancer using six cell lines showed highly variations in rates of growth, survival rates of bearing-tumor mice and frequencies of metastases. The study provides useful information for the establishment of clinically relevant colorectal cancer with liver metastases animal models.	Xu Y, Zhang L, Wang Q, Zheng M. Comparison of Different Colorectal Cancer With Liver Metastases Models Using Six Colorectal Cancer Cell Lines <i>Pathology & Oncology Research.</i> 2020-03-16. DOI:https://www.doi.org/10.1007/s12253-020-00805-3 PMID:32172478
a4a80e67-d4f3-4173-8bd9-82db0d9e09fa	https://www.doi.org/10.3390/ijms21041548	PMID:32102484	PMC7073166	No	International Journal of Molecular Sciences	2020-02-28	Combined targeting of AKT and mTOR inhibits proliferation of human NF1-associated malignant peripheral nerve sheath tumour cells in vitro but not in a xenograft mouse model in vivo	CC-BY-4.0	Yes	Yes	pmc_fulltext_xml/PMC7073166.xml	Licensee MDPI, Basel, Switzerland. This article is an open access article distributed under the terms and conditions of the Creative Commons Attribution (CC BY) license (http://creativecommons.org/licenses/by/4.0/).	"[""Schulte A"", ""Ewald F"", ""Spyra M"", ""Smit DJ"", ""Jiang W"", ""Salamon J"", ""Jücker M"", ""Mautner VF.""]"	Persistent signalling via the PI3K/AKT/mTOR pathway is a major driver of malignancy in NF1-associated malignant peripheral nerve sheath tumours (MPNST). Nevertheless, single targeting of this pathway is not sufficient to inhibit MPNST growth. In this report, we demonstrate that combined treatment with the allosteric pan-AKT inhibitor MK-2206 and the mTORC1/mTORC2 inhibitor AZD8055 has synergistic effects on the viability of MPNST cell lines in comparison to the treatment with each compound alone. However, when treating animals bearing experimental MPNST with the combined AKT/mTOR regime, no influence on tumour growth was observed. Further analysis of the MPNST xenograft tumours resistant to AKT/mTOR treatment revealed a reactivation of both AKT and mTOR in several tumour samples. Additional targeting of the RAS/RAF/MEK/MAPK pathway with the allosteric MEK1/2 inhibitor AZD6244 showed synergistic effects on the viability of MPNST cell lines in vitro in comparison to the dual AKT/mTOR inhibition. In summary, these data indicate that combined treatment with AKT and mTOR inhibitors is effective on MPNST cells in vitro but tumour resistance can occur rapidly in vivo by restoration of AKT/mTOR signalling. Our data further suggest that a triple treatment with inhibitors against AKT, mTORC1/2 and MEK1/2 may be a promising treatment option that should be further analysed in an experimental MPNST mouse model in vivo.	Schulte A, Ewald F, Spyra M, Smit DJ, Jiang W, Salamon J, Jücker M, Mautner VF. Combined Targeting of AKT and mTOR Inhibits Proliferation of Human NF1-Associated Malignant Peripheral Nerve Sheath Tumour Cells In Vitro but not in a Xenograft Mouse Model In Vivo <i>International Journal of Molecular Sciences.</i> 2020-02-28. DOI:https://www.doi.org/10.3390/ijms21041548 PMID:32102484
0e9ad04a-e519-428b-8c2f-b683e07cf516	https://www.doi.org/10.1038/s41598-020-59789-4	PMID:32076030	PMC7031337	No	Scientific Reports	2020-02-21	Deregulated microRNAs in neurofibromatosis type 1 derived malignant peripheral nerve sheath tumors	CC-BY-4.0	Yes	Yes	pmc_fulltext_xml/PMC7031337.xml	Open Access This article is licensed under a Creative Commons Attribution 4.0 International License, which permits use, sharing, adaptation, distribution and reproduction in any medium or format, as long as you give appropriate credit to the original author(s) and the source, provide a link to the Creative Commons license, and indicate if changes were made. The images or other third party material in this article are included in the article’s Creative Commons license, unless indicated otherwise in a credit line to the material. If material is not included in the article’s Creative Commons license and your intended use is not permitted by statutory regulation or exceeds the permitted use, you will need to obtain permission directly from the copyright holder. To view a copy of this license, visit http://creativecommons.org/licenses/by/4.0/.	"[""Amirnasr A"", ""Verdijk RM"", ""van Kuijk PF"", ""Kartal P"", ""Vriends ALM"", ""French PJ"", ""van Royen ME"", ""Taal W"", ""Sleijfer S"", ""Wiemer EAC.""]"	Malignant peripheral nerve sheath tumors (MPNST) are aggressive cancers that occur spontaneously (sporadic MPNST) or from benign plexiform neurofibromas in neurofibromatosis type 1 (NF1) patients. MPNSTs metastasize easily, are therapy resistant and are frequently fatal. The molecular changes underlying the malignant transformation in the NF1 setting are incompletely understood. Here we investigate the involvement of microRNAs in this process. MicroRNA expression profiles were determined from a series of archival, paired samples of plexiform neurofibroma and MPNST. Ninety differentially expressed microRNAs were identified between the paired samples. Three downregulated microRNAs (let-7b-5p, miR-143-3p, miR-145-5p) and two upregulated microRNAs (miR135b-5p and miR-889-3p) in MPNST were selected for functional characterization. In general, their differential expression was validated in a relevant cell line panel but only partly in a series of unpaired, fresh frozen tumor samples. As part of the validation process we also analyzed microRNA expression profiles of sporadic MPNSTs observing that microRNA expression discriminates NF1-associated and sporadic MPNSTs. The role of microRNAs in cancer progression was examined in NF1-derived MPNST cell lines by transiently modulating microRNA levels. Our findings indicate that some microRNAs affect migratory and invasive capabilities and Wnt signaling activity but the effects are distinct in different cell lines. We conclude that miRNAs play essential regulatory roles in MPNST facilitating tumor progression.	Amirnasr A, Verdijk RM, van Kuijk PF, Kartal P, Vriends ALM, French PJ, van Royen ME, Taal W, Sleijfer S, Wiemer EAC. Deregulated microRNAs in neurofibromatosis type 1 derived malignant peripheral nerve sheath tumors <i>Scientific Reports.</i> 2020-02-21. DOI:https://www.doi.org/10.1038/s41598-020-59789-4 PMID:32076030
e12631d6-9908-44a8-b4cf-b3db5ef74a05	https://www.doi.org/10.1371/journal.pone.0228222	PMID:32074109	PMC7029865	Yes	PLoS One	2020-02-20	Validating indicators of CNS disorders in a swine model of neurological disease	CC-BY-4.0	Yes	Yes	pmc_fulltext_xml/PMC7029865.xml	http://creativecommons.org/licenses/by/4.0/	"[""Swier VJ"", ""White KA"", ""Meyerholz DK"", ""Chefdeville A"", ""Khanna R"", ""Sieren JC"", ""Quelle DE"", ""Weimer JM.""]"	Genetically modified swine disease models are becoming increasingly important for studying molecular, physiological and pathological characteristics of human disorders. Given the limited history of these model systems, there remains a great need for proven molecular reagents in swine tissue. Here, to provide a resource for neurological models of disease, we validated antibodies by immunohistochemistry for use in examining central nervous system (CNS) markers in a recently developed miniswine model of neurofibromatosis type 1 (NF1). NF1 is an autosomal dominant tumor predisposition disorder stemming from mutations in NF1, a gene that encodes the Ras-GTPase activating protein neurofibromin. Patients classically present with benign neurofibromas throughout their bodies and can also present with neurological associated symptoms such as chronic pain, cognitive impairment, and behavioral abnormalities. As validated antibodies for immunohistochemistry applications are particularly difficult to find for swine models of neurological disease, we present immunostaining validation of antibodies implicated in glial inflammation (CD68), oligodendrocyte development (NG2, O4 and Olig2), and neuron differentiation and neurotransmission (doublecortin, GAD67, and tyrosine hydroxylase) by examining cellular localization and brain region specificity. Additionally, we confirm the utility of anti-GFAP, anti-Iba1, and anti-MBP antibodies, previously validated in swine, by testing their immunoreactivity across multiple brain regions in mutant NF1 samples. These immunostaining protocols for CNS markers provide a useful resource to the scientific community, furthering the utility of genetically modified miniswine for translational and clinical applications.	Swier VJ, White KA, Meyerholz DK, Chefdeville A, Khanna R, Sieren JC, Quelle DE, Weimer JM. Validating indicators of CNS disorders in a swine model of neurological disease <i>PLoS One.</i> 2020-02-20. DOI:https://www.doi.org/10.1371/journal.pone.0228222 PMID:32074109
e2b35162-014d-47b1-b76c-09a3a0d82df1	https://www.doi.org/10.3390/genes10090650	PMID:31466283	PMC6770187	No	Genes	2020-02-10	Affinity purification of NF1 protein-protein interactors identifies keratins and neurofibromin itself as binding partners	CC-BY-4.0	Yes	Yes	pmc_fulltext_xml/PMC6770187.xml	Licensee MDPI, Basel, Switzerland. This article is an open access article distributed under the terms and conditions of the Creative Commons Attribution (CC BY) license (http://creativecommons.org/licenses/by/4.0/).	"[""Rachel M Carnes"", ""Robert A Kesterson"", ""Bruce R Korf"", ""James A Mobley"", ""Deeann Wallis""]"	Neurofibromatosis Type 1 (NF1) is caused by pathogenic variants in the <i>NF1</i> gene encoding neurofibromin. Definition of NF1 protein-protein interactions (PPIs) has been difficult and lacks replication, making it challenging to define binding partners that modulate its function. We created a novel tandem affinity purification (TAP) tag cloned in frame to the 3' end of the full-length murine <i>Nf1</i> cDNA (<i>mNf1</i>). We show that this cDNA is functional and expresses neurofibromin, His-Tag, and can correct p-ERK/ERK ratios in <i>NF1</i> null HEK293 cells. We used this affinity tag to purify binding partners with Strep-Tactin<sup>®</sup>XT beads and subsequently, identified them via mass spectrometry (MS). We found the tagged mNf1 can affinity purify human neurofibromin and vice versa, indicating that neurofibromin oligomerizes. We identify 21 additional proteins with high confidence of interaction with neurofibromin. After Metacore network analysis of these 21 proteins, eight appear within the same network, primarily keratins regulated by estrogen receptors. Previously, we have shown that neurofibromin levels negatively regulate keratin expression. Here, we show through pharmacological inhibition that this is independent of Ras signaling, as the inhibitors, selumetinib and rapamycin, do not alter keratin expression. Further characterization of neurofibromin oligomerization and binding partners could aid in discovering new neurofibromin functions outside of Ras regulation, leading to novel drug targets.	Rachel M Carnes, Robert A Kesterson, Bruce R Korf, James A Mobley, Deeann Wallis. Affinity Purification of NF1 Protein-Protein Interactors Identifies Keratins and Neurofibromin Itself as Binding Partners. <i>Genes.</i> 2020-02-10. DOI:https://www.doi.org/10.3390/genes10090650 PMID:31466283
27721e9d-d896-4a43-9d7e-bbd6f7a0d196	https://www.doi.org/10.1186/s11689-019-9304-y	PMID:31941438	PMC6961243	No	Journal of Neurodevelopmental Disorders	2020-01-17	Guanfacine treatment improves ADHD phenotypes of impulsivity and hyperactivity in a neurofibromatosis type 1 mouse model	CC-BY-4.0	Yes	Yes	pmc_fulltext_xml/PMC6961243.xml	Open AccessThis article is distributed under the terms of the Creative Commons Attribution 4.0 International License (http://creativecommons.org/licenses/by/4.0/), which permits unrestricted use, distribution, and reproduction in any medium, provided you give appropriate credit to the original author(s) and the source, provide a link to the Creative Commons license, and indicate if changes were made. The Creative Commons Public Domain Dedication waiver (http://creativecommons.org/publicdomain/zero/1.0/) applies to the data made available in this article, unless otherwise stated.	"[""Lukkes JL"", ""Drozd HP"", ""Fitz SD"", ""Molosh AI"", ""Clapp DW"", ""Shekhar A.""]"	BACKGROUND. Neurofibromatosis type 1 (NF1) is an autosomal dominant disorder with a mutation in one copy of the neurofibromin gene (NF1+/-). Even though approximately 40-60% of children with NF1 meet the criteria for attention deficit hyperactivity disorder (ADHD), very few preclinical studies, if any, have investigated alterations in impulsivity and risk-taking behavior. Mice with deletion of a single NF1 gene (Nf1+/-) recapitulate many of the phenotypes of NF1 patients. METHODS. We compared wild-type (WT) and Nf1+/- mouse strains to investigate differences in impulsivity and hyperactivity using the delay discounting task (DDT), cliff avoidance reaction (CAR) test, and open field. We also investigated whether treatment with the clinically effective alpha-2A adrenergic receptor agonist, guanfacine (0.3 mg/kg, i.p.), would reverse deficits observed in behavioral inhibition. RESULTS. Nf1+/- mice chose a higher percentage of smaller rewards when both 10- and 20-s delays were administered compared to WT mice, suggesting Nf1+/- mice are more impulsive. When treated with guanfacine (0.3 mg/kg, i.p.), Nf1+/- mice exhibited decreased impulsive choice by waiting for the larger, delayed reward. Nf1+/- mice also exhibited deficits in behavioral inhibition compared to WT mice in the CAR test by repetitively entering the outer edge of the platform where they risk falling. Treatment with guanfacine ameliorated these deficits. In addition, Nf1+/- mice exhibited hyperactivity as increased distance was traveled compared to WT controls in the open field. This hyperactivity in Nf1+/- mice was reduced with guanfacine pre-treatment. CONCLUSIONS. Overall, our study confirms that Nf1+/- mice exhibit deficits in behavioral inhibition in multiple contexts, a key feature of ADHD, and can be used as a model system to identify alterations in neural circuitry associated with symptoms of ADHD in children with NF1.	Lukkes JL, Drozd HP, Fitz SD, Molosh AI, Clapp DW, Shekhar A. Guanfacine treatment improves ADHD phenotypes of impulsivity and hyperactivity in a neurofibromatosis type 1 mouse model <i>Journal of Neurodevelopmental Disorders.</i> 2020-01-17. DOI:https://www.doi.org/10.1186/s11689-019-9304-y PMID:31941438
c9796a04-3d38-4c05-b8bc-9243ffc982b4	https://www.doi.org/10.1038/s41434-019-0080-9	PMID:31127187	PMC6588423	Yes	Gene Therapy	2020-01-03	Feasibility of using NF1-GRD and AAV for gene replacement therapy in NF1-associated tumors	Open Access (license unspecified)	Yes	Yes	pmc_fulltext_xml/PMC6588423.xml	Users may view, print, copy, and download text and data-mine the content in such documents, for the purposes of academic research, subject always to the full Conditions of use:http://www.nature.com/authors/editorial_policies/license.html#terms	"[""Ren-Yuan Bai"", ""Dominic Esposito"", ""Ada J Tam"", ""Frank McCormick"", ""Gregory J Riggins"", ""D Wade Clapp"", ""Verena Staedtke""]"	Neurofibromatosis type 1, including the highly aggressive malignant peripheral nerve sheath tumors (MPNSTs), is featured by the loss of functional neurofibromin 1 (NF1) protein resulting from genetic alterations. A major function of NF1 is suppressing Ras activities, which is conveyed by an intrinsic GTPase-activating protein-related domain (GRD). In this study, we explored the feasibility of restoring Ras GTPase via exogenous expression of various GRD constructs, via gene delivery using a panel of adeno-associated virus (AAV) vectors in MPNST and human Schwann cells (HSCs). We demonstrated that several AAV serotypes achieved favorable transduction efficacies in those cells and a membrane-targeting GRD fused with an H-Ras C-terminal motif (C10) dramatically inhibited the Ras pathway and MPNST cells in a NF1-specific manner. Our results opened up a venue of gene replacement therapy in NF1-related tumors.	Ren-Yuan Bai, Dominic Esposito, Ada J Tam, Frank McCormick, Gregory J Riggins, D Wade Clapp, Verena Staedtke. Feasibility of using NF1-GRD and AAV for gene replacement therapy in NF1-associated tumors. <i>Gene Therapy.</i> 2020-01-03. DOI:https://www.doi.org/10.1038/s41434-019-0080-9 PMID:31127187
de61ecd1-0247-4f22-ba7f-2827efd5b4d7	https://www.doi.org/10.18632/oncotarget.25181	PMID:29854299	PMC5978249	No	Oncotarget	2019-11-20	Neurofibromin level directs RAS pathway signaling and mediates sensitivity to targeted agents in malignant peripheral nerve sheath tumors	CC-BY	Yes	Yes	pmc_fulltext_xml/PMC5978249.xml	http://creativecommons.org/licenses/by/3.0/	"[""Elliot John Kahen"", ""Andrew Brohl"", ""Diana Yu"", ""Darcy Welch"", ""Christopher L Cubitt"", ""Jae K Lee"", ""Yunyun Chen"", ""Sean J Yoder"", ""Jamie K Teer"", ""Yonghong O Zhang"", ""Margaret R Wallace"", ""Damon R Reed""]"	Malignant peripheral nerve sheath tumor (MPNST) is a type of soft-tissue sarcoma strongly associated with dysfunction in neurofibromin; an inhibitor of the RAS pathway. We performed high-throughput screening of an array of FDA approved and promising agents in clinical development both alone and in combination at physiologically achievable concentrations against a panel of established MPNST cell line models. We found that drugs targeting a variety of factors in the RAS pathway can effectively lead to cell death <i>in vitro</i> with considerable drug combination synergy in regimens that target MEK or mTOR. We observed that the degree of relative sensitivity to chemotherapeutic agents was associated with the status of neurofibromin in these cell line models. Using a combination of agents that target MEK and mTORC1/2, we effectively silenced RAS/PI3K/MEK/mTOR signaling <i>in vitro</i>. Moreover, we employed RNAi against <i>NF1</i> to establish that MPNST drug sensitivity is directly proportional to relative level of intracellular neurofibromin. Thus, two-drug combinations that target MEK and mTORC1/2 are most effective in halting the RAS signaling cascade, and the relative success of this and related small molecule interventions in MPNSTs may be predicated upon the molecular status of neurofibromin.	Elliot John Kahen, Andrew Brohl, Diana Yu, Darcy Welch, Christopher L Cubitt, Jae K Lee, Yunyun Chen, Sean J Yoder, Jamie K Teer, Yonghong O Zhang, Margaret R Wallace, Damon R Reed. Neurofibromin level directs RAS pathway signaling and mediates sensitivity to targeted agents in malignant peripheral nerve sheath tumors. <i>Oncotarget.</i> 2019-11-20. DOI:https://www.doi.org/10.18632/oncotarget.25181 PMID:29854299
41fd59c9-b9df-44e5-a4b7-24e4c0c7d3c6	https://www.doi.org/10.18632/oncotarget.25805	PMID:30131853	PMC6101293	No	Oncotarget	2019-11-20	CAPN1 is a novel binding partner and regulator of the tumor suppressor NF1 in melanoma	CC-BY	Yes	Yes	pmc_fulltext_xml/PMC6101293.xml	http://creativecommons.org/licenses/by/3.0/	"[""Michal Alon"", ""Rand Arafeh"", ""Joo Sang Lee"", ""Sanna Madan"", ""Shelly Kalaora"", ""Adi Nagler"", ""Tereza Abgarian"", ""Polina Greenberg"", ""Eytan Ruppin"", ""Yardena Samuels""]"	Neurofibromin 1 (NF1), a tumor suppressor that negatively regulates RAS through its GTPase activity, is highly mutated in various types of sporadic human cancers, including melanoma. However, the binding partners of NF1 and the pathways in which it is involved in melanoma have not been characterized in an in depth manner. Utilizing a mass spectrometry analysis of NF1 binding partners, we revealed Calpain1 (CAPN1), a calcium-dependent neutral cysteine protease, as a novel NF1 binding partner that regulates NF1 degradation in melanoma cells. ShRNA-mediated knockdown of CAPN1 or treatment with a CAPN1 inhibitor stabilizes NF1 protein levels, downregulates AKT signaling and melanoma cell growth. Combination treatment of Calpain inhibitor I with MEKi Trametinib in different melanoma cells is more effective in reducing melanoma cell growth compared to treatment with Trametinib alone, suggesting that this combination may have a therapeutic potential in melanoma. This novel mechanism for regulating NF1 in melanoma provides a molecular basis for targeting CAPN1 in order to stabilize NF1 levels and, in doing so, suppressing Ras activation; this mechanism can be exploited therapeutically in melanoma and other cancers.	Michal Alon, Rand Arafeh, Joo Sang Lee, Sanna Madan, Shelly Kalaora, Adi Nagler, Tereza Abgarian, Polina Greenberg, Eytan Ruppin, Yardena Samuels. CAPN1 is a novel binding partner and regulator of the tumor suppressor NF1 in melanoma. <i>Oncotarget.</i> 2019-11-20. DOI:https://www.doi.org/10.18632/oncotarget.25805 PMID:30131853
8d7e36f3-918e-47a0-aa15-5b8e57639fdd	https://www.doi.org/10.1126/scisignal.aaw8288	PMID:31551296	PMC6864030	No	Science Signaling	2019-09-26	A systems mechanism for KRAS mutant allele-specific responses to targeted therapy	Fair use (license unspecified)	No	Yes	pmc_fulltext_xml/PMC6864030.xml	This file is available for text mining. It may also be used consistent with the principles of fair use under the copyright law.	"[""McFall T"", ""Diedrich JK"", ""Mengistu M"", ""Littlechild SL"", ""Paskvan KV"", ""Sisk-Hackworth L"", ""Moresco JJ"", ""Shaw AS"", ""Stites EC.""]"	Cancer treatment decisions are increasingly guided by which specific genes are mutated within each patient's tumor. For example, agents inhibiting the epidermal growth factor receptor (EGFR) benefit many colorectal cancer (CRC) patients, with the general exception of those whose tumor includes a KRAS mutation. However, among the various KRAS mutations, that which encodes the G13D mutant protein (KRASG13D) behaves differently; for unknown reasons, KRASG13D CRC patients benefit from the EGFR-blocking antibody cetuximab. Controversy surrounds this observation, because it contradicts the well-established mechanisms of EGFR signaling with regard to RAS mutations. Here, we identified a systems-level, mechanistic explanation for why KRASG13D cancers respond to EGFR inhibition. A computational model of RAS signaling revealed that the biophysical differences between the three most common KRAS mutants were sufficient to generate different sensitivities to EGFR inhibition. Integrated computation with experimentation then revealed a nonintuitive, mutant-specific dependency of wild-type RAS activation by EGFR that is determined by the interaction strength between KRAS and the tumor suppressor neurofibromin (NF1). KRAS mutants that strongly interacted with and competitively inhibited NF1 drove wild-type RAS activation in an EGFR-independent manner, whereas KRASG13D weakly interacted with and could not competitively inhibit NF1 and, thus, KRASG13D cells remained dependent on EGFR for wild-type RAS activity. Overall, our work demonstrates how systems approaches enable mechanism-based inference in genomic medicine and can help identify patients for selective therapeutic strategies.	McFall T, Diedrich JK, Mengistu M, Littlechild SL, Paskvan KV, Sisk-Hackworth L, Moresco JJ, Shaw AS, Stites EC. A systems mechanism for KRAS mutant allele-specific responses to targeted therapy <i>Science Signaling.</i> 2019-09-26. DOI:https://www.doi.org/10.1126/scisignal.aaw8288 PMID:31551296
fdf21cad-adb8-4549-bd14-a63060261f66	https://www.doi.org/10.7554/eLife.48983	PMID:31545171	PMC6819083	Yes	eLife	2019-09-24	Optical dopamine monitoring with dLight1 reveals mesolimbic phenotypes in a mouse model of neurofibromatosis type 1	CC-BY-4.0	Yes	Yes	pmc_fulltext_xml/PMC6819083.xml	http://creativecommons.org/licenses/by/4.0/	"[""Robinson JE"", ""Coughlin GM"", ""Hori AM"", ""Cho JR"", ""Mackey ED"", ""Turan Z"", ""Patriarchi T"", ""Tian L"", ""Gradinaru V.""]"	Neurofibromatosis type 1 (NF1) is an autosomal dominant disorder whose neurodevelopmental symptoms include impaired executive function, attention, and spatial learning and could be due to perturbed mesolimbic dopaminergic circuitry. However, these circuits have never been directly assayed in vivo. We employed the genetically encoded optical dopamine sensor dLight1 to monitor dopaminergic neurotransmission in the ventral striatum of NF1 mice during motivated behavior. Additionally, we developed novel systemic AAV vectors to facilitate morphological reconstruction of dopaminergic populations in cleared tissue. We found that NF1 mice exhibit reduced spontaneous dopaminergic neurotransmission that was associated with excitation/inhibition imbalance in the ventral tegmental area and abnormal neuronal morphology. NF1 mice also had more robust dopaminergic and behavioral responses to salient visual stimuli, which were independent of learning, and rescued by optogenetic inhibition of non-dopaminergic neurons in the VTA. Overall, these studies provide a first in vivo characterization of dopaminergic circuit function in the context of NF1 and reveal novel pathophysiological mechanisms.	Robinson JE, Coughlin GM, Hori AM, Cho JR, Mackey ED, Turan Z, Patriarchi T, Tian L, Gradinaru V. Optical dopamine monitoring with dLight1 reveals mesolimbic phenotypes in a mouse model of neurofibromatosis type 1 <i>Elife.</i> 2019-09-24. DOI:https://www.doi.org/10.7554/eLife.48983 PMID:31545171
97ff19b7-c56b-4003-9a52-f18a50096990	https://www.doi.org/10.3892/ol.2019.10627	PMID:31452783	PMC6676397	No	Oncology Letters	2019-08-28	Establishment and characterization of the gemcitabine-resistant human pancreatic cancer cell line SW1990/gemcitabine	CC-BY-NC-ND	Yes	Yes	pmc_fulltext_xml/PMC6676397.xml	This is an open access article distributed under the terms of the Creative Commons Attribution-NonCommercial-NoDerivs License, which permits use and distribution in any medium, provided the original work is properly cited, the use is non-commercial and no modifications or adaptations are made.	"[""Yu Y"", ""Ding F"", ""Gao M"", ""Jia YF"", ""Ren L.""]"	Due to its rapid progression, metastasis and resistance to chemotherapy, pancreatic cancer is one of the most malignant tumor types to affect the digestive system. Gemcitabine chemotherapy is typically the first choice of treatment for advanced pancreatic cancer; however, chemoresistance is a major obstacle to successful treatment. In order to elucidate the underlying mechanisms of gemcitabine resistance in pancreatic cancer, the drug-resistant cell line SW1990-gemcitabine (SW1990-GZ) was established using the human pancreatic cancer cell line SW1990. The IC50, resistance index and growth of SW1990 and SW1990-GZ cells were also assessed using 3-(4,5-dimethyl-2-thiazolyl)-2,5-diphenyl-2-H-tetrazolium bromide (MTT) assays. The cellular uptake of gemcitabine in SW1990 and SW1990-GZ was measured using high performance liquid chromatography (HPLC). The protein expression of p53 was also assessed by western blot analysis. The results demonstrated that the IC50 of SW1990 and SW1990-Gz was 0.07±0.0021 and 87.5±3.24 µg/ml, respectively, and that the resistance index ratio of SW1990-Gz was 1,250. The growth rate of SW1990-GZ cells was low compared with that of SW1990 cells. The HPLC results indicated that gemcitabine uptake was markedly reduced in SW1990-GZ cells compared with in SW1990 cells at different time points. The protein expression of p53 was significantly higher in GEM-resistant SW1990-GZ cells compared with that in SW1990 cells (P<0.01). These results suggest that a human gemcitabine-resistant pancreatic cancer cell line was successfully established, with stable and significant drug resistance. The results of the present study suggest that the decreased cellular uptake of gemcitabine may serve an important role in gemcitabine chemoresistance in SW1990-GZ cells; thus, this cell line may be used as an effective in vitro model to improve our understanding of gemcitabine-resistance in pancreatic cancer.	Yu Y, Ding F, Gao M, Jia YF, Ren L. Establishment and characterization of the gemcitabine-resistant human pancreatic cancer cell line SW1990/gemcitabine <i>Oncology Letters.</i> 2019-08-28. DOI:https://www.doi.org/10.3892/ol.2019.10627 PMID:31452783
96064af8-4c6c-4856-a842-067a33593612	https://www.doi.org/10.1038/s41467-019-11415-2	PMID:31395879	PMC6687785	No	Nature Communications	2019-08-10	Comprehensive transcriptomic analysis of cell lines as models of primary tumors across 22 tumor types	CC-BY-4.0	Yes	Yes	pmc_fulltext_xml/PMC6687785.xml	Open Access This article is licensed under a Creative Commons Attribution 4.0 International License, which permits use, sharing, adaptation, distribution and reproduction in any medium or format, as long as you give appropriate credit to the original author(s) and the source, provide a link to the Creative Commons license, and indicate if changes were made. The images or other third party material in this article are included in the article’s Creative Commons license, unless indicated otherwise in a credit line to the material. If material is not included in the article’s Creative Commons license and your intended use is not permitted by statutory regulation or exceeds the permitted use, you will need to obtain permission directly from the copyright holder. To view a copy of this license, visit http://creativecommons.org/licenses/by/4.0/.	"[""Yu K"", ""Chen B"", ""Aran D"", ""Charalel J"", ""Yau C"", ""Wolf DM"", ""van 't Veer LJ"", ""Butte AJ"", ""Goldstein T"", ""Sirota M.""]"	Cancer cell lines are a cornerstone of cancer research but previous studies have shown that not all cell lines are equal in their ability to model primary tumors. Here we present a comprehensive pan-cancer analysis utilizing transcriptomic profiles from The Cancer Genome Atlas and the Cancer Cell Line Encyclopedia to evaluate cell lines as models of primary tumors across 22 tumor types. We perform correlation analysis and gene set enrichment analysis to understand the differences between cell lines and primary tumors. Additionally, we classify cell lines into tumor subtypes in 9 tumor types. We present our pancreatic cancer results as a case study and find that the commonly used cell line MIA PaCa-2 is transcriptionally unrepresentative of primary pancreatic adenocarcinomas. Lastly, we propose a new cell line panel, the TCGA-110-CL, for pan-cancer studies. This study provides a resource to help researchers select more representative cell line models.	Yu K, Chen B, Aran D, Charalel J, Yau C, Wolf DM, van 't Veer LJ, Butte AJ, Goldstein T, Sirota M. Comprehensive transcriptomic analysis of cell lines as models of primary tumors across 22 tumor types <i>Nature Communications.</i> 2019-08-10. DOI:https://www.doi.org/10.1038/s41467-019-11415-2 PMID:31395879
a3f503b6-dc27-4f2a-9bc1-056086bc0b82	https://www.doi.org/10.1002/cam4.2386	PMID:31278855	PMC6718590	Yes	Cancer Medicine	2019-07-07	TYK2 promotes malignant peripheral nerve sheath tumor progression through inhibition of cell death	CC-BY-4.0	Yes	Yes	pmc_fulltext_xml/PMC6718590.xml	This is an open access article under the terms of the http://creativecommons.org/licenses/by/4.0/ License, which permits use, distribution and reproduction in any medium, provided the original work is properly cited.	"[""Qin W"", ""Godec A"", ""Zhang X"", ""Zhu C"", ""Shao J"", ""Tao Y"", ""Bu X"", ""Hirbe AC.""]"	Background: Malignant peripheral nerve sheath tumors (MPNSTs) are aggressive sarcomas that arise most commonly in the setting of the Neurofibromatosis Type 1 (NF1) cancer predisposition syndrome. Despite aggressive multimodality therapy, outcomes are dismal and most patients die within 5 years of diagnosis. Prior genomic studies in our laboratory identified tyrosine kinase 2 (TYK2) as a frequently mutated gene in MPNST. Herein, we explored the function of TYK2 in MPNST pathogenesis. Methods: Immunohistochemistry was utilized to examine expression of TYK2 in MPNSTs and other sarcomas. To establish a role for TYK2 in MPNST pathogenesis, murine and human TYK2 knockdown and knockout cells were established using shRNA and CRISPR/Cas9 systems, respectively. Results: We have demonstrated that TYK2 was highly expressed in the majority of human MPNSTs examined. Additionally, we demonstrated that knockdown of Tyk2/TYK2 in murine and human MPNST cells significantly increased cell death in vitro. These effects were accompanied by a decrease in the levels of activated Stats and Bcl-2 as well as an increase in the levels of Cleaved Caspase-3. In addition, Tyk2-KD cells demonstrated impaired growth in subcutaneous and metastasis models in vivo.	Qin W, Godec A, Zhang X, Zhu C, Shao J, Tao Y, Bu X, Hirbe AC. TYK2 promotes malignant peripheral nerve sheath tumor progression through inhibition of cell death <i>Cancer Medicine.</i> 2019-07-07. DOI:https://www.doi.org/10.1002/cam4.2386 PMID:31278855
73ce7cf7-618b-4887-9cb7-bd14610a3539	https://www.doi.org/10.1097/j.pain.0000000000001648	PMID:31246731	PMC6800626	Yes	Pain	2019-06-28	Assessment of nociception and related quality-of-life measures in a porcine model of neurofibromatosis type 1	Fair use (license unspecified)	No	Yes	pmc_fulltext_xml/PMC6800626.xml	This file is available for text mining. It may also be used consistent with the principles of fair use under the copyright law.	"[""Khanna R"", ""Moutal A"", ""White KA"", ""Chefdeville A"", ""Negrao de Assis P"", ""Cai S"", ""Swier VJ"", ""Bellampalli SS"", ""Giunta MD"", ""Darbro BW"", ""Quelle DE"", ""Sieren JC"", ""Wallace MR"", ""Rogers CS"", ""Meyerholz DK"", ""Weimer JM.""]"	Neurofibromatosis type 1 (NF1) is an autosomal dominant genetic disorder resulting from germline mutations in the NF1 gene, which encodes neurofibromin. Patients experience a variety of symptoms, but pain in the context of NF1 remains largely underrecognized. Here, we characterize nociceptive signaling and pain behaviors in a miniswine harboring a disruptive NF1 mutation (exon 42 deletion). We present the first characterization of pain-related behaviors in a pig model of NF1, identifying unchanged agitation scores, lower tactile thresholds (allodynia), and decreased response latencies to thermal laser stimulation (hyperalgesia) in NF1 (females only) pigs. Male NF1 pigs with tumors showed reduced sleep quality and increased resting, 2 health-related quality-of-life symptoms found to be comorbid in people with NF1 pain. We explore these phenotypes in relationship to suppression of the increased activity of the N-type voltage-gated calcium (CaV2.2) channel by pharmacological antagonism of phosphorylation of a regulatory protein-the collapsin response mediator protein 2 (CRMP2), a known interactor of neurofibromin, and by targeting the interface between the α subunit of CaV2.2 and the accessory β-subunits with small molecules. Our data support the use of NF1 pigs as a large animal model for studying NF1-associated pain and for understanding the pathophysiology of NF1. Our findings demonstrate the translational potential of 2 small molecules in reversing ion channel remodeling seen in NF1. Interfering with CaV2.2, a clinically validated target for pain management, might also be a promising therapeutic strategy for NF1-related pain management.	Khanna R, Moutal A, White KA, Chefdeville A, Negrao de Assis P, Cai S, Swier VJ, Bellampalli SS, Giunta MD, Darbro BW, Quelle DE, Sieren JC, Wallace MR, Rogers CS, Meyerholz DK, Weimer JM. Assessment of nociception and related quality-of-life measures in a porcine model of neurofibromatosis type 1 <i>Pain.</i> 2019-06-28. DOI:https://www.doi.org/10.1097/j.pain.0000000000001648 PMID:31246731
9dd899bd-bafe-4bd1-8cad-a21d72a87669	https://www.doi.org/10.1016/j.nbd.2019.104479	PMID:31128207	PMC6689441	No	Neurobiology of Disease	2019-05-26	Autism-associated deficiency disrupts corticocortical and corticostriatal functional connectivity in human and mouse	CC-BY-NC-ND	Yes	Yes	pmc_fulltext_xml/PMC6689441.xml	This is an open access article under the CC BY-NC-ND license (http://creativecommons.org/licenses/BY-NC-ND/4.0/).	"[""Shofty B"", ""Bergmann E"", ""Zur G"", ""Asleh J"", ""Bosak N"", ""Kavushansky A"", ""Castellanos FX"", ""Ben-Sira L"", ""Packer RJ"", ""Vezina GL"", ""Constantini S"", ""Acosta MT"", ""Kahn I.""]"	Children with the autosomal dominant single gene disorder, neurofibromatosis type 1 (NF1), display multiple structural and functional changes in the central nervous system, resulting in neuropsychological cognitive abnormalities. Here we assessed the pathological functional organization that may underlie the behavioral impairments in NF1 using resting-state functional connectivity MRI. Coherent spontaneous fluctuations in the fMRI signal across the entire brain were used to interrogate the pattern of functional organization of corticocortical and corticostriatal networks in both NF1 pediatric patients and mice with a heterozygous mutation in the Nf1 gene (Nf1+/-). Children with NF1 demonstrated abnormal organization of cortical association networks and altered posterior-anterior functional connectivity in the default network. Examining the contribution of the striatum revealed that corticostriatal functional connectivity was altered. NF1 children demonstrated reduced functional connectivity between striatum and the frontoparietal network and increased striatal functional connectivity with the limbic network. Awake passive mouse functional connectivity MRI in Nf1+/- mice similarly revealed reduced posterior-anterior connectivity along the cingulate cortex as well as disrupted corticostriatal connectivity. The striatum of Nf1+/- mice showed increased functional connectivity to somatomotor and frontal cortices and decreased functional connectivity to the auditory cortex. Collectively, these results demonstrate similar alterations across species, suggesting that NF1 pathogenesis is linked to striatal dysfunction and disrupted corticocortical connectivity in the default network.	Shofty B, Bergmann E, Zur G, Asleh J, Bosak N, Kavushansky A, Castellanos FX, Ben-Sira L, Packer RJ, Vezina GL, Constantini S, Acosta MT, Kahn I. Autism-associated Nf1 deficiency disrupts corticocortical and corticostriatal functional connectivity in human and mouse <i>Neurobiology of Disease.</i> 2019-05-26. DOI:https://www.doi.org/10.1016/j.nbd.2019.104479 PMID:31128207
cc365866-9abe-4626-81db-91dffe16fdc6	https://www.doi.org/10.1016/j.neuroscience.2018.04.002	PMID:29655575	PMC5963520	No	Neuroscience	2019-04-05	CRMP2-Neurofibromin Interface Drives NF1-related Pain	Fair use (license unspecified)	No	Yes	pmc_fulltext_xml/PMC5963520.xml	This file is available for text mining. It may also be used consistent with the principles of fair use under the copyright law.	"[""Aubin Moutal"", ""Li Sun"", ""Xiaofang Yang"", ""Wennan Li"", ""Song Cai"", ""Shizhen Luo"", ""Rajesh Khanna""]"	An understudied symptom of the genetic disorder Neurofibromatosis type 1 (NF1) is chronic idiopathic pain. We used targeted editing of Nf1 in rats to provide direct evidence of a causal relationship between neurofibromin, the protein product of the Nf1 gene, and pain responses. Our study data identified a protein-interaction network with collapsin response meditator protein 2 (CRMP2) as a node and neurofibromin, syntaxin 1A, and the N-type voltage-gated calcium (CaV2.2) channel as interaction edges. Neurofibromin uncouples CRMP2 from syntaxin 1A. Upon loss/mutation of neurofibromin, as seen in patients with NF1, the CRMP2/Neurofibromin interaction is uncoupled, which frees CRMP2 to interact with both syntaxin 1A and CaV2.2, culminating in increased release of the pro-nociceptive neurotransmitter calcitonin gene-related peptide (CGRP). Our work also identified the CRMP2-derived peptide CNRP1, which uncoupled CRMP2's interactions with neurofibromin, syntaxin 1A, as well as CaV2.2. Here, we tested if CRISPR/Cas9-mediated editing of the Nf1 gene, which leads to functional remodeling of peripheral nociceptors through effects on the tetrodotoxin-sensitive (TTX-S) Na<sup>+</sup> voltage-gated sodium channel (NaV1.7) and CaV2.2, could be affected using CNRP1, a peptide designed to target the CRMP2-neurofibromin interface. The data presented here shows that disrupting the CRMP2-neurofibromin interface is sufficient to reverse the dysregulations of voltage-gated ion channels and neurotransmitter release elicited by Nf1 gene editing. As a consequence of these effects, the CNRP1 peptide reversed hyperalgesia to thermal stimulation of the hindpaw observed in Nf1-edited rats. Our findings support future pharmacological targeting of the CRMP2/neurofibromin interface for NF1-related pain relief.	Aubin Moutal, Li Sun, Xiaofang Yang, Wennan Li, Song Cai, Shizhen Luo, Rajesh Khanna. CRMP2-Neurofibromin Interface Drives NF1-related Pain. <i>Neuroscience.</i> 2019-04-05. DOI:https://www.doi.org/10.1016/j.neuroscience.2018.04.002 PMID:29655575
6680f8b8-5b76-4466-a5b1-fa0ea6a9287d	https://www.doi.org/10.1158/1078-0432.CCR-18-3224	PMID:30936125	PMC6606396	Yes	Clinical Cancer Research	2019-04-03	Targeted inhibition of the dual specificity phosphatases DUSP1 and DUSP6 suppress MPNST growth via JNK	Fair use (license unspecified)	No	Yes	pmc_fulltext_xml/PMC6606396.xml	This file is available for text mining. It may also be used consistent with the principles of fair use under the copyright law.	"[""Ramkissoon A"", ""Chaney KE"", ""Milewski D"", ""Williams KB"", ""Williams RL"", ""Choi K"", ""Miller A"", ""Kalin TV"", ""Pressey JG"", ""Szabo S"", ""Azam M"", ""Largaespada DA"", ""Ratner N.""]"	PURPOSE. In neurofibromatosis type 1 (NF1) and in highly aggressive malignant peripheral nerve sheath tumors (MPNSTs), constitutively active RAS-GTP and increased MAPK signaling are important in tumorigenesis. Dual specificity phosphatases (DUSPs) are negative regulators of MAPK signaling that dephosphorylate p38, JNK, and ERK in different settings. Although often acting as tumor suppressors, DUSPs may also act as oncogenes, helping tumor cells adapt to high levels of MAPK signaling. We hypothesized that inhibiting DUSPs might be selectively toxic to cells from NF1-driven tumors. EXPERIMENTAL DESIGN. We examined DUSP gene and protein expression in neurofibroma and MPNSTs. We used small hairpin RNA (shRNA) to knock down DUSP1 and DUSP6 to evaluate cell growth, downstream MAPK signaling, and mechanisms of action. We evaluated the DUSP inhibitor, (E)-2-benzylidene-3-(cyclohexylamino)-2,3-dihydro-1H-inden-1-one (BCI), in MPNST cell lines and in cell-line and patient-derived MPNST xenografts. RESULTS. DUSP1 and DUSP6 are expressed in NF1-deleted tumors. Knockdown of DUSP1 and DUSP6, alone or in combination, reduced MPNST cell growth and led to ERK and JNK hyperactivation increasing downstream TP53 and p-ATM. The DUSP inhibitor, BCI, diminished the survival of NF1-deleted Schwann cells and MPNST cell lines through activation of JNK. In vivo, treatment of an established cell-line xenograft or a novel patient-derived xenograft (PDX) of MPNSTs with BCI increased ERK and JNK activation, caused tumor necrosis and fibrosis, and reduced tumor volume in one model. CONCLUSIONS. Targeting DUSP1 and DUSP6 genetically or with BCI effectively inhibits MPNST cell growth and promotes cell death, in vitro and in xenograft models. The data support further investigation of DUSP inhibition in MPNSTs.	Ramkissoon A, Chaney KE, Milewski D, Williams KB, Williams RL, Choi K, Miller A, Kalin TV, Pressey JG, Szabo S, Azam M, Largaespada DA, Ratner N. Targeted Inhibition of the Dual Specificity Phosphatases DUSP1 and DUSP6 Suppress MPNST Growth via JNK <i>Clinical Cancer Research.</i> 2019-04-03. DOI:https://www.doi.org/10.1158/1078-0432.CCR-18-3224 PMID:30936125
55243fb1-c590-4fdb-8846-0096ebd3e968	https://www.doi.org/10.1038/s41598-019-40570-1	PMID:30858407	PMC6411871	No	Scientific Reports	2019-03-13	Human melanoma brain metastases cell line MUG-Mel1, isolated clones and their detailed characterization	CC-BY-4.0	Yes	Yes	pmc_fulltext_xml/PMC6411871.xml	Open Access This article is licensed under a Creative Commons Attribution 4.0 International License, which permits use, sharing, adaptation, distribution and reproduction in any medium or format, as long as you give appropriate credit to the original author(s) and the source, provide a link to the Creative Commons license, and indicate if changes were made. The images or other third party material in this article are included in the article’s Creative Commons license, unless indicated otherwise in a credit line to the material. If material is not included in the article’s Creative Commons license and your intended use is not permitted by statutory regulation or exceeds the permitted use, you will need to obtain permission directly from the copyright holder. To view a copy of this license, visit http://creativecommons.org/licenses/by/4.0/.	"[""Heitzer E"", ""Groenewoud A"", ""Meditz K"", ""Lohberger B"", ""Liegl-Atzwanger B"", ""Prokesch A"", ""Kashofer K"", ""Behrens D"", ""Haybaeck J"", ""Kolb-Lenz D"", ""Koefeler H"", ""Riedl S"", ""Schaider H"", ""Fischer C"", ""Snaar-Jagalska BE"", ""de'Jong D"", ""Szuhai K"", ""Zweytick D"", ""Rinner B.""]"	Melanoma is a leading cause of high mortality that frequently spreads to the brain and is associated with deterioration in quality and quantity of life. Treatment opportunities have been restricted until now and new therapy options are urgently required. Our focus was to reveal the potential heterogeneity of melanoma brain metastasis. We succeeded to establish a brain melanoma metastasis cell line, namely MUG-Mel1 and two resulting clones D5 and C8 by morphological variety, differences in lipidome, growth behavior, surface, and stem cell markers. Mutation analysis by next-generation sequencing, copy number profiling, and cytogenetics demonstrated the different genetic profile of MUG-Mel1 and clones. Tumorigenicity was unsuccessfully tested in various mouse systems and finally established in a zebra fish model. As innovative treatment option, with high potential to pass the blood-brain barrier a peptide isolated from lactoferricin was studied in potential toxicity. Brain metastases are a major clinical challenge, therefore the development of relevant in vitro and in vivo models derived from brain melanoma metastases provides valuable information about tumor biology and offers great potential to screen for new innovative therapies.	Heitzer E, Groenewoud A, Meditz K, Lohberger B, Liegl-Atzwanger B, Prokesch A, Kashofer K, Behrens D, Haybaeck J, Kolb-Lenz D, Koefeler H, Riedl S, Schaider H, Fischer C, Snaar-Jagalska BE, de'Jong D, Szuhai K, Zweytick D, Rinner B. Human melanoma brain metastases cell line MUG-Mel1, isolated clones and their detailed characterization <i>Scientific Reports.</i> 2019-03-13. DOI:https://www.doi.org/10.1038/s41598-019-40570-1 PMID:30858407
11058872-c77d-4019-b6b9-8cdcbfc3f4fa	https://www.doi.org/10.1038/sdata.2018.106	PMID:29893754	PMC5996849	Yes	Scientific Data	2019-02-25	Pharmacological and genomic profiling of neurofibromatosis type 1 plexiform neurofibroma-derived schwann cells	CC-BY-4.0	Yes	Yes	pmc_fulltext_xml/PMC5996849.xml	http://creativecommons.org/licenses/by/4.0/	"[""Marc Ferrer"", ""Sara J C Gosline"", ""Marigo Stathis"", ""Xiaohu Zhang"", ""Xindi Guo"", ""Rajarshi Guha"", ""Dannielle A Ryman"", ""Margaret R Wallace"", ""Laura Kasch-Semenza"", ""Haiping Hao"", ""Roxann Ingersoll"", ""David Mohr"", ""Craig Thomas"", ""Sharad Verma"", ""Justin Guinney"", ""Jaishri O Blakeley""]"	Neurofibromatosis type I (NF1) is an autosomal dominant genetic condition characterized by peripheral nervous system tumors (PNSTs), including plexiform neurofibromas (pNFs) that cause nerve dysfunction, deformity, pain damage to adjacent structures, and can undergo malignant transformation. There are no effective therapies to prevent or treat pNFs. Drug discovery efforts are slowed by the 'benign' nature of the Schwann cells that are the progenitor cells of pNF. In this work we characterize a set of pNF-derived cell lines at the genomic level (via SNP Arrays, RNAseq, and Whole Exome- Sequencing), and carry out dose response-based quantitative high-throughput screening (qHTS) with a collection of 1,912 oncology-focused compounds in a 1536-well microplate cell proliferation assays. Through the characterization and screening of NF1<sup>-/-</sup>, NF1<sup>+/+</sup> and NF1<sup>+/-</sup> Schwann cell lines, this resource introduces novel therapeutic avenues for the development for NF1 associated pNF as well as all solid tumors with NF1 somatic mutations. The integrated data sets are openly available for further analysis at http://www.synapse.org/pnfCellCulture.	Marc Ferrer, Sara J C Gosline, Marigo Stathis, Xiaohu Zhang, Xindi Guo, Rajarshi Guha, Dannielle A Ryman, Margaret R Wallace, Laura Kasch-Semenza, Haiping Hao, Roxann Ingersoll, David Mohr, Craig Thomas, Sharad Verma, Justin Guinney, Jaishri O Blakeley. Pharmacological and genomic profiling of neurofibromatosis type 1 plexiform neurofibroma-derived schwann cells. <i>Scientific Data.</i> 2019-02-25. DOI:https://www.doi.org/10.1038/sdata.2018.106 PMID:29893754
b60e57c7-5822-494b-88e1-1351096b5b81	https://www.doi.org/10.1158/1078-0432.CCR-18-2953	PMID:30737244	PMC6522280	No	Clinical Cancer Research	2019-02-10	Comprehensive genetic characterization of human thyroid cancer cell lines: A validated panel for preclinical studies	Fair use (license unspecified)	No	Yes	pmc_fulltext_xml/PMC6522280.xml	This file is available for text mining. It may also be used consistent with the principles of fair use under the copyright law.	"[""Landa I"", ""Pozdeyev N"", ""Korch C"", ""Marlow LA"", ""Smallridge RC"", ""Copland JA"", ""Henderson YC"", ""Lai SY"", ""Clayman GL"", ""Onoda N"", ""Tan AC"", ""Garcia-Rendueles MER"", ""Knauf JA"", ""Haugen BR"", ""Fagin JA"", ""Schweppe RE.""]"	PURPOSE. Thyroid cancer cell lines are valuable models but have been neglected in pancancer genomic studies. Moreover, their misidentification has been a significant problem. We aim to provide a validated dataset for thyroid cancer researchers. EXPERIMENTAL DESIGN. We performed next-generation sequencing (NGS) and analyzed the transcriptome of 60 authenticated thyroid cell lines and compared our findings with the known genomic defects in human thyroid cancers. RESULTS. Unsupervised transcriptomic analysis showed that 94% of thyroid cell lines clustered distinctly from other lineages. Thyroid cancer cell line mutations recapitulate those found in primary tumors (e.g., BRAF, RAS, or gene fusions). Mutations in the TERT promoter (83%) and TP53 (71%) were highly prevalent. There were frequent alterations in PTEN, PIK3CA, and of members of the SWI/SNF chromatin remodeling complex, mismatch repair, cell-cycle checkpoint, and histone methyl- and acetyltransferase functional groups. Copy number alterations (CNA) were more prevalent in cell lines derived from advanced versus differentiated cancers, as reported in primary tumors, although the precise CNAs were only partially recapitulated. Transcriptomic analysis showed that all cell lines were profoundly dedifferentiated, regardless of their derivation, making them good models for advanced disease. However, they maintained the BRAFV600E versus RAS-dependent consequences on MAPK transcriptional output, which correlated with differential sensitivity to MEK inhibitors. Paired primary tumor-cell line samples showed high concordance of mutations. Complete loss of p53 function in TP53 heterozygous tumors was the most prominent event selected during in vitro immortalization. CONCLUSIONS. This cell line resource will help inform future preclinical studies exploring tumor-specific dependencies.	Landa I, Pozdeyev N, Korch C, Marlow LA, Smallridge RC, Copland JA, Henderson YC, Lai SY, Clayman GL, Onoda N, Tan AC, Garcia-Rendueles MER, Knauf JA, Haugen BR, Fagin JA, Schweppe RE. Comprehensive Genetic Characterization of Human Thyroid Cancer Cell Lines: A Validated Panel for Preclinical Studies <i>Clinical Cancer Research.</i> 2019-02-10. DOI:https://www.doi.org/10.1158/1078-0432.CCR-18-2953 PMID:30737244
9c5e9c24-3f08-4f84-b4e5-1fbdff112b4a	https://www.doi.org/10.1111/jsr.12816	PMID:30609083	PMC6609510	No	Journal of Sleep Research	2019-01-05	Neurofibromatosis type 1 (NF1)-mutant mice exhibit increased sleep fragmentation	Fair use (license unspecified)	No	Yes	pmc_fulltext_xml/PMC6609510.xml	This file is available for text mining. It may also be used consistent with the principles of fair use under the copyright law.	"[""Anastasaki C"", ""Rensing N"", ""Johnson KJ"", ""Wong M"", ""Gutmann DH.""]"	Neurofibromatosis type 1 (NF1) is a neurodevelopmental disorder in which affected children and adults are at a higher risk of sleep disorders. In an effort to identify potential sleep disturbances in a small animal model, we used a previously reported Nf1 conditional knockout (Nf1CKO ) mouse strain. In contrast to Nf1 mutant flies, the distribution of vigilance states was intact in Nf1CKO mice. However, Nf1CKO mice exhibited increased non-REM sleep (NREM)-to-wake and wake-to-NREM transitions. This sleep disruption was accompanied by decreased bout durations during awake and NREM sleep states under both light and dark conditions. Moreover, Nf1CKO mice have higher percentage delta power during awake and NREM sleep states under all light conditions. Taken together, Nf1CKO mice phenocopy some of the sleep disturbances observed in NF1 patients and provide a tractable platform to explore the molecular mechanisms governing sleep abnormalities in NF1.	Anastasaki C, Rensing N, Johnson KJ, Wong M, Gutmann DH. Neurofibromatosis type 1 (Nf1)-mutant mice exhibit increased sleep fragmentation <i>Journal of Sleep Research.</i> 2019-01-05. DOI:https://www.doi.org/10.1111/jsr.12816 PMID:30609083
08f0d61f-53dc-4f9f-a896-a66c3a9ba5b1	https://www.doi.org/10.1371/journal.pone.0208835	PMID:30571760	PMC6301684	No	PLoS One	2018-12-21	Neurofibromin haploinsufficiency results in altered spermatogenesis in a mouse model of neurofibromatosis type 1	CC-BY-4.0	Yes	Yes	pmc_fulltext_xml/PMC6301684.xml	http://creativecommons.org/licenses/by/4.0/	"[""Chohan H"", ""Esfandiarei M"", ""Arman D"", ""Van Raamsdonk CD"", ""van Breemen C"", ""Friedman JM"", ""Jett KA.""]"	The fertility of men with neurofibromatosis 1 (NF1) is reduced. Despite this observation, gonadal function has not been examined in patients with NF1. In order to assess the role of reduced neurofibromin in the testes, we examined testicular morphology and function in an Nf1+/- mouse model. We found that although Nf1+/- male mice are able to reproduce, they have significantly fewer pups per litter than Nf1+/+ control males. Reduced fertility in Nf1+/- male mice is associated with disorganization of the seminiferous epithelium, with exfoliation of germ cells and immature spermatids into the tubule lumen. Morphometric analysis shows that these alterations are associated with decreased Leydig cell numbers and increased spermatid cell numbers. We hypothesized that hyper-activation of Ras in Nf1+/- males affects ectoplasmic specialization, a Sertoli-spermatid adherens junction involved in spermiation. Consistent with this idea, we found increased expression of phosphorylated ERK, a downstream effector of Ras that has been shown to alter ectoplasmic specialization, in Nf1+/- males in comparison to control Nf1+/+ littermates. These data demonstrate that neurofibromin haploinsufficiency impairs spermatogenesis and fertility in a mouse model of NF1.	Chohan H, Esfandiarei M, Arman D, Van Raamsdonk CD, van Breemen C, Friedman JM, Jett KA. Neurofibromin haploinsufficiency results in altered spermatogenesis in a mouse model of neurofibromatosis type 1 <i>PLoS One.</i> 2018-12-21. DOI:https://www.doi.org/10.1371/journal.pone.0208835 PMID:30571760
c1dc8377-31ea-435e-be78-e43efdecbc29	https://doi.org/10.1161/atvbaha.118.311136	PMID:30580567	PMC6422047	No	Arteriosclerosis, Thrombosis, and Vascular Biology	2018-11-15	ZFP148 (zinc-finger protein 148) binds cooperatively with NF-1 (neurofibromin 1) to inhibit smooth muscle marker gene expression during abdominal aortic aneurysm formation	Fair use (license unspecified)	No	Yes	pmc_fulltext_xml/PMC6422047.xml	This file is available for text mining. It may also be used consistent with the principles of fair use under the copyright law.	"[""Morgan Salmon"", ""Basil Schaheen"", ""Michael Spinosa"", ""William Montgomery"", ""Nicolas H Pope"", ""John P Davis"", ""William F Johnston"", ""Ashish K Sharma"", ""Gary K Owens"", ""Juanita L Merchant"", ""Zendra E Zehner"", ""Gilbert R Upchurch Jr"", ""Gorav Ailawadi""]"	Objective- The goal of this study was to determine the role of ZFP148 (zinc-finger protein 148) in aneurysm formation. Approach and Results- ZFP148 mRNA expression increased at day 3, 7, 14, 21, and 28 after during abdominal aortic aneurysm formation in C57BL/6 mice. Loss of ZFP148 conferred abdominal aortic aneurysm protection using ERTCre+ ZFP148 flx/flx mice. In a third set of experiments, smooth muscle-specific loss of ZFP148 alleles resulted in progressively greater protection using novel transgenic mice (MYH [myosin heavy chain 11] Cre+ flx/flx, flx/wt, and wt/wt). Elastin degradation, LGAL3, and neutrophil staining were significantly attenuated, while α-actin staining was increased in ZFP148 knockout mice. Results were verified in total cell ZFP148 and smooth muscle-specific knockout mice using an angiotensin II model. ZFP148 smooth muscle-specific conditional mice demonstrated increased proliferation and ZFP148 was shown to bind to the p21 promoter during abdominal aortic aneurysm formation. ZFP148 smooth muscle-specific conditional knockout mice also demonstrated decreased apoptosis as measured by decreased cleaved caspase-3 staining. ZFP148 bound smooth muscle marker genes via chromatin immunoprecipitation analysis mediated by NF-1 (neurofibromin 1) promote histone H3K4 deacetylation via histone deacetylase 5. Transient transfections and chromatin immunoprecipitation analyses demonstrated that NF-1 was required for ZFP148 protein binding to smooth muscle marker genes promoters during aneurysm formation. Elimination of NF-1 using shRNA approaches demonstrated that NF-1 is required for binding and elimination of NF-1 increased BRG1 recruitment, the ATPase subunit of the SWI/SWF complex, and increased histone acetylation. Conclusions- ZFP148 plays a critical role in multiple murine models of aneurysm formation. These results suggest that ZFP148 is important in the regulation of proliferation, smooth muscle gene downregulation, and apoptosis in aneurysm development.	Morgan Salmon, Basil Schaheen, Michael Spinosa, William Montgomery, Nicolas H Pope, John P Davis, William F Johnston, Ashish K Sharma, Gary K Owens, Juanita L Merchant, Zendra E Zehner, Gilbert R Upchurch Jr, Gorav Ailawadi. ZFP148 (Zinc-Finger Protein 148) Binds Cooperatively With NF-1 (Neurofibromin 1) to Inhibit Smooth Muscle Marker Gene Expression During Abdominal Aortic Aneurysm Formation <i>Arteriosclerosis, Thrombosis, and Vascular Biology.</i> 2018-11-15. DOI:https://doi.org/10.1161/atvbaha.118.311136 PMID:30580567
140ecf9e-4010-4ab1-9891-cfe4913e3407	https://www.doi.org/10.1158/2159-8290.CD-18-0151	PMID:30348677	PMC6328325	Yes	Cancer Discovery	2018-10-24	Spatiotemporal Loss of NF1 in Schwann Cell Lineage Leads to Different Types of Cutaneous Neurofibroma Susceptible to Modification by the Hippo Pathway	Fair use (license unspecified)	No	Yes	pmc_fulltext_xml/PMC6328325.xml	This file is available for text mining. It may also be used consistent with the principles of fair use under the copyright law.	"[""Chen Z"", ""Mo J"", ""Brosseau JP"", ""Shipman T"", ""Wang Y"", ""Liao CP"", ""Cooper JM"", ""Allaway RJ"", ""Gosline SJC"", ""Guinney J"", ""Carroll TJ"", ""Le LQ.""]"	"Neurofibromatosis type 1 (NF1) is a cancer predisposition disorder that results from inactivation of the tumor suppressor neurofibromin, a negative regulator of RAS signaling. Patients with NF1 present with a wide range of clinical manifestations, and the tumor with highest prevalence is cutaneous neurofibroma (cNF). Most patients harboring cNF suffer greatly from the burden of those tumors, which have no effective medical treatment. Ironically, none of the numerous NF1 mouse models developed so far recapitulate cNF. Here, we discovered that HOXB7 serves as a lineage marker to trace the developmental origin of cNF neoplastic cells. Ablating Nf1 in the HOXB7 lineage faithfully recapitulates both human cutaneous and plexiform neurofibroma. In addition, we discovered that modulation of the Hippo pathway acts as a ""modifier"" for neurofibroma tumorigenesis. This mouse model opens the doors for deciphering the evolution of cNF to identify effective therapies, where none exist today. SIGNIFICANCE: This study provides insights into the developmental origin of cNF, the most common tumor in NF1, and generates the first mouse model that faithfully recapitulates both human cutaneous and plexiform neurofibroma. The study also demonstrates that the Hippo pathway can modify neurofibromagenesis, suggesting that dampening the Hippo pathway could be an attractive therapeutic target.This article is highlighted in the In This Issue feature, p. 1."	Chen Z, Mo J, Brosseau JP, Shipman T, Wang Y, Liao CP, Cooper JM, Allaway RJ, Gosline SJC, Guinney J, Carroll TJ, Le LQ. Spatiotemporal Loss of NF1 in Schwann Cell Lineage Leads to Different Types of Cutaneous Neurofibroma Susceptible to Modification by the Hippo Pathway <i>Cancer Discovery.</i> 2018-10-24. DOI:https://www.doi.org/10.1158/2159-8290.CD-18-0151 PMID:30348677
b30d281f-3e84-4d90-ac65-cd2c73245520	https://www.doi.org/10.1097/j.pain.0000000000001002	PMID:28809766	PMC6362827	No	Pain	2018-08-02	CRISPR/Cas9 editing of NF1 gene identifies CRMP2 as a therapeutic target in neurofibromatosis type 1-related pain that is reversed by (S)-Lacosamide	Fair use (license unspecified)	No	Yes	pmc_fulltext_xml/PMC6362827.xml	This file is available for text mining. It may also be used consistent with the principles of fair use under the copyright law.	"[""Aubin Moutal"", ""Xiaofang Yang"", ""Wennan Li"", ""Kerry B Gilbraith"", ""Shizhen Luo"", ""Song Cai"", ""Liberty François-Moutal"", ""Lindsey A Chew"", ""Seul Ki Yeon"", ""Shreya S Bellampalli"", ""Chaoling Qu"", ""Jennifer Y Xie"", ""Mohab M Ibrahim"", ""May Khanna"", ""Ki Duk Park"", ""Frank Porreca"", ""Rajesh Khanna""]"	Neurofibromatosis type 1 (NF1) is a rare autosomal dominant disease linked to mutations of the Nf1 gene. Patients with NF1 commonly experience severe pain. Studies on mice with Nf1 haploinsufficiency have been instructive in identifying sensitization of ion channels as a possible cause underlying the heightened pain suffered by patients with NF1. However, behavioral assessments of Nf1 mice have led to uncertain conclusions about the potential causal role of Nf1 in pain. We used the clustered regularly interspaced short palindromic repeats (CRISPR)-associated 9 (CRISPR/Cas9) genome editing system to create and mechanistically characterize a novel rat model of NF1-related pain. Targeted intrathecal delivery of guide RNA/Cas9 nuclease plasmid in combination with a cationic polymer was used to generate allele-specific C-terminal truncation of neurofibromin, the protein encoded by the Nf1 gene. Rats with truncation of neurofibromin, showed increases in voltage-gated calcium (specifically N-type or CaV2.2) and voltage-gated sodium (particularly tetrodotoxin-sensitive) currents in dorsal root ganglion neurons. These gains-of-function resulted in increased nociceptor excitability and behavioral hyperalgesia. The cytosolic regulatory protein collapsin response mediator protein 2 (CRMP2) regulates activity of these channels, and also binds to the targeted C-terminus of neurofibromin in a tripartite complex, suggesting a possible mechanism underlying NF1 pain. Prevention of CRMP2 phosphorylation with (S)-lacosamide resulted in normalization of channel current densities, excitability, as well as of hyperalgesia following CRISPR/Cas9 truncation of neurofibromin. These studies reveal the protein partners that drive NF1 pain and suggest that CRMP2 is a key target for therapeutic intervention.	Aubin Moutal, Xiaofang Yang, Wennan Li, Kerry B Gilbraith, Shizhen Luo, Song Cai, Liberty François-Moutal, Lindsey A Chew, Seul Ki Yeon, Shreya S Bellampalli, Chaoling Qu, Jennifer Y Xie, Mohab M Ibrahim, May Khanna, Ki Duk Park, Frank Porreca, Rajesh Khanna. CRISPR/Cas9 editing of Nf1 gene identifies CRMP2 as a therapeutic target in neurofibromatosis type 1-related pain that is reversed by (S)-Lacosamide. <i>Pain.</i> 2018-08-02. DOI:https://www.doi.org/10.1097/j.pain.0000000000001002 PMID:28809766
6a932620-4bbd-452a-999e-5963da0715d9	https://www.doi.org/10.18632/oncotarget.25642	PMID:30038707	PMC6049873	No	Oncotarget	2018-07-25	LMO1 functions as an oncogene by regulating TTK expression and correlates with neuroendocrine differentiation of lung cancer	CC-BY	Yes	Yes	pmc_fulltext_xml/PMC6049873.xml	http://creativecommons.org/licenses/by/3.0/	"[""Du L"", ""Zhao Z"", ""Suraokar M"", ""Shelton SS"", ""Ma X"", ""Hsiao TH"", ""Minna JD"", ""Wistuba I"", ""Pertsemlidis A.""]"	LMO1 encodes a protein containing a cysteine-rich LIM domain involved in protein-protein interactions. Recent studies have shown that LMO1 functions as an oncogene in several cancer types, including non-small cell lung cancer (NSCLC). However, the function of LMO1 in other histological subtypes of lung cancer, such as small cell lung cancer (SCLC), was not investigated. In analyzing the expression of LMO1 across a panel of lung cell lines, we found that LMO1 expression levels were significantly and dramatically higher in SCLC cells, an aggressive neuroendocrine subtype of lung cancer, relative to NSCLC and normal lung cells. In NSCLC cells, LMO1 mRNA levels were significantly correlated with expression of neuroendocrine differentiation markers. Our in vitro investigations indicated that LMO1 had the general property of promoting cell proliferation in lung cancer cells representing different histological subtypes, suggesting a general oncogenic function of LMO1 in lung cancer. In investigating the clinical relevance of LMO1 as an oncogene, we found that a high tumor level of the LMO1 mRNA was an independent predictor of poor patient survival. These results suggest that LMO1 acts as an oncogene, with expression correlated with neuroendocrine differentiation of lung cancer, and that it is a determinant of lung cancer aggressiveness and prognosis. By combining gene expression correlations with patient survival and functional in vitro investigations, we further identified TTK as mediating the oncogenic function of LMO1 in lung cancer cells.	Du L, Zhao Z, Suraokar M, Shelton SS, Ma X, Hsiao TH, Minna JD, Wistuba I, Pertsemlidis A. LMO1 functions as an oncogene by regulating TTK expression and correlates with neuroendocrine differentiation of lung cancer <i>Oncotarget.</i> 2018-07-25. DOI:https://www.doi.org/10.18632/oncotarget.25642 PMID:30038707
149ff885-4f04-4b39-a3f7-0b338b42e11e	https://www.doi.org/10.1097/j.pain.0000000000001026	PMID:28767512	PMC6359908	No	Pain	2018-06-06	Dissecting the role of the CRMP2-neurofibromin complex on pain behaviors	Fair use (license unspecified)	No	Yes	pmc_fulltext_xml/PMC6359908.xml	This file is available for text mining. It may also be used consistent with the principles of fair use under the copyright law.	"[""Aubin Moutal"", ""Yue Wang"", ""Xiaofang Yang"", ""Yingshi Ji"", ""Shizhen Luo"", ""Angie Dorame"", ""Shreya S Bellampalli"", ""Lindsey A Chew"", ""Song Cai"", ""Erik T Dustrude"", ""James E Keener"", ""Michael T Marty"", ""Todd W Vanderah"", ""Rajesh Khanna""]"	Neurofibromatosis type 1 (NF1), a genetic disorder linked to inactivating mutations or a homozygous deletion of the Nf1 gene, is characterized by tumorigenesis, cognitive dysfunction, seizures, migraine, and pain. Omic studies on human NF1 tissues identified an increase in the expression of collapsin response mediator protein 2 (CRMP2), a cytosolic protein reported to regulate the trafficking and activity of presynaptic N-type voltage-gated calcium (Cav2.2) channels. Because neurofibromin, the protein product of the Nf1 gene, binds to and inhibits CRMP2, the neurofibromin-CRMP2 signaling cascade will likely affect Ca channel activity and regulate nociceptive neurotransmission and in vivo responses to noxious stimulation. Here, we investigated the function of neurofibromin-CRMP2 interaction on Cav2.2. Mapping of &gt;275 peptides between neurofibromin and CRMP2 identified a 15-amino acid CRMP2-derived peptide that, when fused to the tat transduction domain of HIV-1, inhibited Ca influx in dorsal root ganglion neurons. This peptide mimics the negative regulation of CRMP2 activity by neurofibromin. Neurons treated with tat-CRMP2/neurofibromin regulating peptide 1 (t-CNRP1) exhibited a decreased Cav2.2 membrane localization, and uncoupling of neurofibromin-CRMP2 and CRMP2-Cav2.2 interactions. Proteomic analysis of a nanodisc-solubilized membrane protein library identified syntaxin 1A as a novel CRMP2-binding protein whose interaction with CRMP2 was strengthened in neurofibromin-depleted cells and reduced by t-CNRP1. Stimulus-evoked release of calcitonin gene-related peptide from lumbar spinal cord slices was inhibited by t-CNRP1. Intrathecal administration of t-CNRP1 was antinociceptive in experimental models of inflammatory, postsurgical, and neuropathic pain. Our results demonstrate the utility of t-CNRP1 to inhibit CRMP2 protein-protein interactions for the potential treatment of pain.	Aubin Moutal, Yue Wang, Xiaofang Yang, Yingshi Ji, Shizhen Luo, Angie Dorame, Shreya S Bellampalli, Lindsey A Chew, Song Cai, Erik T Dustrude, James E Keener, Michael T Marty, Todd W Vanderah, Rajesh Khanna. Dissecting the role of the CRMP2-neurofibromin complex on pain behaviors. <i>Pain.</i> 2018-06-06. DOI:https://www.doi.org/10.1097/j.pain.0000000000001026 PMID:28767512
17242f30-277f-43a8-9069-fa6be295881a	https://www.doi.org/10.1002/1878-0261.12086	PMID:28556483	PMC5579334	No	Molecular Oncology	2018-05-28	Drug sensitivity and resistance testing identifies PLK1 inhibitors and gemcitabine as potent drugs for malignant peripheral nerve sheath tumors	CC-BY	Yes	Yes	pmc_fulltext_xml/PMC5579334.xml	This is an open access article under the terms of the Creative Commons Attribution License, which permits use, distribution and reproduction in any medium, provided the original work is properly cited.	"[""Matthias Kolberg"", ""Jarle Bruun"", ""Astrid Murumägi"", ""John P Mpindi"", ""Christian H Bergsland"", ""Maren Høland"", ""Ina A Eilertsen"", ""Stine A Danielsen"", ""Olli Kallioniemi"", ""Ragnhild A Lothe""]"	Patients with malignant peripheral nerve sheath tumor (MPNST), a rare soft tissue cancer associated with loss of the tumor suppressor neurofibromin (NF1), have poor prognosis and typically respond poorly to adjuvant therapy. We evaluated the effect of 299 clinical and investigational compounds on seven MPNST cell lines, two primary cultures of human Schwann cells, and five normal bone marrow aspirates, to identify potent drugs for MPNST treatment with few side effects. Top hits included Polo-like kinase 1 (PLK1) inhibitors (volasertib and BI2536) and the fluoronucleoside gemcitabine, which were validated in orthogonal assays measuring viability, cytotoxicity, and apoptosis. DNA copy number, gene expression, and protein expression were determined for the cell lines to assess pharmacogenomic relationships. MPNST cells were more sensitive to BI2536 and gemcitabine compared to a reference set of 94 cancer cell lines. PLK1, RRM1, and RRM2 mRNA levels were increased in MPNST compared to benign neurofibroma tissue, and the protein level of PLK1 was increased in the MPNST cell lines compared to normal Schwann cells, indicating an increased dependence on these drug targets in malignant cells. Furthermore, we observed an association between increased mRNA expression of PLK1, RRM1, and RRM2 in patient samples and worse disease outcome, suggesting a selective benefit from inhibition of these genes in the most aggressive tumors.	Matthias Kolberg, Jarle Bruun, Astrid Murumägi, John P Mpindi, Christian H Bergsland, Maren Høland, Ina A Eilertsen, Stine A Danielsen, Olli Kallioniemi, Ragnhild A Lothe. Drug sensitivity and resistance testing identifies PLK1 inhibitors and gemcitabine as potent drugs for malignant peripheral nerve sheath tumors. <i>Molecular Oncology.</i> 2018-05-28. DOI:https://www.doi.org/10.1002/1878-0261.12086 PMID:28556483
8868d4a3-4402-4358-b762-bd6f8a3e885e	https://www.doi.org/10.1021/acs.jproteome.8b00165	PMID:29718670	PMC6670293	No	Journal of Proteome Research	2018-05-03	Evaluation of NCI-7 cell line panel as a reference material for clinical proteomics	Fair use (license unspecified)	No	Yes	pmc_fulltext_xml/PMC6670293.xml	This file is available for text mining. It may also be used consistent with the principles of fair use under the copyright law.	"[""Clark DJ"", ""Hu Y"", ""Bocik W"", ""Chen L"", ""Schnaubelt M"", ""Roberts R"", ""Shah P"", ""Whiteley G"", ""Zhang H.""]"	Reference materials are vital to benchmarking the reproducibility of clinical tests and essential for monitoring laboratory performance for clinical proteomics. The reference material utilized for mass spectrometric analysis of the human proteome would ideally contain enough proteins to be suitably representative of the human proteome, as well as exhibit a stable protein composition in different batches of sample regeneration. Previously, The Clinical Proteomic Tumor Analysis Consortium (CPTAC) utilized a PDX-derived comparative reference (CompRef) materials for the longitudinal assessment of proteomic performance; however, inherent drawbacks of PDX-derived material, including extended time needed to grow tumors and high level of expertise needed, have resulted in efforts to identify a new source of CompRef material. In this study, we examined the utility of using a panel of seven cancer cell lines, NCI-7 Cell Line Panel, as a reference material for mass spectrometric analysis of human proteome. Our results showed that not only is the NCI-7 material suitable for benchmarking laboratory sample preparation methods, but also NCI-7 sample generation is highly reproducible at both the global and phosphoprotein levels. In addition, the predicted genomic and experimental coverage of the NCI-7 proteome suggests the NCI-7 material may also have applications as a universal standard proteomic reference.	Clark DJ, Hu Y, Bocik W, Chen L, Schnaubelt M, Roberts R, Shah P, Whiteley G, Zhang H. Evaluation of NCI-7 Cell Line Panel as a Reference Material for Clinical Proteomics <i>Journal of Proteome Research.</i> 2018-05-03. DOI:https://www.doi.org/10.1021/acs.jproteome.8b00165 PMID:29718670
2c39b12c-50b0-4fdb-b549-0f85492ac55c	https://www.doi.org/10.1038/s41598-018-23207-7	PMID:29674676	PMC5908872	No	Scientific Reports	2018-04-21	Comparative high-resolution transcriptome sequencing of lymphoma cell lines and de novo lymphomas reveals cell-line-specific pathway dysregulation	CC-BY-4.0	Yes	Yes	pmc_fulltext_xml/PMC5908872.xml	Open Access This article is licensed under a Creative Commons Attribution 4.0 International License, which permits use, sharing, adaptation, distribution and reproduction in any medium or format, as long as you give appropriate credit to the original author(s) and the source, provide a link to the Creative Commons license, and indicate if changes were made. The images or other third party material in this article are included in the article’s Creative Commons license, unless indicated otherwise in a credit line to the material. If material is not included in the article’s Creative Commons license and your intended use is not permitted by statutory regulation or exceeds the permitted use, you will need to obtain permission directly from the copyright holder. To view a copy of this license, visit http://creativecommons.org/licenses/by/4.0/.	"[""Taher L"", ""Beck J"", ""Liu W"", ""Roolf C"", ""Soller JT"", ""Rütgen BC"", ""Hammer SE"", ""Chodisetti M"", ""Sender S"", ""Sterenczak KA"", ""Fuellen G"", ""Junghanss C"", ""Brenig B"", ""Nolte I"", ""Schütz E"", ""Murua Escobar H.""]"	"In dogs as well as humans, lymphoma is one of the most common hematopoietic malignancies. Furthermore, due to its characteristics, canine lymphoma is recognized as a clinically relevant in vivo model to study the corresponding human disease. Immortalized cell lines are widely used as in vitro models to evaluate novel therapeutic agents and characterize their molecular mechanisms. However, it is known that long-term cultivation leads to clonal selection, genetic instability, and loss of the initial heterogenic character, limiting the usefulness of cell lines as preclinical models. Herein, we present a systematic characterization and comparison of the transcriptomic landscape of canine primary B- and T-cell lymphomas, five lymphoid cell lines (CLBL-1, CLBL-1M, GL-1, CL-1, and OSW) and four non-neoplastic control samples. We found that lymphomas and cell lines exhibit a common ""differentiation and proliferation signature"". However, our analysis also showed that, independently of the cell of origin, the transcriptional signatures of lymphomas are more similar to each other than they are to those of cell lines. In particular, we observed that not all common therapeutic targets are similarly expressed between lymphomas and lymphoid cell lines, and provide evidence that different lymphoid cell-lines should be used to model distinct aspects of lymphoma dysregulation."	Taher L, Beck J, Liu W, Roolf C, Soller JT, Rütgen BC, Hammer SE, Chodisetti M, Sender S, Sterenczak KA, Fuellen G, Junghanss C, Brenig B, Nolte I, Schütz E, Murua Escobar H. Comparative High-Resolution Transcriptome Sequencing of Lymphoma Cell Lines and de novo Lymphomas Reveals Cell-Line-Specific Pathway Dysregulation <i>Scientific Reports.</i> 2018-04-21. DOI:https://www.doi.org/10.1038/s41598-018-23207-7 PMID:29674676
5fba19f5-00e9-45bb-aa1a-550f3eed45c5	https://www.doi.org/10.1111/cas.13579	PMID:29575648	PMC5980157	No	Cancer Science	2018-03-26	Spontaneous development of intratumoral heterogeneity in a transposon-induced mouse model of glioma	CC-BY-NC	Yes	Yes	pmc_fulltext_xml/PMC5980157.xml	This is an open access article under the terms of the http://creativecommons.org/licenses/by-nc/4.0/ License, which permits use, distribution and reproduction in any medium, provided the original work is properly cited and is not used for commercial purposes.	"[""Sumiyoshi K"", ""Koso H"", ""Watanabe S.""]"	Glioma is the most common form of malignant brain cancer in adults. The Sleeping Beauty (SB) transposon-based glioma mouse model allows for effective in vivo analysis of candidate genes. In the present study, we developed a transposon vector that encodes the triple combination of platelet-derived growth factor subunit A (PDGFA), and shRNAs against Nf1 and Trp53 (shNf1/shp53). Initiation and progression of glioma in the brain were monitored by expression of a fluorescent protein. Transduction of the vector into neural progenitor and stem cells (NPC) in the subventricular zone (SVZ) of the neonatal brain induced proliferation of oligodendrocyte precursor cells, and promoted formation of highly penetrant malignant gliomas within 2-4 months. Cells isolated from the tumors were capable of forming secondary tumors. Two transposon vectors, encoding either PDGFA or shNf1/shp53 were co-electroporated into NPC. Cells expressing PDGFA or shNf1/shp53 were labeled with unique fluorescent proteins allowing visualization of the spatial distribution of cells with different genetic alterations within the same tumor. Tumor cells located at the center of tumors expressed PDGFA at higher levels than those located at the periphery, indicating that intratumoral heterogeneity in PDGFA expression levels spontaneously developed within the same tumor. Tumor cells comprising the palisading necrosis strongly expressed PDGFA, suggesting that PDGFA signaling is involved in hypoxic responses in glioma. The transposon vectors developed are compatible with any genetically engineered mouse model, providing a useful tool for the functional analysis of candidate genes in glioma.	Sumiyoshi K, Koso H, Watanabe S. Spontaneous development of intratumoral heterogeneity in a transposon-induced mouse model of glioma <i>Cancer Science.</i> 2018-03-26. DOI:https://www.doi.org/10.1111/cas.13579 PMID:29575648
fde4e1af-07b0-4c88-9892-c9a4d9d1fa59	https://www.doi.org/10.18632/oncotarget.11036	PMID:27494873	PMC5302981	No	Oncotarget	2018-02-23	Combinatorial therapeutic targeting of BMP2 and MEK-ERK pathways in NF1-associated malignant peripheral nerve sheath tumors	CC-BY	Yes	Yes	pmc_fulltext_xml/PMC5302981.xml	http://creativecommons.org/licenses/by/2.5/	"[""Sidra Ahsan"", ""Yubin Ge"", ""Michael A Tainsky""]"	The clinical management of malignant peripheral nerve sheath tumors (MPNSTs) is challenging not only due to its aggressive and invasive nature, but also limited therapeutic options. Using gene expression profiling, our lab identified BMP2-SMAD1/5/8 pathway as a potential therapeutic target for treating MPNSTs. In this study, we explored the therapeutic impact of targeting BMP2-SMAD1/5/8 pathway in conjunction with RAS-MEK-ERK signaling, which is constitutively activated in MPNSTs. Our results indicated that single agent treatment with LDN-193189, a BMP2 Type I receptor inhibitor, did not affect the growth and survival of MPNST cells at biochemically relevant inhibitory concentrations. However, addition of a MEK1/2 inhibitor, selumetinib, to LDN-193189-treated cells resulted in significant inhibition of cell growth and induction of cell death. LDN-193189 at biochemically effective concentrations significantly inhibited motility and invasiveness of MPNST cells, and these effects were enhanced by the addition of selumetinib. Overall, our results advocate for a combinatorial therapeutic approach for MPNSTs that not only targets the growth and survival via inhibition of MEK1/2, but also its malignant spread by suppressing the activation of BMP2-SMAD1/5/8 pathway. Importantly, these studies were conducted in low-passage patient-derived MPNST cells, allowing for an investigation of the effects of the proposed drug treatments in a biologically-relevant context.	Sidra Ahsan, Yubin Ge, Michael A Tainsky. Combinatorial therapeutic targeting of BMP2 and MEK-ERK pathways in NF1-associated malignant peripheral nerve sheath tumors. <i>Oncotarget.</i> 2018-02-23. DOI:https://www.doi.org/10.18632/oncotarget.11036 PMID:27494873
ff7eed9c-0d9f-48ec-b06c-67015ddbdeca	https://www.doi.org/10.1530/ERC-17-0445	PMID:29444910	PMC5827037	No	Endocrine-Related Cancer	2018-02-16	The neuroendocrine phenotype, genomic profile and therapeutic sensitivity of GEPNET cell lines	CC-BY-4.0	Yes	Yes	pmc_fulltext_xml/PMC5827037.xml	http://creativecommons.org/licenses/by/4.0/	"[""Hofving T"", ""Arvidsson Y"", ""Almobarak B"", ""Inge L"", ""Pfragner R"", ""Persson M"", ""Stenman G"", ""Kristiansson E"", ""Johanson V"", ""Nilsson O.""]"	Experimental models of neuroendocrine tumour disease are scarce, and no comprehensive characterisation of existing gastroenteropancreatic neuroendocrine tumour (GEPNET) cell lines has been reported. In this study, we aimed to define the molecular characteristics and therapeutic sensitivity of these cell lines. We therefore performed immunophenotyping, copy number profiling, whole-exome sequencing and a large-scale inhibitor screening of seven GEPNET cell lines. Four cell lines, GOT1, P-STS, BON-1 and QGP-1, displayed a neuroendocrine phenotype while three others, KRJ-I, L-STS and H-STS, did not. Instead, these three cell lines were identified as lymphoblastoid. Characterisation of remaining authentic GEPNET cell lines by copy number profiling showed that GOT1, among other chromosomal alterations, harboured losses on chromosome 18 encompassing the SMAD4 gene, while P-STS had a loss on 11q. BON-1 had a homozygous loss of CDKN2A and CDKN2B, and QGP-1 harboured amplifications of MDM2 and HMGA2 Whole-exome sequencing revealed both disease-characteristic mutations (e.g. ATRX mutation in QGP-1) and, for patient tumours, rare genetic events (e.g. TP53 mutation in P-STS, BON-1 and QGP-1). A large-scale inhibitor screening showed that cell lines from pancreatic NETs to a greater extent, when compared to small intestinal NETs, were sensitive to inhibitors of MEK. Similarly, neuroendocrine NET cells originating from the small intestine were considerably more sensitive to a group of HDAC inhibitors. Taken together, our results provide a comprehensive characterisation of GEPNET cell lines, demonstrate their relevance as neuroendocrine tumour models and explore their therapeutic sensitivity to a broad range of inhibitors.	Hofving T, Arvidsson Y, Almobarak B, Inge L, Pfragner R, Persson M, Stenman G, Kristiansson E, Johanson V, Nilsson O. The neuroendocrine phenotype, genomic profile and therapeutic sensitivity of GEPNET cell lines <i>Endocrine-Related Cancer.</i> 2018-02-16. DOI:https://www.doi.org/10.1530/ERC-17-0445 PMID:29444910
bce70d8b-27a2-43a9-8ac2-e5ca7fa5287f	https://www.doi.org/10.1016/j.celrep.2018.01.051	PMID:29444439	PMC6343826	No	Cell Reports	2018-02-15	Differential effector engagement by oncogenic KRAS	NIH Public Access/Author Manuscripts	No	Yes	pmc_fulltext_xml/PMC6343826.xml	This file is available to download for the purposes of text mining, consistent with the principles of UK copyright law.	"[""Yuan TL"", ""Amzallag A"", ""Bagni R"", ""Yi M"", ""Afghani S"", ""Burgan W"", ""Fer N"", ""Strathern LA"", ""Powell K"", ""Smith B"", ""Waters AM"", ""Drubin D"", ""Thomson T"", ""Liao R"", ""Greninger P"", ""Stein GT"", ""Murchie E"", ""Cortez E"", ""Egan RK"", ""Procter L"", ""Bess M"", ""Cheng KT"", ""Lee CS"", ""Lee LC"", ""Fellmann C"", ""Stephens R"", ""Luo J"", ""Lowe SW"", ""Benes CH"", ""McCormick F.""]"	KRAS can bind numerous effector proteins, which activate different downstream signaling events. The best known are RAF, phosphatidylinositide (PI)-3' kinase, and RalGDS families, but many additional direct and indirect effectors have been reported. We have assessed how these effectors contribute to several major phenotypes in a quantitative way, using an arrayed combinatorial siRNA screen in which we knocked down 41 KRAS effectors nodes in 92 cell lines. We show that every cell line has a unique combination of effector dependencies, but in spite of this heterogeneity, we were able to identify two major subtypes of KRAS mutant cancers of the lung, pancreas, and large intestine, which reflect different KRAS effector engagement and opportunities for therapeutic intervention.	Yuan TL, Amzallag A, Bagni R, Yi M, Afghani S, Burgan W, Fer N, Strathern LA, Powell K, Smith B, Waters AM, Drubin D, Thomson T, Liao R, Greninger P, Stein GT, Murchie E, Cortez E, Egan RK, Procter L, Bess M, Cheng KT, Lee CS, Lee LC, Fellmann C, Stephens R, Luo J, Lowe SW, Benes CH, McCormick F. Differential Effector Engagement by Oncogenic KRAS <i>Cell Reports.</i> 2018-02-15. DOI:https://www.doi.org/10.1016/j.celrep.2018.01.051 PMID:29444439
f8d9ac9e-1afd-4509-bcd3-d6b59171d16b	https://www.doi.org/10.1038/s41398-017-0089-z	PMID:29391397	PMC5804031	No	Transl Psychiatry	2018-02-03	Butyrate enhances mitochondrial function during oxidative stress in cell lines from boys with autism	CC-BY-4.0	Yes	Yes	pmc_fulltext_xml/PMC5804031.xml	Open Access This article is licensed under a Creative Commons Attribution 4.0 International License, which permits use, sharing, adaptation, distribution and reproduction in any medium or format, as long as you give appropriate credit to the original author(s) and the source, provide a link to the Creative Commons license, and indicate if changes were made. The images or other third party material in this article are included in the article’s Creative Commons license, unless indicated otherwise in a credit line to the material. If material is not included in the article’s Creative Commons license and your intended use is not permitted by statutory regulation or exceeds the permitted use, you will need to obtain permission directly from the copyright holder. To view a copy of this license, visit http://creativecommons.org/licenses/by/4.0/.	"[""Rose S"", ""Bennuri SC"", ""Davis JE"", ""Wynne R"", ""Slattery JC"", ""Tippett M"", ""Delhey L"", ""Melnyk S"", ""Kahler SG"", ""MacFabe DF"", ""Frye RE.""]"	Butyrate (BT) is a ubiquitous short-chain fatty acid (SCFA) principally derived from the enteric microbiome. BT positively modulates mitochondrial function, including enhancing oxidative phosphorylation and beta-oxidation and has been proposed as a neuroprotectant. BT and other SCFAs have also been associated with autism spectrum disorders (ASD), a condition associated with mitochondrial dysfunction. We have developed a lymphoblastoid cell line (LCL) model of ASD, with a subset of LCLs demonstrating mitochondrial dysfunction (AD-A) and another subset of LCLs demonstrating normal mitochondrial function (AD-N). Given the positive modulation of BT on mitochondrial function, we hypothesized that BT would have a preferential positive effect on AD-A LCLs. To this end, we measured mitochondrial function in ASD and age-matched control (CNT) LCLs, all derived from boys, following 24 and 48 h exposure to BT (0, 0.1, 0.5, and 1 mM) both with and without an in vitro increase in reactive oxygen species (ROS). We also examined the expression of key genes involved in cellular and mitochondrial response to stress. In CNT LCLs, respiratory parameters linked to adenosine triphosphate (ATP) production were attenuated by 1 mM BT. In contrast, BT significantly increased respiratory parameters linked to ATP production in AD-A LCLs but not in AD-N LCLs. In the context of ROS exposure, BT increased respiratory parameters linked to ATP production for all groups. BT was found to modulate individual LCL mitochondrial respiration to a common set-point, with this set-point slightly higher for the AD-A LCLs as compared to the other groups. The highest concentration of BT (1 mM) increased the expression of genes involved in mitochondrial fission (PINK1, DRP1, FIS1) and physiological stress (UCP2, mTOR, HIF1α, PGC1α) as well as genes thought to be linked to cognition and behavior (CREB1, CamKinase II). These data show that the enteric microbiome-derived SCFA BT modulates mitochondrial activity, with this modulation dependent on concentration, microenvironment redox state, and the underlying mitochondrial function of the cell. In general, these data suggest that BT can enhance mitochondrial function in the context of physiological stress and/or mitochondrial dysfunction, and may be an important metabolite that can help rescue energy metabolism during disease states. Thus, insight into this metabolic modulator may have wide applications for both health and disease since BT has been implicated in a wide variety of conditions including ASD. However, future clinical studies in humans are needed to help define the practical implications of these physiological findings.	Rose S, Bennuri SC, Davis JE, Wynne R, Slattery JC, Tippett M, Delhey L, Melnyk S, Kahler SG, MacFabe DF, Frye RE. Butyrate enhances mitochondrial function during oxidative stress in cell lines from boys with autism <i>Transl Psychiatry.</i> 2018-02-03. DOI:https://www.doi.org/10.1038/s41398-017-0089-z PMID:29391397
8b80edbc-69d4-4e9b-8487-b4b9fcc59d1c	https://www.doi.org/10.1016/j.expneurol.2017.10.012	PMID:29055717	PMC6863155	Yes	Experimental Neurology	2018-01-02	Development of 3D culture models of plexiform neurofibroma and initial application for phenotypic characterization and drug screening	Fair use (license unspecified)	No	Yes	pmc_fulltext_xml/PMC6863155.xml	This file is available for text mining. It may also be used consistent with the principles of fair use under the copyright law.	"[""Janice M Kraniak"", ""Anita Chalasani"", ""Margaret R Wallace"", ""Raymond R Mattingly""]"	Plexiform neurofibromas (PNs), which may be present at birth in up to half of children with type 1 neurofibromatosis (NF1), can cause serious loss of function, such as quadriparesis, and can undergo malignant transformation. Surgery is the first line treatment although the invasive nature of these tumors often prevents complete resection. Recent clinical trials have shown promising success for some drugs, notably selumetinib, an inhibitor of MAP kinase kinase (MEK). We have developed three-dimensional (3D) cell culture models of immortalized cells from NF1 PNs and of control Schwann cells (SCs) that we believe mimic more closely the in vivo condition than conventional two-dimensional (2D) cell culture. Our goal is to facilitate pre-clinical identification of potential targeted therapeutics for these tumors. Three drugs, selumetinib (a MEK inhibitor), picropodophyllin (an IGF-1R inhibitor) and LDN-193189 (a BMP2 inhibitor) were tested with dose-response design in both 2D and 3D cultures for their abilities to block net cell growth. Cell lines grown in 3D conditions showed varying degrees of resistance to the inhibitory actions of all three drugs. For example, control SCs became resistant to growth inhibition by selumetinib in 3D culture. LDN-193189 was the most effective drug in 3D cultures, with only slightly reduced potency compared to the 2D cultures. Characterization of these models also demonstrated increased proteolysis of collagen IV in the matrix by the PN driver cells as compared to wild-type SCs. The proteolytic capacity of the PN cells in the model may be a clinically significant property that can be used for testing the ability of drugs to inhibit their invasive phenotype.	Janice M Kraniak, Anita Chalasani, Margaret R Wallace, Raymond R Mattingly. Development of 3D culture models of plexiform neurofibroma and initial application for phenotypic characterization and drug screening. <i>Experimental Neurology.</i> 2018-01-02. DOI:https://www.doi.org/10.1016/j.expneurol.2017.10.012 PMID:29055717
9b10b8c4-bdc9-4c7c-acc2-7852fad600da	https://www.doi.org/10.1242/dmm.025783	PMID:27482814	PMC4958313	No	Disease Models & Mechanisms	2017-12-04	Mice with missense and nonsense NF1 mutations display divergent phenotypes compared with human neurofibromatosis type I	CC-BY	Yes	Yes	pmc_fulltext_xml/PMC4958313.xml	http://creativecommons.org/licenses/by/3.0	"[""Kairong Li"", ""Ashley N Turner"", ""Min Chen"", ""Stephanie N Brosius"", ""Trenton R Schoeb"", ""Ludwine M Messiaen"", ""David M Bedwell"", ""Kurt R Zinn"", ""Corina Anastasaki"", ""David H Gutmann"", ""Bruce R Korf"", ""Robert A Kesterson""]"	Neurofibromatosis type 1 (NF1) is a common genetic disorder characterized by the occurrence of nerve sheath tumors and considerable clinical heterogeneity. Some translational studies have been limited by the lack of animal models available for assessing patient-specific mutations. In order to test therapeutic approaches that might restore function to the mutated gene or gene product, we developed mice harboring NF1 patient-specific mutations including a nonsense mutation (c.2041C&gt;T; p.Arg681*) and a missense mutation (c.2542G&gt;C; p.Gly848Arg). The latter is associated with the development of multiple plexiform neurofibromas along spinal nerve roots. We demonstrate that the human nonsense NF1(Arg681*) and missense NF1(Gly848Arg) mutations have different effects on neurofibromin expression in the mouse and each recapitulates unique aspects of the NF1 phenotype, depending upon the genetic context when assessed in the homozygous state or when paired with a conditional knockout allele. Whereas the missense Nf1(Gly848Arg) mutation fails to produce an overt phenotype in the mouse, animals homozygous for the nonsense Nf1(Arg681*) mutation are not viable. Mice with one Nf1(Arg681*) allele in combination with a conditional floxed Nf1 allele and the DhhCre transgene (Nf1(4F/Arg681*); DhhCre) display disorganized nonmyelinating axons and neurofibromas along the spinal column, which leads to compression of the spinal cord and paralysis. This model will be valuable for preclinical testing of novel nonsense suppression therapies using drugs to target in-frame point mutations that create premature termination codons in individuals with NF1.	Kairong Li, Ashley N Turner, Min Chen, Stephanie N Brosius, Trenton R Schoeb, Ludwine M Messiaen, David M Bedwell, Kurt R Zinn, Corina Anastasaki, David H Gutmann, Bruce R Korf, Robert A Kesterson. Mice with missense and nonsense NF1 mutations display divergent phenotypes compared with human neurofibromatosis type I. <i>Disease Models & Mechanisms.</i> 2017-12-04. DOI:https://www.doi.org/10.1242/dmm.025783 PMID:27482814
cf7bd357-168c-4bfe-959c-04bca40604d4	https://www.doi.org/10.1002/1878-0261.12050	PMID:28267273	PMC5527484	No	Molecular Oncology	2017-10-30	NF1-mutated melanoma tumors harbor distinct clinical and biological characteristics	CC-BY	Yes	Yes	pmc_fulltext_xml/PMC5527484.xml	This is an open access article under the terms of the Creative Commons Attribution License, which permits use, distribution and reproduction in any medium, provided the original work is properly cited.	"[""Helena Cirenajwis"", ""Martin Lauss"", ""Henrik Ekedahl"", ""Therese Törngren"", ""Anders Kvist"", ""Lao H Saal"", ""Håkan Olsson"", ""Johan Staaf"", ""Ana Carneiro"", ""Christian Ingvar"", ""Katja Harbst"", ""Nicholas K Hayward"", ""Göran Jönsson""]"	In general, melanoma can be considered as a UV-driven disease with an aggressive metastatic course and high mutational load, with only few tumors (acral, mucosal, and uveal melanomas) not induced by sunlight and possessing a lower mutational load. The most commonly activated pathway in melanoma is the mitogen-activated protein kinase (MAPK) pathway. However, the prognostic significance of mutational stratification is unclear and needs further investigation. Here, in silico we combined mutation data from 162 melanomas subjected to targeted deep sequencing with mutation data from three published studies. Tumors from 870 patients were grouped according to BRAF, RAS, NF1 mutation or triple-wild-type status and correlated with tumor and patient characteristics. We found that the NF1-mutated subtype had a higher mutational burden and strongest UV mutation signature. Searching for co-occurring mutated genes revealed the RASopathy genes PTPN11 and RASA2, as well as another RAS domain-containing gene RASSF2 enriched in the NF1 subtype after adjustment for mutational burden. We found that a larger proportion of the NF1-mutant tumors were from males and with older age at diagnosis. Importantly, we found an increased risk of death from melanoma (disease-specific survival, DSS; HR, 1.9; 95% CI, 1.21-3.10; P = 0.046) and poor overall survival (OS; HR, 2.0; 95% CI, 1.28-2.98; P = 0.01) in the NF1 subtype, which remained significant after adjustment for age, gender, and lesion type (DSS P = 0.03, OS P = 0.06, respectively). Melanoma genomic subtypes display different biological and clinical characteristics. The poor outcome observed in the NF1 subtype highlights the need for improved characterization of this group.	Helena Cirenajwis, Martin Lauss, Henrik Ekedahl, Therese Törngren, Anders Kvist, Lao H Saal, Håkan Olsson, Johan Staaf, Ana Carneiro, Christian Ingvar, Katja Harbst, Nicholas K Hayward, Göran Jönsson. NF1-mutated melanoma tumors harbor distinct clinical and biological characteristics. <i>Molecular Oncology.</i> 2017-10-30. DOI:https://www.doi.org/10.1002/1878-0261.12050 PMID:28267273
093779d9-7738-43c4-9ba1-def29dd515d0	https://www.doi.org/10.18632/oncotarget.17823	PMID:29069749	PMC5641092	No	Oncotarget	2017-10-27	In vitro and in vivo cytotoxic activity of human lactoferricin derived antitumor peptide R-DIM-P-LF11-334 on human malignant melanoma	CC-BY	Yes	Yes	pmc_fulltext_xml/PMC5641092.xml	http://creativecommons.org/licenses/by/3.0/	"[""Riedl S"", ""Rinner B"", ""Schaider H"", ""Liegl-Atzwanger B"", ""Meditz K"", ""Preishuber-Pflügl J"", ""Grissenberger S"", ""Lohner K"", ""Zweytick D.""]"	Di-peptides derived from the human host defense peptide lactoferricin were previously described to specifically interact with the negatively charged lipid phosphatidylserine exposed by cancer cells. In this study one further derivative, namely R-DIM-P-LF11-334 is shown to exhibit even increased cancer toxicity in vitro and in vivo while non-neoplastic cells are not harmed. In liposomal model systems composed of phosphatidylserine mimicking cancerous and phosphatidylcholine mimicking non-cancerous membranes the specific interaction with the cancer marker PS was confirmed by specific induction of membrane perturbation and permeabilization in presence of the peptide. In vitro studies with cell lines of human malignant melanoma, such as A375, or primary cells of human melanoma metastases to the brain, as MUG Mel1, and non-neoplastic human dermal fibroblasts NHDF revealed high cytotoxic effect of R-DIM-P-LF11-334 on melanoma cells of A375 and MUG Mel1, whereas only minor effect on the dermal fibroblasts NHDF was observed, yielding an about 20-fold killing-specificity for A375 and MUG-Mel1. The LC50 values for melanoma A375 and MUG Mel1 were about 10 μM. Analysis of secondary structure of the peptide revealed an increase in the proportion of β-sheets exclusively in presence of the cancer mimic. Stability studies further indicated a potential adequate stability in blood or under stringent conditions. Importantly the cytotoxic effect on cancer cells was also proven in vivo in mouse xenografts of human melanoma, where peptide treatment induced strong tumor regression and in average a tumor area reduction of 85% compared to tumors of control mice without peptide treatment.	Riedl S, Rinner B, Schaider H, Liegl-Atzwanger B, Meditz K, Preishuber-Pflügl J, Grissenberger S, Lohner K, Zweytick D. In vitro and in vivo cytotoxic activity of human lactoferricin derived antitumor peptide R-DIM-P-LF11-334 on human malignant melanoma <i>Oncotarget.</i> 2017-10-27. DOI:https://www.doi.org/10.18632/oncotarget.17823 PMID:29069749
8f7e603a-97b4-4cc7-bd37-8485267b7d84	https://www.doi.org/10.1186/s13229-017-0166-4	PMID:28932379	PMC5605987	No	Molecular Autism	2017-09-22	Testing the excitation/inhibition imbalance hypothesis in a mouse model of the autism spectrum disorder: in vivo neurospectroscopy and molecular evidence for regional phenotypes	CC-BY-4.0	Yes	Yes	pmc_fulltext_xml/PMC5605987.xml	Open AccessThis article is distributed under the terms of the Creative Commons Attribution 4.0 International License (http://creativecommons.org/licenses/by/4.0/), which permits unrestricted use, distribution, and reproduction in any medium, provided you give appropriate credit to the original author(s) and the source, provide a link to the Creative Commons license, and indicate if changes were made. The Creative Commons Public Domain Dedication waiver (http://creativecommons.org/publicdomain/zero/1.0/) applies to the data made available in this article, unless otherwise stated.	"[""Gonçalves J"", ""Violante IR"", ""Sereno J"", ""Leitão RA"", ""Cai Y"", ""Abrunhosa A"", ""Silva AP"", ""Silva AJ"", ""Castelo-Branco M.""]"	BACKGROUND. Excitation/inhibition (E/I) imbalance remains a widely discussed hypothesis in autism spectrum disorders (ASD). The presence of such an imbalance may potentially define a therapeutic target for the treatment of cognitive disabilities related to this pathology. Consequently, the study of monogenic disorders related to autism, such as neurofibromatosis type 1 (NF1), represents a promising approach to isolate mechanisms underlying ASD-related cognitive disabilities. However, the NF1 mouse model showed increased γ-aminobutyric acid (GABA) neurotransmission, whereas the human disease showed reduced cortical GABA levels. It is therefore important to clarify whether the E/I imbalance hypothesis holds true. We hypothesize that E/I may depend on distinct pre- and postsynaptic push-pull mechanisms that might be are region-dependent. METHODS. In current study, we assessed two critical components of E/I regulation: the concentration of neurotransmitters and levels of GABA(A) receptors. Measurements were performed across the hippocampi, striatum, and prefrontal cortices by combined in vivo magnetic resonance spectroscopy (MRS) and molecular approaches in this ASD-related animal model, the Nf1+/- mouse. RESULTS. Cortical and striatal GABA/glutamate ratios were increased. At the postsynaptic level, very high receptor GABA(A) receptor expression was found in hippocampus, disproportionately to the small reduction in GABA levels. Gabaergic tone (either by receptor levels change or GABA/glutamate ratios) seemed therefore to be enhanced in all regions, although by a different mechanism. CONCLUSIONS. Our data provides support for the hypothesis of E/I imbalance in NF1 while showing that pre- and postsynaptic changes are region-specific. All these findings are consistent with our previous physiological evidence of increased inhibitory tone. Such heterogeneity suggests that therapeutic approaches to address neurochemical imbalance in ASD may need to focus on targets where convergent physiological mechanisms can be found.	Gonçalves J, Violante IR, Sereno J, Leitão RA, Cai Y, Abrunhosa A, Silva AP, Silva AJ, Castelo-Branco M. Testing the excitation/inhibition imbalance hypothesis in a mouse model of the autism spectrum disorder: in vivo neurospectroscopy and molecular evidence for regional phenotypes <i>Molecular Autism.</i> 2017-09-22. DOI:https://www.doi.org/10.1186/s13229-017-0166-4 PMID:28932379
6c557513-9552-4922-96c8-a90bae3b8cc3	https://www.doi.org/10.1038/onc.2016.269	PMID:27477693	PMC5332555	No	Oncogene	2017-09-13	Overexpression of PDGFRA cooperates with loss of NF1 and p53 to accelerate the molecular pathogenesis of malignant peripheral nerve sheath tumors	CC-BY-NC-SA	Yes	Yes	pmc_fulltext_xml/PMC5332555.xml	http://creativecommons.org/licenses/by-nc-sa/4.0/	"[""D H Ki"", ""S He"", ""S Rodig"", ""A T Look""]"	Malignant peripheral nerve sheath tumors (MPNSTs) are aggressive, frequently metastatic sarcomas that are associated with neurofibromatosis type 1 (NF1), a prominent inherited genetic disease in humans. Although loss of the NF1 gene predisposes to MPNST induction, relatively long tumor latency in NF1 patients suggests that additional genetic or epigenetic abnormalities are needed for the development of these nerve sheath malignancies. To study the molecular pathways contributing to the formation of MPNSTs in NF1 patients, we used a zebrafish tumor model defined by nf1 loss in a p53-deficient background together with the overexpression of either wild-type or constitutively activated PDGFRA (platelet-derived growth factor receptor-α) under control of the sox10 neural crest-specific promoter. Here we demonstrate the accelerated onset and increased penetrance of MPNST formation in fish overexpressing both the wild-type and the mutant PDGFRA transgenes in cells of neural crest origin. Interestingly, overexpression of the wild-type PDGFRA was even more potent in promoting transformation than the mutant PDGFRA, which is important because ~78% of human MPNSTs have expression of wild-type PDGFRA, whereas only 5% harbor activating mutations of the gene encoding this receptor. Further analysis revealed the induction of cellular senescence in zebrafish embryos overexpressing mutant, but not wild-type, PDGFRA, suggesting a mechanism through which the oncogenic activity of the mutant receptor is tempered by the activation of premature cellular senescence in an NF1-deficient background. Taken together, our study suggests a model in which overexpression of wild-type PDGFRA associated with NF1 deficiency leads to aberrant activation of downstream RAS signaling and thus contributes importantly to MPNST development-a prediction supported by the ability of the kinase inhibitor sunitinib alone and in combination with the MEK inhibitor trametinib to retard MPNST progression in transgenic fish overexpressing the wild-type receptor.	D H Ki, S He, S Rodig, A T Look. Overexpression of PDGFRA cooperates with loss of NF1 and p53 to accelerate the molecular pathogenesis of malignant peripheral nerve sheath tumors. <i>Oncogene.</i> 2017-09-13. DOI:https://www.doi.org/10.1038/onc.2016.269 PMID:27477693
6540c9dd-dcc7-453b-ab98-7ad64675e61e	https://www.doi.org/10.1016/j.celrep.2017.08.010	PMID:28854368	PMC5583477	No	Cell Reports	2017-08-31	Genomic determinants of protein abundance variation in colorectal cancer cells	CC-BY-4.0	Yes	Yes	pmc_fulltext_xml/PMC5583477.xml	http://creativecommons.org/licenses/by/4.0/	"[""Roumeliotis TI"", ""Williams SP"", ""Gonçalves E"", ""Alsinet C"", ""Del Castillo Velasco-Herrera M"", ""Aben N"", ""Ghavidel FZ"", ""Michaut M"", ""Schubert M"", ""Price S"", ""Wright JC"", ""Yu L"", ""Yang M"", ""Dienstmann R"", ""Guinney J"", ""Beltrao P"", ""Brazma A"", ""Pardo M"", ""Stegle O"", ""Adams DJ"", ""Wessels L"", ""Saez-Rodriguez J"", ""McDermott U"", ""Choudhary JS.""]"	Assessing the impact of genomic alterations on protein networks is fundamental in identifying the mechanisms that shape cancer heterogeneity. We have used isobaric labeling to characterize the proteomic landscapes of 50 colorectal cancer cell lines and to decipher the functional consequences of somatic genomic variants. The robust quantification of over 9,000 proteins and 11,000 phosphopeptides on average enabled the de novo construction of a functional protein correlation network, which ultimately exposed the collateral effects of mutations on protein complexes. CRISPR-cas9 deletion of key chromatin modifiers confirmed that the consequences of genomic alterations can propagate through protein interactions in a transcript-independent manner. Lastly, we leveraged the quantified proteome to perform unsupervised classification of the cell lines and to build predictive models of drug response in colorectal cancer. Overall, we provide a deep integrative view of the functional network and the molecular structure underlying the heterogeneity of colorectal cancer cells.	Roumeliotis TI, Williams SP, Gonçalves E, Alsinet C, Del Castillo Velasco-Herrera M, Aben N, Ghavidel FZ, Michaut M, Schubert M, Price S, Wright JC, Yu L, Yang M, Dienstmann R, Guinney J, Beltrao P, Brazma A, Pardo M, Stegle O, Adams DJ, Wessels L, Saez-Rodriguez J, McDermott U, Choudhary JS. Genomic Determinants of Protein Abundance Variation in Colorectal Cancer Cells <i>Cell Reports.</i> 2017-08-31. DOI:https://www.doi.org/10.1016/j.celrep.2017.08.010 PMID:28854368
83d93857-c554-440a-ac9b-e0ba7670864a	https://www.doi.org/10.1002/aur.1853	PMID:28842941	PMC5773379	No	Autism Research	2017-08-27	Characterization of early communicative behavior in mouse models of neurofibromatosis type 1	Fair use (license unspecified)	No	Yes	pmc_fulltext_xml/PMC5773379.xml	This file is available for text mining. It may also be used consistent with the principles of fair use under the copyright law.	"[""Maloney SE"", ""Chandler KC"", ""Anastasaki C"", ""Rieger MA"", ""Gutmann DH"", ""Dougherty JD.""]"	UNLABELLED. Neurofibromatosis type 1 (NF1) is a monogenic neurodevelopmental disease caused by germline loss-of-function mutations in the NF1 tumor suppressor gene. Cognitive impairments are observed in approximately 80% of children with this disease, with 45-60% exhibiting autism spectrum disorder (ASD) symptomatology. In light of the high comorbidity rate between ASD and NF1, we assessed early communicative behavior by maternal-separation induced pup ultrasonic vocalizations (USV) and developmental milestones in two distinct Nf1 genetically engineered models, one modeling clinical germline heterozygous loss of Nf1 function (Nf1+/- mice), and a second with somatic biallelic Nf1 inactivation in neuroglial progenitor cells (Nf1GFAP CKO mice). We observed altered USV production in both models: Nf1+/- mice exhibited both increased USVs across development and alterations in aspects of pitch, while Nf1GFAP CKO mice demonstrated a decrease in USVs. Developmental milestones, such as weight, pinnae detachment, and eye opening, were not disrupted in either model, indicating the USV deficits were not due to gross developmental delay, and likely reflected more specific alterations in USV circuitry. In this respect, increased whole-brain serotonin was observed in Nf1+/- mice, but whole-brain levels of dopamine and its metabolites were unchanged at the age of peak USV disruption, and USV alterations did not correlate with overall level of neurofibromin loss. The early communicative phenotypes reported herein should motivate further studies into the risks mediated by haploinsufficiency and biallelic deletion of Nf1 across a full battery of ASD-relevant behavioral phenotypes, and a targeted analysis of underlying circuitry disruptions. Autism Res 2018, 11: 44-58. © 2017 International Society for Autism Research, Wiley Periodicals, Inc. LAY SUMMARY. Neurofibromatosis type 1 (NF1) is a common neurogenetic disorder caused by mutation of the NF1 gene, in which 80% of affected children exhibit cognitive and behavioral issues. Based on emerging evidence that NF1 may be an autism predisposition gene, we examined autism spectrum disorder (ASD)-relevant early communicative behavior in Nf1 mouse models and observed alterations in both models. The changes in early communicative behavior in Nf1 mutant mice should motivate further studies into the causative factors and potential treatments for ASD arising in the context of NF1.	Maloney SE, Chandler KC, Anastasaki C, Rieger MA, Gutmann DH, Dougherty JD. Characterization of early communicative behavior in mouse models of neurofibromatosis type 1 <i>Autism Research.</i> 2017-08-27. DOI:https://www.doi.org/10.1002/aur.1853 PMID:28842941
daaabd08-575c-4ca9-8088-8352dbd8edfc	https://www.doi.org/10.1016/j.ccell.2017.06.003	PMID:28697342	PMC5599156	No	Cancer Cell	2017-07-10	Tumor Evolution of Glioma-Intrinsic Gene Expression Subtypes Associates with Immunological Changes in the Microenvironment	Fair use (license unspecified)	No	Yes	pmc_fulltext_xml/PMC5599156.xml	This file is available for text mining. It may also be used consistent with the principles of fair use under the copyright law.	"[""Wang Q"", ""Hu B"", ""Hu X"", ""Kim H"", ""Squatrito M"", ""Scarpace L"", ""deCarvalho AC"", ""Lyu S"", ""Li P"", ""Li Y"", ""Barthel F"", ""Cho HJ"", ""Lin YH"", ""Satani N"", ""Martinez-Ledesma E"", ""Zheng S"", ""Chang E"", ""Sauvé CG"", ""Olar A"", ""Lan ZD"", ""Finocchiaro G"", ""Phillips JJ"", ""Berger MS"", ""Gabrusiewicz KR"", ""Wang G"", ""Eskilsson E"", ""Hu J"", ""Mikkelsen T"", ""DePinho RA"", ""Muller F"", ""Heimberger AB"", ""Sulman EP"", ""Nam DH"", ""Verhaak RGW""]"	We leveraged IDH wild-type glioblastomas, derivative neurospheres, and single-cell gene expression profiles to define three tumor-intrinsic transcriptional subtypes designated as proneural, mesenchymal, and classical. Transcriptomic subtype multiplicity correlated with increased intratumoral heterogeneity and presence of tumor microenvironment. In silico cell sorting identified macrophages/microglia, CD4+ T lymphocytes, and neutrophils in the glioma microenvironment. NF1 deficiency resulted in increased tumor-associated macrophages/microglia infiltration. Longitudinal transcriptome analysis showed that expression subtype is retained in 55% of cases. Gene signature-based tumor microenvironment inference revealed a decrease in invading monocytes and a subtype-dependent increase in macrophages/microglia cells upon disease recurrence. Hypermutation at diagnosis or at recurrence associated with CD8+ T cell enrichment. Frequency of M2 macrophages detection associated with short-term relapse after radiation therapy.	Wang Q, Hu B, Hu X, Kim H, Squatrito M, Scarpace L, deCarvalho AC, Lyu S, Li P, Li Y, Barthel F, Cho HJ, Lin YH, Satani N, Martinez-Ledesma E, Zheng S, Chang E, Sauvé CG, Olar A, Lan ZD, Finocchiaro G, Phillips JJ, Berger MS, Gabrusiewicz KR, Wang G, Eskilsson E, Hu J, Mikkelsen T, DePinho RA, Muller F, Heimberger AB, Sulman EP, Nam DH, Verhaak RGW. Tumor Evolution of Glioma-Intrinsic Gene Expression Subtypes Associates with Immunological Changes in the Microenvironment <i>Cancer Cell.</i> 2017-07-10. DOI:https://www.doi.org/10.1016/j.ccell.2017.06.003 PMID:28697342
c40348a1-a590-461d-8593-42213ef0b03e	https://www.doi.org/10.1186/s12943-017-0691-y	PMID:28683746	PMC5498998	No	Molecular Cancer	2017-07-08	Multi-omics of 34 colorectal cancer cell lines - a resource for biomedical studies	CC-BY-4.0	Yes	Yes	pmc_fulltext_xml/PMC5498998.xml	Open AccessThis article is distributed under the terms of the Creative Commons Attribution 4.0 International License (http://creativecommons.org/licenses/by/4.0/), which permits unrestricted use, distribution, and reproduction in any medium, provided you give appropriate credit to the original author(s) and the source, provide a link to the Creative Commons license, and indicate if changes were made. The Creative Commons Public Domain Dedication waiver (http://creativecommons.org/publicdomain/zero/1.0/) applies to the data made available in this article, unless otherwise stated.	"[""Berg KCG"", ""Eide PW"", ""Eilertsen IA"", ""Johannessen B"", ""Bruun J"", ""Danielsen SA"", ""Bjørnslett M"", ""Meza-Zepeda LA"", ""Eknæs M"", ""Lind GE"", ""Myklebost O"", ""Skotheim RI"", ""Sveen A"", ""Lothe RA.""]"	BACKGROUND. Colorectal cancer (CRC) cell lines are widely used pre-clinical model systems. Comprehensive insights into their molecular characteristics may improve model selection for biomedical studies. METHODS. We have performed DNA, RNA and protein profiling of 34 cell lines, including (i) targeted deep sequencing (n = 612 genes) to detect single nucleotide variants and insertions/deletions; (ii) high resolution DNA copy number profiling; (iii) gene expression profiling at exon resolution; (iv) small RNA expression profiling by deep sequencing; and (v) protein expression analysis (n = 297 proteins) by reverse phase protein microarrays. RESULTS. The cell lines were stratified according to the key molecular subtypes of CRC and data were integrated at two or more levels by computational analyses. We confirm that the frequencies and patterns of DNA aberrations are associated with genomic instability phenotypes and that the cell lines recapitulate the genomic profiles of primary carcinomas. Intrinsic expression subgroups are distinct from genomic subtypes, but consistent at the gene-, microRNA- and protein-level and dominated by two distinct clusters; colon-like cell lines characterized by expression of gastro-intestinal differentiation markers and undifferentiated cell lines showing upregulation of epithelial-mesenchymal transition and TGFβ signatures. This sample split was concordant with the gene expression-based consensus molecular subtypes of primary tumors. Approximately ¼ of the genes had consistent regulation at the DNA copy number and gene expression level, while expression of gene-protein pairs in general was strongly correlated. Consistent high-level DNA copy number amplification and outlier gene- and protein- expression was found for several oncogenes in individual cell lines, including MYC and ERBB2. CONCLUSIONS. This study expands the view of CRC cell lines as accurate molecular models of primary carcinomas, and we present integrated multi-level molecular data of 34 widely used cell lines in easily accessible formats, providing a resource for preclinical studies in CRC.	Berg KCG, Eide PW, Eilertsen IA, Johannessen B, Bruun J, Danielsen SA, Bjørnslett M, Meza-Zepeda LA, Eknæs M, Lind GE, Myklebost O, Skotheim RI, Sveen A, Lothe RA. Multi-omics of 34 colorectal cancer cell lines - a resource for biomedical studies <i>Molecular Cancer.</i> 2017-07-08. DOI:https://www.doi.org/10.1186/s12943-017-0691-y PMID:28683746
84365613-ee37-417a-a233-23e0edb9b827	https://www.doi.org/10.1074/mcp.M116.064543	PMID:28174230	PMC5383781	No	Molecular & Cellular Proteomics	2017-06-27	Clustered, regularly interspaced short palindromic repeats (CRISPR)/Cas9-coupled affinity purification/mass spectrometry analysis revealed a novel role of neurofibromin in MTOR signaling	PMC (access type unspecified)	No	No (abstract only)	pmc_fulltext_xml/PMC5383781.xml		"[""Xu Li"", ""Min Gao"", ""Jong Min Choi"", ""Beom-Jun Kim"", ""Mao-Tian Zhou"", ""Zhen Chen"", ""Antrix N Jain"", ""Sung Yun Jung"", ""Jingsong Yuan"", ""Wenqi Wang"", ""Yi Wang"", ""Junjie Chen""]"	Neurofibromin (NF1) is a well known tumor suppressor that is commonly mutated in cancer patients. It physically interacts with RAS and negatively regulates RAS GTPase activity. Despite the importance of NF1 in cancer, a high quality endogenous NF1 interactome has yet to be established. In this study, we combined <u>c</u>lustered, <u>r</u>egularly <u>i</u>nterspaced <u>s</u>hort <u>p</u>alindromic <u>r</u>epeats (CRISPR)/Cas9-mediated gene knock-out technology with affinity purification using antibodies against endogenous proteins, followed by mass spectrometry analysis, to sensitively and accurately detect NF1 protein-protein interactions in unaltered <i>in vivo</i> settings. Using this system, we analyzed endogenous NF1-associated protein complexes and identified 49 high-confidence candidate interaction proteins, including RAS and other functionally relevant proteins. Through functional validation, we found that NF1 negatively regulates mechanistic target of rapamycin signaling (mTOR) in a LAMTOR1-dependent manner. In addition, the cell growth and survival of NF1-deficient cells have become dependent on hyperactivation of the mTOR pathway, and the tumorigenic properties of these cells have become dependent on LAMTOR1. Taken together, our findings may provide novel insights into therapeutic approaches targeting NF1-deficient tumors.	Xu Li, Min Gao, Jong Min Choi, Beom-Jun Kim, Mao-Tian Zhou, Zhen Chen, Antrix N Jain, Sung Yun Jung, Jingsong Yuan, Wenqi Wang, Yi Wang, Junjie Chen. Clustered, Regularly Interspaced Short Palindromic Repeats (CRISPR)/Cas9-coupled Affinity Purification/Mass Spectrometry Analysis Revealed a Novel Role of Neurofibromin in mTOR Signaling. <i>Molecular & Cellular Proteomics.</i> 2017-06-27. DOI:https://www.doi.org/10.1074/mcp.M116.064543 PMID:28174230
869f479d-f92e-433b-a4a6-cc17e12b9802	https://www.doi.org/10.1158/0008-5472.CAN-16-2643	PMID:28646022	PMC5839126	No	Cancer Research	2017-06-25	NF1(+/-) Hematopoietic Cells Accelerate Malignant Peripheral Nerve Sheath Tumor Development without Altering Chemotherapy Response	Fair use (license unspecified)	No	Yes	pmc_fulltext_xml/PMC5839126.xml	This file is available for text mining. It may also be used consistent with the principles of fair use under the copyright law.	"[""Dodd RD"", ""Lee CL"", ""Overton T"", ""Huang W"", ""Eward WC"", ""Luo L"", ""Ma Y"", ""Ingram DR"", ""Torres KE"", ""Cardona DM"", ""Lazar AJ"", ""Kirsch DG.""]"	Haploinsufficiency in the tumor suppressor NF1 contributes to the pathobiology of neurofibromatosis type 1, but a related role has not been established in malignant peripheral nerve sheath tumors (MPNST) where NF1 mutations also occur. Patients with NF1-associated MPNST appear to have worse outcomes than patients with sporadic MPNST, but the mechanism underlying this correlation is not understood. To define the impact of stromal genetics on the biology of this malignancy, we developed unique mouse models that reflect the genetics of patient-associated MPNST. Specifically, we used adenovirus-Cre injections to generate MPNST in Nf1Flox/Flox; Ink4a/ArfFlox/Flox and Nf1Flox/-; Ink4a/ArfFlox/Flox paired littermate mice to model tumors from NF1-wild-type and NF1-associated patients, respectively. In these models, Nf1 haploinsufficiency in hematopoietic cells accelerated tumor onset and increased levels of tumor-infiltrating immune cells comprised of CD11b+ cells, monocytes, and mast cells. We observed that mast cells were also enriched in human NF1-associated MPNST. In a coclinical trial to examine how the tumor microenvironment influences the response to multiagent chemotherapy, we found that stromal Nf1 status had no effect. Taken together, our results clarify the role of the NF1-haploinsufficient tumor microenvironment in MPNST. Cancer Res; 77(16); 4486-97. ©2017 AACR.	Dodd RD, Lee CL, Overton T, Huang W, Eward WC, Luo L, Ma Y, Ingram DR, Torres KE, Cardona DM, Lazar AJ, Kirsch DG. NF1(+/-) Hematopoietic Cells Accelerate Malignant Peripheral Nerve Sheath Tumor Development without Altering Chemotherapy Response <i>Cancer Research.</i> 2017-06-25. DOI:https://www.doi.org/10.1158/0008-5472.CAN-16-2643 PMID:28646022
76812bac-c308-4b53-a9c0-e0bfd5a748b6	https://www.doi.org/10.1053/j.gastro.2016.12.002	PMID:27956228	PMC6204228	No	Gastroenterology	2017-06-13	Genome-wide CRISPR screen identifies regulators of mitogen-activated protein kinase as suppressors of liver tumors in mice	Fair use (license unspecified)	No	Yes	pmc_fulltext_xml/PMC6204228.xml	This file is available for text mining. It may also be used consistent with the principles of fair use under the copyright law.	"[""Chun-Qing Song"", ""Yingxiang Li"", ""Haiwei Mou"", ""Jill Moore"", ""Angela Park"", ""Yotsawat Pomyen"", ""Soren Hough"", ""Zachary Kennedy"", ""Andrew Fischer"", ""Hao Yin"", ""Daniel G Anderson"", ""Darryl Conte"", ""Lars Zender"", ""Xin Wei Wang"", ""Snorri Thorgeirsson"", ""Zhiping Weng"", ""Wen Xue""]"	It has been a challenge to identify liver tumor suppressors or oncogenes due to the genetic heterogeneity of these tumors. We performed a genome-wide screen to identify suppressors of liver tumor formation in mice, using CRISPR-mediated genome editing. We performed a genome-wide CRISPR/Cas9-based knockout screen of P53-null mouse embryonic liver progenitor cells that overexpressed MYC. We infected p53<sup>-/-</sup>;Myc;Cas9 hepatocytes with the mGeCKOa lentiviral library of 67,000 single-guide RNAs (sgRNAs), targeting 20,611 mouse genes, and transplanted the transduced cells subcutaneously into nude mice. Within 1 month, all the mice that received the sgRNA library developed subcutaneous tumors. We performed high-throughput sequencing of tumor DNA and identified sgRNAs increased at least 8-fold compared to the initial cell pool. To validate the top 10 candidate tumor suppressors from this screen, we collected data from patients with hepatocellular carcinoma (HCC) using the Cancer Genome Atlas and COSMIC databases. We used CRISPR to inactivate candidate tumor suppressor genes in p53<sup>-/-</sup>;Myc;Cas9 cells and transplanted them subcutaneously into nude mice; tumor formation was monitored and tumors were analyzed by histology and immunohistochemistry. Mice with liver-specific disruption of p53 were given hydrodynamic tail-vein injections of plasmids encoding Myc and sgRNA/Cas9 designed to disrupt candidate tumor suppressors; growth of tumors and metastases was monitored. We compared gene expression profiles of liver cells with vs without tumor suppressor gene disrupted by sgRNA/Cas9. Genes found to be up-regulated after tumor suppressor loss were examined in liver cancer cell lines; their expression was knocked down using small hairpin RNAs, and tumor growth was examined in nude mice. Effects of the MEK inhibitors AZD6244, U0126, and trametinib, or the multi-kinase inhibitor sorafenib, were examined in human and mouse HCC cell lines. We identified 4 candidate liver tumor suppressor genes not previously associated with liver cancer (Nf1, Plxnb1, Flrt2, and B9d1). CRISPR-mediated knockout of Nf1, a negative regulator of RAS, accelerated liver tumor formation in mice. Loss of Nf1 or activation of RAS up-regulated the liver progenitor cell markers HMGA2 and SOX9. RAS pathway inhibitors suppressed the activation of the Hmga2 and Sox9 genes that resulted from loss of Nf1 or oncogenic activation of RAS. Knockdown of HMGA2 delayed formation of xenograft tumors from cells that expressed oncogenic RAS. In human HCCs, low levels of NF1 messenger RNA or high levels of HMGA2 messenger RNA were associated with shorter patient survival time. Liver cancer cells with inactivation of Plxnb1, Flrt2, and B9d1 formed more tumors in mice and had increased levels of mitogen-activated protein kinase phosphorylation. Using a CRISPR-based strategy, we identified Nf1, Plxnb1, Flrt2, and B9d1 as suppressors of liver tumor formation. We validated the observation that RAS signaling, via mitogen-activated protein kinase, contributes to formation of liver tumors in mice. We associated decreased levels of NF1 and increased levels of its downstream protein HMGA2 with survival times of patients with HCC. Strategies to inhibit or reduce HMGA2 might be developed to treat patients with liver cancer.	Chun-Qing Song, Yingxiang Li, Haiwei Mou, Jill Moore, Angela Park, Yotsawat Pomyen, Soren Hough, Zachary Kennedy, Andrew Fischer, Hao Yin, Daniel G Anderson, Darryl Conte, Lars Zender, Xin Wei Wang, Snorri Thorgeirsson, Zhiping Weng, Wen Xue. Genome-Wide CRISPR Screen Identifies Regulators of Mitogen-Activated Protein Kinase as Suppressors of Liver Tumors in Mice. <i>Gastroenterology.</i> 2017-06-13. DOI:https://www.doi.org/10.1053/j.gastro.2016.12.002 PMID:27956228
f1fe0423-66e6-4a8a-be36-71a0f503d161	https://www.doi.org/10.1016/j.ccell.2017.01.005	PMID:28196595	PMC5501076	No	Cancer Cell	2017-06-08	Characterization of Human Cancer Cell Lines by Reverse-phase Protein Arrays	Fair use (license unspecified)	No	Yes	pmc_fulltext_xml/PMC5501076.xml	This file is available for text mining. It may also be used consistent with the principles of fair use under the copyright law.	"[""Jun Li"", ""Wei Zhao"", ""Rehan Akbani"", ""Wenbin Liu"", ""Zhenlin Ju"", ""Shiyun Ling"", ""Christopher P Vellano"", ""Paul Roebuck"", ""Qinghua Yu"", ""A Karina Eterovic"", ""Lauren A Byers"", ""Michael A Davies"", ""Wanleng Deng"", ""Y N Vashisht Gopal"", ""Guo Chen"", ""Erika M von Euw"", ""Dennis Slamon"", ""Dylan Conklin"", ""John V Heymach"", ""Adi F Gazdar"", ""John D Minna"", ""Jeffrey N Myers"", ""Yiling Lu"", ""Gordon B Mills"", ""Han Liang""]"	Cancer cell lines are major model systems for mechanistic investigation and drug development. However, protein expression data linked to high-quality DNA, RNA, and drug-screening data have not been available across a large number of cancer cell lines. Using reverse-phase protein arrays, we measured expression levels of ∼230 key cancer-related proteins in &gt;650 independent cell lines, many of which have publically available genomic, transcriptomic, and drug-screening data. Our dataset recapitulates the effects of mutated pathways on protein expression observed in patient samples, and demonstrates that proteins and particularly phosphoproteins provide information for predicting drug sensitivity that is not available from the corresponding mRNAs. We also developed a user-friendly bioinformatic resource, MCLP, to help serve the biomedical research community.	Jun Li, Wei Zhao, Rehan Akbani, Wenbin Liu, Zhenlin Ju, Shiyun Ling, Christopher P Vellano, Paul Roebuck, Qinghua Yu, A Karina Eterovic, Lauren A Byers, Michael A Davies, Wanleng Deng, Y N Vashisht Gopal, Guo Chen, Erika M von Euw, Dennis Slamon, Dylan Conklin, John V Heymach, Adi F Gazdar, John D Minna, Jeffrey N Myers, Yiling Lu, Gordon B Mills, Han Liang. Characterization of Human Cancer Cell Lines by Reverse-phase Protein Arrays. <i>Cancer Cell.</i> 2017-06-08. DOI:https://www.doi.org/10.1016/j.ccell.2017.01.005 PMID:28196595
e58f6149-7a1d-429e-b30d-e3fd7a8ef1e2	https://www.doi.org/10.1038/sdata.2017.33	PMID:28350380	PMC5369315	No	Scientific Data	2017-03-29	Transcriptomic profiling of 39 commonly-used neuroblastoma cell lines	CC-BY-4.0	Yes	Yes	pmc_fulltext_xml/PMC5369315.xml	http://creativecommons.org/licenses/by/4.0	"[""Harenza JL"", ""Diamond MA"", ""Adams RN"", ""Song MM"", ""Davidson HL"", ""Hart LS"", ""Dent MH"", ""Fortina P"", ""Reynolds CP"", ""Maris JM.""]"	Neuroblastoma cell lines are an important and cost-effective model used to study oncogenic drivers of the disease. While many of these cell lines have been previously characterized with SNP, methylation, and/or mRNA expression microarrays, there has not been an effort to comprehensively sequence these cell lines. Here, we present raw whole transcriptome data generated by RNA sequencing of 39 commonly-used neuroblastoma cell lines. These data can be used to perform differential expression analysis based on a genetic aberration or phenotype in neuroblastoma (e.g., MYCN amplification status, ALK mutation status, chromosome arm 1p, 11q and/or 17q status, sensitivity to pharmacologic perturbation). Additionally, we designed this experiment to enable structural variant and/or long-noncoding RNA analysis across these cell lines. Finally, as more DNase/ATAC and histone/transcription factor ChIP sequencing is performed in these cell lines, our RNA-Seq data will be an important complement to inform transcriptional targets as well as regulatory (enhancer or repressor) elements in neuroblastoma.	Harenza JL, Diamond MA, Adams RN, Song MM, Davidson HL, Hart LS, Dent MH, Fortina P, Reynolds CP, Maris JM. Transcriptomic profiling of 39 commonly-used neuroblastoma cell lines <i>Scientific Data.</i> 2017-03-29. DOI:https://www.doi.org/10.1038/sdata.2017.33 PMID:28350380
af52d4d7-a88e-4d7e-966e-45994cf6855f	https://www.doi.org/10.1371/journal.pone.0172140	PMID:28192521	PMC5305101	No	PLoS One	2017-02-14	Acquired resistance to oxaliplatin is not directly associated with increased resistance to DNA damage in SK-N-ASrOXALI4000, a newly established oxaliplatin-resistant sub-line of the neuroblastoma cell line SK-N-AS	CC-BY-4.0	Yes	Yes	pmc_fulltext_xml/PMC5305101.xml	http://creativecommons.org/licenses/by/4.0/	"[""Saintas E"", ""Abrahams L"", ""Ahmad GT"", ""Ajakaiye AM"", ""AlHumaidi AS"", ""Ashmore-Harris C"", ""Clark I"", ""Dura UK"", ""Fixmer CN"", ""Ike-Morris C"", ""Mato Prado M"", ""Mccullough D"", ""Mishra S"", ""Schöler KM"", ""Timur H"", ""Williamson MD"", ""Alatsatianos M"", ""Bahsoun B"", ""Blackburn E"", ""Hogwood CE"", ""Lithgow PE"", ""Rowe M"", ""Yiangou L"", ""Rothweiler F"", ""Cinatl J Jr"", ""Zehner R"", ""Baines AJ"", ""Garrett MD"", ""Gourlay CW"", ""Griffin DK"", ""Gullick WJ"", ""Hargreaves E"", ""Howard MJ"", ""Lloyd DR"", ""Rossman JS"", ""Smales CM"", ""Tsaousis AD"", ""von der Haar T"", ""Wass MN"", ""Michaelis M.""]"	The formation of acquired drug resistance is a major reason for the failure of anti-cancer therapies after initial response. Here, we introduce a novel model of acquired oxaliplatin resistance, a sub-line of the non-MYCN-amplified neuroblastoma cell line SK-N-AS that was adapted to growth in the presence of 4000 ng/mL oxaliplatin (SK-N-ASrOXALI4000). SK-N-ASrOXALI4000 cells displayed enhanced chromosomal aberrations compared to SK-N-AS, as indicated by 24-chromosome fluorescence in situ hybridisation. Moreover, SK-N-ASrOXALI4000 cells were resistant not only to oxaliplatin but also to the two other commonly used anti-cancer platinum agents cisplatin and carboplatin. SK-N-ASrOXALI4000 cells exhibited a stable resistance phenotype that was not affected by culturing the cells for 10 weeks in the absence of oxaliplatin. Interestingly, SK-N-ASrOXALI4000 cells showed no cross resistance to gemcitabine and increased sensitivity to doxorubicin and UVC radiation, alternative treatments that like platinum drugs target DNA integrity. Notably, UVC-induced DNA damage is thought to be predominantly repaired by nucleotide excision repair and nucleotide excision repair has been described as the main oxaliplatin-induced DNA damage repair system. SK-N-ASrOXALI4000 cells were also more sensitive to lysis by influenza A virus, a candidate for oncolytic therapy, than SK-N-AS cells. In conclusion, we introduce a novel oxaliplatin resistance model. The oxaliplatin resistance mechanisms in SK-N-ASrOXALI4000 cells appear to be complex and not to directly depend on enhanced DNA repair capacity. Models of oxaliplatin resistance are of particular relevance since research on platinum drugs has so far predominantly focused on cisplatin and carboplatin.	Saintas E, Abrahams L, Ahmad GT, Ajakaiye AM, AlHumaidi AS, Ashmore-Harris C, Clark I, Dura UK, Fixmer CN, Ike-Morris C, Mato Prado M, Mccullough D, Mishra S, Schöler KM, Timur H, Williamson MD, Alatsatianos M, Bahsoun B, Blackburn E, Hogwood CE, Lithgow PE, Rowe M, Yiangou L, Rothweiler F, Cinatl J Jr, Zehner R, Baines AJ, Garrett MD, Gourlay CW, Griffin DK, Gullick WJ, Hargreaves E, Howard MJ, Lloyd DR, Rossman JS, Smales CM, Tsaousis AD, von der Haar T, Wass MN, Michaelis M. Acquired resistance to oxaliplatin is not directly associated with increased resistance to DNA damage in SK-N-ASrOXALI4000, a newly established oxaliplatin-resistant sub-line of the neuroblastoma cell line SK-N-AS <i>PLoS One.</i> 2017-02-14. DOI:https://www.doi.org/10.1371/journal.pone.0172140 PMID:28192521
8c670bac-17e2-4d75-bc5c-9e5788f293b0	https://www.doi.org/10.1016/j.scr.2016.01.010	PMID:27345975	PMC4823759	No	Stem Cell Research	2016-12-20	Generation of KCL024 research grade human embryonic stem cell line carrying a mutation in NF1 gene	CC-BY-4.0	Yes	Yes	pmc_fulltext_xml/PMC4823759.xml	http://creativecommons.org/licenses/by/4.0/	"[""Heema Hewitson"", ""Victoria Wood"", ""Neli Kadeva"", ""Glenda Cornwell"", ""Stefano Codognotto"", ""Emma Stephenson"", ""Dusko Ilic""]"	The KCL024 human embryonic stem cell line was derived from an embryo donated for research that carried an autosomal dominant mutation in the NF1 gene encoding neurofibromin (c.3739-3742 ∆TTTG). Mutations in this gene have been linked to neurofibromatosis type 1, juvenile myelomonocytic leukemia and Watson syndrome. The ICM was isolated using laser microsurgery and plated on γ-irradiated human foreskin fibroblasts. Both the derivation and cell line propagation were performed in an animal product-free environment. Pluripotent state and differentiation potential were confirmed by in vitro assays.	Heema Hewitson, Victoria Wood, Neli Kadeva, Glenda Cornwell, Stefano Codognotto, Emma Stephenson, Dusko Ilic. Generation of KCL024 research grade human embryonic stem cell line carrying a mutation in NF1 gene. <i>Stem Cell Research.</i> 2016-12-20. DOI:https://www.doi.org/10.1016/j.scr.2016.01.010 PMID:27345975
e6edec9b-8f97-4349-b1d3-2191c9e83454	https://www.doi.org/10.1016/j.scr.2016.01.009	PMID:27345978	PMC4823762	No	Stem Cell Research	2016-12-20	Generation of KCL025 research grade human embryonic stem cell line carrying a mutation in NF1 gene	CC-BY-4.0	Yes	Yes	pmc_fulltext_xml/PMC4823762.xml	http://creativecommons.org/licenses/by/4.0/	"[""Heema Hewitson"", ""Victoria Wood"", ""Neli Kadeva"", ""Glenda Cornwell"", ""Stefano Codognotto"", ""Emma Stephenson"", ""Dusko Ilic""]"	The KCL025 human embryonic stem cell line was derived from an embryo donated for research that carried an autosomal dominant mutation in the NF1 gene encoding neurofibromin (c.3739-3742 ΔTTTG). Mutations in this gene have been linked to neurofibromatosis type 1, juvenile myelomonocytic leukemia and Watson syndrome. The ICM was isolated using laser microsurgery and plated on γ-irradiated human foreskin fibroblasts. Both the derivation and cell line propagation were performed in an animal product-free environment. Pluripotent state and differentiation potential were confirmed by in vitro assays.	Heema Hewitson, Victoria Wood, Neli Kadeva, Glenda Cornwell, Stefano Codognotto, Emma Stephenson, Dusko Ilic. Generation of KCL025 research grade human embryonic stem cell line carrying a mutation in NF1 gene. <i>Stem Cell Research.</i> 2016-12-20. DOI:https://www.doi.org/10.1016/j.scr.2016.01.009 PMID:27345978
26d9fa1b-9226-4ffd-b12c-f2373eab8e7f	https://www.doi.org/10.1007/s00216-016-0125-5	PMID:27987026	PMC5303640	No	Anal Bioanal Chem	2016-12-18	Phosphoproteomics of colon cancer metastasis: comparative mass spectrometric analysis of the isogenic primary and metastatic cell lines SW480 and SW620	Fair use (license unspecified)	No	Yes	pmc_fulltext_xml/PMC5303640.xml	This file is available for text mining. It may also be used consistent with the principles of fair use under the copyright law.	"[""Schunter AJ"", ""Yue X"", ""Hummon AB.""]"	The contributions of phosphorylation-mediated signaling networks to colon cancer metastasis are poorly defined. To interrogate constitutive signaling alterations in cancer progression, the global phosphoproteomes of patient-matched SW480 (primary colon tumor origin) and SW620 (lymph node metastasis) cell lines were compared with TiO2 and immobilized metal affinity chromatography phosphopeptide enrichment followed by liquid chromatography-tandem mass spectrometry. Network analysis of the significantly altered phosphosites revealed differential regulation in cellular adhesion, mitosis, and messenger RNA translational machinery. Messenger RNA biogenesis and splicing, transport through the nuclear pores, initiation of translation, and stability and degradation were also affected. Although alterations in these processes have been associated with oncogenic transformation, control of messenger RNA stability has typically not been associated with cancer progression. Notably, the single phosphosite with the greatest relative change in SW620 cells was Ser2 on eukaryotic translation initiation factor 2 subunit 2, suggesting that SW620 cells translate faster or with greater efficiency than SW480 cells. These broad changes in the regulation of translation also occur without overexpression of eukaryotic translation initiation factor 4E. The findings suggest that metastatic cells exhibit constitutive changes to the phosphoproteome, and that messenger RNA stability and translational efficiency may be important targets of deregulation during cancer progression.	Schunter AJ, Yue X, Hummon AB. Phosphoproteomics of colon cancer metastasis: comparative mass spectrometric analysis of the isogenic primary and metastatic cell lines SW480 and SW620 <i>Anal Bioanal Chem.</i> 2016-12-18. DOI:https://www.doi.org/10.1007/s00216-016-0125-5 PMID:27987026
d806e455-85b7-4350-8246-660b59e164c3	https://www.doi.org/10.1038/cgt.2016.71	PMID:27910856	PMC5159445	No	Cancer Gene Therapy	2016-12-03	Acquired resistance of pancreatic cancer cells to cisplatin is multifactorial with cell context-dependent involvement of resistance genes	CC-BY-NC-ND	Yes	Yes	pmc_fulltext_xml/PMC5159445.xml	http://creativecommons.org/licenses/by-nc-nd/4.0/	"[""Mezencev R"", ""Matyunina LV"", ""Wagner GT"", ""McDonald JF.""]"	Pancreatic ductal adenocarcinoma (PDAC) is one of the most lethal of malignancies, in large measure, due to the propensity of PDAC cells to acquire resistance to chemotherapeutic agents. A better understanding of the molecular basis of acquired resistance is a major focus of contemporary PDAC research. We report here the results of a study to independently develop cisplatin resistance in two distinct parental PDAC cell lines, AsPC1 and BxPC3, and to subsequently examine the molecular mechanisms associated with the acquired resistance. Cisplatin resistance in both resistant cell lines was found to be multifactorial and to be associated with mechanisms related to drug transport, drug inactivation, DNA damage response, DNA repair and the modulation of apoptosis. Our results demonstrate that the two resistant cell lines employed alternative molecular strategies in acquiring resistance dictated, in part, by pre-existing molecular differences between the parental cell lines. Collectively, our findings indicate that strategies to inhibit or reverse acquired resistance of PDAC cells to cisplatin, and perhaps other chemotherapeutic agents, may not be generalized but will require individual molecular profiling and analysis to be effective.	Mezencev R, Matyunina LV, Wagner GT, McDonald JF. Acquired resistance of pancreatic cancer cells to cisplatin is multifactorial with cell context-dependent involvement of resistance genes <i>Cancer Gene Therapy.</i> 2016-12-03. DOI:https://www.doi.org/10.1038/cgt.2016.71 PMID:27910856
8ca42e5b-dacd-44e5-9e40-39c40aa8df13	https://www.doi.org/10.1186/s13100-016-0078-4	PMID:27807467	PMC5087121	No	Mobile DNA	2016-11-04	A map of mobile DNA insertions in the NCI-60 human cancer cell panel	CC-BY-4.0	Yes	Yes	pmc_fulltext_xml/PMC5087121.xml	Open AccessThis article is distributed under the terms of the Creative Commons Attribution 4.0 International License (http://creativecommons.org/licenses/by/4.0/), which permits unrestricted use, distribution, and reproduction in any medium, provided you give appropriate credit to the original author(s) and the source, provide a link to the Creative Commons license, and indicate if changes were made. The Creative Commons Public Domain Dedication waiver (http://creativecommons.org/publicdomain/zero/1.0/) applies to the data made available in this article, unless otherwise stated.	"[""Zampella JG"", ""Rodić N"", ""Yang WR"", ""Huang CR"", ""Welch J"", ""Gnanakkan VP"", ""Cornish TC"", ""Boeke JD"", ""Burns KH.""]"	BACKGROUND. The National Cancer Institute-60 (NCI-60) cell lines are among the most widely used models of human cancer. They provide a platform to integrate DNA sequence information, epigenetic data, RNA and protein expression, and pharmacologic susceptibilities in studies of cancer cell biology. Genome-wide studies of the complete panel have included exome sequencing, karyotyping, and copy number analyses but have not targeted repetitive sequences. Interspersed repeats derived from mobile DNAs are a significant source of heritable genetic variation, and insertions of active elements can occur somatically in malignancy. METHOD. We used Transposon Insertion Profiling by microarray (TIP-chip) to map Long INterspersed Element-1 (LINE-1, L1) and Alu Short INterspersed Element (SINE) insertions in cancer genes in NCI-60 cells. We focused this discovery effort on annotated Cancer Gene Index loci. RESULTS. We catalogued a total of 749 and 2,100 loci corresponding to candidate LINE-1 and Alu insertion sites, respectively. As expected, these numbers encompass previously known insertions, polymorphisms shared in unrelated tumor cell lines, as well as unique, potentially tumor-specific insertions. We also conducted association analyses relating individual insertions to a variety of cellular phenotypes. CONCLUSIONS. These data provide a resource for investigators with interests in specific cancer gene loci or mobile element insertion effects more broadly. Our data underscore that significant genetic variation in cancer genomes is owed to LINE-1 and Alu retrotransposons. Our findings also indicate that as large numbers of cancer genomes become available, it will be possible to associate individual transposable element insertion variants with molecular and phenotypic features of these malignancies.	Zampella JG, Rodić N, Yang WR, Huang CR, Welch J, Gnanakkan VP, Cornish TC, Boeke JD, Burns KH. A map of mobile DNA insertions in the NCI-60 human cancer cell panel <i>Mobile DNA.</i> 2016-11-04. DOI:https://www.doi.org/10.1186/s13100-016-0078-4 PMID:27807467
78fc17fc-fec1-4a99-9ccd-005ec3b40488	https://www.doi.org/10.18632/oncotarget.11845	PMID:27602502	PMC5308618	No	Oncotarget	2016-09-08	Phenotypic consequences of somatic mutations in the ataxia-telangiectasia mutated gene in non-small cell lung cancer	CC-BY	Yes	Yes	pmc_fulltext_xml/PMC5308618.xml	http://creativecommons.org/licenses/by/2.5/	"[""Weber AM"", ""Drobnitzky N"", ""Devery AM"", ""Bokobza SM"", ""Adams RA"", ""Maughan TS"", ""Ryan AJ.""]"	Mutations in the Ataxia-telangiectasia mutated (ATM) gene are frequently found in human cancers, including non-small cell lung cancer (NSCLC). Loss of ATM function confers sensitivity to ionising radiation (IR) and topoisomerase inhibitors and may thus define a subset of cancer patients that could get increased benefit from these therapies. In this study, we evaluated the phenotypic consequences of ATM missense changes reported in seven NSCLC cell lines with regard to radiosensitivity and functionality of ATM signalling. Our data demonstrate that only 2/7 NSCLC cell lines (H1395 and H23) harbouring ATM missense mutations show a functional impairment of ATM signalling following IR-exposure. In these two cell lines, the missense mutations caused a significant reduction in ATM protein levels, impairment of ATM signalling and marked radiosensitivity. Of note, only cell lines with homozygous mutations in the ATM gene showed significant impairment of ATM function. Based on these observations, we developed an immunohistochemistry-based assay to identify patients with loss or reduction of ATM protein expression in a clinical setting. In a set of 137 NSCLC and 154 colorectal cancer specimens we identified tumoral loss of ATM protein expression in 9.5% and 3.9% of cases, respectively, demonstrating the potential utility of this method.	Weber AM, Drobnitzky N, Devery AM, Bokobza SM, Adams RA, Maughan TS, Ryan AJ. Phenotypic consequences of somatic mutations in the ataxia-telangiectasia mutated gene in non-small cell lung cancer <i>Oncotarget.</i> 2016-09-08. DOI:https://www.doi.org/10.18632/oncotarget.11845 PMID:27602502
841ca085-7cb3-4bc8-a3e6-86e34bf8ebb2	https://www.doi.org/10.1158/1535-7163.MCT-15-0074	PMID:26351324	PMC4636476	No	Molecular Cancer Therapeutics	2016-09-06	Sarcoma Cell Line Screen of Oncology Drugs and Investigational Agents Identifies Patterns Associated with Gene and microRNA Expression	Fair use (license unspecified)	No	Yes	pmc_fulltext_xml/PMC4636476.xml	This file is available for text mining. It may also be used consistent with the principles of fair use under the copyright law.	"[""Beverly A Teicher"", ""Eric Polley"", ""Mark Kunkel"", ""David Evans"", ""Thomas Silvers"", ""Rene Delosh"", ""Julie Laudeman"", ""Chad Ogle"", ""Russell Reinhart"", ""Michael Selby"", ""John Connelly"", ""Erik Harris"", ""Anne Monks"", ""Joel Morris""]"	The diversity in sarcoma phenotype and genotype make treatment of this family of diseases exceptionally challenging. Sixty-three human adult and pediatric sarcoma lines were screened with 100 FDA-approved oncology agents and 345 investigational agents. The investigational agents' library enabled comparison of several compounds targeting the same molecular entity allowing comparison of target specificity and heterogeneity of cell line response. Gene expression was derived from exon array data and microRNA expression was derived from direct digital detection assays. The compounds were screened against each cell line at nine concentrations in triplicate with an exposure time of 96 hours using Alamar blue as the endpoint. Results are presented for inhibitors of the following targets: aurora kinase, IGF-1R, MEK, BET bromodomain, and PARP1. Chemical structures, IC50 heat maps, concentration response curves, gene expression, and miR expression heat maps are presented for selected examples. In addition, two cases of exceptional responders are presented. The drug and compound response, gene expression, and microRNA expression data are publicly available at http://sarcoma.cancer.gov. These data provide a unique resource to the cancer research community.	Beverly A Teicher, Eric Polley, Mark Kunkel, David Evans, Thomas Silvers, Rene Delosh, Julie Laudeman, Chad Ogle, Russell Reinhart, Michael Selby, John Connelly, Erik Harris, Anne Monks, Joel Morris. Sarcoma Cell Line Screen of Oncology Drugs and Investigational Agents Identifies Patterns Associated with Gene and microRNA Expression. <i>Molecular Cancer Therapeutics.</i> 2016-09-06. DOI:https://www.doi.org/10.1158/1535-7163.MCT-15-0074 PMID:26351324
3644dab3-0591-4a50-841c-b90544d7ee33	https://www.doi.org/10.1038/sdata.2016.52	PMID:27377824	PMC4932877	No	Scientific Data	2016-07-06	Long non-coding RNA expression profiling in the NCI60 cancer cell line panel using high-throughput RT-qPCR	CC-BY-4.0	Yes	Yes	pmc_fulltext_xml/PMC4932877.xml	http://creativecommons.org/licenses/by/4.0	"[""Mestdagh P"", ""Lefever S"", ""Volders PJ"", ""Derveaux S"", ""Hellemans J"", ""Vandesompele J.""]"	Long non-coding RNAs (lncRNAs) form a new class of RNA molecules implicated in various aspects of protein coding gene expression regulation. To study lncRNAs in cancer, we generated expression profiles for 1707 human lncRNAs in the NCI60 cancer cell line panel using a high-throughput nanowell RT-qPCR platform. We describe how qPCR assays were designed and validated and provide processed and normalized expression data for further analysis. Data quality is demonstrated by matching the lncRNA expression profiles with phenotypic and genomic characteristics of the cancer cell lines. This data set can be integrated with publicly available omics and pharmacological data sets to uncover novel associations between lncRNA expression and mRNA expression, miRNA expression, DNA copy number, protein coding gene mutation status or drug response.	Mestdagh P, Lefever S, Volders PJ, Derveaux S, Hellemans J, Vandesompele J. Long non-coding RNA expression profiling in the NCI60 cancer cell line panel using high-throughput RT-qPCR <i>Scientific Data.</i> 2016-07-06. DOI:https://www.doi.org/10.1038/sdata.2016.52 PMID:27377824
3be918bc-5eda-4d39-8a62-81fa78dfb6d6	https://www.doi.org/10.1016/j.ebiom.2016.06.007	PMID:27333032	PMC4972548	No	EBioMedicine	2016-06-23	An ShRNA Screen Identifies MEIS1 as a Driver of Malignant Peripheral Nerve Sheath Tumors	CC-BY-NC-ND	Yes	Yes	pmc_fulltext_xml/PMC4972548.xml	http://creativecommons.org/licenses/by-nc-nd/4.0/	"[""Patel AV"", ""Chaney KE"", ""Choi K"", ""Largaespada DA"", ""Kumar AR"", ""Ratner N.""]"	Malignant peripheral nerve sheath tumors (MPNST) are rare soft tissue sarcomas that are a major source of mortality in neurofibromatosis type 1 (NF1) patients. To identify MPNST driver genes, we performed a lentiviral short hairpin (sh) RNA screen, targeting all 130 genes up-regulated in neurofibroma and MPNSTs versus normal human nerve Schwann cells. NF1 mutant cells show activation of RAS/MAPK signaling, so a counter-screen in RAS mutant carcinoma cells was performed to exclude common RAS-pathway driven genes. We identified 7 genes specific for survival of MPSNT cells, including MEIS1. MEIS1 was frequently amplified or hypomethylated in human MPSNTs, correlating with elevated MEIS1 gene expression. In MPNST cells and in a genetically engineered mouse model, MEIS1 expression in developing nerve glial cells was necessary for MPNST growth. Mechanistically, MEIS1 drives MPNST cell growth via the transcription factor ID1, thereby suppressing expression of the cell cycle inhibitor p27(Kip) and maintaining cell survival.	Patel AV, Chaney KE, Choi K, Largaespada DA, Kumar AR, Ratner N. An ShRNA Screen Identifies MEIS1 as a Driver of Malignant Peripheral Nerve Sheath Tumors <i>EBioMedicine.</i> 2016-06-23. DOI:https://www.doi.org/10.1016/j.ebiom.2016.06.007 PMID:27333032
1870530d-d859-4941-9598-e26dd340d352	https://www.doi.org/10.1111/gbb.12305	PMID:27283753	PMC5603718	No	Genes, Brain and Behavior	2016-06-11	Brain and behaviour phenotyping of a mouse model of neurofibromatosis type-1: an MRI/DTI study on social cognition	Fair use (license unspecified)	No	Yes	pmc_fulltext_xml/PMC5603718.xml	This file is available for text mining. It may also be used consistent with the principles of fair use under the copyright law.	"[""Petrella LI"", ""Cai Y"", ""Sereno JV"", ""Gonçalves SI"", ""Silva AJ"", ""Castelo-Branco M.""]"	Neurofibromatosis type-1 (NF1) is a common neurogenetic disorder and an important cause of intellectual disability. Brain-behaviour associations can be examined in vivo using morphometric magnetic resonance imaging (MRI) and diffusion tensor imaging (DTI) to study brain structure. Here, we studied structural and behavioural phenotypes in heterozygous Nf1 mice (Nf1(+/-) ) using T2-weighted imaging MRI and DTI, with a focus on social recognition deficits. We found that Nf1(+/-) mice have larger volumes than wild-type (WT) mice in regions of interest involved in social cognition, the prefrontal cortex (PFC) and the caudate-putamen (CPu). Higher diffusivity was found across a distributed network of cortical and subcortical brain regions, within and beyond these regions. Significant differences were observed for the social recognition test. Most importantly, significant structure-function correlations were identified concerning social recognition performance and PFC volumes in Nf1(+/-) mice. Analyses of spatial learning corroborated the previously known deficits in the mutant mice, as corroborated by platform crossings, training quadrant time and average proximity measures. Moreover, linear discriminant analysis of spatial performance identified 2 separate sub-groups in Nf1(+/-) mice. A significant correlation between quadrant time and CPu volumes was found specifically for the sub-group of Nf1(+/-) mice with lower spatial learning performance, suggesting additional evidence for reorganization of this region. We found strong evidence that social and spatial cognition deficits can be associated with PFC/CPu structural changes and reorganization in NF1.	Petrella LI, Cai Y, Sereno JV, Gonçalves SI, Silva AJ, Castelo-Branco M. Brain and behaviour phenotyping of a mouse model of neurofibromatosis type-1: an MRI/DTI study on social cognition <i>Genes Brain Behav.</i> 2016-06-11. DOI:https://www.doi.org/10.1111/gbb.12305 PMID:27283753
cb76d7c2-0e43-4a50-b9a6-71866af50c7d	https://www.doi.org/10.1074/mcp.M116.058313	PMID:27259358	PMC4974343	No	Molecular & Cellular Proteomics	2016-06-05	Resolution of novel pancreatic ductal adenocarcinoma subtypes by global phosphotyrosine profiling	PMC (access type unspecified)	No	No (abstract only)	pmc_fulltext_xml/PMC4974343.xml		"[""Humphrey ES"", ""Su SP"", ""Nagrial AM"", ""Hochgräfe F"", ""Pajic M"", ""Lehrbach GM"", ""Parton RG"", ""Yap AS"", ""Horvath LG"", ""Chang DK"", ""Biankin AV"", ""Wu J"", ""Daly RJ.""]"	Comprehensive characterization of signaling in pancreatic ductal adenocarcinoma (PDAC) promises to enhance our understanding of the molecular aberrations driving this devastating disease, and may identify novel therapeutic targets as well as biomarkers that enable stratification of patients for optimal therapy. Here, we use immunoaffinity-coupled high-resolution mass spectrometry to characterize global tyrosine phosphorylation patterns across two large panels of human PDAC cell lines: the ATCC series (19 cell lines) and TKCC series (17 cell lines). This resulted in the identification and quantification of over 1800 class 1 tyrosine phosphorylation sites and the consistent segregation of both PDAC cell line series into three subtypes with distinct tyrosine phosphorylation profiles. Subtype-selective signaling networks were characterized by identification of subtype-enriched phosphosites together with pathway and network analyses. This revealed that the three subtypes characteristic of the ATCC series were associated with perturbations in signaling networks associated with cell-cell adhesion and epithelial-mesenchyme transition, mRNA metabolism, and receptor tyrosine kinase (RTK) signaling, respectively. Specifically, the third subtype exhibited enhanced tyrosine phosphorylation of multiple RTKs including the EGFR, ERBB3 and MET. Interestingly, a similar RTK-enriched subtype was identified in the TKCC series, and 'classifier' sites for each series identified using Random Forest models were able to predict the subtypes of the alternate series with high accuracy, highlighting the conservation of the three subtypes across the two series. Finally, RTK-enriched cell lines from both series exhibited enhanced sensitivity to the small molecule EGFR inhibitor erlotinib, indicating that their phosphosignature may provide a predictive biomarker for response to this targeted therapy. These studies highlight how resolution of subtype-selective signaling networks can provide a novel taxonomy for particular cancers, and provide insights into PDAC biology that can be exploited for improved patient management.	Humphrey ES, Su SP, Nagrial AM, Hochgräfe F, Pajic M, Lehrbach GM, Parton RG, Yap AS, Horvath LG, Chang DK, Biankin AV, Wu J, Daly RJ. Resolution of Novel Pancreatic Ductal Adenocarcinoma Subtypes by Global Phosphotyrosine Profiling <i>Molecular & Cellular Proteomics.</i> 2016-06-05. DOI:https://www.doi.org/10.1074/mcp.M116.058313 PMID:27259358
a70633f8-4981-4b10-8bfb-a24ce6b4f879	https://www.doi.org/10.1371/journal.pone.0156689	PMID:27257868	PMC4892608	No	PLoS One	2016-06-04	Intrinsic radiosensitivity and cellular characterization of 27 canine cancer cell lines	CC-BY-4.0	Yes	Yes	pmc_fulltext_xml/PMC4892608.xml	http://creativecommons.org/licenses/by/4.0/	"[""Maeda J"", ""Froning CE"", ""Brents CA"", ""Rose BJ"", ""Thamm DH"", ""Kato TA.""]"	Canine cancer cell lines have progressively been developed, but are still underused resources for radiation biology research. Measurement of the cellular intrinsic radiosensitivity is important because understanding the difference may provide a framework for further elucidating profiles for prediction of radiation therapy response. Our studies have focused on characterizing diverse canine cancer cell lines in vitro and understanding parameters that might contribute to intrinsic radiosensitivity. First, intrinsic radiosensitivity of 27 canine cancer cell lines derived from ten tumor types was determined using a clonogenic assay. The 27 cell lines had varying radiosensitivities regardless tumor type (survival fraction at 2 Gy, SF2 = 0.19-0.93). In order to understand parameters that might contribute to intrinsic radiosensitivity, we evaluated the relationships of cellular radiosensitivity with basic cellular characteristics of the cell lines. There was no significant correlation of SF2 with S-phase fraction, doubling time, chromosome number, ploidy, or number of metacentric chromosomes, while there was a statistically significant correlation between SF2 and plating efficiency. Next, we selected the five most radiosensitive cell lines as the radiosensitive group and the five most radioresistant cell lines as the radioresistant group. Then, we evaluated known parameters for cell killing by ionizing radiation, including radiation-induced DNA double strand break (DSB) repair and apoptosis, in the radiosensitive group as compared to the radioresistant group. High levels of residual γ-H2AX foci at the sites of DSBs were present in the four out of the five radiosensitive canine cancer cell lines. Our studies suggested that substantial differences in intrinsic radiosensitivity exist in canine cancer cell lines, and radiation-induced DSB repair was related to radiosensitivity, which is consistent with previous human studies. These data may assist further investigations focusing on the detection of DSB for predicting individual response to radiation therapy for dogs, regardless of tumor type.	Maeda J, Froning CE, Brents CA, Rose BJ, Thamm DH, Kato TA. Intrinsic Radiosensitivity and Cellular Characterization of 27 Canine Cancer Cell Lines <i>PLoS One.</i> 2016-06-04. DOI:https://www.doi.org/10.1371/journal.pone.0156689 PMID:27257868
c30ea9a7-b2f3-406a-8d47-c82faca8d762	https://www.doi.org/10.1111/vco.12192	PMID:27197945	PMC5656225	No	Veterinary and Comparative Oncology	2016-05-21	The Flint Animal Cancer Center (FACC) canine tumour cell line panel: A resource for veterinary drug discovery, comparative oncology and translational medicine	Fair use (license unspecified)	No	Yes	pmc_fulltext_xml/PMC5656225.xml	This file is available for text mining. It may also be used consistent with the principles of fair use under the copyright law.	"[""Fowles JS"", ""Dailey DD"", ""Gustafson DL"", ""Thamm DH"", ""Duval DL.""]"	Mammalian cell tissue culture has been a critical tool leading to our current understanding of cancer including many aspects of cellular transformation, growth and response to therapies. The current use of large panels of cell lines with associated phenotypic and genotypic information now allows for informatics approaches and in silico screens to rapidly test hypotheses based on simple as well as complex relationships. Current cell line panels with large amounts of associated drug sensitivity and genomics data are comprised of human cancer cell lines (i.e. NCI60 and GDSC). There is increased recognition of the contribution of canine cancer to comparative cancer research as a spontaneous large animal model with application in basic and translational studies. We have assembled a panel of canine cancer cell lines to facilitate studies in canine cancer and report here phenotypic and genotypic data associated with these cells.	Fowles JS, Dailey DD, Gustafson DL, Thamm DH, Duval DL. The Flint Animal Cancer Center (FACC) Canine Tumour Cell Line Panel: a resource for veterinary drug discovery, comparative oncology and translational medicine <i>Veterinary and Comparative Oncology.</i> 2016-05-21. DOI:https://www.doi.org/10.1111/vco.12192 PMID:27197945
e7b18ffa-8d5c-46e2-9a0b-bcb9fdb01591	https://www.doi.org/10.1016/j.stemcr.2015.04.009	PMID:26004630	PMC4471828	No	Stem Cell Reports	2016-03-16	Transcriptome Signature and Regulation in Human Somatic Cell Reprogramming	CC-BY-NC-ND	Yes	Yes	pmc_fulltext_xml/PMC4471828.xml	http://creativecommons.org/licenses/by-nc-nd/3.0/	"[""Yoshiaki Tanaka"", ""Eriona Hysolli"", ""Juan Su"", ""Yangfei Xiang"", ""Kun-Yong Kim"", ""Mei Zhong"", ""Yumei Li"", ""Kartoosh Heydari"", ""Ghia Euskirchen"", ""Michael P Snyder"", ""Xinghua Pan"", ""Sherman Morton Weissman"", ""In-Hyun Park""]"	Reprogramming of somatic cells produces induced pluripotent stem cells (iPSCs) that are invaluable resources for biomedical research. Here, we extended the previous transcriptome studies by performing RNA-seq on cells defined by a combination of multiple cellular surface markers. We found that transcriptome changes during early reprogramming occur independently from the opening of closed chromatin by OCT4, SOX2, KLF4, and MYC (OSKM). Furthermore, our data identify multiple spliced forms of genes uniquely expressed at each progressive stage of reprogramming. In particular, we found a pluripotency-specific spliced form of CCNE1 that is specific to human and significantly enhances reprogramming. In addition, single nucleotide polymorphism (SNP) expression analysis reveals that monoallelic gene expression is induced in the intermediate stages of reprogramming, while biallelic expression is recovered upon completion of reprogramming. Our transcriptome data provide unique opportunities in understanding human iPSC reprogramming.	Yoshiaki Tanaka, Eriona Hysolli, Juan Su, Yangfei Xiang, Kun-Yong Kim, Mei Zhong, Yumei Li, Kartoosh Heydari, Ghia Euskirchen, Michael P Snyder, Xinghua Pan, Sherman Morton Weissman, In-Hyun Park. Transcriptome Signature and Regulation in Human Somatic Cell Reprogramming. <i>Stem Cell Reports.</i> 2016-03-16. DOI:https://www.doi.org/10.1016/j.stemcr.2015.04.009 PMID:26004630
d09bdd7c-d4dc-497c-8ac4-3d2ea03ae5f0	https://www.doi.org/10.1371/journal.pone.0121314	PMID:25894527	PMC4404347	No	PloS One	2016-02-22	A mass spectrometric-derived cell surface protein atlas	Public Domain	Yes	Yes	pmc_fulltext_xml/PMC4404347.xml	https://creativecommons.org/publicdomain/zero/1.0/	"[""Damaris Bausch-Fluck"", ""Andreas Hofmann"", ""Thomas Bock"", ""Andreas P Frei"", ""Ferdinando Cerciello"", ""Andrea Jacobs"", ""Hansjoerg Moest"", ""Ulrich Omasits"", ""Rebekah L Gundry"", ""Charles Yoon"", ""Ralph Schiess"", ""Alexander Schmidt"", ""Paulina Mirkowska"", ""Anetta Härtlová"", ""Jennifer E Van Eyk"", ""Jean-Pierre Bourquin"", ""Ruedi Aebersold"", ""Kenneth R Boheler"", ""Peter Zandstra"", ""Bernd Wollscheid""]"	Cell surface proteins are major targets of biomedical research due to their utility as cellular markers and their extracellular accessibility for pharmacological intervention. However, information about the cell surface protein repertoire (the surfaceome) of individual cells is only sparsely available. Here, we applied the Cell Surface Capture (CSC) technology to 41 human and 31 mouse cell types to generate a mass-spectrometry derived Cell Surface Protein Atlas (CSPA) providing cellular surfaceome snapshots at high resolution. The CSPA is presented in form of an easy-to-navigate interactive database, a downloadable data matrix and with tools for targeted surfaceome rediscovery (http://wlab.ethz.ch/cspa). The cellular surfaceome snapshots of different cell types, including cancer cells, resulted in a combined dataset of 1492 human and 1296 mouse cell surface glycoproteins, providing experimental evidence for their cell surface expression on different cell types, including 136 G-protein coupled receptors and 75 membrane receptor tyrosine-protein kinases. Integrated analysis of the CSPA reveals that the concerted biological function of individual cell types is mainly guided by quantitative rather than qualitative surfaceome differences. The CSPA will be useful for the evaluation of drug targets, for the improved classification of cell types and for a better understanding of the surfaceome and its concerted biological functions in complex signaling microenvironments.	Damaris Bausch-Fluck, Andreas Hofmann, Thomas Bock, Andreas P Frei, Ferdinando Cerciello, Andrea Jacobs, Hansjoerg Moest, Ulrich Omasits, Rebekah L Gundry, Charles Yoon, Ralph Schiess, Alexander Schmidt, Paulina Mirkowska, Anetta Härtlová, Jennifer E Van Eyk, Jean-Pierre Bourquin, Ruedi Aebersold, Kenneth R Boheler, Peter Zandstra, Bernd Wollscheid. A mass spectrometric-derived cell surface protein atlas. <i>PloS One.</i> 2016-02-22. DOI:https://www.doi.org/10.1371/journal.pone.0121314 PMID:25894527
0b2e8e11-bf19-4e4e-b15a-9cb010a9297a	https://www.doi.org/10.18632/oncotarget.7232	PMID:26859681	PMC4884927	No	Oncotarget	2016-02-10	Spatially- and temporally-controlled postnatal p53 knockdown cooperates with embryonic Schwann cell precursor gene loss to promote malignant peripheral nerve sheath tumor formation	CC-BY	Yes	Yes	pmc_fulltext_xml/PMC4884927.xml	http://creativecommons.org/licenses/by/2.5/	"[""Hirbe AC"", ""Dahiya S"", ""Friedmann-Morvinski D"", ""Verma IM"", ""Clapp DW"", ""Gutmann DH.""]"	Malignant peripheral nerve sheath tumors (MPNSTs) are highly aggressive sarcomas that arise sporadically or in association with the Neurofibromatosis type 1 (NF1) cancer predisposition syndrome. In individuals with NF1, MPNSTs are hypothesized to arise from Nf1-deficient Schwann cell precursor cells following the somatic acquisition of secondary cooperating genetic mutations (e.g., p53 loss). To model this sequential genetic cooperativity, we coupled somatic lentivirus-mediated p53 knockdown in the adult right sciatic nerve with embryonic Schwann cell precursor Nf1 gene inactivation in two different Nf1 conditional knockout mouse strains. Using this approach, ~60% of mice with Periostin-Cre-mediated Nf1 gene inactivation (Periostin-Cre; Nf1(flox/flox) mice) developed tumors classified as low-grade MPNSTs following p53 knockdown (mean, 6 months). Similarly, ~70% of Nf1+/- mice with GFAP-Cre-mediated Nf1 gene inactivation (GFAP-Cre; Nf1(flox/null) mice) developed low-grade MPNSTs following p53 knockdown (mean, 3 months). In addition, wild-type and Nf1+/- mice with GFAP-Cre-mediated Nf1 loss develop MPNSTs following somatic p53 knockout with different latencies, suggesting potential influences of Nf1+/- stromal cells in MPNST pathogenesis. Collectively, this new MPNST model system permits the analysis of somatically-acquired events as well as tumor microenvironment signals that potentially cooperate with Nf1 loss in the development and progression of this deadly malignancy.	Hirbe AC, Dahiya S, Friedmann-Morvinski D, Verma IM, Clapp DW, Gutmann DH. Spatially- and temporally-controlled postnatal p53 knockdown cooperates with embryonic Schwann cell precursor Nf1 gene loss to promote malignant peripheral nerve sheath tumor formation <i>Oncotarget.</i> 2016-02-10. DOI:https://www.doi.org/10.18632/oncotarget.7232 PMID:26859681
cc5fcf4a-db57-47c9-96a1-7909480cfff7	https://www.doi.org/10.1002/anie.201500342	PMID:25807930	PMC4471546	No	Angewandte Chemie International Edition	2016-02-10	Multifunctional reagents for quantitative proteome-wide analysis of protein modification in human cells and dynamic profiling of protein lipidation during vertebrate development	CC-BY	Yes	Yes	pmc_fulltext_xml/PMC4471546.xml	http://creativecommons.org/licenses/by/3.0/	"[""Malgorzata Broncel"", ""Remigiusz A Serwa"", ""Paulina Ciepla"", ""Eberhard Krause"", ""Margaret J Dallman"", ""Anthony I Magee"", ""Edward W Tate""]"	Novel multifunctional reagents were applied in combination with a lipid probe for affinity enrichment of myristoylated proteins and direct detection of lipid-modified tryptic peptides by mass spectrometry. This method enables high-confidence identification of the myristoylated proteome on an unprecedented scale in cell culture, and allowed the first quantitative analysis of dynamic changes in protein lipidation during vertebrate embryonic development.	Malgorzata Broncel, Remigiusz A Serwa, Paulina Ciepla, Eberhard Krause, Margaret J Dallman, Anthony I Magee, Edward W Tate. Multifunctional reagents for quantitative proteome-wide analysis of protein modification in human cells and dynamic profiling of protein lipidation during vertebrate development. <i>Angewandte Chemie International Edition.</i> 2016-02-10. DOI:https://www.doi.org/10.1002/anie.201500342 PMID:25807930
0d8a5d86-d4ec-4e42-a3a5-d32e0bb70c77	https://www.doi.org/10.1038/ng.3361	PMID:26214590	PMC4916843	No	Nature Genetics	2016-01-13	Exome sequencing identifies recurrent mutations in NF1 and RASopathy genes in sun-exposed melanomas	NIH Public Access/Author Manuscripts	No	Yes	pmc_fulltext_xml/PMC4916843.xml	Reprints and permissions information is available online at http://www.nature.com/reprints/index.html.	"[""Michael Krauthammer"", ""Yong Kong"", ""Antonella Bacchiocchi"", ""Perry Evans"", ""Natapol Pornputtapong"", ""Cen Wu"", ""James P McCusker"", ""Shuangge Ma"", ""Elaine Cheng"", ""Robert Straub"", ""Merdan Serin"", ""Marcus Bosenberg"", ""Stephan Ariyan"", ""Deepak Narayan"", ""Mario Sznol"", ""Harriet M Kluger"", ""Shrikant Mane"", ""Joseph Schlessinger"", ""Richard P Lifton"", ""Ruth Halaban""]"	We report on whole-exome sequencing (WES) of 213 melanomas. Our analysis established NF1, encoding a negative regulator of RAS, as the third most frequently mutated gene in melanoma, after BRAF and NRAS. Inactivating NF1 mutations were present in 46% of melanomas expressing wild-type BRAF and RAS, occurred in older patients and showed a distinct pattern of co-mutation with other RASopathy genes, particularly RASA2. Functional studies showed that NF1 suppression led to increased RAS activation in most, but not all, melanoma cases. In addition, loss of NF1 did not predict sensitivity to MEK or ERK inhibitors. The rebound pathway, as seen by the induction of phosphorylated MEK, occurred in cells both sensitive and resistant to the studied drugs. We conclude that NF1 is a key tumor suppressor lost in melanomas, and that concurrent RASopathy gene mutations may enhance its role in melanomagenesis.	Michael Krauthammer, Yong Kong, Antonella Bacchiocchi, Perry Evans, Natapol Pornputtapong, Cen Wu, James P McCusker, Shuangge Ma, Elaine Cheng, Robert Straub, Merdan Serin, Marcus Bosenberg, Stephan Ariyan, Deepak Narayan, Mario Sznol, Harriet M Kluger, Shrikant Mane, Joseph Schlessinger, Richard P Lifton, Ruth Halaban. Exome sequencing identifies recurrent mutations in NF1 and RASopathy genes in sun-exposed melanomas. <i>Nature Genetics.</i> 2016-01-13. DOI:https://www.doi.org/10.1038/ng.3361 PMID:26214590
53988c2b-54f3-46d0-8424-e6b8c90ae863	https://www.doi.org/10.1007/s11060-015-2052-2	PMID:26744134	PMC5521190	No	Journal of Neuro-Oncology	2016-01-09	Targeted next generation sequencing reveals unique mutation profile of primary melanocytic tumors of the central nervous system	Fair use (license unspecified)	No	Yes	pmc_fulltext_xml/PMC5521190.xml	This file is available for text mining. It may also be used consistent with the principles of fair use under the copyright law.	"[""van de Nes J"", ""Gessi M"", ""Sucker A"", ""Möller I"", ""Stiller M"", ""Horn S"", ""Scholz SL"", ""Pischler C"", ""Stadtler N"", ""Schilling B"", ""Zimmer L"", ""Hillen U"", ""Scolyer RA"", ""Buckland ME"", ""Lauriola L"", ""Pietsch T"", ""Waha A"", ""Schadendorf D"", ""Murali R"", ""Griewank KG.""]"	Melanocytic tumors originating in the central nervous system (MT-CNS) are rare tumors that generally have a favorable prognosis, however malignant tumors do occur. Pathogenetically MT-CNS are not well characterized. Similar to uveal melanoma and blue nevi, they frequently harbor activating GNAQ or GNA11 mutations. Rare NRAS mutations have also been reported. Other mutations have not yet been described. We analyzed 19 MT-CNS, 7 uveal melanomas and 19 cutaneous melanomas using a targeted next generation sequencing approach analyzing 29 genes known to be frequently mutated in other melanocytic tumors (in particular uveal and cutaneous melanomas). In concordance with previous studies, cutaneous melanoma samples showed frequent NRAS or BRAF mutations, as well as mutations in other genes (e.g. NF1, RAC1, PIK3CA, ARID1A). Metastasized uveal melanomas exhibited mutations in GNAQ, GNA11 and BAP1. In contrast, MT-CNS almost exclusively demonstrated mutations in GNAQ (71 %) or GNA11 (12 %). Interestingly both GNA11 mutations identified were detected in MT-CNS diagnosed as intermediate grade melanocytomas which also recurred. One of these recurrent cases also harbored an inactivating BAP1 mutation and was found to have lost one copy of chromosome 3. Our findings show that while MT-CNS do have GNAQ or GNA11 mutations, they rarely harbor other recurrent mutations found in uveal or cutaneous melanomas. Considering chromosome 3 and BAP1 loss are robust markers of poor prognosis in uveal melanoma, it will prove interesting to determine whether these genomic alterations are also of prognostic significance in MT-CNS.	van de Nes J, Gessi M, Sucker A, Möller I, Stiller M, Horn S, Scholz SL, Pischler C, Stadtler N, Schilling B, Zimmer L, Hillen U, Scolyer RA, Buckland ME, Lauriola L, Pietsch T, Waha A, Schadendorf D, Murali R, Griewank KG. Targeted next generation sequencing reveals unique mutation profile of primary melanocytic tumors of the central nervous system <i>Journal of Neuro-Oncology.</i> 2016-01-09. DOI:https://www.doi.org/10.1007/s11060-015-2052-2 PMID:26744134
9d4de8c7-9141-45c7-a8d6-f826880a2274	https://www.doi.org/10.1016/j.neo.2015.10.002	PMID:26585233	PMC4656811	No	Neoplasia	2015-11-21	RNA Sequencing of Tumor-Associated Microglia Reveals Ccl5 as a Stromal Chemokine Critical for Neurofibromatosis-1 Glioma Growth	CC-BY-NC-ND	Yes	Yes	pmc_fulltext_xml/PMC4656811.xml	http://creativecommons.org/licenses/by-nc-nd/4.0/	"[""Solga AC"", ""Pong WW"", ""Kim KY"", ""Cimino PJ"", ""Toonen JA"", ""Walker J"", ""Wylie T"", ""Magrini V"", ""Griffith M"", ""Griffith OL"", ""Ly A"", ""Ellisman MH"", ""Mardis ER"", ""Gutmann DH.""]"	Solid cancers develop within a supportive microenvironment that promotes tumor formation and growth through the elaboration of mitogens and chemokines. Within these tumors, monocytes (macrophages and microglia) represent rich sources of these stromal factors. Leveraging a genetically engineered mouse model of neurofibromatosis type 1 (NF1) low-grade brain tumor (optic glioma), we have previously demonstrated that microglia are essential for glioma formation and maintenance. To identify potential tumor-associated microglial factors that support glioma growth (gliomagens), we initiated a comprehensive large-scale discovery effort using optimized RNA-sequencing methods focused specifically on glioma-associated microglia. Candidate microglial gliomagens were prioritized to identify potential secreted or membrane-bound proteins, which were next validated by quantitative real-time polymerase chain reaction as well as by RNA fluorescence in situ hybridization following minocycline-mediated microglial inactivation in vivo. Using these selection criteria, chemokine (C-C motif) ligand 5 (Ccl5) was identified as a chemokine highly expressed in genetically engineered Nf1 mouse optic gliomas relative to nonneoplastic optic nerves. As a candidate gliomagen, recombinant Ccl5 increased Nf1-deficient optic nerve astrocyte growth in vitro. Importantly, consistent with its critical role in maintaining tumor growth, treatment with Ccl5 neutralizing antibodies reduced Nf1 mouse optic glioma growth and improved retinal dysfunction in vivo. Collectively, these findings establish Ccl5 as an important microglial growth factor for low-grade glioma maintenance relevant to the development of future stroma-targeted brain tumor therapies.	Solga AC, Pong WW, Kim KY, Cimino PJ, Toonen JA, Walker J, Wylie T, Magrini V, Griffith M, Griffith OL, Ly A, Ellisman MH, Mardis ER, Gutmann DH. RNA Sequencing of Tumor-Associated Microglia Reveals Ccl5 as a Stromal Chemokine Critical for Neurofibromatosis-1 Glioma Growth <i>Neoplasia.</i> 2015-11-21. DOI:https://www.doi.org/10.1016/j.neo.2015.10.002 PMID:26585233
77f1cbcc-85f3-4634-87e7-482f11ab2de2	https://www.doi.org/10.1016/j.humpath.2015.05.014	PMID:26190195	PMC4703095	No	Human Pathology	2015-11-16	Clinicopathologic implications of NF1 gene alterations in diffuse gliomas	Fair use (license unspecified)	No	Yes	pmc_fulltext_xml/PMC4703095.xml	This file is available for text mining. It may also be used consistent with the principles of fair use under the copyright law.	"[""M Adelita Vizcaíno"", ""Smit Shah"", ""Charles G Eberhart"", ""Fausto J Rodriguez""]"	Recent studies have identified somatic alterations in the gene encoding for neurofibromin (NF1) in a subset of glioblastoma (GBM), usually associated with the mesenchymal molecular subtype. To understand the significance of NF1 genetic alterations in diffuse gliomas in general, we evaluated public databases and tested for NF1 copy number alterations in a cohort using fluorescence in situ hybridization. NF1 genetic loss (homozygous NF1 deletions or mutations with predicted functional consequences) was present in 30 (of 281) (11%) GBM and 21 (of 286) (7%) lower-grade gliomas in The Cancer Genome Atlas data. Furthermore, NF1 loss was associated with worse overall and disease-specific survival in the lower-grade glioma, but not GBM, Group in The Cancer Genome Atlas cohort. IDH1 or 2 mutations co-existed in lower-grade gliomas with NF1 loss (36%) but not in GBM. In our cohort studied by fluorescence in situ hybridization, NF1/17q (n = 2) or whole Ch17 (n = 3) losses were only identified in the GBM group (5/86 [6%]). Tumors with NF1/Ch17 loss were predominantly adult GBM (4/5); lacked EGFR amplification (0/4), strong p53 immunolabeling (1/5), or IDH1 (R132H) protein expression (0/5); but expressed the mesenchymal marker podoplanin in 4/5. NF1 genetic loss occurs in a subset of diffuse gliomas, and its significance deserves further exploration.	M Adelita Vizcaíno, Smit Shah, Charles G Eberhart, Fausto J Rodriguez. Clinicopathologic implications of NF1 gene alterations in diffuse gliomas. <i>Human Pathology.</i> 2015-11-16. DOI:https://www.doi.org/10.1016/j.humpath.2015.05.014 PMID:26190195
52cdb0d2-ba51-4444-84d3-c8734ec00aa1	https://www.doi.org/10.1074/mcp.M115.051235	PMID:26537799	PMC4762531	No	Molecular & Cellular Proteomics	2015-11-06	N-glycosylation profiling of colorectal cancer cell lines reveals association of fucosylation with differentiation and Caudal Type Homebox 1 (CDX1)/Villin mRNA expression	CC-BY	Yes	Yes	pmc_fulltext_xml/PMC4762531.xml	Author's Choice—Final version free via Creative Commons CC-BY license.	"[""Holst S"", ""Deuss AJ"", ""van Pelt GW"", ""van Vliet SJ"", ""Garcia-Vallejo JJ"", ""Koeleman CA"", ""Deelder AM"", ""Mesker WE"", ""Tollenaar RA"", ""Rombouts Y"", ""Wuhrer M.""]"	Various cancers such as colorectal cancer (CRC) are associated with alterations in protein glycosylation. CRC cell lines are frequently used to study these (glyco)biological changes and their mechanisms. However, differences between CRC cell lines with regard to their glycosylation have hitherto been largely neglected. Here, we comprehensively characterized the N-glycan profiles of 25 different CRC cell lines, derived from primary tumors and metastatic sites, in order to investigate their potential as glycobiological tumor model systems and to reveal glycans associated with cell line phenotypes. We applied an optimized, high-throughput membrane-based enzymatic glycan release for small sample amounts. Released glycans were derivatized to stabilize and differentiate between α2,3- and α2,6-linked N-acetylneuraminic acids, followed by N-glycosylation analysis by MALDI-TOF(/TOF)-MS. Our results showed pronounced differences between the N-glycosylation patterns of CRC cell lines. CRC cell line profiles differed from tissue-derived N-glycan profiles with regard to their high-mannose N-glycan content but showed a large overlap for complex type N-glycans, supporting their use as a glycobiological cancer model system. Importantly, we could show that the high-mannose N-glycans did not only occur as intracellular precursors but were also present at the cell surface. The obtained CRC cell line N-glycan features were not clearly correlated with mRNA expression levels of glycosyltransferases, demonstrating the usefulness of performing the structural analysis of glycans. Finally, correlation of CRC cell line glycosylation features with cancer cell markers and phenotypes revealed an association between highly fucosylated glycans and CDX1 and/or villin mRNA expression that both correlate with cell differentiation. Together, our findings provide new insights into CRC-associated glycan changes and setting the basis for more in-depth experiments on glycan function and regulation.	Holst S, Deuss AJ, van Pelt GW, van Vliet SJ, Garcia-Vallejo JJ, Koeleman CA, Deelder AM, Mesker WE, Tollenaar RA, Rombouts Y, Wuhrer M. N-glycosylation Profiling of Colorectal Cancer Cell Lines Reveals Association of Fucosylation with Differentiation and Caudal Type Homebox 1 (CDX1)/Villin mRNA Expression <i>Molecular & Cellular Proteomics.</i> 2015-11-06. DOI:https://www.doi.org/10.1074/mcp.M115.051235 PMID:26537799
0b1ffaec-a592-4018-a5f2-38ccffeb7bea	https://www.doi.org/10.1038/srep15916	PMID:26522388	PMC4629113	No	Scientific Reports	2015-11-03	Farnesylated and methylated KRAS4b: high yield production of protein suitable for biophysical studies of prenylated protein-lipid interactions	CC-BY-4.0	Yes	Yes	pmc_fulltext_xml/PMC4629113.xml	http://creativecommons.org/licenses/by/4.0/	"[""Gillette WK"", ""Esposito D"", ""Abreu Blanco M"", ""Alexander P"", ""Bindu L"", ""Bittner C"", ""Chertov O"", ""Frank PH"", ""Grose C"", ""Jones JE"", ""Meng Z"", ""Perkins S"", ""Van Q"", ""Ghirlando R"", ""Fivash M"", ""Nissley DV"", ""McCormick F"", ""Holderfield M"", ""Stephen AG.""]"	"Prenylated proteins play key roles in several human diseases including cancer, atherosclerosis and Alzheimer’s disease. KRAS4b, which is frequently mutated in pancreatic, colon and lung cancers, is processed by farnesylation, proteolytic cleavage and arboxymethylation at the C-terminus. Plasma membrane localization of KRAS4b requires this processing as does KRAS4b-dependent RAF kinase activation. Previous attempts to produce modified KRAS have relied on protein engineering approaches or in vitro farnesylation of bacterially expressed KRAS protein. The proteins produced by these methods do not accurately replicate the mature KRAS protein found in mammalian cells and the protein yield is typically low. We describe a protocol that yields 5-10 mg/L highly purified,
farnesylated, and methylated KRAS4b from insect cells. Farnesylated and methylated KRAS4b is
fully active in hydrolyzing GTP, binds RAF-RBD on lipid Nanodiscs and interacts with the known
farnesyl-binding protein PDEδ."	Gillette WK, Esposito D, Abreu Blanco M, Alexander P, Bindu L, Bittner C, Chertov O, Frank PH, Grose C, Jones JE, Meng Z, Perkins S, Van Q, Ghirlando R, Fivash M, Nissley DV, McCormick F, Holderfield M, Stephen AG. Farnesylated and methylated KRAS4b: high yield production of protein suitable for biophysical studies of prenylated protein-lipid interactions <i>Scientific Reports.</i> 2015-11-03. DOI:https://www.doi.org/10.1038/srep15916 PMID:26522388
39793180-9a03-44d6-8562-4b4a5fc2484c	https://www.doi.org/10.1016/j.ajhg.2015.06.002	PMID:26189818	PMC4573439	No	American Journal of Human Genetics	2015-10-29	Decoding NF1 Intragenic Copy-Number Variations	PMC (access type unspecified)	No	No (abstract only)	pmc_fulltext_xml/PMC4573439.xml		"[""Meng-Chang Hsiao"", ""Arkadiusz Piotrowski"", ""Tom Callens"", ""Chuanhua Fu"", ""Katharina Wimmer"", ""Kathleen B M Claes"", ""Ludwine Messiaen""]"	Genomic rearrangements can cause both Mendelian and complex disorders. Currently, several major mechanisms causing genomic rearrangements, such as non-allelic homologous recombination (NAHR), non-homologous end joining (NHEJ), fork stalling and template switching (FoSTeS), and microhomology-mediated break-induced replication (MMBIR), have been proposed. However, to what extent these mechanisms contribute to gene-specific pathogenic copy-number variations (CNVs) remains understudied. Furthermore, few studies have resolved these pathogenic alterations at the nucleotide-level. Accordingly, our aim was to explore which mechanisms contribute to a large, unique set of locus-specific non-recurrent genomic rearrangements causing the genetic neurocutaneous disorder neurofibromatosis type 1 (NF1). Through breakpoint-spanning PCR as well as array comparative genomic hybridization, we have identified the breakpoints in 85 unrelated individuals carrying an NF1 intragenic CNV. Furthermore, we characterized the likely rearrangement mechanisms of these 85 CNVs, along with those of two additional previously published NF1 intragenic CNVs. Unlike the most typical recurrent rearrangements mediated by flanking low-copy repeats (LCRs), NF1 intragenic rearrangements vary in size, location, and rearrangement mechanisms. We propose the DNA-replication-based mechanisms comprising both FoSTeS and/or MMBIR and serial replication stalling to be the predominant mechanisms leading to NF1 intragenic CNVs. In addition to the loop within a 197-bp palindrome located in intron 40, four Alu elements located in introns 1, 2, 3, and 50 were also identified as intragenic-rearrangement hotspots within NF1.	Meng-Chang Hsiao, Arkadiusz Piotrowski, Tom Callens, Chuanhua Fu, Katharina Wimmer, Kathleen B M Claes, Ludwine Messiaen. Decoding NF1 Intragenic Copy-Number Variations. <i>American Journal of Human Genetics.</i> 2015-10-29. DOI:https://www.doi.org/10.1016/j.ajhg.2015.06.002 PMID:26189818
bedf0897-84ec-4674-9ec5-8b24758167d9	https://www.doi.org/10.1038/ncomms5767	PMID:25182477	PMC4166678	No	Nature Communications	2015-10-29	Genome dynamics of the human embryonic kidney 293 lineage in response to cell biology manipulations	CC-BY-NC-ND	Yes	Yes	pmc_fulltext_xml/PMC4166678.xml	This work is licensed under a Creative Commons Attribution-NonCommercial-NoDerivs 4.0 International License. The images or other third party material in this article are included in the article’s Creative Commons license, unless indicated otherwise in the credit line; if the material is not included under the Creative Commons license, users will need to obtain permission from the license holder to reproduce the material. To view a copy of this license, visit http://creativecommons.org/licenses/by-nc-nd/4.0/	"[""Yao-Cheng Lin"", ""Morgane Boone"", ""Leander Meuris"", ""Irma Lemmens"", ""Nadine Van Roy"", ""Arne Soete"", ""Joke Reumers"", ""Matthieu Moisse"", ""Stéphane Plaisance"", ""Radoje Drmanac"", ""Jason Chen"", ""Frank Speleman"", ""Diether Lambrechts"", ""Yves Van de Peer"", ""Jan Tavernier"", ""Nico Callewaert""]"	The HEK293 human cell lineage is widely used in cell biology and biotechnology. Here we use whole-genome resequencing of six 293 cell lines to study the dynamics of this aneuploid genome in response to the manipulations used to generate common 293 cell derivatives, such as transformation and stable clone generation (293T); suspension growth adaptation (293S); and cytotoxic lectin selection (293SG). Remarkably, we observe that copy number alteration detection could identify the genomic region that enabled cell survival under selective conditions (i.c. ricin selection). Furthermore, we present methods to detect human/vector genome breakpoints and a user-friendly visualization tool for the 293 genome data. We also establish that the genome structure composition is in steady state for most of these cell lines when standard cell culturing conditions are used. This resource enables novel and more informed studies with 293 cells, and we will distribute the sequenced cell lines to this effect.	Yao-Cheng Lin, Morgane Boone, Leander Meuris, Irma Lemmens, Nadine Van Roy, Arne Soete, Joke Reumers, Matthieu Moisse, Stéphane Plaisance, Radoje Drmanac, Jason Chen, Frank Speleman, Diether Lambrechts, Yves Van de Peer, Jan Tavernier, Nico Callewaert. Genome dynamics of the human embryonic kidney 293 lineage in response to cell biology manipulations. <i>Nature Communications.</i> 2015-10-29. DOI:https://www.doi.org/10.1038/ncomms5767 PMID:25182477
5a8969bc-cd99-4ffa-a316-cbb87db77b80	https://www.doi.org/10.7554/eLife.07780	PMID:26460546	PMC4714971	No	eLife	2015-10-13	Loss of neurofibromin Ras-GAP activity enhances the formation of cardiac blood islands in murine embryos	CC-BY-4.0	Yes	Yes	pmc_fulltext_xml/PMC4714971.xml	http://creativecommons.org/licenses/by/4.0/	"[""Amanda D Yzaguirre"", ""Arun Padmanabhan"", ""Eric D de Groh"", ""Kurt A Engleka"", ""Jun Li"", ""Nancy A Speck"", ""Jonathan A Epstein""]"	Type I neurofibromatosis (NF1) is caused by mutations in the NF1 gene encoding neurofibromin. Neurofibromin exhibits Ras GTPase activating protein (Ras-GAP) activity that is thought to mediate cellular functions relevant to disease phenotypes. Loss of murine Nf1 results in embryonic lethality due to heart defects, while mice with monoallelic loss of function mutations or with tissue-specific inactivation have been used to model NF1. Here, we characterize previously unappreciated phenotypes in Nf1-/- embryos, which are inhibition of hemogenic endothelial specification in the dorsal aorta, enhanced yolk sac hematopoiesis, and exuberant cardiac blood island formation. We show that a missense mutation engineered into the active site of the Ras-GAP domain is sufficient to reproduce ectopic blood island formation, cardiac defects, and overgrowth of neural crest-derived structures seen in Nf1-/-embryos. These findings demonstrate a role for Ras-GAP activity in suppressing the hemogenic potential of the heart and restricting growth of neural crest-derived tissues.	Amanda D Yzaguirre, Arun Padmanabhan, Eric D de Groh, Kurt A Engleka, Jun Li, Nancy A Speck, Jonathan A Epstein. Loss of neurofibromin Ras-GAP activity enhances the formation of cardiac blood islands in murine embryos <i>eLife.</i> 2015-10-13. DOI:https://www.doi.org/10.7554/eLife.07780 PMID:26460546
79aa91ed-2ae4-41f5-9505-1c0a46ec49dd	https://www.doi.org/10.1242/dev.118836	PMID:26400094	PMC4631763	No	Development	2015-09-25	Tracking and transforming neocortical progenitors by CRISPR/Cas9 gene targeting and piggyBac transposase lineage labeling	PMC (access type unspecified)	No	No (abstract only)	pmc_fulltext_xml/PMC4631763.xml		"[""Chen F"", ""Rosiene J"", ""Che A"", ""Becker A"", ""LoTurco J.""]"	The ability to induce targeted mutations in somatic cells in developing organisms and then track the fates of those cells is a powerful approach both for studying neural development and for modeling human disease. The CRISPR/Cas9 system allows for such targeted mutagenesis, and we therefore tested it in combination with a piggyBac transposase lineage labeling system to track the development of neocortical neural progenitors with targeted mutations in genes linked to neurodevelopmental disruptions and tumor formation. We show that sgRNAs designed to target PTEN successfully decreased PTEN expression, and led to neuronal hypertrophy and altered neuronal excitability. Targeting NF1, by contrast, caused increased astrocytogenesis at the expense of neurogenesis, and combined targeting of three tumor suppressors (PTEN, NF1 and P53) resulted in formation of glioblastoma tumors. Our results demonstrate that CRISPR/Cas9 combined with piggyBac transposase lineage labeling can produce unique models of neurodevelopmental disruption and tumors caused by somatic mutation in neural progenitors.	Chen F, Rosiene J, Che A, Becker A, LoTurco J. Tracking and transforming neocortical progenitors by CRISPR/Cas9 gene targeting and piggyBac transposase lineage labeling <i>Development.</i> 2015-09-25. DOI:https://www.doi.org/10.1242/dev.118836 PMID:26400094
d8465230-a875-46bc-8c02-62ca1a724e3b	https://www.doi.org/10.1002/pbc.25763	PMID:26375012	PMC4862309	Yes	Pediatr Blood Cancer	2015-09-17	Preclinical Evidence for the Use of Sunitinib Malate in the Treatment of Plexiform Neurofibromas	Fair use (license unspecified)	No	Yes	pmc_fulltext_xml/PMC4862309.xml	This file is available for text mining. It may also be used consistent with the principles of fair use under the copyright law.	"[""Ferguson MJ"", ""Rhodes SD"", ""Jiang L"", ""Li X"", ""Yuan J"", ""Yang X"", ""Zhang S"", ""Vakili ST"", ""Territo P"", ""Hutchins G"", ""Yang FC"", ""Ingram DA"", ""Clapp DW"", ""Chen S.""]"	PURPOSE. Plexiform neurofibromas (pNF) are pathognomonic nerve and soft tissue tumors of neurofibromatosis type I (NF1), which are highly resistant to conventional chemotherapy and associated with significant morbidity/mortality. Disruption of aberrant SCF/c-Kit signaling emanating from the pNF microenvironment induced the first ever objective therapeutic responses in a recent phase 2 trial. Sunitinib malate is a potent, highly selective RTK inhibitor with activity against c-Kit, PDGFR, and VEGFR, which have also been implicated in the pathogenesis of these lesions. Here, we evaluate the efficacy of sunitinib malate in a preclinical Krox20;Nf1(flox/-) pNF murine model. EXPERIMENTAL DESIGN. Proliferation, β-hexosaminidase release (degranulation), and Erk1/2 phosphorylation were assessed in sunitinib treated Nf1(+/-) mast cells and fibroblasts, respectively. Krox20;Nf1(flox/-) mice with established pNF were treated sunitinib or PBS-vehicle control for a duration of 12 weeks. pNF metabolic activity was monitored by serial [(18)F]DG-PET/CT imaging. RESULTS. Sunitinib suppressed multiple in vitro gain-in-functions of Nf1(+/-) mast cells and fibroblasts and attenuated Erk1/2 phosphorylation. Sunitinib treated Krox20;Nf1(flox/-) mice exhibited significant reductions in pNF size, tumor number, and FDG uptake compared to control mice. Histopathology revealed reduced tumor cellularity and infiltrating mast cells, markedly diminished collagen deposition, and increased cellular apoptosis in sunitinib treated pNF. CONCLUSIONS. Collectively, these results demonstrate the efficacy of sunitinib in reducing tumor burden in Krox20;Nf1(flox/-) mice. These preclinical findings demonstrate the utility of inhibiting multiple RTKs in pNF and provide insights into the design of future clinical trials.	Ferguson MJ, Rhodes SD, Jiang L, Li X, Yuan J, Yang X, Zhang S, Vakili ST, Territo P, Hutchins G, Yang FC, Ingram DA, Clapp DW, Chen S. Preclinical Evidence for the Use of Sunitinib Malate in the Treatment of Plexiform Neurofibromas <i>Pediatr Blood Cancer.</i> 2015-09-17. DOI:https://www.doi.org/10.1002/pbc.25763 PMID:26375012
04eec932-e1cf-4cca-bf5a-dc1405ac3e9b	https://www.doi.org/10.1371/journal.pone.0091433	PMID:24618588	PMC3950186	No	PloS One	2015-05-29	Detection of viral proteins in human cells lines by xeno-proteomics: elimination of the last valid excuse for not testing every cellular proteome dataset for viral proteins	CC-BY-4.0	Yes	Yes	pmc_fulltext_xml/PMC3950186.xml	http://creativecommons.org/licenses/by/4.0/	"[""Alexey L Chernobrovkin"", ""Roman A Zubarev""]"	"Cell cultures used routinely in proteomic experiments may contain proteins from other species because of infection, transfection or just contamination. Since infection or contamination may affect the results of a biological experiment, it is important to test the samples for the presence of ""alien"" proteins. Usually cells are tested only for the most common infections, and most of the existing tests are targeting specific contaminations. Here we describe a three-step procedure for reliable untargeted detection of viral proteins using proteomics data, and recommend this or similar procedure to be applied to every proteomics dataset submitted for publication."	Alexey L Chernobrovkin, Roman A Zubarev. Detection of viral proteins in human cells lines by xeno-proteomics: elimination of the last valid excuse for not testing every cellular proteome dataset for viral proteins. <i>PloS One.</i> 2015-05-29. DOI:https://www.doi.org/10.1371/journal.pone.0091433 PMID:24618588
0f0355dd-9ae7-460c-812c-1cd6f950dc43	https://www.doi.org/10.1002/pbc.25546	PMID:25907661	PMC4546559	No	Pediatr Blood Cancer	2015-04-25	Preclinical assessments of the MEK inhibitor PD-0325901 in a mouse model of Neurofibromatosis type 1	Fair use (license unspecified)	No	Yes	pmc_fulltext_xml/PMC4546559.xml	This file is available for text mining. It may also be used consistent with the principles of fair use under the copyright law.	"[""Jousma E"", ""Rizvi TA"", ""Wu J"", ""Janhofer D"", ""Dombi E"", ""Dunn RS"", ""Kim MO"", ""Masters AR"", ""Jones DR"", ""Cripe TP"", ""Ratner N.""]"	BACKGROUND. Neurofibromatosis type 1 (NF1) is a genetic disorder that predisposes affected individuals to formation of benign neurofibromas, peripheral nerve tumors that can be associated with significant morbidity. Loss of the NF1 Ras-GAP protein causes increased Ras-GTP, and we previously found that inhibiting MEK signaling downstream of Ras can shrink established neurofibromas in a genetically engineered murine model. PROCEDURES. We studied effects of MEK inhibition using 1.5 mg/kg/day PD-0325901 prior to neurofibroma onset in the Nf1 (flox/flox); Dhh-Cre mouse model. We also treated mice with established tumors at 0.5 and 1.5 mg/kg/day doses of PD-0325901. We monitored tumor volumes using MRI and volumetric measurements, and measured pharmacokinetic and pharmacodynamic endpoints. RESULTS. Early administration significantly delayed neurofibroma development as compared to vehicle controls. When treatment was discontinued neurofibromas grew, but no rebound effect was observed and neurofibromas remained significantly smaller than controls. Low dose treatment of mice with PD-0325901 resulted in neurofibroma shrinkage equivalent to that observed at higher doses. Tumor cell proliferation decreased, although less than at higher doses with drug. Tumor blood vessels per area correlated with tumor shrinkage. CONCLUSIONS. Neurofibroma development was not prevented by MEK inhibition, beginning at 1 month of age, but tumor size was controlled by early treatment. Moreover, treatment with PD-0325901 at very low doses may shrink neurofibromas while minimizing toxicity. These studies highlight how genetically engineered mouse models can guide clinical trial design.	Jousma E, Rizvi TA, Wu J, Janhofer D, Dombi E, Dunn RS, Kim MO, Masters AR, Jones DR, Cripe TP, Ratner N. Preclinical assessments of the MEK inhibitor PD-0325901 in a mouse model of Neurofibromatosis type 1 <i>Pediatr Blood Cancer.</i> 2015-04-25. DOI:https://www.doi.org/10.1002/pbc.25546 PMID:25907661
13ec139e-3cf0-4c81-ae3d-c183e35a8113	https://www.doi.org/10.15252/emmm.201404430	PMID:25810463	PMC4492820	No	EMBO Molecular Medicine	2015-03-27	Comprehensive establishment and characterization of orthoxenograft mouse models of malignant peripheral nerve sheath tumors for personalized medicine	CC-BY-4.0	Yes	Yes	pmc_fulltext_xml/PMC4492820.xml	http://creativecommons.org/licenses/by/4.0/	"[""Castellsagué J"", ""Gel B"", ""Fernández-Rodríguez J"", ""Llatjós R"", ""Blanco I"", ""Benavente Y"", ""Pérez-Sidelnikova D"", ""García-Del Muro J"", ""Viñals JM"", ""Vidal A"", ""Valdés-Mas R"", ""Terribas E"", ""López-Doriga A"", ""Pujana MA"", ""Capellá G"", ""Puente XS"", ""Serra E"", ""Villanueva A"", ""Lázaro C.""]"	Malignant peripheral nerve sheath tumors (MPNSTs) are soft-tissue sarcomas that can arise either sporadically or in association with neurofibromatosis type 1 (NF1). These aggressive malignancies confer poor survival, with no effective therapy available. We present the generation and characterization of five distinct MPNST orthoxenograft models for preclinical testing and personalized medicine. Four of the models are patient-derived tumor xenografts (PDTX), two independent MPNSTs from the same NF1 patient and two from different sporadic patients. The fifth model is an orthoxenograft derived from an NF1-related MPNST cell line. All MPNST orthoxenografts were generated by tumor implantation, or cell line injection, next to the sciatic nerve of nude mice, and were perpetuated by 7-10 mouse-to-mouse passages. The models reliably recapitulate the histopathological properties of their parental primary tumors. They also mimic distal dissemination properties in mice. Human stroma was rapidly lost after MPNST engraftment and replaced by murine stroma, which facilitated genomic tumor characterization. Compatible with an origin in a catastrophic event and subsequent genome stabilization, MPNST contained highly altered genomes that remained remarkably stable in orthoxenograft establishment and along passages. Mutational frequency and type of somatic point mutations were highly variable among the different MPNSTs modeled, but very consistent when comparing primary tumors with matched orthoxenografts generated. Unsupervised cluster analysis and principal component analysis (PCA) using an MPNST expression signature of ~1,000 genes grouped together all primary tumor-orthoxenograft pairs. Our work points to differences in the engraftment process of primary tumors compared with the engraftment of established cell lines. Following standardization and extensive characterization and validation, the orthoxenograft models were used for initial preclinical drug testing. Sorafenib (a BRAF inhibitor), in combination with doxorubicin or rapamycin, was found to be the most effective treatment for reducing MPNST growth. The development of genomically well-characterized preclinical models for MPNST allowed the evaluation of novel therapeutic strategies for personalized medicine.	Castellsagué J, Gel B, Fernández-Rodríguez J, Llatjós R, Blanco I, Benavente Y, Pérez-Sidelnikova D, García-Del Muro J, Viñals JM, Vidal A, Valdés-Mas R, Terribas E, López-Doriga A, Pujana MA, Capellá G, Puente XS, Serra E, Villanueva A, Lázaro C. Comprehensive establishment and characterization of orthoxenograft mouse models of malignant peripheral nerve sheath tumors for personalized medicine <i>EMBO Molecular Medicine.</i> 2015-03-27. DOI:https://www.doi.org/10.15252/emmm.201404430 PMID:25810463
109a523a-4b48-44b3-956e-d1a24502f04b	https://www.doi.org/10.1038/jcbfm.2015.43	PMID:25785829	PMC4528004	No	Journal of Cerebral Blood Flow & Metabolism	2015-03-19	Perfusion single photon emission computed tomography in a mouse model of neurofibromatosis type 1: towards a biomarker of neurologic deficits	PMC (access type unspecified)	No	No (abstract only)	pmc_fulltext_xml/PMC4528004.xml		"[""Apostolova I"", ""Niedzielska D"", ""Derlin T"", ""Koziolek EJ"", ""Amthauer H"", ""Salmen B"", ""Pahnke J"", ""Brenner W"", ""Mautner VF"", ""Buchert R.""]"	Neurofibromatosis type 1 (NF1) is a single-gene disorder affecting neurologic function in humans. The NF1+/- mouse model with germline mutation of the NF1 gene presents with deficits in learning, attention, and motor coordination, very similar to NF1 patients. The present study performed brain perfusion single-photon emission computed tomography (SPECT) in NF1+/- mice to identify possible perfusion differences as surrogate marker for altered cerebral activity in NF1. Cerebral perfusion was measured with hexamethyl-propyleneamine oxime (HMPAO) SPECT in NF1+/- mice and their wild-type littermates longitudinally at juvenile age and at young adulthood. Histology and immunohistochemistry were performed to test for structural changes. There was increased HMPAO uptake in NF1 mice in the amygdala at juvenile age, which reduced to normal levels at young adulthood. There was no genotype effect on thalamic HMPAO uptake, which was confirmed by ex vivo measurements of F-18-fluorodeoxyglucose uptake in the thalamus. Morphologic analyses showed no major structural abnormalities. However, there was some evidence of increased density of microglial somata in the amygdala of NF1-deficient mice. In conclusion, there is evidence of increased perfusion and increased density of microglia in juvenile NF1 mice specifically in the amygdala, both of which might be associated with altered synaptic plasticity and, therefore, with cognitive deficits in NF1.	Apostolova I, Niedzielska D, Derlin T, Koziolek EJ, Amthauer H, Salmen B, Pahnke J, Brenner W, Mautner VF, Buchert R. Perfusion single photon emission computed tomography in a mouse model of neurofibromatosis type 1: towards a biomarker of neurologic deficits <i>Journal of Cerebral Blood Flow & Metabolism.</i> 2015-03-19. DOI:https://www.doi.org/10.1038/jcbfm.2015.43 PMID:25785829
8dd6a2dc-95fd-42be-9ab5-bec1493e9bc9	https://www.doi.org/10.1210/jc.2014-2764	PMID:25675381	PMC4422887	No	The Journal of Clinical Endocrinology & Metabolism	2015-02-13	Aberrant lipid metabolism in anaplastic thyroid carcinoma reveals stearoyl CoA desaturase 1 as a novel therapeutic target	PMC (access type unspecified)	No	Yes	pmc_fulltext_xml/PMC4422887.xml		"[""von Roemeling CA"", ""Marlow LA"", ""Pinkerton AB"", ""Crist A"", ""Miller J"", ""Tun HW"", ""Smallridge RC"", ""Copland JA.""]"	CONTEXT. Currently there are no efficacious therapies for patients with anaplastic thyroid carcinoma (ATC) that result in long-term disease stabilization or regression. OBJECTIVE. We sought to identify pathways critical for ATC cell progression and viability in an effort to develop new therapeutic strategies. We investigated the effects of targeted inhibition of stearoyl-CoA desaturase 1 (SCD1), a constituent of fatty acid metabolism overexpressed in ATC. DESIGN. A gene array of ATC and normal thyroid tissue was performed to identify gene transcripts demonstrating altered expression in tumor samples. Effects of pharmacological and the genetic inhibition of SCD1 on tumor cell viability as well as cell signaling responses to therapy were evaluated in in vitro and in vivo models of this rare, lethal malignancy. RESULTS. The gene array analysis revealed consistent distortion of fatty acid metabolism and overexpression of SCD1 in ATC and well-differentiated thyroid carcinomas. SCD1 is critical for ATC cell survival and proliferation, the inhibition of which induced endoplasmic reticulum stress, activation of the unfolded protein response, and apoptosis. Combined suppression of endoplasmic reticulum-associated degradation, a prosurvival component of the unfolded protein response, using proteasome inhibitors resulted in a synergistic decrease in tumor cell proliferation and increased cell death. CONCLUSIONS. SCD1 is a novel oncogenic factor specifically required for tumor cell viability in ATC. Furthermore, the expression of SCD1 appears to be correlated with thyroid tumor aggressiveness and may serve as a prognostic biomarker. These findings substantiate SCD1 as a novel tumor-specific target for therapy in patients with ATC and should be further investigated in a clinical setting.	von Roemeling CA, Marlow LA, Pinkerton AB, Crist A, Miller J, Tun HW, Smallridge RC, Copland JA. Aberrant lipid metabolism in anaplastic thyroid carcinoma reveals stearoyl CoA desaturase 1 as a novel therapeutic target <i>The Journal of Clinical Endocrinology & Metabolism.</i> 2015-02-13. DOI:https://www.doi.org/10.1210/jc.2014-2764 PMID:25675381
c1a86c97-a775-458e-8119-18484cc08681	https://www.doi.org/10.1172/JCI71048	PMID:25083989	PMC4151215	No	The Journal of Clinical Investigation	2015-01-20	Sexually dimorphic RB inactivation underlies mesenchymal glioblastoma prevalence in males	PMC (access type unspecified)	No	No (abstract only)	pmc_fulltext_xml/PMC4151215.xml		"[""Tao Sun"", ""Nicole M Warrington"", ""Jingqin Luo"", ""Michael D Brooks"", ""Sonika Dahiya"", ""Steven C Snyder"", ""Rajarshi Sengupta"", ""Joshua B Rubin""]"	The prevalence of brain tumors in males is common but unexplained. While sex differences in disease are typically mediated through acute sex hormone actions, sex-specific differences in brain tumor rates are comparable at all ages, suggesting that factors other than sex hormones underlie this discrepancy. We found that mesenchymal glioblastoma (Mes-GBM) affects more males as the result of cell-intrinsic sexual dimorphism in astrocyte transformation. We used astrocytes from neurofibromin-deficient (Nf1(-/-)) mice expressing a dominant-negative form of the tumor suppressor p53 (DNp53) and treated them with EGF as a Mes-GBM model. Male Mes-GBM astrocytes exhibited greater growth and colony formation compared with female Mes-GBM astrocytes. Moreover, male Mes-GBM astrocytes underwent greater tumorigenesis in vivo, regardless of recipient mouse sex. Male Mes-GBM astrocytes exhibited greater inactivation of the tumor suppressor RB, higher proliferation rates, and greater induction of a clonogenic, stem-like cell population compared with female Mes-GBM astrocytes. Furthermore, complete inactivation of RB and p53 in Mes-GBM astrocytes resulted in equivalent male and female tumorigenic transformation, indicating that intrinsic differences in RB activation are responsible for the predominance of tumorigenic transformation in male astrocytes. Together, these results indicate that cell-intrinsic sex differences in RB regulation and stem-like cell function may underlie the predominance of GBM in males.	Tao Sun, Nicole M Warrington, Jingqin Luo, Michael D Brooks, Sonika Dahiya, Steven C Snyder, Rajarshi Sengupta, Joshua B Rubin. Sexually dimorphic RB inactivation underlies mesenchymal glioblastoma prevalence in males. <i>The Journal of Clinical Investigation.</i> 2015-01-20. DOI:https://www.doi.org/10.1172/JCI71048 PMID:25083989
50e02bee-f6fe-446d-a938-1d66900cce2a	https://www.doi.org/10.4161/15384047.2014.986967	PMID:25485960	PMC4623403	No	Cancer Biology & Therapy	2014-12-09	Gemcitabine resistant pancreatic cancer cell lines acquire an invasive phenotype with collateral hypersensitivity to histone deacetylase inhibitors	PMC (access type unspecified)	No	No (abstract only)	pmc_fulltext_xml/PMC4623403.xml		"[""Samulitis BK"", ""Pond KW"", ""Pond E"", ""Cress AE"", ""Patel H"", ""Wisner L"", ""Patel C"", ""Dorr RT"", ""Landowski TH.""]"	Gemcitabine based treatment is currently a standard first line treatment for patients with advanced pancreatic cancer, however overall survival remains poor, and few options are available for patients that fail gemcitabine based therapy. To identify potential molecular targets in gemcitabine refractory pancreatic cancer, we developed a series of gemcitabine resistant (GR) cell lines. Initial drug exposure selected for an early resistant phenotype that was independent of drug metabolic pathways. Prolonged drug selection pressure after 16 weeks, led to an induction of cytidine deaminase (CDA) and enhanced drug detoxification. Cross resistance profiles demonstrate approximately 100-fold cross resistance to the pyrimidine nucleoside cytarabine, but no resistance to the same in class agents, azacytidine and decitabine. GR cell lines demonstrated a dose dependent collateral hypersensitivity to class I and II histone deacetylase (HDAC) inhibitors and decreased expression of 3 different global heterochromatin marks, as detected by H4K20me3, H3K9me3 and H3K27me3. Cell morphology of the drug resistant cell lines demonstrated a fibroblastic type appearance with loss of cell-cell junctions and an altered microarray expression pattern, using Gene Ontology (GO) annotation, consistent with progression to an invasive phenotype. Of particular note, the gemcitabine resistant cell lines displayed up to a 15 fold increase in invasive potential that directly correlates with the level of gemcitabine resistance. These findings suggest a mechanistic relationship between chemoresistance and metastatic potential in pancreatic carcinoma and provide evidence for molecular pathways that may be exploited to develop therapeutic strategies for refractory pancreatic cancer.	Samulitis BK, Pond KW, Pond E, Cress AE, Patel H, Wisner L, Patel C, Dorr RT, Landowski TH. Gemcitabine resistant pancreatic cancer cell lines acquire an invasive phenotype with collateral hypersensitivity to histone deacetylase inhibitors <i>Cancer Biology & Therapy.</i> 2014-12-09. DOI:https://www.doi.org/10.4161/15384047.2014.986967 PMID:25485960
c4d3b065-4ee6-4a9c-b95d-b6f150c62dbc	https://www.doi.org/10.4161/15384101.2015.945870	PMID:25486365	PMC4615033	No	Cell Cycle	2014-12-09	The C-terminal domains of human neurofibromin and its budding yeast homologs Ira1 and Ira2 regulate the metaphase to anaphase transition	CC-BY-NC	Yes	Yes	pmc_fulltext_xml/PMC4615033.xml	http://creativecommons.org/licenses/by-nc/3.0/	"[""Luo G"", ""Kim J"", ""Song K.""]"	The human tumor suppressor neurofibromin contains a cysteine and serine-rich domain/Ras-GTPase activating protein domain (CSRD/RasGAP) and a C-terminal domain (CTD). Domain studies of neurofibromin suggest it has other functions in addition to being a RasGAP, but the mechanisms underlying its tumor suppressor activity are not well understood. The budding yeast Saccharomyces cerevisiae is a good model system for studying neurofibromin function because it possesses Ira1 and Ira2, which are homologous to human neurofibromin in both sequence and function. We found that overexpression of CTD or a neurofibromin CTD-homologous domain (CHD) of Ira1/2 in budding yeast delayed degradation of the securin protein Pds1, whereas overexpression of CSRD/RasGAP did not affect Pds1 degradation. We also found that when CTD or CHD was overexpressed, the number of cells in metaphase was higher than in the control. These results demonstrate that CTD and CHD function in the metaphase to anaphase transition. In addition, Δira1Δira2 cells bypassed mitotic arrest in response to spindle damage, indicating that Ira1 and Ira2 may be involved in the spindle assembly checkpoint (SAC). However, Δira1Δira2Δmad2 cells are more sensitive to spindle damage than Δmad2 or Δira1Δira2 cells are, suggesting that Ira1/2 and Mad2 function in different pathways. Overexpression of CTD but not CSRD/RasGAP partially rescued the hypersensitivity of Δira1Δira2Δmad2 cells to microtubule-destabilizing drugs, indicating a role for CTD in the SAC pathway. Taken together, independently of RasGAP activity, the C-terminal domains of neurofibromin, Ira1, and Ira2 regulate the metaphase to anaphase transition in a Mad2-independent fashion.	Luo G, Kim J, Song K. The C-terminal domains of human neurofibromin and its budding yeast homologs Ira1 and Ira2 regulate the metaphase to anaphase transition <i>Cell Cycle.</i> 2014-12-09. DOI:https://www.doi.org/10.4161/15384101.2015.945870 PMID:25486365
ea1d2ff7-2a0f-4606-b0a2-a2ac8a9ea746	https://www.doi.org/10.1016/j.ccell.2014.09.009	PMID:25446898	PMC4254535	No	Cancer Cell	2014-12-03	Cells of origin in the embryonic nerve roots for NF1-associated plexiform neurofibroma	Fair use (license unspecified)	No	Yes	pmc_fulltext_xml/PMC4254535.xml	This file is available for text mining. It may also be used consistent with the principles of fair use under the copyright law.	"[""Chen Z"", ""Liu C"", ""Patel AJ"", ""Liao CP"", ""Wang Y"", ""Le LQ.""]"	Neurofibromatosis type 1 is a tumor-predisposing genetic disorder. Plexiform neurofibromas are common NF1 tumors carrying a risk of malignant transformation, which is typically fatal. Little is known about mechanisms mediating initiation and identity of specific cell type that gives rise to neurofibromas. Using cell-lineage tracing, we identify a population of GAP43(+) PLP(+) precursors in embryonic nerve roots as the cells of origin for these tumors and report a non-germline neurofibroma model for preclinical drug screening to identify effective therapies. The identity of the tumor cell of origin and facility for isolation and expansion provides fertile ground for continued analysis to define factors critical for neurofibromagenesis. It also provides unique approaches to develop therapies to prevent neurofibroma formation in NF1 patients.	Chen Z, Liu C, Patel AJ, Liao CP, Wang Y, Le LQ. Cells of origin in the embryonic nerve roots for NF1-associated plexiform neurofibroma <i>Cancer Cell.</i> 2014-12-03. DOI:https://www.doi.org/10.1016/j.ccell.2014.09.009 PMID:25446898
a9721887-78c4-4e87-aa51-3b693fbbd9e0	https://www.doi.org/10.1210/jc.2014-2359	PMID:25365311	PMC4318896	No	The Journal of Clinical Endocrinology & Metabolism	2014-11-04	Establishment and characterization of novel human primary and metastatic anaplastic thyroid cancer cell lines and their genomic evolution over a year as a primagraft	PMC (access type unspecified)	No	Yes	pmc_fulltext_xml/PMC4318896.xml		"[""Garg M"", ""Okamoto R"", ""Nagata Y"", ""Kanojia D"", ""Venkatesan S"", ""M T A"", ""Braunstein GD"", ""Said JW"", ""Doan NB"", ""Ho Q"", ""Akagi T"", ""Gery S"", ""Liu LZ"", ""Tan KT"", ""Chng WJ"", ""Yang H"", ""Ogawa S"", ""Koeffler HP.""]"	CONTEXT. Anaplastic thyroid cancer (ATC) has no effective treatment, resulting in a high rate of mortality. We established cell lines from a primary ATC and its lymph node metastasis, and investigated the molecular factors and genomic changes associated with tumor growth. OBJECTIVE. The aim of the study was to understand the molecular and genomic changes of highly aggressive ATC and its clonal evolution to develop rational therapies. DESIGN. We established unique cell lines from primary (OGK-P) and metastatic (OGK-M) ATC specimen, as well as primagraft from the metastatic ATC, which was serially xeno-transplanted for more than 1 year in NOD scid gamma mice were established. These cell lines and primagraft were used as tools to examine gene expression, copy number changes, and somatic mutations using RNA array, SNP Chip, and whole exome sequencing. RESULTS. Mice carrying sc (OGK-P and OGK-M) tumors developed splenomegaly and neutrophilia with high expression of cytokines including CSF1, CSF2, CSF3, IL-1β, and IL-6. Levels of HIF-1α and its targeted genes were also elevated in these tumors. The treatment of tumor carrying mice with Bevacizumab effectively decreased tumor growth, macrophage infiltration, and peripheral WBCs. SNP chip analysis showed homozygous deletion of exons 3-22 of the PARD3 gene in the cells. Forced expression of PARD3 decreased cell proliferation, motility, and invasiveness, restores cell-cell contacts and enhanced cell adhesion. Next generation exome sequencing identified the somatic changes present in the primary, metastatic, and primagraft tumors demonstrating evolution of the mutational signature over the year of passage in vivo. CONCLUSION. To our knowledge, we established the first paired human primary and metastatic ATC cell lines offering unique possibilities for comparative functional investigations in vitro and in vivo. Our exome sequencing also identified novel mutations, as well as clonal evolution in both the metastasis and primagraft.	Garg M, Okamoto R, Nagata Y, Kanojia D, Venkatesan S, M T A, Braunstein GD, Said JW, Doan NB, Ho Q, Akagi T, Gery S, Liu LZ, Tan KT, Chng WJ, Yang H, Ogawa S, Koeffler HP. Establishment and characterization of novel human primary and metastatic anaplastic thyroid cancer cell lines and their genomic evolution over a year as a primagraft <i>The Journal of Clinical Endocrinology & Metabolism.</i> 2014-11-04. DOI:https://www.doi.org/10.1210/jc.2014-2359 PMID:25365311
2afb7394-aac7-4e25-9ff0-47aa8b6b01bc	https://www.doi.org/10.1016/j.celrep.2014.07.054	PMID:25176649	PMC5850931	No	Cell Reports	2014-09-02	Modulation of cAMP and ras signaling pathways improves distinct behavioral deficits in a zebrafish model of neurofibromatosis type 1	CC-BY-NC-ND	Yes	Yes	pmc_fulltext_xml/PMC5850931.xml	This is an open access article under the CC BY-NC-ND license (http://creativecommons.org/licenses/by-nc-nd/3.0/)	"[""Wolman MA"", ""de Groh ED"", ""McBride SM"", ""Jongens TA"", ""Granato M"", ""Epstein JA.""]"	Neurofibromatosis type 1 (NF1) is a common autosomal-dominant disorder associated with attention deficits and learning disabilities. The primary known function of neurofibromin, encoded by the NF1 gene, is to downregulate Ras activity. We show that nf1-deficient zebrafish exhibit learning and memory deficits and that acute pharmacological inhibition of downstream targets of Ras (MAPK and PI3K) restores memory consolidation and recall but not learning. Conversely, acute pharmacological enhancement of cAMP signaling restores learning but not memory. Our data provide compelling evidence that neurofibromin regulates learning and memory by distinct molecular pathways in vertebrates and that deficits produced by genetic loss of function are reversible. These findings support the investigation of cAMP signaling enhancers as a companion therapy to Ras inhibition in the treatment of cognitive dysfunction in NF1.	Wolman MA, de Groh ED, McBride SM, Jongens TA, Granato M, Epstein JA. Modulation of cAMP and ras signaling pathways improves distinct behavioral deficits in a zebrafish model of neurofibromatosis type 1 <i>Cell Reports.</i> 2014-09-02. DOI:https://www.doi.org/10.1016/j.celrep.2014.07.054 PMID:25176649
2b26b11d-6e17-4bf3-a6a9-267fe407078d	https://www.doi.org/10.1038/bjc.2014.475	PMID:25167228	PMC4453732	No	British Journal of Cancer	2014-08-29	KRAS mutational subtype and copy number predict in vitro response of human pancreatic cancer cell lines to MEK inhibition	CC-BY-NC-SA	Yes	Yes	pmc_fulltext_xml/PMC4453732.xml	http://creativecommons.org/licenses/by-nc-sa/3.0/	"[""Hamidi H"", ""Lu M"", ""Chau K"", ""Anderson L"", ""Fejzo M"", ""Ginther C"", ""Linnartz R"", ""Zubel A"", ""Slamon DJ"", ""Finn RS.""]"	BACKGROUND. To study the molecular mechanism regulating sensitivity to MEK inhibition in pancreatic cancer cell lines. METHODS. A growth inhibition assay determined sensitivity to MEK162 in a panel of 29 pancreatic cancer cell lines. For the same panel, KRAS mutational status and copy-number variation (CNV) was determine using PCR, array CGH and FISH. Two sensitive and two resistant cell lines were further interrogated for difference in baseline and MEK162-induced gene expression, as well as signal transduction using microarray and western blotting. Cell cycle and apoptosis analysis was measured by flow cytometry. RESULTS. We report a strong correlation between both specific KRAS mutational subtype and CNV, and sensitivity to MEK inhibition. Cell lines with a KRAS (V12) mutation and KRAS gains or loss (n=7) are ∼10 times more resistant than those having neither a KRAS (V12) mutation nor KRAS CNV (n=14). Significant differences in baseline and MEK162-induced gene expression exist between the sensitive and resistant lines, especially in genes involved in RAS, EGF receptor and PI3K pathways. This was further supported by difference in signal transduction. MEK 162 blocked ERK1/2, as well as inhibited PI3K and S6 and increased p27KIP1 levels in the sensitive lines. CONCLUSIONS. Given the potency of MEK162, it may be a promising new therapy for patients with pancreatic cancer and KRAS mutational subtypes, and CNV may serve as important biomarkers for selecting patients that benefit from MEK-targeting based on these preclinical data.	Hamidi H, Lu M, Chau K, Anderson L, Fejzo M, Ginther C, Linnartz R, Zubel A, Slamon DJ, Finn RS. KRAS mutational subtype and copy number predict in vitro response of human pancreatic cancer cell lines to MEK inhibition <i>British Journal of Cancer.</i> 2014-08-29. DOI:https://www.doi.org/10.1038/bjc.2014.475 PMID:25167228
33ff6356-943e-4078-8497-bbbc03fa03b2	https://www.doi.org/10.1186/1756-9966-33-33	PMID:24726063	PMC4022359	No	Journal of Experimental & Clinical Cancer Research	2014-08-26	TERT promoter hotspot mutations are recurrent in myxoid liposarcomas but rare in other soft tissue sarcoma entities	CC-BY-4.0	Yes	Yes	pmc_fulltext_xml/PMC4022359.xml	http://creativecommons.org/licenses/by/4.0	"[""Christian Koelsche"", ""Marcus Renner"", ""Wolfgang Hartmann"", ""Regine Brandt"", ""Burkhard Lehner"", ""Nina Waldburger"", ""Ingo Alldinger"", ""Thomas Schmitt"", ""Gerlinde Egerer"", ""Roland Penzel"", ""Eva Wardelmann"", ""Peter Schirmacher"", ""Andreas von Deimling"", ""Gunhild Mechtersheimer""]"	Recently, recurrent point mutations in the telomerase reverse transcriptase (TERT) promoter region have been found in many human cancers, leading to a new transcription factor binding site, increased induction of TERT and subsequently to telomere maintenance. We determined the prevalence of TERT promoter mutations in soft tissue sarcomas of 341 patients comprising 16 entities and in 16 sarcoma cell lines covering 7 different soft tissue sarcoma types. The sarcoma tissue samples were collected from the archives of the Institute of Pathology, University of Heidelberg and were composed of 39 myxoid liposarcomas (MLS), 61 dedifferentiated liposarcomas, 15 pleomorphic liposarcomas, 27 leiomyosarcomas, 25 synovial sarcomas (SS), 35 malignant peripheral nerve sheath tumors (MPNST), 40 undifferentiated pleomorphic sarcomas, 17 myxofibrosarcomas, 9 low grade fibromyxoid sarcomas, 10 cases of dermatofibrosarcoma protuberans, 31 solitary fibrous tumors (SFT), 8 extraskeletal myxoid chondrosarcomas, 9 angiosarcomas, 6 alveolar soft part sarcomas, 5 clear cell sarcomas and 4 epithelioid sarcomas. Sarcoma cell lines were obtained from the raising laboratories. A 193 bp fragment of the TERT promoter region covering the hot-spot mutations C228T and C250T was amplified, and direct sequencing of the PCR products was performed. TERT promoter mutations were detected in 36/341 sarcomas. They were highly recurrent in MLS (29/39; 74%) and were in the present MLS series not associated with the phenotype (myxoid vs. round cell variant), tumor grade, tumor site and patients' median age or gender. In the remaining cases, TERT promoter mutations were found only in 7/302 sarcoma samples and confined to SFTs (4/31; 13%), MPNSTs (2/35; 6%), and SSs (1/25; 4%). Within the collection of sarcoma cell lines examined, TERT promoter mutations were detected in two MLS and in one of three MPNST cell lines. TERT promoter mutations are frequent in MLSs including their round cell variants, representing the most prevalent mutation identified in this sarcoma entity to date, and in a minor fraction of SFTs, MPNSTs and SSs. The majority of sarcomas are devoid of TERT promoter hotspot mutations. These data suggest that telomere maintenance through increased expression of telomerase plays an important role in the pathogenesis especially of MLS.	Christian Koelsche, Marcus Renner, Wolfgang Hartmann, Regine Brandt, Burkhard Lehner, Nina Waldburger, Ingo Alldinger, Thomas Schmitt, Gerlinde Egerer, Roland Penzel, Eva Wardelmann, Peter Schirmacher, Andreas von Deimling, Gunhild Mechtersheimer. TERT promoter hotspot mutations are recurrent in myxoid liposarcomas but rare in other soft tissue sarcoma entities. <i>Journal of Experimental & Clinical Cancer Research.</i> 2014-08-26. DOI:https://www.doi.org/10.1186/1756-9966-33-33 PMID:24726063
c540068f-1198-48ee-90b6-0f4bf5a89141	https://www.doi.org/10.3892/ol.2014.2234	PMID:25120651	PMC4114630	No	Oncology Letters	2014-08-15	Aberrant methylation and silencing of IRF8 expression in non-small cell lung cancer	CC-BY	Yes	Yes	pmc_fulltext_xml/PMC4114630.xml	http://creativecommons.org/licenses/by/3.0	"[""Suzuki M"", ""Ikeda K"", ""Shiraishi K"", ""Eguchi A"", ""Mori T"", ""Yoshimoto K"", ""Shibata H"", ""Ito T"", ""Baba Y"", ""Baba H.""]"	The aim of the present study was to investigate the aberrant methylation and altered expression of the interferon regulatory factor 8 (IRF8) gene in non-small cell lung cancer (NSCLC). Pyrosequencing assays were performed on 191 tumor specimens from NSCLC patients. The changes in IRF8 mRNA expression, prior to and following treatment with a demethylating agent and methylation itself, were examined in 13 lung cancer cell lines by quantitative polymerase chain reaction (qPCR) and pyrosequencing. IRF8 protein expression was examined in 94 of the 191 NSCLC specimens by immunohistochemical analysis. The IRF8 methylation level was significantly higher in the tumor tissues than in matched non-malignant lung tissues (P<0.0001). IRF8 was more frequently methylated in tumor tissues compared with matched non-malignant lung tissues, as defined by a predetermined cut-off value (P<0.0001). The IRF8 methylation level was strongly correlated with the change in mRNA expression in lung cancer cell lines and with the protein expression level in primary tumors. The IRF8 gene was more frequently methylated in patients without an epidermal growth factor receptor (EGFR) mutation than in patients with an EGFR mutation (P=0.015). IRF8 methylation correlated with recurrent prognosis in adenocarcinomas (log-rank test, P=0.048). IRF8 protein expression was frequently silenced in males, smokers, patients with non-adenocarcinoma or with wild-type EGFR, or in an advanced stage. IRF8 is often silenced by its methylation, which is a frequent event in NSCLC and, therefore, methylation of IRF8 may act as a prognostic marker for recurrence. Analysis of IRF8 methylation status may provide novel opportunities for improved prognosis and therapy of resected NSCLC.	Suzuki M, Ikeda K, Shiraishi K, Eguchi A, Mori T, Yoshimoto K, Shibata H, Ito T, Baba Y, Baba H. Aberrant methylation and silencing of IRF8 expression in non-small cell lung cancer <i>Oncology Letters.</i> 2014-08-15. DOI:https://www.doi.org/10.3892/ol.2014.2234 PMID:25120651
72c23974-14d0-4906-8a14-3b96187ba08b	https://www.doi.org/10.4161/rdis.28341	PMID:25054093	PMC4091572	No	Rare Diseases	2014-07-24	A Drosophila screen identifies neurofibromatosis-1 genetic modifiers involved in systemic and synaptic growth	CC-BY-NC	Yes	Yes	pmc_fulltext_xml/PMC4091572.xml	http://creativecommons.org/licenses/by-nc/3.0/	"[""Walker JA"", ""Bernards A.""]"	Neurofibromatosis type 1 (NF1) is caused by loss of a negative regulator of Ras oncoproteins. Unknown genetic modifiers have been implicated in NF1's characteristic variability. Drosophila melanogaster dNf1 phenotypes include cognitive deficits and reduced growth, both of which resemble human symptoms. We recently reported results of a screen for dominant modifiers of dNf1 growth. Suppressors include the dAlk tyrosine kinase and its activating ligand, two other genes involved in Ras/ERK signal transduction, the synaptic scaffold Dap160 and the CCKLR-17D1 drosulfakinin receptor. Additional modifiers include several genes involved in cAMP/PKA signaling. Providing mechanistic insights, dAlk, jeb, and CCKLR-17D1 also suppress a dNf1 synaptic overgrowth defect, and increasing cAMP/PKA signaling in the neuroendocrine ring gland rescued the dNf1 growth deficiency. Finally, among the several suppressors identified in our screen, we specifically implicate ALK as a potential therapeutic target by showing that NF1-regulated ALK/RAS/ERK signaling is conserved in human cells.	Walker JA, Bernards A. A Drosophila screen identifies neurofibromatosis-1 genetic modifiers involved in systemic and synaptic growth <i>Rare Diseases.</i> 2014-07-24. DOI:https://www.doi.org/10.4161/rdis.28341 PMID:25054093
fe5da378-eee6-45e8-9b47-2ece733bc625	https://www.doi.org/10.1371/journal.pgen.1003958	PMID:24278035	PMC3836801	No	PLoS Genetics	2014-05-14	Genetic and functional studies implicate synaptic overgrowth and ring gland cAMP/PKA signaling defects in the Drosophila melanogaster neurofibromatosis-1 growth deficiency	CC-BY-4.0	Yes	Yes	pmc_fulltext_xml/PMC3836801.xml	http://creativecommons.org/licenses/by/4.0/	"[""James A Walker"", ""Jean Y Gouzi"", ""Jennifer B Long"", ""Sidong Huang"", ""Robert C Maher"", ""Hongjing Xia"", ""Kheyal Khalil"", ""Arjun Ray"", ""David Van Vactor"", ""René Bernards"", ""André Bernards""]"	Neurofibromatosis type 1 (NF1), a genetic disease that affects 1 in 3,000, is caused by loss of a large evolutionary conserved protein that serves as a GTPase Activating Protein (GAP) for Ras. Among Drosophila melanogaster Nf1 (dNf1) null mutant phenotypes, learning/memory deficits and reduced overall growth resemble human NF1 symptoms. These and other dNf1 defects are relatively insensitive to manipulations that reduce Ras signaling strength but are suppressed by increasing signaling through the 3'-5' cyclic adenosine monophosphate (cAMP) dependent Protein Kinase A (PKA) pathway, or phenocopied by inhibiting this pathway. However, whether dNf1 affects cAMP/PKA signaling directly or indirectly remains controversial. To shed light on this issue we screened 486 1(st) and 2(nd) chromosome deficiencies that uncover &gt;80% of annotated genes for dominant modifiers of the dNf1 pupal size defect, identifying responsible genes in crosses with mutant alleles or by tissue-specific RNA interference (RNAi) knockdown. Validating the screen, identified suppressors include the previously implicated dAlk tyrosine kinase, its activating ligand jelly belly (jeb), two other genes involved in Ras/ERK signal transduction and several involved in cAMP/PKA signaling. Novel modifiers that implicate synaptic defects in the dNf1 growth deficiency include the intersectin-related synaptic scaffold protein Dap160 and the cholecystokinin receptor-related CCKLR-17D1 drosulfakinin receptor. Providing mechanistic clues, we show that dAlk, jeb and CCKLR-17D1 are among mutants that also suppress a recently identified dNf1 neuromuscular junction (NMJ) overgrowth phenotype and that manipulations that increase cAMP/PKA signaling in adipokinetic hormone (AKH)-producing cells at the base of the neuroendocrine ring gland restore the dNf1 growth deficiency. Finally, supporting our previous contention that ALK might be a therapeutic target in NF1, we report that human ALK is expressed in cells that give rise to NF1 tumors and that NF1 regulated ALK/RAS/ERK signaling appears conserved in man.	James A Walker, Jean Y Gouzi, Jennifer B Long, Sidong Huang, Robert C Maher, Hongjing Xia, Kheyal Khalil, Arjun Ray, David Van Vactor, René Bernards, André Bernards. Genetic and functional studies implicate synaptic overgrowth and ring gland cAMP/PKA signaling defects in the Drosophila melanogaster neurofibromatosis-1 growth deficiency. <i>PLoS Genetics.</i> 2014-05-14. DOI:https://www.doi.org/10.1371/journal.pgen.1003958 PMID:24278035
f5b17b7a-1b60-467f-b45d-2e041a05d957	https://www.doi.org/10.1002/humu.22556	PMID:24700732	PMC4451114	No	Human Mutation	2014-04-05	Analysis of TP53 mutation status in human cancer cell lines: a reassessment	Fair use (license unspecified)	No	Yes	pmc_fulltext_xml/PMC4451114.xml	This file is available for text mining. It may also be used consistent with the principles of fair use under the copyright law.	"[""Leroy B"", ""Girard L"", ""Hollestelle A"", ""Minna JD"", ""Gazdar AF"", ""Soussi T.""]"	Tumor-derived cell lines play an important role in the investigation of tumor biology and genetics. Across a wide array of studies, they have been tools of choice for the discovery of important genes involved in cancer and for the analysis of the cellular pathways that are impaired by diverse oncogenic events. They are also invaluable for screening novel anticancer drugs. The TP53 protein is a major component of multiple pathways that regulate cellular response to various types of stress. Therefore, TP53 status affects the phenotype of tumor cell lines profoundly and must be carefully ascertained for any experimental project. In the present review, we use the 2014 release of the UMD TP53 database to show that TP53 status is still controversial for numerous cell lines, including some widely used lines from the NCI-60 panel. Our analysis clearly confirms that, despite numerous warnings, the misidentification of cell lines is still present as a silent and neglected issue, and that extreme care must be taken when determining the status of p53, because errors may lead to disastrous experimental interpretations. A novel compendium gathering the TP53 status of 2,500 cell lines has been made available (http://p53.fr). A stand-alone application can be used to browse the database and extract pertinent information on cell lines and associated TP53 mutations. It will be updated regularly to minimize any scientific issues associated with the use of misidentified cell lines (http://p53.fr).	Leroy B, Girard L, Hollestelle A, Minna JD, Gazdar AF, Soussi T. Analysis of TP53 mutation status in human cancer cell lines: a reassessment <i>Human Mutation.</i> 2014-04-05. DOI:https://www.doi.org/10.1002/humu.22556 PMID:24700732
1976cffd-44b6-4590-b8fd-4f0ad7ef6528	https://www.doi.org/10.1371/journal.pone.0092047	PMID:24670534	PMC3966786	No	PLoS One	2014-03-28	High resolution copy number variation data in the NCI-60 cancer cell lines from whole genome microarrays accessible through CellMiner	Public Domain	Yes	Yes	pmc_fulltext_xml/PMC3966786.xml	https://creativecommons.org/publicdomain/zero/1.0/	"[""Varma S"", ""Pommier Y"", ""Sunshine M"", ""Weinstein JN"", ""Reinhold WC.""]"	Array-based comparative genomic hybridization (aCGH) is a powerful technique for detecting gene copy number variation. It is generally considered to be robust and convenient since it measures DNA rather than RNA. In the current study, we combine copy number estimates from four different platforms (Agilent 44 K, NimbleGen 385 K, Affymetrix 500 K and Illumina Human1Mv1_C) to compute a reliable, high-resolution, easy to understand output for the measure of copy number changes in the 60 cancer cells of the NCI-DTP (the NCI-60). We then relate the results to gene expression. We explain how to access that database using our CellMiner web-tool and provide an example of the ease of comparison with transcript expression, whole exome sequencing, microRNA expression and response to 20,000 drugs and other chemical compounds. We then demonstrate how the data can be analyzed integratively with transcript expression data for the whole genome (26,065 genes). Comparison of copy number and expression levels shows an overall medium high correlation (median r = 0.247), with significantly higher correlations (median r = 0.408) for the known tumor suppressor genes. That observation is consistent with the hypothesis that gene loss is an important mechanism for tumor suppressor inactivation. An integrated analysis of concurrent DNA copy number and gene expression change is presented. Limiting attention to focal DNA gains or losses, we identify and reveal novel candidate tumor suppressors with matching alterations in transcript level.	Varma S, Pommier Y, Sunshine M, Weinstein JN, Reinhold WC. High resolution copy number variation data in the NCI-60 cancer cell lines from whole genome microarrays accessible through CellMiner <i>PLoS One.</i> 2014-03-28. DOI:https://www.doi.org/10.1371/journal.pone.0092047 PMID:24670534
7ba76421-188d-41d4-8be6-0d692eaa2a74	https://www.doi.org/10.1158/2159-8290.CD-13-0146	PMID:23661552	PMC3881282	No	Cancer Discovery	2014-03-14	Identifying the Ubiquitin Ligase complex that regulates the NF1 tumor suppressor and Ras	Fair use (license unspecified)	No	Yes	pmc_fulltext_xml/PMC3881282.xml	This file is available for text mining. It may also be used consistent with the principles of fair use under the copyright law.	"[""Pablo E Hollstein"", ""Karen Cichowski""]"	The NF1 tumor suppressor protein neurofibromin is a negative regulator of Ras. Neurofibromin is dynamically regulated by the proteasome, and its degradation and reexpression are essential for maintaining appropriate levels of Ras-GTP. Like p53, NF1/neurofibromin can be inactivated in cancer by both mutations and excessive proteasomal destruction; however, little is known about the mechanisms that underlie this latter process. Here, we show that a Cullin 3 (Cul3)/kelch repeat and BTB domain-containing 7 complex controls both the regulated proteasomal degradation of neurofibromin and the pathogenic destabilization of neurofibromin in glioblastomas. Importantly, RNAi-mediated Cul3 ablation and a dominant-negative Cul3 directly stabilize neurofibromin, suppress Ras and extracellular signal-regulated kinase, and inhibit proliferation in an NF1-dependent manner. Moreover, in glioblastomas where neurofibromin is chronically destabilized, Cul3 inhibition restabilizes the protein and suppresses tumor development. Collectively, these studies show a previously unrecognized role for Cul3 in regulating Ras and provide a molecular framework that can be exploited to develop potential cancer therapies.	Pablo E Hollstein, Karen Cichowski. Identifying the Ubiquitin Ligase complex that regulates the NF1 tumor suppressor and Ras. <i>Cancer Discovery.</i> 2014-03-14. DOI:https://www.doi.org/10.1158/2159-8290.CD-13-0146 PMID:23661552
acf6c4cc-78d3-461f-a246-aa5f3603a199	https://www.doi.org/10.1158/0008-5472.CAN-13-2625	PMID:24576830	PMC4005042	No	Cancer Research	2014-03-01	Loss of NF1 in cutaneous melanoma is associated with RAS activation and MEK dependence	Fair use (license unspecified)	No	Yes	pmc_fulltext_xml/PMC4005042.xml	This file is available for text mining. It may also be used consistent with the principles of fair use under the copyright law.	"[""Nissan MH"", ""Pratilas CA"", ""Jones AM"", ""Ramirez R"", ""Won H"", ""Liu C"", ""Tiwari S"", ""Kong L"", ""Hanrahan AJ"", ""Yao Z"", ""Merghoub T"", ""Ribas A"", ""Chapman PB"", ""Yaeger R"", ""Taylor BS"", ""Schultz N"", ""Berger MF"", ""Rosen N"", ""Solit DB.""]"	Melanoma is a disease characterized by lesions that activate ERK. Although 70% of cutaneous melanomas harbor activating mutations in the BRAF and NRAS genes, the alterations that drive tumor progression in the remaining 30% are largely undefined. Vemurafenib, a selective inhibitor of RAF kinases, has clinical utility restricted to BRAF-mutant tumors. MEK inhibitors, which have shown clinical activity in NRAS-mutant melanoma, may be effective in other ERK pathway-dependent settings. Here, we investigated a panel of melanoma cell lines wild type for BRAF and NRAS to determine the genetic alteration driving their transformation and their dependence on ERK signaling in order to elucidate a candidate set for MEK inhibitor treatment. A cohort of the BRAF/RAS wild type cell lines with high levels of RAS-GTP had loss of NF1, a RAS GTPase activating protein. In these cell lines, the MEK inhibitor PD0325901 inhibited ERK phosphorylation, but also relieved feedback inhibition of RAS, resulting in induction of pMEK and a rapid rebound in ERK signaling. In contrast, the MEK inhibitor trametinib impaired the adaptive response of cells to ERK inhibition, leading to sustained suppression of ERK signaling and significant antitumor effects. Notably, alterations in NF1 frequently co-occurred with RAS and BRAF alterations in melanoma. In the setting of BRAF(V600E), NF1 loss abrogated negative feedback on RAS activation, resulting in elevated activation of RAS-GTP and resistance to RAF, but not MEK, inhibitors. We conclude that loss of NF1 is common in cutaneous melanoma and is associated with RAS activation, MEK-dependence, and resistance to RAF inhibition.	Nissan MH, Pratilas CA, Jones AM, Ramirez R, Won H, Liu C, Tiwari S, Kong L, Hanrahan AJ, Yao Z, Merghoub T, Ribas A, Chapman PB, Yaeger R, Taylor BS, Schultz N, Berger MF, Rosen N, Solit DB. Loss of NF1 in cutaneous melanoma is associated with RAS activation and MEK dependence <i>Cancer Research.</i> 2014-03-01. DOI:https://www.doi.org/10.1158/0008-5472.CAN-13-2625 PMID:24576830
5998f7a0-bd76-42eb-b526-4d6e79f66fb1	https://www.doi.org/10.1016/j.stem.2013.06.001	PMID:23910086	PMC3845961	No	Cell Stem Cell	2014-02-20	Efficient generation of human iPSCs by a synthetic self-replicative RNA	Fair use (license unspecified)	No	Yes	pmc_fulltext_xml/PMC3845961.xml	This file is available for text mining. It may also be used consistent with the principles of fair use under the copyright law.	"[""Naohisa Yoshioka"", ""Edwige Gros"", ""Hai-Ri Li"", ""Shantanu Kumar"", ""Dekker C Deacon"", ""Cornelia Maron"", ""Alysson R Muotri"", ""Neil C Chi"", ""Xiang-Dong Fu"", ""Benjamin D Yu"", ""Steven F Dowdy""]"	The generation of human induced pluripotent stem cells (iPSCs) holds great promise for the development of regenerative medicine therapies to treat a wide range of human diseases. However, the generation of iPSCs in the absence of integrative DNA vectors remains problematic. Here, we report a simple, highly reproducible RNA-based iPSC generation approach that utilizes a single, synthetic self-replicating VEE-RF RNA replicon that expresses four reprogramming factors (OCT4, KLF4, and SOX2, with c-MYC or GLIS1) at consistent high levels prior to regulated RNA degradation. A single VEE-RF RNA transfection into newborn or adult human fibroblasts resulted in efficient generation of iPSCs with all the hallmarks of stem cells, including cell surface markers, global gene expression profiles, and in vivo pluripotency, to differentiate into all three germ layers. The VEE-RF RNA-based approach has broad applicability for the generation of iPSCs for ultimate use in human stem cell therapies in regenerative medicine.	Naohisa Yoshioka, Edwige Gros, Hai-Ri Li, Shantanu Kumar, Dekker C Deacon, Cornelia Maron, Alysson R Muotri, Neil C Chi, Xiang-Dong Fu, Benjamin D Yu, Steven F Dowdy. Efficient generation of human iPSCs by a synthetic self-replicative RNA. <i>Cell Stem Cell.</i> 2014-02-20. DOI:https://www.doi.org/10.1016/j.stem.2013.06.001 PMID:23910086
aae194bf-c1dc-4894-ad23-f07df1893105	https://www.doi.org/10.1593/tlo.13544	PMID:24466371	PMC3890703	No	Transl Oncol	2014-01-28	Testing of SNS-032 in a Panel of Human Neuroblastoma Cell Lines with Acquired Resistance to a Broad Range of Drugs	PMC (access type unspecified)	No	No (abstract only)	pmc_fulltext_xml/PMC3890703.xml		"[""Löschmann N"", ""Michaelis M"", ""Rothweiler F"", ""Zehner R"", ""Cinatl J"", ""Voges Y"", ""Sharifi M"", ""Riecken K"", ""Meyer J"", ""von Deimling A"", ""Fichtner I"", ""Ghafourian T"", ""Westermann F"", ""Cinatl J Jr.""]"	Novel treatment options are needed for the successful therapy of patients with high-risk neuroblastoma. Here, we investigated the cyclin-dependent kinase (CDK) inhibitor SNS-032 in a panel of 109 neuroblastoma cell lines consisting of 19 parental cell lines and 90 sublines with acquired resistance to 14 different anticancer drugs. Seventy-three percent of the investigated neuroblastoma cell lines and all four investigated primary tumor samples displayed concentrations that reduce cell viability by 50% in the range of the therapeutic plasma levels reported for SNS-032 (<754 nM). Sixty-two percent of the cell lines and two of the primary samples displayed concentrations that reduce cell viability by 90% in this concentration range. SNS-032 also impaired the growth of the multidrug-resistant cisplatin-adapted UKF-NB-3 subline UKF-NB-3(r)CDDP(1000) in mice. ABCB1 expression (but not ABCG2 expression) conferred resistance to SNS-032. The antineuroblastoma effects of SNS-032 did not depend on functional p53. The antineuroblastoma mechanism of SNS-032 included CDK7 and CDK9 inhibition-mediated suppression of RNA synthesis and subsequent depletion of antiapoptotic proteins with a fast turnover rate including X-linked inhibitor of apoptosis (XIAP), myeloid cell leukemia sequence 1 (Mcl-1), baculoviral IAP repeat containing 2 (BIRC2; cIAP-1), and survivin. In conclusion, CDK7 and CDK9 represent promising drug targets and SNS-032 represents a potential treatment option for neuroblastoma including therapy-refractory cases.	Löschmann N, Michaelis M, Rothweiler F, Zehner R, Cinatl J, Voges Y, Sharifi M, Riecken K, Meyer J, von Deimling A, Fichtner I, Ghafourian T, Westermann F, Cinatl J Jr. Testing of SNS-032 in a Panel of Human Neuroblastoma Cell Lines with Acquired Resistance to a Broad Range of Drugs <i>Transl Oncol.</i> 2014-01-28. DOI:https://www.doi.org/10.1593/tlo.13544 PMID:24466371
c4a7ca1d-3e47-4a41-9e86-a0e01549882f	https://www.doi.org/10.1158/2159-8290.CD-12-0313	PMID:23171796	PMC3595355	No	Cancer Discovery	2014-01-27	Elucidating distinct roles for NF1 in melanomagenesis	Fair use (license unspecified)	No	Yes	pmc_fulltext_xml/PMC3595355.xml	This file is available for text mining. It may also be used consistent with the principles of fair use under the copyright law.	"[""Ophélia Maertens"", ""Bryan Johnson"", ""Pablo Hollstein"", ""Dennie T Frederick"", ""Zachary A Cooper"", ""Ludwine Messiaen"", ""Roderick T Bronson"", ""Martin McMahon"", ""Scott Granter"", ""Keith Flaherty"", ""Jennifer A Wargo"", ""Richard Marais"", ""Karen Cichowski""]"	BRAF mutations play a well-established role in melanomagenesis; however, without additional genetic alterations, tumor development is restricted by oncogene-induced senescence (OIS). Here, we show that mutations in the NF1 tumor suppressor gene cooperate with BRAF mutations in melanomagenesis by preventing OIS. In a genetically engineered mouse model, Nf1 mutations suppress Braf-induced senescence, promote melanocyte hyperproliferation, and enhance melanoma development. Nf1 mutations function by deregulating both phosphoinositide 3-kinase and extracellular signal-regulated kinase pathways. As such, Nf1/Braf-mutant tumors are resistant to BRAF inhibitors but are sensitive to combined inhibition of mitogen-activated protein/extracellular signal-regulated kinase kinase and mTOR. Importantly, NF1 is mutated or suppressed in human melanomas that harbor concurrent BRAF mutations, NF1 ablation decreases the sensitivity of melanoma cell lines to BRAF inhibitors, and NF1 is lost in tumors from patients following treatment with these agents. Collectively, these studies provide mechanistic insight into how NF1 cooperates with BRAF mutations in melanoma and show that NF1/neurofibromin inactivation may have an impact on responses to targeted therapies.	Ophélia Maertens, Bryan Johnson, Pablo Hollstein, Dennie T Frederick, Zachary A Cooper, Ludwine Messiaen, Roderick T Bronson, Martin McMahon, Scott Granter, Keith Flaherty, Jennifer A Wargo, Richard Marais, Karen Cichowski. Elucidating distinct roles for NF1 in melanomagenesis. <i>Cancer Discovery.</i> 2014-01-27. DOI:https://www.doi.org/10.1158/2159-8290.CD-12-0313 PMID:23171796
fa48a638-c4f7-4ee1-9a98-0df2bd9fa32e	https://www.doi.org/10.1371/journal.pone.0085436	PMID:24416410	PMC3885720	No	PLoS One	2014-01-14	Oxidative stress induces mitochondrial dysfunction in a subset of autism lymphoblastoid cell lines in a well-matched case control cohort	CC-BY-4.0	Yes	Yes	pmc_fulltext_xml/PMC3885720.xml	http://creativecommons.org/licenses/by/4.0/	"[""Rose S"", ""Frye RE"", ""Slattery J"", ""Wynne R"", ""Tippett M"", ""Pavliv O"", ""Melnyk S"", ""James SJ.""]"	There is increasing recognition that mitochondrial dysfunction is associated with the autism spectrum disorders. However, little attention has been given to the etiology of mitochondrial dysfunction or how mitochondrial abnormalities might interact with other physiological disturbances associated with autism, such as oxidative stress. In the current study we used respirometry to examine reserve capacity, a measure of the mitochondrial ability to respond to physiological stress, in lymphoblastoid cell lines (LCLs) derived from children with autistic disorder (AD) as well as age and gender-matched control LCLs. We demonstrate, for the first time, that LCLs derived from children with AD have an abnormal mitochondrial reserve capacity before and after exposure to increasingly higher concentrations of 2,3-dimethoxy-1,4-napthoquinone (DMNQ), an agent that increases intracellular reactive oxygen species (ROS). Specifically, the AD LCLs exhibit a higher reserve capacity at baseline and a sharper depletion of reserve capacity when ROS exposure is increased, as compared to control LCLs. Detailed investigation indicated that reserve capacity abnormalities seen in AD LCLs were the result of higher ATP-linked respiration and maximal respiratory capacity at baseline combined with a marked increase in proton leak respiration as ROS was increased. We further demonstrate that these reserve capacity abnormalities are driven by a subgroup of eight (32%) of 25 AD LCLs. Additional investigation of this subgroup of AD LCLs with reserve capacity abnormalities revealed that it demonstrated a greater reliance on glycolysis and on uncoupling protein 2 to regulate oxidative stress at the inner mitochondria membrane. This study suggests that a significant subgroup of AD children may have alterations in mitochondrial function which could render them more vulnerable to a pro-oxidant microenvironment derived from intrinsic and extrinsic sources of ROS such as immune activation and pro-oxidant environmental toxicants. These findings are consistent with the notion that AD is caused by a combination of genetic and environmental factors.	Rose S, Frye RE, Slattery J, Wynne R, Tippett M, Pavliv O, Melnyk S, James SJ. Oxidative stress induces mitochondrial dysfunction in a subset of autism lymphoblastoid cell lines in a well-matched case control cohort <i>PLoS One.</i> 2014-01-14. DOI:https://www.doi.org/10.1371/journal.pone.0085436 PMID:24416410
2f594cac-6f68-4243-a46a-baa8008d795b	https://www.doi.org/10.1016/j.celrep.2013.12.001	PMID:24373973	PMC3904298	No	Cell Reports	2013-12-31	BET bromodomain inhibition triggers apoptosis of NF1-associated malignant peripheral nerve sheath tumors through Bim induction	Fair use (license unspecified)	No	Yes	pmc_fulltext_xml/PMC3904298.xml	This file is available for text mining. It may also be used consistent with the principles of fair use under the copyright law.	"[""Patel AJ"", ""Liao CP"", ""Chen Z"", ""Liu C"", ""Wang Y"", ""Le LQ.""]"	Malignant peripheral nerve sheath tumors (MPNSTs) are highly aggressive sarcomas that develop sporadically or in neurofibromatosis type 1 (NF1) patients. There is no effective treatment for MPNSTs and they are typically fatal. To gain insights into MPNST pathogenesis, we utilized an MPNST mouse model that allowed us to study the evolution of these tumors at the transcriptome level. Strikingly, in MPNSTs we found upregulation of a chromatin regulator, Brd4, and show that BRD4 inhibition profoundly suppresses both growth and tumorigenesis. Our findings reveal roles for BET bromodomains in MPNST development and report a mechanism by which bromodomain inhibition induces apoptosis through induction of proapoptotic Bim, which may represent a paradigm shift in therapy for MPNST patients. Moreover, these findings indicate epigenetic mechanisms underlying the balance of anti- and proapoptotic molecules and that bromodomain inhibition can shift this balance in favor of cancer cell apoptosis.	Patel AJ, Liao CP, Chen Z, Liu C, Wang Y, Le LQ. BET bromodomain inhibition triggers apoptosis of NF1-associated malignant peripheral nerve sheath tumors through Bim induction <i>Cell Reports.</i> 2013-12-31. DOI:https://www.doi.org/10.1016/j.celrep.2013.12.001 PMID:24373973
c7bf2c42-4707-465a-9981-90aef08f5f0b	https://www.doi.org/10.1186/2049-3002-1-20	PMID:24279929	PMC4178206	No	Cancer & Metabolism	2013-11-28	The metabolic demands of cancer cells are coupled to their size and protein synthesis rates	CC-BY	Yes	Yes	pmc_fulltext_xml/PMC4178206.xml	http://creativecommons.org/licenses/by/2.0	"[""Dolfi SC"", ""Chan LL"", ""Qiu J"", ""Tedeschi PM"", ""Bertino JR"", ""Hirshfield KM"", ""Oltvai ZN"", ""Vazquez A.""]"	BACKGROUND. Although cells require nutrients to proliferate, most nutrient exchange rates of the NCI60 panel of cancer cell lines correlate poorly with their proliferation rate. Here, we provide evidence indicating that this inconsistency is rooted in the variability of cell size. RESULTS. We integrate previously reported data characterizing genome copy number variations, gene expression, protein expression and exchange fluxes with our own measurements of cell size and protein content in the NCI60 panel of cell lines. We show that protein content, DNA content, and protein synthesis per cell are proportional to the cell volume, and that larger cells proliferate slower than smaller cells. We estimate the metabolic fluxes of these cell lines and show that their magnitudes are proportional to their protein synthesis rate and, after correcting for cell volume, to their proliferation rate. At the level of gene expression, we observe that genes expressed at higher levels in smaller cells are enriched for genes involved in cell cycle, while genes expressed at higher levels in large cells are enriched for genes expressed in mesenchymal cells. The latter finding is further corroborated by the induction of those same genes following treatment with TGFβ, and the high vimentin but low E-cadherin protein levels in the larger cells. We also find that aromatase inhibitors, statins and mTOR inhibitors preferentially inhibit the in vitro growth of cancer cells with high protein synthesis rates per cell. CONCLUSIONS. The NCI60 cell lines display various metabolic activities, and the type of metabolic activity that they possess correlates with their cell volume and protein content. In addition to cell proliferation, cell volume and/or biomarkers of protein synthesis may predict response to drugs targeting cancer metabolism.	Dolfi SC, Chan LL, Qiu J, Tedeschi PM, Bertino JR, Hirshfield KM, Oltvai ZN, Vazquez A. The metabolic demands of cancer cells are coupled to their size and protein synthesis rates <i>Cancer & Metabolism.</i> 2013-11-28. DOI:https://www.doi.org/10.1186/2049-3002-1-20 PMID:24279929
e1b07aee-cbe8-4085-8416-0e9b0ccc740a	https://www.doi.org/10.1093/hmg/ddt515	PMID:24163128	PMC3954124	No	Human Molecular Genetics	2013-10-29	NF1 is a critical regulator of muscle development and metabolism	PMC (access type unspecified)	No	No (abstract only)	pmc_fulltext_xml/PMC3954124.xml		"[""Sullivan K"", ""El-Hoss J"", ""Quinlan KG"", ""Deo N"", ""Garton F"", ""Seto JT"", ""Gdalevitch M"", ""Turner N"", ""Cooney GJ"", ""Kolanczyk M"", ""North KN"", ""Little DG"", ""Schindeler A.""]"	There is emerging evidence for reduced muscle function in children with neurofibromatosis type 1 (NF1). We have examined three murine models featuring NF1 deficiency in muscle to study the effect on muscle function as well as any underlying pathophysiology. The Nf1(+/-) mouse exhibited no differences in overall weight, lean tissue mass, fiber size, muscle weakness as measured by grip strength or muscle atrophy-recovery with limb disuse, although this model lacks many other characteristic features of the human disease. Next, muscle-specific knockout mice (Nf1muscle(-/-)) were generated and they exhibited a failure to thrive leading to neonatal lethality. Intramyocellular lipid accumulations were observed by electron microscopy and Oil Red O staining. More mature muscle specimens lacking Nf1 expression taken from the limb-specific Nf1Prx1(-/-) conditional knockout line showed a 10-fold increase in muscle triglyceride content. Enzyme assays revealed a significant increase in the activities of oxidative metabolism enzymes in the Nf1Prx1(-/-) mice. Western analyses showed increases in the expression of fatty acid synthase and the hormone leptin, as well as decreased expression of a number of fatty acid transporters in this mouse line. These data support the hypothesis that NF1 is essential for normal muscle function and survival and are the first to suggest a direct link between NF1 and mitochondrial fatty acid metabolism.	Sullivan K, El-Hoss J, Quinlan KG, Deo N, Garton F, Seto JT, Gdalevitch M, Turner N, Cooney GJ, Kolanczyk M, North KN, Little DG, Schindeler A. NF1 is a critical regulator of muscle development and metabolism <i>Human Molecular Genetics.</i> 2013-10-29. DOI:https://www.doi.org/10.1093/hmg/ddt515 PMID:24163128
5c41fb9e-3f14-4f98-8455-58e15d1927e9	https://www.doi.org/10.1038/ncomms3617	PMID:24135919	PMC4107456	No	Nature Communications	2013-10-19	Reconstructing targetable pathways in lung cancer by integrating diverse omics data	Fair use (license unspecified)	No	Yes	pmc_fulltext_xml/PMC4107456.xml	This file is available for text mining. It may also be used consistent with the principles of fair use under the copyright law.	"[""Balbin OA"", ""Prensner JR"", ""Sahu A"", ""Yocum A"", ""Shankar S"", ""Malik R"", ""Fermin D"", ""Dhanasekaran SM"", ""Chandler B"", ""Thomas D"", ""Beer DG"", ""Cao X"", ""Nesvizhskii AI"", ""Chinnaiyan AM.""]"	Global 'multi-omics' profiling of cancer cells harbours the potential for characterizing the signalling networks associated with specific oncogenes. Here we profile the transcriptome, proteome and phosphoproteome in a panel of non-small cell lung cancer (NSCLC) cell lines in order to reconstruct targetable networks associated with KRAS dependency. We develop a two-step bioinformatics strategy addressing the challenge of integrating these disparate data sets. We first define an 'abundance-score' combining transcript, protein and phospho-protein abundances to nominate differentially abundant proteins and then use the Prize Collecting Steiner Tree algorithm to identify functional sub-networks. We identify three modules centred on KRAS and MET, LCK and PAK1 and β-Catenin. We validate activation of these proteins in KRAS-dependent (KRAS-Dep) cells and perform functional studies defining LCK as a critical gene for cell proliferation in KRAS-Dep but not KRAS-independent NSCLCs. These results suggest that LCK is a potential druggable target protein in KRAS-Dep lung cancers.	Balbin OA, Prensner JR, Sahu A, Yocum A, Shankar S, Malik R, Fermin D, Dhanasekaran SM, Chandler B, Thomas D, Beer DG, Cao X, Nesvizhskii AI, Chinnaiyan AM. Reconstructing targetable pathways in lung cancer by integrating diverse omics data <i>Nature Communications.</i> 2013-10-19. DOI:https://www.doi.org/10.1038/ncomms3617 PMID:24135919
835f12ac-7ab1-4b40-b123-d66abc2dbfe6	https://www.doi.org/10.1101/gr.147942.112	PMID:23325432	PMC3589544	No	Genome Research	2013-09-26	Dynamic DNA methylation across diverse human cell lines and tissues	CC-BY-NC	Yes	Yes	pmc_fulltext_xml/PMC3589544.xml	http://creativecommons.org/licenses/by-nc/3.0/	"[""Katherine E Varley"", ""Jason Gertz"", ""Kevin M Bowling"", ""Stephanie L Parker"", ""Timothy E Reddy"", ""Florencia Pauli-Behn"", ""Marie K Cross"", ""Brian A Williams"", ""John A Stamatoyannopoulos"", ""Gregory E Crawford"", ""Devin M Absher"", ""Barbara J Wold"", ""Richard M Myers""]"	As studies of DNA methylation increase in scope, it has become evident that methylation has a complex relationship with gene expression, plays an important role in defining cell types, and is disrupted in many diseases. We describe large-scale single-base resolution DNA methylation profiling on a diverse collection of 82 human cell lines and tissues using reduced representation bisulfite sequencing (RRBS). Analysis integrating RNA-seq and ChIP-seq data illuminates the functional role of this dynamic mark. Loci that are hypermethylated across cancer types are enriched for sites bound by NANOG in embryonic stem cells, which supports and expands the model of a stem/progenitor cell signature in cancer. CpGs that are hypomethylated across cancer types are concentrated in megabase-scale domains that occur near the telomeres and centromeres of chromosomes, are depleted of genes, and are enriched for cancer-specific EZH2 binding and H3K27me3 (repressive chromatin). In noncancer samples, there are cell-type specific methylation signatures preserved in primary cell lines and tissues as well as methylation differences induced by cell culture. The relationship between methylation and expression is context-dependent, and we find that CpG-rich enhancers bound by EP300 in the bodies of expressed genes are unmethylated despite the dense gene-body methylation surrounding them. Non-CpG cytosine methylation occurs in human somatic tissue, is particularly prevalent in brain tissue, and is reproducible across many individuals. This study provides an atlas of DNA methylation across diverse and well-characterized samples and enables new discoveries about DNA methylation and its role in gene regulation and disease.	Katherine E Varley, Jason Gertz, Kevin M Bowling, Stephanie L Parker, Timothy E Reddy, Florencia Pauli-Behn, Marie K Cross, Brian A Williams, John A Stamatoyannopoulos, Gregory E Crawford, Devin M Absher, Barbara J Wold, Richard M Myers. Dynamic DNA methylation across diverse human cell lines and tissues. <i>Genome Research.</i> 2013-09-26. DOI:https://www.doi.org/10.1101/gr.147942.112 PMID:23325432
7f1bf558-2901-4d43-b631-e440374db410	https://www.doi.org/10.1186/1741-7015-11-109	PMID:23618374	PMC3648455	No	BMC Medicine	2013-09-25	Serum biomarkers for neurofibromatosis type 1 and early detection of malignant peripheral nerve-sheath tumors	CC-BY	Yes	Yes	pmc_fulltext_xml/PMC3648455.xml	http://creativecommons.org/licenses/by/2.0	"[""Su-Jin Park"", ""Birgit Sawitzki"", ""Lan Kluwe"", ""Victor F Mautner"", ""Nikola Holtkamp"", ""Andreas Kurtz""]"	Neurofibromatosis type 1 (NF1) is a hereditary tumor syndrome characterized by the development of benign nerve-sheath tumors, which transform to malignant peripheral nerve-sheath tumors (MPNST) in about 8 to 13% of patients with NF1. MPNST are invasive sarcomas with extremely poor prognosis, and their development may correlate with internal tumor load of patients with NF1. Because early identification of patients with NF1 at risk for developing MPNST should improve their clinical outcome, the aim of this study was to identify serum biomarkers for tumor progression in NF1, and to analyze their correlation with tumor type and internal tumor load. We selected candidate biomarkers for NF1 by manually mining published data sources, and conducted a systematic screen of 56 candidate serum biomarkers using customized antibody arrays. Serum from 104 patients with NF1 with and without MPNST, and from 41 healthy control subjects, was analyzed. Statistical analysis was performed using the non-parametric Mann-Whitney U-test, followed by Bonferroni correction. Our analysis identified four markers (epidermal growth factor receptor, interferon-γ, interleukin-6, and tumor necrosis factor-α) for which significantly different serum concentrations were seen in patients with NF1 compared with healthy controls. Two markers (insulin-like growth factor binding protein 1 (IGFBP1) and regulated upon activation, normal T-cell expressed and secreted (RANTES)) showed significantly higher concentrations in patients with NF1 and MPNST compared with patients with NF1 without MPNST. A correlation with internal tumor load was found for IGFBP1. Our study identified two serum markers with potential for early detection of patients with NF1 at risk for developing MPNST, and four markers that could distinguish between patients with NF1 and healthy subjects. Such markers may be useful as diagnostic tools to support the diagnosis of NF1 and for timely identification of MPNST. Moreover, the data suggest that there is a systemic increase in inflammatory cytokines independently of tumor load in patients with NF1.	Su-Jin Park, Birgit Sawitzki, Lan Kluwe, Victor F Mautner, Nikola Holtkamp, Andreas Kurtz. Serum biomarkers for neurofibromatosis type 1 and early detection of malignant peripheral nerve-sheath tumors. <i>BMC Medicine.</i> 2013-09-25. DOI:https://www.doi.org/10.1186/1741-7015-11-109 PMID:23618374
e17f61e8-3f1b-401a-a880-0ac6357493ab	https://www.doi.org/10.1038/oncsis.2013.35	PMID:24042735	PMC3816225	No	Oncogenesis	2013-09-18	Epigenetic and genetic features of 24 colon cancer cell lines	CC-BY-NC-SA	Yes	Yes	pmc_fulltext_xml/PMC3816225.xml	http://creativecommons.org/licenses/by-nc-sa/3.0/	"[""Ahmed D"", ""Eide PW"", ""Eilertsen IA"", ""Danielsen SA"", ""Eknæs M"", ""Hektoen M"", ""Lind GE"", ""Lothe RA.""]"	Cell lines are invaluable biomedical research tools, and recent literature has emphasized the importance of genotype authentication and characterization. In the present study, 24 out of 27 cell line identities were confirmed by short tandem repeat profiling. The molecular phenotypes of the 24 colon cancer cell lines were examined, and microsatellite instability (MSI) and CpG island methylator phenotype (CIMP) were determined, using the Bethesda panel mononucleotide repeat loci and two epimarker panels, respectively. Furthermore, the BRAF, KRAS and PIK3CA oncogenes were analyzed for mutations in known hotspots, while the entire coding sequences of the PTEN and TP53 tumor suppressors were investigated. Nine cell lines showed MSI. Thirteen and nine cell lines were found to be CIMP positive, using the Issa panel and the Weisenberger et al. panel, respectively. The latter was found to be superior for CIMP classification of colon cancer cell lines. Seventeen cell lines harbored disrupting TP53 mutations. Altogether, 20/24 cell lines had the mitogen-activated protein kinase pathway activating mutually exclusive KRAS or BRAF mutations. PIK3CA and PTEN mutations leading to hyperactivation of the phosphoinositide 3-kinase/AKT pathway were observed in 13/24 cell lines. Interestingly, in four cell lines there were no mutations in neither BRAF, KRAS, PIK3CA nor in PTEN. In conclusion, this study presents molecular features of a large number of colon cancer cell lines to aid the selection of suitable in vitro models for descriptive and functional research.	Ahmed D, Eide PW, Eilertsen IA, Danielsen SA, Eknæs M, Hektoen M, Lind GE, Lothe RA. Epigenetic and genetic features of 24 colon cancer cell lines <i>Oncogenesis.</i> 2013-09-18. DOI:https://www.doi.org/10.1038/oncsis.2013.35 PMID:24042735
16e36341-a21d-4696-a43a-39d06973a6f2	https://www.doi.org/10.1016/j.celrep.2013.08.011	PMID:24035394	PMC3982616	No	Cell Reports	2013-09-17	loss and Ras hyperactivation in oligodendrocytes induce NOS-driven defects in myelin and vasculature	CC-BY	Yes	Yes	pmc_fulltext_xml/PMC3982616.xml	http://creativecommons.org/licenses/by/2.0/	"[""Mayes DA"", ""Rizvi TA"", ""Titus-Mitchell H"", ""Oberst R"", ""Ciraolo GM"", ""Vorhees CV"", ""Robinson AP"", ""Miller SD"", ""Cancelas JA"", ""Stemmer-Rachamimov AO"", ""Ratner N.""]"	Patients with neurofibromatosis type 1 (NF1) and Costello syndrome Rasopathy have behavioral deficits. In NF1 patients, these may correlate with white matter enlargement and aberrant myelin. To model these features, we induced Nf1 loss or HRas hyperactivation in mouse oligodendrocytes. Enlarged brain white matter tracts correlated with myelin decompaction, downregulation of claudin-11, and mislocalization of connexin-32. Surprisingly, non-cell-autonomous defects in perivascular astrocytes and the blood-brain barrier (BBB) developed, implicating a soluble mediator. Nitric oxide (NO) can disrupt tight junctions and gap junctions, and NO and NO synthases (NOS1-NOS3) were upregulated in mutant white matter. Treating mice with the NOS inhibitor NG-nitro-L-arginine methyl ester or the antioxidant N-acetyl cysteine corrected cellular phenotypes. CNP-HRasG12V mice also displayed locomotor hyperactivity, which could be rescued by antioxidant treatment. We conclude that Nf1/Ras regulates oligodendrocyte NOS and that dysregulated NO signaling in oligodendrocytes can alter the surrounding vasculature. The data suggest that antioxidants may improve some behavioral deficits in Rasopathy patients.	Mayes DA, Rizvi TA, Titus-Mitchell H, Oberst R, Ciraolo GM, Vorhees CV, Robinson AP, Miller SD, Cancelas JA, Stemmer-Rachamimov AO, Ratner N. Nf1 loss and Ras hyperactivation in oligodendrocytes induce NOS-driven defects in myelin and vasculature <i>Cell Reports.</i> 2013-09-17. DOI:https://www.doi.org/10.1016/j.celrep.2013.08.011 PMID:24035394
69d96ce5-b54a-43b5-a051-60366d64533f	https://www.doi.org/10.1038/bjc.2013.452	PMID:24002593	PMC3776976	No	British Journal of Cancer	2013-09-05	Gene-expression data integration to squamous cell lung cancer subtypes reveals drug sensitivity	CC-BY-NC-SA	Yes	Yes	pmc_fulltext_xml/PMC3776976.xml	http://creativecommons.org/licenses/by-nc-sa/3.0/	"[""Wu D"", ""Pang Y"", ""Wilkerson MD"", ""Wang D"", ""Hammerman PS"", ""Liu JS.""]"	BACKGROUND. Squamous cell lung cancer (SqCC) is the second most common type of lung cancer in the United States. Previous studies have used gene-expression data to classify SqCC samples into four subtypes, including the primitive, classical, secretory and basal subtypes. These subtypes have different survival outcomes, although it is unknown whether these molecular subtypes predict response to therapy. METHODS. Here, we analysed RNAseq data of 178 SqCC tumour samples and characterised the features of the different SqCC subtypes to define signature genes and pathway alterations specific to each subtype. Further, we compared the gene-expression features of each molecular subtype to specific time points in models of airway development. We also classified SqCC-derived cell lines and their reported therapeutic vulnerabilities. RESULTS. We found that the primitive subtype may come from a later stage of differentiation, whereas the basal subtype may be from an early time. Most SqCC cell lines responded to one of five anticancer drugs (Panobinostat, 17-AAG, Irinotecan, Topotecan and Paclitaxel), whereas the basal-type cell line EBC-1 was sensitive to three other drugs (PF2341066, AZD6244 and PD-0325901). CONCLUSION. Compared with the other three subtypes of cell lines, the secretory-type cell lines were significantly less sensitive to the five most effective drugs, possibly because of their low proliferation activity. We provide a bioinformatics framework to explore drug repurposing for cancer subtypes based on the available genomic profiles of tumour samples, normal cell types, cancer cell lines and data of drug sensitivity in cell lines.	Wu D, Pang Y, Wilkerson MD, Wang D, Hammerman PS, Liu JS. Gene-expression data integration to squamous cell lung cancer subtypes reveals drug sensitivity <i>British Journal of Cancer.</i> 2013-09-05. DOI:https://www.doi.org/10.1038/bjc.2013.452 PMID:24002593
5b193f23-90e6-413e-a8de-2cb61b0e374d	https://www.doi.org/10.1371/journal.pone.0057152	PMID:23437333	PMC3578816	No	PloS One	2013-08-06	Sensitivity of malignant peripheral nerve sheath tumor cells to TRAIL is augmented by loss of NF1 through modulation of MYC/MAD and is potentiated by curcumin through induction of ROS	CC-BY-4.0	Yes	Yes	pmc_fulltext_xml/PMC3578816.xml	http://creativecommons.org/licenses/by/4.0/	"[""David E Reuss"", ""Jana Mucha"", ""Christian Hagenlocher"", ""Volker Ehemann"", ""Lan Kluwe"", ""Victor Mautner"", ""Andreas von Deimling""]"	Malignant peripheral nerve sheath tumor (MPNST) is a rare aggressive form of sarcoma often associated with the tumor syndrome neurofibromatosis type 1 (NF1). We investigated the effects of tumor necrosis factor-related apoptosis inducing ligand (TRAIL) on NF1 associated MPNST and determinants of TRAIL sensitivity. MPNST cell lines with complete neurofibromin deficiency were sensitive to apoptotic cell death induced by TRAIL whereas MPNST cells with retained neurofibromin expression or normal human Schwann cells were resistant. Increased sensitivity to TRAIL was associated with overexpression of death receptors, especially DR5. Re-expression of the GAP related domain of neurofibromin (NF1-GRD) suppressed DR5 expression and decreased sensitivity to TRAIL. We show that death receptor expression and TRAIL sensitivity critically depend on c-MYC and that c-MYC amounts are increased by MEK/ERK and PI3K/AKT signalling pathways which are suppressed by neurofibromin. Furthermore PI3K/AKT signalling strongly suppresses the MYC-antagonist MAD1 which significantly contributes to TRAIL sensitivity. Re-expression of the NF1-GRD decreased c-MYC and increased MAD1 amounts suggesting that neurofibromin influences TRAIL sensitivity at least in part by modulating the MYC/MAX/MAD network. The phytochemical curcumin further increased the sensitivity of neurofibromin deficient MPNST cells to TRAIL. This was presumably mediated by ROS, as it correlated with increased ROS production, was blocked by N-acetylcysteine and mimicked by exogenous ROS.	David E Reuss, Jana Mucha, Christian Hagenlocher, Volker Ehemann, Lan Kluwe, Victor Mautner, Andreas von Deimling. Sensitivity of malignant peripheral nerve sheath tumor cells to TRAIL is augmented by loss of NF1 through modulation of MYC/MAD and is potentiated by curcumin through induction of ROS. <i>PloS One.</i> 2013-08-06. DOI:https://www.doi.org/10.1371/journal.pone.0057152 PMID:23437333
594fdc65-e2b0-4cd1-adce-427009f89400	https://www.doi.org/10.1158/0008-5472.CAN-12-3342	PMID:23856246	PMC4893961	No	Cancer Research	2013-07-17	The exomes of the NCI-60 panel: a genomic resource for cancer biology and systems pharmacology	Fair use (license unspecified)	No	Yes	pmc_fulltext_xml/PMC4893961.xml	This file is available for text mining. It may also be used consistent with the principles of fair use under the copyright law.	"[""Abaan OD"", ""Polley EC"", ""Davis SR"", ""Zhu YJ"", ""Bilke S"", ""Walker RL"", ""Pineda M"", ""Gindin Y"", ""Jiang Y"", ""Reinhold WC"", ""Holbeck SL"", ""Simon RM"", ""Doroshow JH"", ""Pommier Y"", ""Meltzer PS.""]"	The NCI-60 cell lines are the most frequently studied human tumor cell lines in cancer research. This panel has generated the most extensive cancer pharmacology database worldwide. In addition, these cell lines have been intensely investigated, providing a unique platform for hypothesis-driven research focused on enhancing our understanding of tumor biology. Here, we report a comprehensive analysis of coding variants in the NCI-60 panel of cell lines identified by whole exome sequencing, providing a list of possible cancer specific variants for the community. Furthermore, we identify pharmacogenomic correlations between specific variants in genes such as TP53, BRAF, ERBBs, and ATAD5 and anticancer agents such as nutlin, vemurafenib, erlotinib, and bleomycin showing one of many ways the data could be used to validate and generate novel hypotheses for further investigation. As new cancer genes are identified through large-scale sequencing studies, the data presented here for the NCI-60 will be an invaluable resource for identifying cell lines with mutations in such genes for hypothesis-driven research. To enhance the utility of the data for the greater research community, the genomic variants are freely available in different formats and from multiple sources including the CellMiner and Ingenuity websites.	Abaan OD, Polley EC, Davis SR, Zhu YJ, Bilke S, Walker RL, Pineda M, Gindin Y, Jiang Y, Reinhold WC, Holbeck SL, Simon RM, Doroshow JH, Pommier Y, Meltzer PS. The exomes of the NCI-60 panel: a genomic resource for cancer biology and systems pharmacology <i>Cancer Research.</i> 2013-07-17. DOI:https://www.doi.org/10.1158/0008-5472.CAN-12-3342 PMID:23856246
9baf56a2-3e32-4b13-bcee-cadefbce71d6	https://www.doi.org/10.1210/jc.2013-2383	PMID:23833040	PMC3763971	No	The Journal of Clinical Endocrinology & Metabolism	2013-07-09	Frequent somatic TERT promoter mutations in thyroid cancer: higher prevalence in advanced forms of the disease	PMC (access type unspecified)	No	Yes	pmc_fulltext_xml/PMC3763971.xml		"[""Landa I"", ""Ganly I"", ""Chan TA"", ""Mitsutake N"", ""Matsuse M"", ""Ibrahimpasic T"", ""Ghossein RA"", ""Fagin JA.""]"	BACKGROUND. TERT encodes the reverse transcriptase component of telomerase, which adds telomere repeats to chromosome ends, thus enabling cell replication. Telomerase activity is required for cell immortalization. Somatic TERT promoter mutations modifying key transcriptional response elements were recently reported in several cancers, such as melanomas and gliomas. OBJECTIVES. The objectives of the study were: 1) to determine the prevalence of TERT promoter mutations C228T and C250T in different thyroid cancer histological types and cell lines; and 2) to establish the possible association of TERT mutations with mutations of BRAF, RAS, or RET/PTC. METHODS. TERT promoter was PCR-amplified and sequenced in 42 thyroid cancer cell lines and 183 tumors: 80 papillary thyroid cancers (PTCs), 58 poorly differentiated thyroid cancers (PDTCs), 20 anaplastic thyroid cancers (ATCs), and 25 Hurthle cell cancers (HCCs). RESULTS. TERT promoter mutations were found in 98 of 225 (44%) specimens. TERT promoters C228T and C250T were mutually exclusive. Mutations were present in 18 of 80 PTCs (22.5%), in 40 of 78 (51%) advanced thyroid cancers (ATC + PDTC) (P = 3 × 10(-4) vs PTC), and in widely invasive HCCs (4 of 17), but not in minimally invasive HCCs (0 of 8). TERT promoter mutations were seen more frequently in advanced cancers with BRAF/RAS mutations compared to those that were BRAF/RAS wild-type (ATC + PDTC, 67.3 vs 24.1%; P < 10(-4)), whereas BRAF-mutant PTCs were less likely to have TERT promoter mutations than BRAF wild-type tumors (11.8 vs 50.0%; P = .04). CONCLUSIONS. TERT promoter mutations are highly prevalent in advanced thyroid cancers, particularly those harboring BRAF or RAS mutations, whereas PTCs with BRAF or RAS mutations are most often TERT promoter wild type. Acquisition of a TERT promoter mutation could extend survival of BRAF- or RAS-driven clones and enable accumulation of additional genetic defects leading to disease progression.	Landa I, Ganly I, Chan TA, Mitsutake N, Matsuse M, Ibrahimpasic T, Ghossein RA, Fagin JA. Frequent somatic TERT promoter mutations in thyroid cancer: higher prevalence in advanced forms of the disease <i>The Journal of Clinical Endocrinology & Metabolism.</i> 2013-07-09. DOI:https://www.doi.org/10.1210/jc.2013-2383 PMID:23833040
b9837945-fc0d-46dc-9f38-0161277d3479	https://www.doi.org/10.1371/journal.pone.0049222	PMID:23145129	PMC3492274	No	PloS One	2013-06-25	Loss of NF1 expression in human endothelial cells promotes autonomous proliferation and altered vascular morphogenesis	CC-BY-4.0	Yes	Yes	pmc_fulltext_xml/PMC3492274.xml	http://creativecommons.org/licenses/by/4.0/	"[""Anshika Bajaj"", ""Qing-fen Li"", ""Qingxia Zheng"", ""Kevin Pumiglia""]"	Neurofibromatosis is a well known familial tumor syndrome, however these patients also suffer from a number of vascular anomalies. The loss of NFl from the endothelium is embryonically lethal in mouse developmental models, however little is known regarding the molecular regulation by NF1 in endothelium. We investigated the consequences of losing NF1 expression on the function of endothelial cells using shRNA. The loss of NF1 was sufficient to elevate levels of active Ras under non-stimulated conditions. These elevations in Ras activity were associated with activation of downstream signaling including activation of ERK, AKT and mTOR. Cells knocked down in NF1 expression exhibited no cellular senescence. Rather, they demonstrated augmented proliferation and autonomous entry into the cell cycle. These proliferative changes were accompanied by enhanced expression of cyclin D, phosphorylation of p27(KIP), and decreases in total p27(KIP) levels, even under growth factor free conditions. In addition, NF1-deficient cells failed to undergo normal branching morphogenesis in a co-culture assay, instead forming planar islands with few tubules and branches. We find the changes induced by the loss of NF1 could be mitigated by co-expression of the GAP-related domain of NF1 implicating Ras regulation in these effects. Using doxycycline-inducible shRNA, targeting NF1, we find that the morphogenic changes are reversible. Similarly, in fully differentiated and stable vascular-like structures, the silencing of NF1 results in the appearance of abnormal vascular structures. Finally, the proliferative changes and the abnormal vascular morphogenesis are normalized by low-dose rapamycin treatment. These data provide a detailed analysis of the molecular and functional consequences of NF1 loss in human endothelial cells. These insights may provide new approaches to therapeutically addressing vascular abnormalities in these patients while underscoring a critical role for normal Ras regulation in maintaining the health and function of the vasculature.	Anshika Bajaj, Qing-fen Li, Qingxia Zheng, Kevin Pumiglia. Loss of NF1 expression in human endothelial cells promotes autonomous proliferation and altered vascular morphogenesis. <i>PloS One.</i> 2013-06-25. DOI:https://www.doi.org/10.1371/journal.pone.0049222 PMID:23145129
1319a91b-218c-4b47-b6a8-4d3ece261689	https://www.doi.org/10.3389/fgene.2013.00097	PMID:23755070	PMC3668138	No	Frontiers in Genetics	2013-06-12	Heterogeneity of expression of epithelial-mesenchymal transition markers in melanocytes and melanoma cell lines	CC-BY	Yes	Yes	pmc_fulltext_xml/PMC3668138.xml	http://creativecommons.org/licenses/by/3.0/	"[""Kim JE"", ""Leung E"", ""Baguley BC"", ""Finlay GJ.""]"	The epithelial-mesenchymal transition (EMT) describes a reversible switch from an epithelial-like to a mesenchymal-like phenotype. It is essential for the development of the normal epithelium and also contributes to the invasive properties of carcinomas. At the molecular level, the EMT transition is characterized by a series of coordinated changes including downregulation of the junctional protein E-cadherin (CDH1), up-regulation of transcriptional repressors of E-cadherin such as Snail (SNAI1) and Slug (SNAI2), and up-regulation of N-cadherin. We wished to determine whether cultured normal melanocytes and melanoma cell lines, which are derived from the neural crest, showed signs of a similarly coordinated phenotypic switch. We investigated normal melanocytes and 25 cell lines derived from New Zealand patients with metastatic melanoma. Most lines had been previously genotyped for common mutations such as BRAF, NRAS, PIK3CA (phosphatidylinositol-3-kinase), TP53 (p53), and CDKN2A (p16). Expression of E-cadherin, N-cadherin, microphthalmia-associated transcription factor (MITF), Snail, Slug, Axl, p53, and Hdm2 was compared by western blotting. Normal melanocytes expressed each of these proteins except for Snail, while normal melanocytes and almost every melanoma line expressed Slug. Expression of individual markers among different melanoma lines varied from high to low or undetectable. Quantitation of western blots showed that expression of MITF-M, the melanocyte-specific isoform of MITF, was positively related to that of E-cadherin but inversely related to that of N-cadherin and Axl. There was also no apparent relationship between expression of any particular marker and the presence of BRAF, NRAS, PIK3CA, TP53, or CDKN2A mutations. The results suggest that melanomas do not show the classical epithelial and mesenchymal phenotypes but rather display either high E-cadherin/high MITF-M expression on one hand, or high N-cadherin/high Axl expression on the other. These may correspond to differentiated and invasive phenotypes in vivo.	Kim JE, Leung E, Baguley BC, Finlay GJ. Heterogeneity of expression of epithelial-mesenchymal transition markers in melanocytes and melanoma cell lines <i>Frontiers in Genetics.</i> 2013-06-12. DOI:https://www.doi.org/10.3389/fgene.2013.00097 PMID:23755070
a9c6ac53-7787-49a6-8fd2-91ba85b20985	https://www.doi.org/10.1002/jbmr.1992	PMID:23703870	PMC6774615	No	Journal of Bone and Mineral Research	2013-05-25	Hyperactive transforming growth factor-β1 signaling potentiates skeletal defects in a neurofibromatosis type 1 mouse model	Fair use (license unspecified)	No	Yes	pmc_fulltext_xml/PMC6774615.xml	This file is available for text mining. It may also be used consistent with the principles of fair use under the copyright law.	"[""Rhodes SD"", ""Wu X"", ""He Y"", ""Chen S"", ""Yang H"", ""Staser KW"", ""Wang J"", ""Zhang P"", ""Jiang C"", ""Yokota H"", ""Dong R"", ""Peng X"", ""Yang X"", ""Murthy S"", ""Azhar M"", ""Mohammad KS"", ""Xu M"", ""Guise TA"", ""Yang FC.""]"	Dysregulated transforming growth factor beta (TGF-β) signaling is associated with a spectrum of osseous defects as seen in Loeys-Dietz syndrome, Marfan syndrome, and Camurati-Engelmann disease. Intriguingly, neurofibromatosis type 1 (NF1) patients exhibit many of these characteristic skeletal features, including kyphoscoliosis, osteoporosis, tibial dysplasia, and pseudarthrosis; however, the molecular mechanisms mediating these phenotypes remain unclear. Here, we provide genetic and pharmacologic evidence that hyperactive TGF-β1 signaling pivotally underpins osseous defects in Nf1(flox/-) ;Col2.3Cre mice, a model which closely recapitulates the skeletal abnormalities found in the human disease. Compared to controls, we show that serum TGF-β1 levels are fivefold to sixfold increased both in Nf1(flox/-) ;Col2.3Cre mice and in a cohort of NF1 patients. Nf1-deficient osteoblasts, the principal source of TGF-β1 in bone, overexpress TGF-β1 in a gene dosage-dependent fashion. Moreover, Nf1-deficient osteoblasts and osteoclasts are hyperresponsive to TGF-β1 stimulation, potentiating osteoclast bone resorptive activity while inhibiting osteoblast differentiation. These cellular phenotypes are further accompanied by p21-Ras-dependent hyperactivation of the canonical TGF-β1-Smad pathway. Reexpression of the human, full-length neurofibromin guanosine triphosphatase (GTPase)-activating protein (GAP)-related domain (NF1 GRD) in primary Nf1-deficient osteoblast progenitors, attenuated TGF-β1 expression levels and reduced Smad phosphorylation in response to TGF-β1 stimulation. As an in vivo proof of principle, we demonstrate that administration of the TGF-β receptor 1 (TβRI) kinase inhibitor, SD-208, can rescue bone mass deficits and prevent tibial fracture nonunion in Nf1(flox/-) ;Col2.3Cre mice. In sum, these data demonstrate a pivotal role for hyperactive TGF-β1 signaling in the pathogenesis of NF1-associated osteoporosis and pseudarthrosis, thus implicating the TGF-β signaling pathway as a potential therapeutic target in the treatment of NF1 osseous defects that are refractory to current therapies.	Rhodes SD, Wu X, He Y, Chen S, Yang H, Staser KW, Wang J, Zhang P, Jiang C, Yokota H, Dong R, Peng X, Yang X, Murthy S, Azhar M, Mohammad KS, Xu M, Guise TA, Yang FC. Hyperactive transforming growth factor-β1 signaling potentiates skeletal defects in a neurofibromatosis type 1 mouse model <i>Journal of Bone and Mineral Research.</i> 2013-05-25. DOI:https://www.doi.org/10.1002/jbmr.1992 PMID:23703870
a2219a8a-a3c9-4dac-9728-308f915ce3d2	https://www.doi.org/10.1534/g3.113.006577	PMID:23665875	PMC3704242	No	G3 Genes|Genomes|Genetics	2013-05-14	A dynamic database of microarray-characterized cell lines with various cytogenetic and genomic backgrounds	CC-BY	Yes	Yes	pmc_fulltext_xml/PMC3704242.xml	http://creativecommons.org/licenses/by/3.0/	"[""Tang Z"", ""Berlin DS"", ""Toji L"", ""Toruner GA"", ""Beiswanger C"", ""Kulkarni S"", ""Martin CL"", ""Emanuel BS"", ""Christman M"", ""Gerry NP.""]"	The Human Genetic Cell Repository sponsored by the National Institute of General Medical Sciences (NIGMS) contains more than 11,000 cell lines and DNA samples collected from numerous individuals. All of these cell lines and DNA samples are categorized into several collections representing a variety of disease states, chromosomal abnormalities, heritable diseases, distinct human populations, and apparently healthy individuals. Many of these cell lines have previously been studied with detailed conventional cytogenetic analyses, including G-banded karyotyping and fluorescence in situ hybridization. This work was conducted by investigators at submitting institutions and scientists at Coriell Institute for Medical Research, where the NIGMS Repository is hosted. Recently, approximately 900 cell lines, mostly chosen from the Chromosomal Aberrations and Heritable Diseases collections, have been further characterized in detail at the Coriell Institute using the Affymetrix Genome-Wide Human SNP Array 6.0 to detect copy number variations and copy number neutral loss of heterozygosity. A database containing detailed cytogenetic and genomic information for these cell lines has been constructed and is freely available through several sources, such as the NIGMS Repository website and the University of California at Santa Cruz Genome Browser. As additional cell lines are analyzed and subsequently added into it, the database will be maintained dynamically.	Tang Z, Berlin DS, Toji L, Toruner GA, Beiswanger C, Kulkarni S, Martin CL, Emanuel BS, Christman M, Gerry NP. A dynamic database of microarray-characterized cell lines with various cytogenetic and genomic backgrounds <i>G3.</i> 2013-05-14. DOI:https://www.doi.org/10.1534/g3.113.006577 PMID:23665875
d0dec7a8-3c78-47eb-956e-a9a95b94b5b5	https://www.doi.org/10.3389/fgene.2013.00066	PMID:23658559	PMC3647113	No	Frontiers in Genetics	2013-05-10	Comparison of responses of human melanoma cell lines to MEK and BRAF inhibitors	CC-BY	Yes	Yes	pmc_fulltext_xml/PMC3647113.xml	http://creativecommons.org/licenses/by/3.0/	"[""Stones CJ"", ""Kim JE"", ""Joseph WR"", ""Leung E"", ""Marshall ES"", ""Finlay GJ"", ""Shelling AN"", ""Baguley BC.""]"	The NRAS and BRAF genes are frequently mutated in melanoma, suggesting that the NRAS-BRAF-MEK-ERK signaling pathway is an important target for therapy. Two classes of drugs, one targeting activated BRAF and one targeting MEK, are currently undergoing clinical evaluation. We have analysed the NRAS and BRAF mutational status of a series of 44 early passage lines developed from New Zealand patients with metastatic melanoma. 41% of the lines analysed had BRAF mutations, 23% had NRAS mutations, and 36% had neither. We then determined IC50 values (drug concentrations for 50% growth inhibition) for CI-1040, a commonly used inhibitor of MEK kinase; trametinib, a clinical agent targeting MEK kinase; and vemurafenib, an inhibitor of mutant BRAF kinase. Cell lines with activating BRAF mutations were significantly more sensitive to vemurafenib than lines with NRAS mutations or lines lacking either mutation (p < 0.001). IC50 values for CI-1040 and trametinib were strongly correlated (r = 0.98) with trametinib showing ~100-fold greater potency. Cell lines sensitive to vemurafenib were also sensitive to CI-1040 and trametinib, but there was no relationship between IC50 values and NRAS mutation status. A small number of lines lacking a BRAF mutation were sensitive to CI-1040 but resistant to vemurafenib. We used western blotting to investigate the effect on ERK phosphorylation of CI-1040 in four lines, of vemurafenib in two lines and of trametinib in two lines. The results support the view that MEK inhibitors might be combined with BRAF inhibitors in the treatment of melanomas with activated BRAF. The high sensitivity to trametinib of some lines with wildtype BRAF status also suggests that MEK inhibitors could have a therapeutic effect against some melanomas as single agents.	Stones CJ, Kim JE, Joseph WR, Leung E, Marshall ES, Finlay GJ, Shelling AN, Baguley BC. Comparison of responses of human melanoma cell lines to MEK and BRAF inhibitors <i>Frontiers in Genetics.</i> 2013-05-10. DOI:https://www.doi.org/10.3389/fgene.2013.00066 PMID:23658559
2496cd72-e0b1-4d89-a951-342037a8753d	https://www.doi.org/10.1371/journal.pgen.1003464	PMID:23637631	PMC3636093	No	PLoS Genetics	2013-05-03	Breakpoint analysis of transcriptional and genomic profiles uncovers novel gene fusions spanning multiple human cancer types	CC-BY-4.0	Yes	Yes	pmc_fulltext_xml/PMC3636093.xml	http://creativecommons.org/licenses/by/4.0/	"[""Giacomini CP"", ""Sun S"", ""Varma S"", ""Shain AH"", ""Giacomini MM"", ""Balagtas J"", ""Sweeney RT"", ""Lai E"", ""Del Vecchio CA"", ""Forster AD"", ""Clarke N"", ""Montgomery KD"", ""Zhu S"", ""Wong AJ"", ""van de Rijn M"", ""West RB"", ""Pollack JR.""]"	"Gene fusions, like BCR/ABL1 in chronic myelogenous leukemia, have long been recognized in hematologic and mesenchymal malignancies. The recent finding of gene fusions in prostate and lung cancers has motivated the search for pathogenic gene fusions in other malignancies. Here, we developed a ""breakpoint analysis"" pipeline to discover candidate gene fusions by tell-tale transcript level or genomic DNA copy number transitions occurring within genes. Mining data from 974 diverse cancer samples, we identified 198 candidate fusions involving annotated cancer genes. From these, we validated and further characterized novel gene fusions involving ROS1 tyrosine kinase in angiosarcoma (CEP85L/ROS1), SLC1A2 glutamate transporter in colon cancer (APIP/SLC1A2), RAF1 kinase in pancreatic cancer (ATG7/RAF1) and anaplastic astrocytoma (BCL6/RAF1), EWSR1 in melanoma (EWSR1/CREM), CDK6 kinase in T-cell acute lymphoblastic leukemia (FAM133B/CDK6), and CLTC in breast cancer (CLTC/VMP1). Notably, while these fusions involved known cancer genes, all occurred with novel fusion partners and in previously unreported cancer types. Moreover, several constituted druggable targets (including kinases), with therapeutic implications for their respective malignancies. Lastly, breakpoint analysis identified new cell line models for known rearrangements, including EGFRvIII and FIP1L1/PDGFRA. Taken together, we provide a robust approach for gene fusion discovery, and our results highlight a more widespread role of fusion genes in cancer pathogenesis."	Giacomini CP, Sun S, Varma S, Shain AH, Giacomini MM, Balagtas J, Sweeney RT, Lai E, Del Vecchio CA, Forster AD, Clarke N, Montgomery KD, Zhu S, Wong AJ, van de Rijn M, West RB, Pollack JR. Breakpoint analysis of transcriptional and genomic profiles uncovers novel gene fusions spanning multiple human cancer types <i>PLoS Genetics.</i> 2013-05-03. DOI:https://www.doi.org/10.1371/journal.pgen.1003464 PMID:23637631
1fc30cee-1d78-4be1-9e85-c45adab4c795	https://www.doi.org/10.1242/dmm.009779	PMID:22773753	PMC3484870	No	Disease Models & Mechanisms	2013-04-19	Zebrafish neurofibromatosis type 1 genes have redundant functions in tumorigenesis and embryonic development	CC-BY-NC-SA	Yes	Yes	pmc_fulltext_xml/PMC3484870.xml	This is an Open Access article distributed under the terms of the Creative Commons Attribution Non-Commercial Share Alike License (http://creativecommons.org/licenses/by-nc-sa/3.0), which permits unrestricted non-commercial use, distribution and reproduction in any medium provided that the original work is properly cited and all further distributions of the work or adaptation are subject to the same Creative Commons License terms.	"[""Jimann Shin"", ""Arun Padmanabhan"", ""Eric D de Groh"", ""Jeong-Soo Lee"", ""Sam Haidar"", ""Suzanne Dahlberg"", ""Feng Guo"", ""Shuning He"", ""Marc A Wolman"", ""Michael Granato"", ""Nathan D Lawson"", ""Scot A Wolfe"", ""Seok-Hyung Kim"", ""Lilianna Solnica-Krezel"", ""John P Kanki"", ""Keith L Ligon"", ""Jonathan A Epstein"", ""A Thomas Look""]"	Neurofibromatosis type 1 (NF1) is a common, dominantly inherited genetic disorder that results from mutations in the neurofibromin 1 (NF1) gene. Affected individuals demonstrate abnormalities in neural-crest-derived tissues that include hyperpigmented skin lesions and benign peripheral nerve sheath tumors. NF1 patients also have a predisposition to malignancies including juvenile myelomonocytic leukemia (JMML), optic glioma, glioblastoma, schwannoma and malignant peripheral nerve sheath tumors (MPNSTs). In an effort to better define the molecular and cellular determinants of NF1 disease pathogenesis in vivo, we employed targeted mutagenesis strategies to generate zebrafish harboring stable germline mutations in nf1a and nf1b, orthologues of NF1. Animals homozygous for loss-of-function alleles of nf1a or nf1b alone are phenotypically normal and viable. Homozygous loss of both alleles in combination generates larval phenotypes that resemble aspects of the human disease and results in larval lethality between 7 and 10 days post fertilization. nf1-null larvae demonstrate significant central and peripheral nervous system defects. These include aberrant proliferation and differentiation of oligodendrocyte progenitor cells (OPCs), dysmorphic myelin sheaths and hyperplasia of Schwann cells. Loss of nf1 contributes to tumorigenesis as demonstrated by an accelerated onset and increased penetrance of high-grade gliomas and MPNSTs in adult nf1a(+/-); nf1b(-/-); p53(e7/e7) animals. nf1-null larvae also demonstrate significant motor and learning defects. Importantly, we identify and quantitatively analyze a novel melanophore phenotype in nf1-null larvae, providing the first animal model of the pathognomonic pigmentation lesions of NF1. Together, these findings support a role for nf1a and nf1b as potent tumor suppressor genes that also function in the development of both central and peripheral glial cells as well as melanophores in zebrafish.	Jimann Shin, Arun Padmanabhan, Eric D de Groh, Jeong-Soo Lee, Sam Haidar, Suzanne Dahlberg, Feng Guo, Shuning He, Marc A Wolman, Michael Granato, Nathan D Lawson, Scot A Wolfe, Seok-Hyung Kim, Lilianna Solnica-Krezel, John P Kanki, Keith L Ligon, Jonathan A Epstein, A Thomas Look. Zebrafish neurofibromatosis type 1 genes have redundant functions in tumorigenesis and embryonic development. <i>Disease Models & Mechanisms.</i> 2013-04-19. DOI:https://www.doi.org/10.1242/dmm.009779 PMID:22773753
2d99123e-d92a-41c9-bc83-8df84de55caf	https://www.doi.org/10.1016/j.jpain.2013.01.770	PMID:23578956	PMC3672240	No	The Journal of Pain	2013-04-13	Assessment of pain and itch behavior in a mouse model of neurofibromatosis type 1	Fair use (license unspecified)	No	Yes	pmc_fulltext_xml/PMC3672240.xml	This file is available for text mining. It may also be used consistent with the principles of fair use under the copyright law.	"[""O'Brien DE"", ""Brenner DS"", ""Gutmann DH"", ""Gereau RW 4th.""]"	UNLABELLED. Neurofibromatosis type 1 (NF1) is characterized primarily by tumor formation in the nervous system, but patients report other neurological complications including pain and itch. Individuals with NF1 harbor 1 mutated NF1 allele causing heterozygous expression in all of their cells. In mice, Nf1 heterozygosity leads to hyperexcitability of sensory neurons and hyperproliferation of mast cells, both of which could lead to increased hypersensitivity and scratching in response to noxious and pruritic stimuli. To determine whether Nf1 heterozygosity may increase pain and itch behaviors independent of secondary effects of tumor formation, we used mice with a targeted, heterozygous Nf1 gene deletion (Nf1±) that lack tumors. Nf1± mice exhibited normal baseline responses to thermal and mechanical stimuli. Moreover, similar to wild-type littermates, Nf1± mice developed inflammation-induced heat and mechanical hypersensitivity, capsaicin-induced nocifensive behavior, histamine-dependent or -independent scratching, and chronic constriction injury-induced cold allodynia. However, Nf1± mice exhibited an attenuated first phase of formalin-induced spontaneous behavior and expedited resolution of formalin-induced heat hypersensitivity. These results are not consistent with the hypothesis that Nf1 heterozygosity alone is sufficient to increase pain and itch sensation in mice, and they suggest that additional mechanisms may underlie reports of increased pain and itch in NF1 patients. PERSPECTIVE. This study assessed whether Nf1 heterozygosity in mice increased hypersensitivity and scratching following noxious and pruritic stimuli. Using Nf1± mice lacking tumors, this study finds no increases in pain or itch behavior, suggesting that there is no predisposition for either clinical symptom solely due to Nf1 heterozygosity.	O'Brien DE, Brenner DS, Gutmann DH, Gereau RW 4th. Assessment of pain and itch behavior in a mouse model of neurofibromatosis type 1 <i>The Journal of Pain.</i> 2013-04-13. DOI:https://www.doi.org/10.1016/j.jpain.2013.01.770 PMID:23578956
ef678580-54a8-4195-9fb3-d60b2d220548	https://www.doi.org/10.1534/genetics.112.142802	PMID:22851646	PMC3454871	No	Genetics	2013-04-09	Comparative oncogenomics implicates the neurofibromin 1 gene (NF1) as a breast cancer driver	PMC (access type unspecified)	No	No (abstract only)	pmc_fulltext_xml/PMC3454871.xml		"[""Marsha D Wallace"", ""Adam D Pfefferle"", ""Lishuang Shen"", ""Adrian J McNairn"", ""Ethan G Cerami"", ""Barbara L Fallon"", ""Vera D Rinaldi"", ""Teresa L Southard"", ""Charles M Perou"", ""John C Schimenti""]"	Identifying genomic alterations driving breast cancer is complicated by tumor diversity and genetic heterogeneity. Relevant mouse models are powerful for untangling this problem because such heterogeneity can be controlled. Inbred Chaos3 mice exhibit high levels of genomic instability leading to mammary tumors that have tumor gene expression profiles closely resembling mature human mammary luminal cell signatures. We genomically characterized mammary adenocarcinomas from these mice to identify cancer-causing genomic events that overlap common alterations in human breast cancer. Chaos3 tumors underwent recurrent copy number alterations (CNAs), particularly deletion of the RAS inhibitor Neurofibromin 1 (Nf1) in nearly all cases. These overlap with human CNAs including NF1, which is deleted or mutated in 27.7% of all breast carcinomas. Chaos3 mammary tumor cells exhibit RAS hyperactivation and increased sensitivity to RAS pathway inhibitors. These results indicate that spontaneous NF1 loss can drive breast cancer. This should be informative for treatment of the significant fraction of patients whose tumors bear NF1 mutations.	Marsha D Wallace, Adam D Pfefferle, Lishuang Shen, Adrian J McNairn, Ethan G Cerami, Barbara L Fallon, Vera D Rinaldi, Teresa L Southard, Charles M Perou, John C Schimenti. Comparative oncogenomics implicates the neurofibromin 1 gene (NF1) as a breast cancer driver. <i>Genetics.</i> 2013-04-09. DOI:https://www.doi.org/10.1534/genetics.112.142802 PMID:22851646
cbe7ad98-389e-409e-8f50-bea568c2d0f3	https://www.doi.org/10.1002/ana.23813	PMID:23424002	PMC3608848	No	Annals of Neurology	2013-02-21	Reduced microglial CX3CR1 expression delays neurofibromatosis-1 glioma formation	Fair use (license unspecified)	No	Yes	pmc_fulltext_xml/PMC3608848.xml	This file is available for text mining. It may also be used consistent with the principles of fair use under the copyright law.	"[""Pong WW"", ""Higer SB"", ""Gianino SM"", ""Emnett RJ"", ""Gutmann DH.""]"	Although traditional models of carcinogenesis have largely focused on neoplastic cells, converging data have revealed the importance of non-neoplastic stromal cells in influencing tumor growth and progression. Leveraging a genetically engineered mouse model of neurofibromatosis type 1 (NF1)-associated optic glioma, we now demonstrate that stromal microglia express the CX3CR1 chemokine receptor, such that reduced CX3CR1 expression decreases optic nerve microglia. Moreover, genetic reduction of Cx3cr1 expression in Nf1 optic glioma mice delays optic glioma formation. Coupled with previous findings demonstrating that microglia maintain optic glioma growth, these new findings provide a strong preclinical rationale for the development of future stroma-directed glioma therapies in children.	Pong WW, Higer SB, Gianino SM, Emnett RJ, Gutmann DH. Reduced microglial CX3CR1 expression delays neurofibromatosis-1 glioma formation <i>Annals of Neurology.</i> 2013-02-21. DOI:https://www.doi.org/10.1002/ana.23813 PMID:23424002
aa90cc07-d6a2-4729-9d6b-2d4dde4bc192	https://www.doi.org/10.3892/or.2013.2266	PMID:23381221	PMC3621652	No	Oncology Reports	2013-02-06	Aberrant methylation of LINE-1, SLIT2, MAL and IGFBP7 in non-small cell lung cancer	CC-BY	Yes	Yes	pmc_fulltext_xml/PMC3621652.xml	http://creativecommons.org/licenses/by/3.0	"[""Suzuki M"", ""Shiraishi K"", ""Eguchi A"", ""Ikeda K"", ""Mori T"", ""Yoshimoto K"", ""Ohba Y"", ""Yamada T"", ""Ito T"", ""Baba Y"", ""Baba H.""]"	Genome-wide DNA hypomethylation and gene hypermethylation play important roles in instability and carcino-genesis. Methylation in long interspersed nucleotide element 1 (LINE-1) is a good indicator of the global DNA methylation level within a cell. Slit homolog 2 (SLIT2), myelin and lymphocyte protein gene (MAL) and insulin-like growth factor binding protein 7 (IGFBP7) are known to be hypermethylated in various malignancies. The aim of the present study was to assess the precise methylation levels of LINE-1, SLIT2, MAL and IGFBP7 in non-small cell lung cancer (NSCLC) using a pyrosequencing assay. Methylation of all regions was examined in 56 primary NSCLCs using a pyrosequencing assay. Changes in mRNA expression levels of SLIT2, MAL and IGFBP7 were measured before and after treatment with a demethylating agent. Methylation of these genes was also examined in 9 lung cancer cell lines using RT-PCR and a pyrosequencing assay. Frequencies of hypomethylation of LINE-1 and hypermethylation of SLIT2, MAL and IGFBP7, defined by predetermined cut off values, were 55, 64, 46 and 54% in NSCLCs, respectively and exhibited tumor-specific features. The hypermethylation of all genes was well correlated with changes in expression. The methylation level and frequency of MAL were significantly higher in smokers and in patients without EGFR mutations. Through accurate measurement of methylation levels using pyrosequencing, hypomethylation of LINE-1 and hypermethylation of SLIT2, MAL and IGFBP7 were frequently detected in NSCLCs and associated with various clinical features. Analysis of the methylation profiles of these genes may, therefore, provide novel opportunities for the therapy of NSCLCs.	Suzuki M, Shiraishi K, Eguchi A, Ikeda K, Mori T, Yoshimoto K, Ohba Y, Yamada T, Ito T, Baba Y, Baba H. Aberrant methylation of LINE-1, SLIT2, MAL and IGFBP7 in non-small cell lung cancer <i>Oncology Reports.</i> 2013-02-06. DOI:https://www.doi.org/10.3892/or.2013.2266 PMID:23381221
ba0d8d51-ae8e-4902-abc8-ad6237b774a5	https://www.doi.org/10.1371/journal.pone.0054464	PMID:23365669	PMC3554772	No	PLoS One	2013-02-01	Arginase treatment prevents the recovery of canine lymphoma and osteosarcoma cells resistant to the toxic effects of prolonged arginine deprivation	CC-BY-4.0	Yes	Yes	pmc_fulltext_xml/PMC3554772.xml	http://creativecommons.org/licenses/by/4.0/	"[""Wells JW"", ""Evans CH"", ""Scott MC"", ""Rütgen BC"", ""O'Brien TD"", ""Modiano JF"", ""Cvetkovic G"", ""Tepic S.""]"	Rapidly growing tumor cells require a nutrient-rich environment in order to thrive, therefore, restricting access to certain key amino acids, such as arginine, often results in the death of malignant cells, which frequently display defective cell cycle check-point control. Healthy cells, by contrast, become quiescent and remain viable under arginine restriction, displaying full recovery upon return to arginine-rich conditions. The use of arginase therapy to restrict available arginine for selectively targeting malignant cells is currently under investigation in human clinical trials. However, the suitability of this approach for veterinary uses is unexplored. As a prelude to in vivo studies in canine malignancies, we examined the in vitro effects of arginine-deprivation on canine lymphoid and osteosarcoma cell lines. Two lymphoid and 2 osteosarcoma cell lines were unable to recover following 6 days of arginine deprivation, but all remaining cell lines displayed full recovery upon return to arginine-rich culture conditions. These remaining cell lines all proved susceptible to cell death following the addition of arginase to the cultures. The lymphoid lines were particularly sensitive to arginase, becoming unrecoverable after just 3 days of treatment. Two of the osteosarcoma lines were also susceptible over this time-frame; however the other 3 lines required 6-8 days of arginase treatment to prevent recovery. In contrast, adult progenitor cells from the bone marrow of a healthy dog were able to recover fully following 9 days of culture in arginase. Over 3 days in culture, arginase was more effective than asparaginase in inducing the death of lymphoid lines. These results strongly suggest that short-term arginase treatment warrants further investigation as a therapy for lymphoid malignancies and osteosarcomas in dogs.	Wells JW, Evans CH, Scott MC, Rütgen BC, O'Brien TD, Modiano JF, Cvetkovic G, Tepic S. Arginase treatment prevents the recovery of canine lymphoma and osteosarcoma cells resistant to the toxic effects of prolonged arginine deprivation <i>PLoS One.</i> 2013-02-01. DOI:https://www.doi.org/10.1371/journal.pone.0054464 PMID:23365669
eb921117-bd5d-4372-bcdc-8a550afcba38	https://www.doi.org/10.1016/j.ajpath.2012.11.017	PMID:23321323	PMC3586689	No	The American Journal of Pathology	2013-01-17	Transgenic mice overexpressing neuregulin-1 model neurofibroma-malignant peripheral nerve sheath tumor progression and implicate specific chromosomal copy number variations in tumorigenesis	PMC (access type unspecified)	No	No (abstract only)	pmc_fulltext_xml/PMC3586689.xml	This document may be redistributed and reused, subject to certain conditions.	"[""Kazmi SJ"", ""Byer SJ"", ""Eckert JM"", ""Turk AN"", ""Huijbregts RP"", ""Brossier NM"", ""Grizzle WE"", ""Mikhail FM"", ""Roth KA"", ""Carroll SL.""]"	Patients with neurofibromatosis type 1 (NF1) develop benign plexiform neurofibromas that frequently progress to become malignant peripheral nerve sheath tumors (MPNSTs). A genetically engineered mouse model that accurately models plexiform neurofibroma-MPNST progression in humans would facilitate identification of somatic mutations driving this process. We previously reported that transgenic mice overexpressing the growth factor neuregulin-1 in Schwann cells (P(0)-GGFβ3 mice) develop MPNSTs. To determine whether P(0)-GGFβ3 mice accurately model human neurofibroma-MPNST progression, cohorts of these animals were monitored through death and were necropsied; 94% developed multiple neurofibromas, with 70% carrying smaller numbers of MPNSTs. Nascent MPNSTs were identified within neurofibromas, suggesting that these sarcomas arise from neurofibromas. Although neurofibromin expression was maintained, P(0)-GGFβ3 MPNSTs exhibited Ras hyperactivation, as in human NF1-associated MPNSTs. P(0)-GGFβ3 MPNSTs also exhibited abnormalities in the p16(INK4A)-cyclin D/CDK4-Rb and p19(ARF)-Mdm-p53 pathways, analogous to their human counterparts. Array comparative genomic hybridization (CGH) demonstrated reproducible chromosomal alterations in P(0)-GGFβ3 MPNST cells (including universal chromosome 11 gains) and focal gains and losses affecting 39 neoplasia-associated genes (including Pten, Tpd52, Myc, Gli1, Xiap, and Bbc3/PUMA). Array comparative genomic hybridization also identified recurrent focal copy number variations affecting genes not previously linked to neurofibroma or MPNST pathogenesis. We conclude that P(0)-GGFβ3 mice represent a robust model of neurofibroma-MPNST progression useful for identifying novel genes driving neurofibroma and MPNST pathogenesis.	Kazmi SJ, Byer SJ, Eckert JM, Turk AN, Huijbregts RP, Brossier NM, Grizzle WE, Mikhail FM, Roth KA, Carroll SL. Transgenic mice overexpressing neuregulin-1 model neurofibroma-malignant peripheral nerve sheath tumor progression and implicate specific chromosomal copy number variations in tumorigenesis <i>The American Journal of Pathology.</i> 2013-01-17. DOI:https://www.doi.org/10.1016/j.ajpath.2012.11.017 PMID:23321323
8fdbb5c4-96a8-4a1b-be72-356a403dde79	https://www.doi.org/10.1155/2012/620834	PMID:23319880	PMC3539440	No	Sarcoma	2013-01-16	Conditional Inactivation of Pten with EGFR Overexpression in Schwann Cells Models Sporadic MPNST	CC-BY	Yes	Yes	pmc_fulltext_xml/PMC3539440.xml	https://creativecommons.org/licenses/by/3.0/	"[""Keng VW"", ""Watson AL"", ""Rahrmann EP"", ""Li H"", ""Tschida BR"", ""Moriarity BS"", ""Choi K"", ""Rizvi TA"", ""Collins MH"", ""Wallace MR"", ""Ratner N"", ""Largaespada DA.""]"	The genetic mechanisms involved in the transformation from a benign neurofibroma to a malignant sarcoma in patients with neurofibromatosis-type-1- (NF1-)associated or sporadic malignant peripheral nerve sheath tumors (MPNSTs) remain unclear. It is hypothesized that many genetic changes are involved in transformation. Recently, it has been shown that both phosphatase and tensin homolog (PTEN) and epidermal growth factor receptor (EGFR) play important roles in the initiation of peripheral nerve sheath tumors (PNSTs). In human MPNSTs, PTEN expression is often reduced, while EGFR expression is often induced. We tested if these two genes cooperate in the evolution of PNSTs. Transgenic mice were generated carrying conditional floxed alleles of Pten, and EGFR was expressed under the control of the 2',3'-cyclic nucleotide 3'phosphodiesterase (Cnp) promoter and a desert hedgehog (Dhh) regulatory element driving Cre recombinase transgenic mice (Dhh-Cre). Complete loss of Pten and EGFR overexpression in Schwann cells led to the development of high-grade PNSTs. In vitro experiments using immortalized human Schwann cells demonstrated that loss of PTEN and overexpression of EGFR cooperate to increase cellular proliferation and anchorage-independent colony formation. This mouse model can rapidly recapitulate PNST onset and progression to high-grade PNSTs, as seen in sporadic MPNST patients.	Keng VW, Watson AL, Rahrmann EP, Li H, Tschida BR, Moriarity BS, Choi K, Rizvi TA, Collins MH, Wallace MR, Ratner N, Largaespada DA. Conditional Inactivation of Pten with EGFR Overexpression in Schwann Cells Models Sporadic MPNST <i>Sarcoma.</i> 2013-01-16. DOI:https://www.doi.org/10.1155/2012/620834 PMID:23319880
e00e5617-55c4-42f5-beea-db99923da5aa	https://www.doi.org/10.1038/onc.2012.580	PMID:23318450	PMC3874418	No	Oncogene	2013-01-16	NG2-cells are not the cell of origin for murine neurofibromatosis-1 (NF1) optic glioma	Fair use (license unspecified)	No	Yes	pmc_fulltext_xml/PMC3874418.xml	This file is available for text mining. It may also be used consistent with the principles of fair use under the copyright law.	"[""Solga AC"", ""Gianino SM"", ""Gutmann DH.""]"	Low-grade glial neoplasms (astrocytomas) represent one of the most common brain tumors in the pediatric population. These tumors frequently form in the optic pathway (optic pathway gliomas, OPGs), especially in children with the neurofibromatosis type 1 (NF1)-inherited tumor predisposition syndrome. To model these tumors in mice, we have previously developed several Nf1 genetically-engineered mouse strains that form optic gliomas. However, there are three distinct macroglial cell populations in the optic nerve (astrocytes, NG2+ (nerve/glial antigen 2) cells and oligodendrocytes). The presence of NG2+ cells in the optic nerve raises the intriguing possibility that these cells could be the tumor-initiating cells, as has been suggested for adult glioma. In this report, we used a combination of complementary in vitro and novel genetically-engineered mouse strains in vivo to determine whether NG2+ cells could give rise to Nf1 optic glioma. First, we show that Nf1 inactivation results in a cell-autonomous increase in glial fibrillary acidic protein+ (GFAP+), but not in NG2+, cell proliferation in vitro. Second, similar to the GFAP-Cre transgenic strain that drives Nf1 optic gliomagenesis, NG2-expressing cells also give rise to all three macroglial lineages in vivo. Third, in contrast to the GFAP-Cre strain, Nf1 gene inactivation in NG2+ cells is not sufficient for optic gliomagenesis in vivo. Collectively, these data demonstrate that NG2+ cells are not the cell of origin for mouse optic glioma, and support a model in which gliomagenesis requires Nf1 loss in specific neuroglial progenitors during embryogenesis.	Solga AC, Gianino SM, Gutmann DH. NG2-cells are not the cell of origin for murine neurofibromatosis-1 (Nf1) optic glioma <i>Oncogene.</i> 2013-01-16. DOI:https://www.doi.org/10.1038/onc.2012.580 PMID:23318450
79d42e74-6ae3-4bba-a4cc-b99eafa35d84	https://www.doi.org/10.1186/1755-8794-5-66	PMID:23272949	PMC3543849	No	BMC Med Genomics	2013-01-01	Subtypes of primary colorectal tumors correlate with response to targeted treatment in colorectal cell lines	CC-BY	Yes	Yes	pmc_fulltext_xml/PMC3543849.xml	http://creativecommons.org/licenses/by/2.0	"[""Schlicker A"", ""Beran G"", ""Chresta CM"", ""McWalter G"", ""Pritchard A"", ""Weston S"", ""Runswick S"", ""Davenport S"", ""Heathcote K"", ""Castro DA"", ""Orphanides G"", ""French T"", ""Wessels LF.""]"	BACKGROUND. Colorectal cancer (CRC) is a heterogeneous and biologically poorly understood disease. To tailor CRC treatment, it is essential to first model this heterogeneity by defining subtypes of patients with homogeneous biological and clinical characteristics and second match these subtypes to cell lines for which extensive pharmacological data is available, thus linking targeted therapies to patients most likely to respond to treatment. METHODS. We applied a new unsupervised, iterative approach to stratify CRC tumor samples into subtypes based on genome-wide mRNA expression data. By applying this stratification to several CRC cell line panels and integrating pharmacological response data, we generated hypotheses regarding the targeted treatment of different subtypes. RESULTS. In agreement with earlier studies, the two dominant CRC subtypes are highly correlated with a gene expression signature of epithelial-mesenchymal-transition (EMT). Notably, further dividing these two subtypes using iNMF (iterative Non-negative Matrix Factorization) revealed five subtypes that exhibit activation of specific signaling pathways, and show significant differences in clinical and molecular characteristics. Importantly, we were able to validate the stratification on independent, published datasets comprising over 1600 samples. Application of this stratification to four CRC cell line panels comprising 74 different cell lines, showed that the tumor subtypes are well represented in available CRC cell line panels. Pharmacological response data for targeted inhibitors of SRC, WNT, GSK3b, aurora kinase, PI3 kinase, and mTOR, showed significant differences in sensitivity across cell lines assigned to different subtypes. Importantly, some of these differences in sensitivity were in concordance with high expression of the targets or activation of the corresponding pathways in primary tumor samples of the same subtype. CONCLUSIONS. The stratification presented here is robust, captures important features of CRC, and offers valuable insight into functional differences between CRC subtypes. By matching the identified subtypes to cell line panels that have been pharmacologically characterized, it opens up new possibilities for the development and application of targeted therapies for defined CRC patient sub-populations.	Schlicker A, Beran G, Chresta CM, McWalter G, Pritchard A, Weston S, Runswick S, Davenport S, Heathcote K, Castro DA, Orphanides G, French T, Wessels LF. Subtypes of primary colorectal tumors correlate with response to targeted treatment in colorectal cell lines <i>BMC Med Genomics.</i> 2013-01-01. DOI:https://www.doi.org/10.1186/1755-8794-5-66 PMID:23272949
3e04eeb1-e578-4406-8ad1-aaf9d302631e	https://www.doi.org/10.1038/ng.2493	PMID:23202128	PMC3557959	No	Nature Genetics	2012-12-04	Integrated genomic analyses identify ARID1A and ARID1B alterations in the childhood cancer neuroblastoma	Open Access (license unspecified)	Yes	Yes	pmc_fulltext_xml/PMC3557959.xml	Users may view, print, copy, download and text and data- mine the content in such documents, for the purposes of academic research, subject always to the full Conditions of use: http://www.nature.com/authors/editorial_policies/license.html#terms	"[""Sausen M"", ""Leary RJ"", ""Jones S"", ""Wu J"", ""Reynolds CP"", ""Liu X"", ""Blackford A"", ""Parmigiani G"", ""Diaz LA Jr"", ""Papadopoulos N"", ""Vogelstein B"", ""Kinzler KW"", ""Velculescu VE"", ""Hogarty MD.""]"	Neuroblastomas are tumors of peripheral sympathetic neurons and are the most common solid tumor in children. To determine the genetic basis for neuroblastoma, we performed whole-genome sequencing (6 cases), exome sequencing (16 cases), genome-wide rearrangement analyses (32 cases) and targeted analyses of specific genomic loci (40 cases) using massively parallel sequencing. On average, each tumor had 19 somatic alterations in coding genes (range of 3-70). Among genes not previously known to be involved in neuroblastoma, chromosomal deletions and sequence alterations of the chromatin-remodeling genes ARID1A and ARID1B were identified in 8 of 71 tumors (11%) and were associated with early treatment failure and decreased survival. Using tumor-specific structural alterations, we developed an approach to identify rearranged DNA fragments in sera, providing personalized biomarkers for minimal residual disease detection and monitoring. These results highlight the dysregulation of chromatin remodeling in pediatric tumorigenesis and provide new approaches for the management of patients with neuroblastoma.	Sausen M, Leary RJ, Jones S, Wu J, Reynolds CP, Liu X, Blackford A, Parmigiani G, Diaz LA Jr, Papadopoulos N, Vogelstein B, Kinzler KW, Velculescu VE, Hogarty MD. Integrated genomic analyses identify ARID1A and ARID1B alterations in the childhood cancer neuroblastoma <i>Nature Genetics.</i> 2012-12-04. DOI:https://www.doi.org/10.1038/ng.2493 PMID:23202128
3cdbfe0d-55b8-40d9-9067-67c5c2a2791e	https://www.doi.org/10.3389/fendo.2012.00133	PMID:23162534	PMC3499787	No	Front Endocrinol	2012-11-20	Thyroid cancer cell lines: an overview	Open Access (license unspecified)	Yes	Yes	pmc_fulltext_xml/PMC3499787.xml	http://www.frontiersin.org/licenseagreement	"[""Saiselet M"", ""Floor S"", ""Tarabichi M"", ""Dom G"", ""Hébrant A"", ""van Staveren WC"", ""Maenhaut C.""]"	Human thyroid cancer cell lines are the most used models for thyroid cancer studies. They must be used with detailed knowledge of their characteristics. These in vitro cell lines originate from differentiated and dedifferentiated in vivo human thyroid tumors. However, it has been shown that mRNA expression profiles of these cell lines were closer to dedifferentiated in vivo thyroid tumors (anaplastic thyroid carcinoma, ATC) than to differentiated ones. Here an overview of the knowledge of these models was made. The mutational status of six human thyroid cancer cell lines (WRO, FTC133, BCPAP, TPC1, K1, and 8505C) was in line with previously reported findings for 10 genes frequently mutated in thyroid cancer. However, the presence of a BRAF mutation (T1799A: V600E) in WRO questions the use of this cell line as a model for follicular thyroid carcinoma (FTC). Next, to investigate the biological meaning of the modulated mRNAs in these cells, a pathway analysis on previously obtained mRNA profiles was performed on five cell lines. In five cell lines, the MHC class II pathway was down-regulated and in four of them, ribosome biosynthesis and translation pathways were up-regulated. mRNA expression profiles of the cell lines were also compared to those of the different types of thyroid cancers. Three datasets originating from different microarray platforms and derived from distinct laboratories were used. This meta-analysis showed a significant higher correlation between the profiles of the thyroid cancer cell lines and ATC, than to differentiated thyroid tumors (i.e., PTC or FTC) specifically for DNA replication. This already observed higher correlation was obtained here with an increased number of in vivo tumors and using different platforms. In summary, this would suggest that some papillary thyroid carcinoma or follicular thyroid carcinoma (PTC or FTC) cell lines (i.e., TPC-1) might have partially lost their original DNA synthesis/replication regulation mechanisms during their in vitro cell adaptation/evolution.	Saiselet M, Floor S, Tarabichi M, Dom G, Hébrant A, van Staveren WC, Maenhaut C. Thyroid cancer cell lines: an overview <i>Front Endocrinol.</i> 2012-11-20. DOI:https://www.doi.org/10.3389/fendo.2012.00133 PMID:23162534
1dfdbee2-8e0f-4695-947b-82a843c38f55	https://www.doi.org/10.1371/journal.pone.0048411	PMID:23119007	PMC3485222	No	PLoS One	2012-11-03	The somatostatin analogue octreotide inhibits growth of small intestine neuroendocrine tumour cells	CC-BY-4.0	Yes	Yes	pmc_fulltext_xml/PMC3485222.xml	http://creativecommons.org/licenses/by/4.0/	"[""Li SC"", ""Martijn C"", ""Cui T"", ""Essaghir A"", ""Luque RM"", ""Demoulin JB"", ""Castaño JP"", ""Öberg K"", ""Giandomenico V.""]"	Octreotide is a widely used synthetic somatostatin analogue that significantly improves the management of neuroendocrine tumours (NETs). Octreotide acts through somatostatin receptors (SSTRs). However, the molecular mechanisms leading to successful disease control or symptom management, especially when SSTRs levels are low, are largely unknown. We provide novel insights into how octreotide controls NET cells. CNDT2.5 cells were treated from 1 day up to 16 months with octreotide and then were profiled using Affymetrix microarray analysis. Quantitative real-time PCR and western blot analyses were used to validate microarray profiling in silico data. WST-1 cell proliferation assay was applied to evaluate cell growth of CNDT2.5 cells in the presence or absence of 1 µM octreotide at different time points. Moreover, laser capture microdissected tumour cells and paraffin embedded tissue slides from SI-NETs at different stages of disease were used to identify transcriptional and translational expression. Microarrays analyses did not reveal relevant changes in SSTR expression levels. Unexpectedly, six novel genes were found to be upregulated by octreotide: annexin A1 (ANXA1), rho GTPase-activating protein 18 (ARHGAP18), epithelial membrane protein 1 (EMP1), growth/differentiation factor 15 (GDF15), TGF-beta type II receptor (TGFBR2) and tumour necrosis factor (ligand) superfamily member 15 (TNFSF15). Furthermore, these novel genes were expressed in tumour tissues at transcript and protein levels. We suggest that octreotide may use a potential novel framework to exert its beneficial effect as a drug and to convey its action on neuroendocrine cells. Thus, six novel genes may regulate cell growth and differentiation in normal and tumour neuroendocrine cells and have a role in a novel octreotide mechanism system.	Li SC, Martijn C, Cui T, Essaghir A, Luque RM, Demoulin JB, Castaño JP, Öberg K, Giandomenico V. The somatostatin analogue octreotide inhibits growth of small intestine neuroendocrine tumour cells <i>PLoS One.</i> 2012-11-03. DOI:https://www.doi.org/10.1371/journal.pone.0048411 PMID:23119007
b0696f7d-5f26-4a17-99a5-d94a2424e9b0	https://www.doi.org/10.1007/s00401-012-1056-7	PMID:23099891	PMC3547628	No	Acta Neuropathologica	2012-10-27	Neurofibroma-associated macrophages play roles in tumor growth and response to pharmacological inhibition	Fair use (license unspecified)	No	Yes	pmc_fulltext_xml/PMC3547628.xml	This file is available for text mining. It may also be used consistent with the principles of fair use under the copyright law.	"[""Prada CE"", ""Jousma E"", ""Rizvi TA"", ""Wu J"", ""Dunn RS"", ""Mayes DA"", ""Cancelas JA"", ""Dombi E"", ""Kim MO"", ""West BL"", ""Bollag G"", ""Ratner N.""]"	Neurofibromatosis type 1 (NF1) is a common genetic disease that predisposes 30-50 % of affected individuals to develop plexiform neurofibromas. We found that macrophage infiltration of both mouse and human neurofibromas correlates with disease progression. Macrophages accounted for almost half of neurofibroma cells, leading us to hypothesize that nerve macrophages are inflammatory effectors in neurofibroma development and/or growth. We tested the effects of PLX3397, a dual kit/fms kinase inhibitor that blocks macrophage infiltration, in the Dhh-Cre; Nf1(flox/flox) mouse model of GEM grade I neurofibroma. In mice aged 1-4 months, prior to development of nerve pathology and neurofibroma formation, PLX3397 did not impair tumor initiation and increased tumor volume compared to controls. However, in mice aged 7-9 months, after tumor establishment, a subset of mice demonstrating the largest reductions in macrophages after PLX3397 exhibited cell death and tumor volume regression. Macrophages are likely to provide an initial line of defense against developing tumors. Once tumors are established, they become tumor permissive. Macrophage depletion may result in impaired tumor maintenance and represent a therapeutic strategy for neurofibroma therapy.	Prada CE, Jousma E, Rizvi TA, Wu J, Dunn RS, Mayes DA, Cancelas JA, Dombi E, Kim MO, West BL, Bollag G, Ratner N. Neurofibroma-associated macrophages play roles in tumor growth and response to pharmacological inhibition <i>Acta Neuropathologica.</i> 2012-10-27. DOI:https://www.doi.org/10.1007/s00401-012-1056-7 PMID:23099891
20e06ecb-6d40-4108-8fb0-335e905c5074	https://www.doi.org/10.1186/1476-4598-11-75	PMID:23039341	PMC3554420	No	Molecular Cancer	2012-10-09	Sensitivity to the MEK inhibitor E6201 in melanoma cells is associated with mutant BRAF and wildtype PTEN status	CC-BY	Yes	Yes	pmc_fulltext_xml/PMC3554420.xml	http://creativecommons.org/licenses/by/2.0	"[""Byron SA"", ""Loch DC"", ""Wellens CL"", ""Wortmann A"", ""Wu J"", ""Wang J"", ""Nomoto K"", ""Pollock PM.""]"	BACKGROUND. Melanoma is the most lethal form of skin cancer, but recent advances in molecularly targeted agents against the Ras/Raf/MAPK pathway demonstrate promise as effective therapies. Despite these advances, resistance remains an issue, as illustrated recently by the clinical experience with vemurafenib. Such acquired resistance appears to be the result of parallel pathway activation, such as PI3K, to overcome single-agent inhibition. In this report, we describe the cytotoxicity and anti-tumour activity of the novel MEK inhibitor, E6201, in a broad panel of melanoma cell lines (n = 31) of known mutational profile in vitro and in vivo. We further test the effectiveness of combining E6201 with an inhibitor of PI3K (LY294002) in overcoming resistance in these cell lines. RESULTS. The majority of melanoma cell lines were either sensitive (IC50 < 500 nM, 24/31) or hypersensitive (IC50 < 100 nM, 18/31) to E6201. This sensitivity correlated with wildtype PTEN and mutant BRAF status, whereas mutant RAS and PI3K pathway activation were associated with resistance. Although MEK inhibitors predominantly exert a cytostatic effect, E6201 elicited a potent cytocidal effect on most of the sensitive lines studied, as evidenced by Annexin positivity and cell death ELISA. Conversely, E6201 did not induce cell death in the two resistant melanoma cell lines tested. E6201 inhibited xenograft tumour growth in all four melanoma cell lines studied to varying degrees, but a more pronounced anti-tumour effect was observed for cell lines that previously demonstrated a cytocidal response in vitro. In vitro combination studies of E6201 and LY294002 showed synergism in all six melanoma cell lines tested, as defined by a mean combination index < 1. CONCLUSIONS. Our data demonstrate that E6201 elicits a predominantly cytocidal effect in vitro and in vivo in melanoma cells of diverse mutational background. Resistance to E6201 was associated with disruption of PTEN and activation of downstream PI3K signalling. In keeping with these data we demonstrate that co-inhibition of MAPK and PI3K is effective in overcoming resistance inherent in melanoma.	Byron SA, Loch DC, Wellens CL, Wortmann A, Wu J, Wang J, Nomoto K, Pollock PM. Sensitivity to the MEK inhibitor E6201 in melanoma cells is associated with mutant BRAF and wildtype PTEN status <i>Molecular Cancer.</i> 2012-10-09. DOI:https://www.doi.org/10.1186/1476-4598-11-75 PMID:23039341
938b3546-aa48-4c33-8a37-d724d20091be	https://www.doi.org/10.1017/s1740925x04000274	PMID:16429615	PMC1325299	No	Neuron Glia Biology	2012-10-02	Transcriptional profiling in an MPNST-derived cell line and normal human Schwann cells	NIH Public Access/Author Manuscripts	No	No (abstract only)	pmc_fulltext_xml/PMC1325299.xml		"[""Philip R Lee"", ""Jonathan E Cohen"", ""Elisabetta A Tendi"", ""Robert Farrer"", ""George H DE Vries"", ""Kevin G Becker"", ""R Douglas Fields""]"	cDNA microarrays were utilized to identify abnormally expressed genes in a malignant peripheral nerve sheath tumor (MPNST)-derived cell line, T265, by comparing the mRNA abundance profiles with that of normal human Schwann cells (nhSCs). The findings characterize the molecular phenotype of this important cell-line model of MPNSTs, and elucidate the contribution of Schwann cells in MPNSTs. In total, 4608 cDNA sequences were screened and hybridizations replicated on custom cDNA microarrays. In order to verify the microarray data, a large selection of differentially expressed mRNA transcripts were subjected to semi-quantitative reverse transcription PCR (LightCycler). Western blotting was performed to investigate a selection of genes and signal transduction pathways, as a further validation of the microarray data. The data generated from multiple microarray screens, semi-quantitative RT-PCR and Western blotting are in broad agreement. This study represents a comprehensive gene-expression analysis of an MPNST-derived cell line and the first comprehensive global mRNA profile of nhSCs in culture. This study has identified ~900 genes that are expressed abnormally in the T265 cell line and detected many genes not previously reported to be expressed in nhSCs. The results provide crucial information on the T265 cells that is essential for investigation using this cell line in experimental studies in neurofibromatosis type I (NF1), and important information on normal human Schwann cells that is applicable to a wide range of studies on Schwann cells in cell culture.	Philip R Lee, Jonathan E Cohen, Elisabetta A Tendi, Robert Farrer, George H DE Vries, Kevin G Becker, R Douglas Fields. Transcriptional profiling in an MPNST-derived cell line and normal human Schwann cells. <i>Neuron Glia Biology.</i> 2012-10-02. DOI:https://www.doi.org/10.1017/s1740925x04000274 PMID:16429615
9a4da565-16db-4230-83b0-c71a3d5c1e09		PMID:23012583	PMC3447199	No	Yale Journal of Biology and Medicine	2012-09-27	Integrated analysis of tumor samples sheds light on tumor heterogeneity	CC-BY-NC	Yes	Yes	pmc_fulltext_xml/PMC3447199.xml	This is an open access article distributed under the terms of the Creative Commons CC BY-NC license, which permits use, distribution, and reproduction in any medium, provided the original work is properly cited. You may not use the material for commercial purposes.	"[""Parisi F"", ""Micsinai M"", ""Strino F"", ""Ariyan S"", ""Narayan D"", ""Bacchiocchi A"", ""Cheng E"", ""Xu F"", ""Li P"", ""Kluger H"", ""Halaban R"", ""Kluger Y.""]"	The heterogeneity of tumor samples is a major challenge in the analysis of high-throughput profiling of tumor biopsies and cell lines. The measured aggregate signals of multigenerational progenies often represent an average of several tumor subclones with varying genomic aberrations and different gene expression levels. The goal of the present study was to integrate copy number analyses from SNP-arrays and karyotyping, gene expression profiling, and pathway analyses to detect heterogeneity, identify driver mutations, and explore possible mechanisms of tumor evolution. We showed the heterogeneity of the studied samples, characterized the global copy number alteration profiles, and identified genes whose copy number status and expression levels were aberrant. In particular, we identified a recurrent association between two BRAF(V600E) and BRAF(V600K) mutations and changes in DKK1 gene expression levels, which might indicate an association between the BRAF and WNT pathways. These findings show that the integrated approaches used in the present study can robustly address the challenging issue of tumor heterogeneity in high-throughput profiling.	Parisi F, Micsinai M, Strino F, Ariyan S, Narayan D, Bacchiocchi A, Cheng E, Xu F, Li P, Kluger H, Halaban R, Kluger Y. Integrated analysis of tumor samples sheds light on tumor heterogeneity <i>Yale J Biol Med.</i> 2012-09-27. PMID:23012583
6c5270e1-29b8-4dc0-8b86-75004a20ca90	https://www.doi.org/10.1158/2159-8290.CD-12-0112	PMID:22961666	PMC3567922	No	Cancer Discovery	2012-09-11	Proteomic profiling identifies dysregulated pathways in small cell lung cancer and novel therapeutic targets including PARP1	Fair use (license unspecified)	No	Yes	pmc_fulltext_xml/PMC3567922.xml	This file is available for text mining. It may also be used consistent with the principles of fair use under the copyright law.	"[""Byers LA"", ""Wang J"", ""Nilsson MB"", ""Fujimoto J"", ""Saintigny P"", ""Yordy J"", ""Giri U"", ""Peyton M"", ""Fan YH"", ""Diao L"", ""Masrorpour F"", ""Shen L"", ""Liu W"", ""Duchemann B"", ""Tumula P"", ""Bhardwaj V"", ""Welsh J"", ""Weber S"", ""Glisson BS"", ""Kalhor N"", ""Wistuba II"", ""Girard L"", ""Lippman SM"", ""Mills GB"", ""Coombes KR"", ""Weinstein JN"", ""Minna JD"", ""Heymach JV.""]"	UNLABELLED. Small cell lung cancer (SCLC) is an aggressive malignancy distinct from non-small cell lung cancer (NSCLC) in its metastatic potential and treatment response. Using an integrative proteomic and transcriptomic analysis, we investigated molecular differences contributing to the distinct clinical behavior of SCLCs and NSCLCs. SCLCs showed lower levels of several receptor tyrosine kinases and decreased activation of phosphoinositide 3-kinase (PI3K) and Ras/mitogen-activated protein (MAP)/extracellular signal-regulated kinase (ERK) kinase (MEK) pathways but significantly increased levels of E2F1-regulated factors including enhancer of zeste homolog 2 (EZH2), thymidylate synthase, apoptosis mediators, and DNA repair proteins. In addition, PARP1, a DNA repair protein and E2F1 co-activator, was highly expressed at the mRNA and protein levels in SCLCs. SCLC growth was inhibited by PARP1 and EZH2 knockdown. Furthermore, SCLC was significantly more sensitive to PARP inhibitors than were NSCLCs, and PARP inhibition downregulated key components of the DNA repair machinery and enhanced the efficacy of chemotherapy. SIGNIFICANCE. SCLC is a highly lethal cancer with a 5-year survival rate of less than 10%. To date, no molecularly targeted agents have prolonged survival in patients with SCLCs. As a step toward identifying new targets, we systematically profiled SCLCs with a focus on therapeutically relevant signaling pathways. Our data reveal fundamental differences in the patterns of pathway activation in SCLCs and NSCLCs and identify several potential therapeutic targets for SCLCs, including PARP1 and EZH2. On the basis of these results, clinical studies evaluating PARP and EZH2 inhibition, together with chemotherapy or other agents, warrant further investigation.	Byers LA, Wang J, Nilsson MB, Fujimoto J, Saintigny P, Yordy J, Giri U, Peyton M, Fan YH, Diao L, Masrorpour F, Shen L, Liu W, Duchemann B, Tumula P, Bhardwaj V, Welsh J, Weber S, Glisson BS, Kalhor N, Wistuba II, Girard L, Lippman SM, Mills GB, Coombes KR, Weinstein JN, Minna JD, Heymach JV. Proteomic profiling identifies dysregulated pathways in small cell lung cancer and novel therapeutic targets including PARP1 <i>Cancer Discovery.</i> 2012-09-11. DOI:https://www.doi.org/10.1158/2159-8290.CD-12-0112 PMID:22961666
d2d31787-3776-427e-bcc6-794b8f32ba59	https://www.doi.org/10.3791/4218	PMID:22929519	PMC3486771	No	Journal of Visualized Experiments	2012-08-30	Human neuroendocrine tumor cell lines as a three-dimensional model for the study of human neuroendocrine tumor therapy	CC-BY-NC-ND	Yes	Yes	pmc_fulltext_xml/PMC3486771.xml	http://creativecommons.org/licenses/by-nc-nd/3.0/	"[""Wong C"", ""Vosburgh E"", ""Levine AJ"", ""Cong L"", ""Xu EY.""]"	Neuroendocrine tumors (NETs) are rare tumors, with an incidence of two per 100, 000 individuals per year, and they account for 0.5% of all human malignancies. Other than surgery for the minority of patients who present with localized disease, there is little or no survival benefit of systemic therapy. Therefore, there is a great need to better understand the biology of NETs, and in particular define new therapeutic targets for patients with nonresectable or metastatic neuroendocrine tumors. 3D cell culture is becoming a popular method for drug screening due to its relevance in modeling the in vivo tumor tissue organization and microenvironment. The 3D multicellular spheroids could provide valuable information in a more timely and less expensive manner than directly proceeding from 2D cell culture experiments to animal (murine) models. To facilitate the discovery of new therapeutics for NET patients, we have developed an in vitro 3D multicellular spheroids model using the human NET cell lines. The NET cells are plated in a non-adhesive agarose-coated 24-well plate and incubated under physiological conditions (5% CO2, 37 °C) with a very slow agitation for 16-24 hr after plating. The cells form multicellular spheroids starting on the 3(rd) or 4(th) day. The spheroids become more spherical by the 6(th) day, at which point the drug treatments are initiated. The efficacy of the drug treatments on the NET spheroids is monitored based on the morphology, shape and size of the spheroids with a phase-contrast light microscope. The size of the spheroids is estimated automatically using a custom-developed MATLAB program based on an active contour algorithm. Further, we demonstrate a simple method to process the HistoGel embedding on these 3D spheroids, allowing the use of standard histological and immunohistochemical techniques. This is the first report on generating 3D spheroids using NET cell lines to examine the effect of therapeutic drugs. We have also performed histology on these 3D spheroids, and displayed an example of a single drug's effect on growth and proliferation of the NET spheroids. Our results support that the NET spheroids are valuable for further studies of NET biology and drug development.	Wong C, Vosburgh E, Levine AJ, Cong L, Xu EY. Human neuroendocrine tumor cell lines as a three-dimensional model for the study of human neuroendocrine tumor therapy <i>Journal of Visualized Experiments.</i> 2012-08-30. DOI:https://www.doi.org/10.3791/4218 PMID:22929519
188d78ba-1cee-40b4-b565-cbeff978259e	https://www.doi.org/10.4137/TOG.S8830	PMID:22346343	PMC3273949	No	Translational Oncogenomics	2012-08-23	Oncogene Mutation Survey in MPNST Cell Lines Enhances the Dominant Role of Hyperactive Ras in NF1 Associated Pro-Survival and Malignancy	CC-BY-NC	Yes	Yes	pmc_fulltext_xml/PMC3273949.xml	This is an open access article. Unrestricted non-commercial use is permitted provided the original work is properly cited.	"[""Daochun Sun"", ""Michael A Tainsky"", ""Ramsi Haddad""]"	Malignant peripheral nerve sheath tumors (MPNST) are a type of soft tissue sarcoma that can be associated with germline mutations in Neurofibromatosis type 1 (NF1) or may occur sporadically. Although the etiology of MPNST is poorly understood, it is clear that a loss of function of the NF1 gene, encoding a Ras-GAP, is an important factor in the tumorigenesis of the inherited form of MPNST. Tumor latency in NF1 patients suggests that additional mutational events are probably required for malignancy. In order to define oncogene mutations associated with 5 MPNST cell lines, we assayed the 238 most frequent mutations in 19 commonly activated oncogenes using mass spectroscopy-based analysis. All 238 mutation sites in the assayed oncogenes were determined to harbor only wild-type sequences. These data suggest that hyperactive Ras resulting from the loss function of neurofibromin may be sufficient to set up the direction of malignant transformation of Schwann cells to MPNST.	Daochun Sun, Michael A Tainsky, Ramsi Haddad. Oncogene Mutation Survey in MPNST Cell Lines Enhances the Dominant Role of Hyperactive Ras in NF1 Associated Pro-Survival and Malignancy. <i>Translational Oncogenomics.</i> 2012-08-23. DOI:https://www.doi.org/10.4137/TOG.S8830 PMID:22346343
e42fa15f-c959-4a13-b913-555329444efd	https://www.doi.org/10.1016/j.jcpa.2012.07.001	PMID:22901430	PMC3535688	No	Journal of Comparative Pathology	2012-08-21	Activation of the canonical Wnt/β-catenin signalling pathway is rare in canine malignant melanoma tissue and cell lines	Fair use (license unspecified)	No	Yes	pmc_fulltext_xml/PMC3535688.xml	This file is available for text mining. It may also be used consistent with the principles of fair use under the copyright law.	"[""Chon E"", ""Thompson V"", ""Schmid S"", ""Stein TJ.""]"	Canine malignant melanoma is a highly aggressive tumour associated with a poor overall survival rate due to both local disease recurrence and its highly metastatic nature. Similar to advanced melanoma in man, canine oral melanoma is poorly responsive to conventional anti-cancer therapies. The lack of sustainable disease control warrants investigation of novel therapies, preferably targeting features specific to the tumour and different from normal cells. The Wnt signalling pathway is known to contribute to melanocytic lineage development in vertebrates and perturbation of the Wnt/β-catenin pathway has been implicated in numerous cancer types. Alterations of the Wnt/β-catenin pathway are suggested to occur in a subset of human melanomas, although the precise role of the Wnt/β-catenin pathway in melanoma is yet to be defined. This study investigates the activation status of the canonical Wnt/β-catenin pathway in canine malignant melanoma and its potential as a therapeutic target for treating this disease. The data indicate that canonical Wnt/β-catenin pathway activation is a rare event in canine oral malignant melanoma tissue and canine malignant melanoma cell lines.	Chon E, Thompson V, Schmid S, Stein TJ. Activation of the canonical Wnt/β-catenin signalling pathway is rare in canine malignant melanoma tissue and cell lines <i>Journal of Comparative Pathology.</i> 2012-08-21. DOI:https://www.doi.org/10.1016/j.jcpa.2012.07.001 PMID:22901430
d7d87538-7338-4ff3-bd21-5e661b14e11f	https://www.doi.org/10.1074/mcp.M111.014050	PMID:22278370	PMC3316730	No	Molecular & Cellular Proteomics	2012-07-12	Comparative proteomic analysis of eleven common cell lines reveals ubiquitous but varying expression of most proteins	CC-BY-NC	Yes	Yes	pmc_fulltext_xml/PMC3316730.xml	Creative Commons Attribution Non-Commercial License applies to Author Choice Articles	"[""Tamar Geiger"", ""Anja Wehner"", ""Christoph Schaab"", ""Juergen Cox"", ""Matthias Mann""]"	"Deep proteomic analysis of mammalian cell lines would yield an inventory of the building blocks of the most commonly used systems in biological research. Mass spectrometry-based proteomics can identify and quantify proteins in a global and unbiased manner and can highlight the cellular processes that are altered between such systems. We analyzed 11 human cell lines using an LTQ-Orbitrap family mass spectrometer with a ""high field"" Orbitrap mass analyzer with improved resolution and sequencing speed. We identified a total of 11,731 proteins, and on average 10,361 ± 120 proteins in each cell line. This very high proteome coverage enabled analysis of a broad range of processes and functions. Despite the distinct origins of the cell lines, our quantitative results showed surprisingly high similarity in terms of expressed proteins. Nevertheless, this global similarity of the proteomes did not imply equal expression levels of individual proteins across the 11 cell lines, as we found significant differences in expression levels for an estimated two-third of them. The variability in cellular expression levels was similar for low and high abundance proteins, and even many of the most highly expressed proteins with household roles showed significant differences between cells. Metabolic pathways, which have high redundancy, exhibited variable expression, whereas basic cellular functions such as the basal transcription machinery varied much less. We harness knowledge of these cell line proteomes for the construction of a broad coverage ""super-SILAC"" quantification standard. Together with the accompanying paper (Schaab, C. MCP 2012, PMID: 22301388) (17) these data can be used to obtain reference expression profiles for proteins of interest both within and across cell line proteomes."	Tamar Geiger, Anja Wehner, Christoph Schaab, Juergen Cox, Matthias Mann. Comparative proteomic analysis of eleven common cell lines reveals ubiquitous but varying expression of most proteins. <i>Molecular & Cellular Proteomics.</i> 2012-07-12. DOI:https://www.doi.org/10.1074/mcp.M111.014050 PMID:22278370
6af0ce32-1347-40db-8219-f2de69f3dac3	https://www.doi.org/10.1158/1078-0432.CCR-12-0827	PMID:22753594	PMC3513499	No	Clinical Cancer Research	2012-07-04	Genetically defined subsets of human pancreatic cancer show unique in vitro chemosensitivity	Fair use (license unspecified)	No	Yes	pmc_fulltext_xml/PMC3513499.xml	This file is available for text mining. It may also be used consistent with the principles of fair use under the copyright law.	"[""Cui Y"", ""Brosnan JA"", ""Blackford AL"", ""Sur S"", ""Hruban RH"", ""Kinzler KW"", ""Vogelstein B"", ""Maitra A"", ""Diaz LA Jr"", ""Iacobuzio-Donahue CA"", ""Eshleman JR.""]"	PURPOSE. Pancreatic cancer is the fourth cause of death from cancer in the western world. Majority of patients present with advanced unresectable disease responding poorly to most chemotherapeutic agents. Chemotherapy for pancreatic cancer might be improved by adjusting it to individual genetic profiles. We attempt to identify genetic predictors of chemosensitivity to broad classes of anticancer drugs. EXPERIMENTAL DESIGN. Using a panel of genetically defined human pancreatic cancer cell lines, we tested gemcitabine (antimetabolite), docetaxel (antimicrotubule), mitomycin C (MMC; alkylating), irinotecan (topoisomerase I inhibitor), cisplatin (crosslinking), KU0058948 (Parp1 inhibitor), triptolide (terpenoid drug), and artemisinin (control). RESULTS. All pancreatic cancer cell lines were sensitive to triptolide and docetaxel. Most pancreatic cancer cells were also sensitive to gemcitabine and MMC. The vast majority of pancreatic cancer cell lines were insensitive to cisplatin, irinotecan, and a Parp1 inhibitor. However, individual cell lines were often sensitive to these compounds in unique ways. We found that DPC4/SMAD4 inactivation sensitized pancreatic cancer cells to cisplatin and irinotecan by 2- to 4-fold, but they were modestly less sensitive to gemcitabine. Pancreatic cancer cells were all sensitive to triptolide and 18% were sensitive to the Parp1 inhibitor. P16/CDKN2A-inactivated pancreatic cancer cells were 3- to 4-fold less sensitive to gemcitabine and MMC. CONCLUSIONS. Chemosensitivity of pancreatic cancer cells correlated with some specific genetic profiles. These results support the hypothesis that genetic subsets of pancreatic cancer exist, and these genetic backgrounds may permit one to personalize the chemotherapy of pancreatic cancer in the future. Further work will need to confirm these responses and determine their magnitude in vivo.	Cui Y, Brosnan JA, Blackford AL, Sur S, Hruban RH, Kinzler KW, Vogelstein B, Maitra A, Diaz LA Jr, Iacobuzio-Donahue CA, Eshleman JR. Genetically defined subsets of human pancreatic cancer show unique in vitro chemosensitivity <i>Clinical Cancer Research.</i> 2012-07-04. DOI:https://www.doi.org/10.1158/1078-0432.CCR-12-0827 PMID:22753594
30031dbd-27bc-43e2-a1db-1a062482e452	https://www.doi.org/10.1158/0008-5472.CAN-11-4092	PMID:22700876	PMC3428071	No	Cancer Research	2012-06-16	PTEN and NF1 inactivation in Schwann cells produces a severe phenotype in the peripheral nervous system that promotes the development and malignant progression of peripheral nerve sheath tumors	Fair use (license unspecified)	No	Yes	pmc_fulltext_xml/PMC3428071.xml	This file is available for text mining. It may also be used consistent with the principles of fair use under the copyright law.	"[""Keng VW"", ""Rahrmann EP"", ""Watson AL"", ""Tschida BR"", ""Moertel CL"", ""Jessen WJ"", ""Rizvi TA"", ""Collins MH"", ""Ratner N"", ""Largaespada DA.""]"	The genetic evolution from a benign neurofibroma to a malignant sarcoma in patients with neurofibromatosis type 1 (NF1) syndrome remains unclear. Schwann cells and/or their precursor cells are believed to be the primary pathogenic cell in neurofibromas because they harbor biallelic neurofibromin 1 (NF1) gene mutations. However, the phosphatase and tensin homolog (Pten) and neurofibromatosis 1 (Nf1) genes recently were found to be comutated in high-grade peripheral nerve sheath tumors (PNST) in mice. In this study, we created transgenic mice that lack both Pten and Nf1 in Schwann cells and Schwann cell precursor cells to validate the role of these two genes in PNST formation in vivo. Haploinsufficiency or complete loss of Pten dramatically accelerated neurofibroma development and led to the development of higher grade PNSTs in the context of Nf1 loss. Pten dosage, together with Nf1 loss, was sufficient for the progression from low-grade to high-grade PNSTs. Genetic analysis of human malignant PNSTs (MPNST) also revealed downregulation of PTEN expression, suggesting that Pten-regulated pathways are major tumor-suppressive barriers to neurofibroma progression. Together, our findings establish a novel mouse model that can rapidly recapitulate the onset of human neurofibroma tumorigenesis and the progression to MPNSTs.	Keng VW, Rahrmann EP, Watson AL, Tschida BR, Moertel CL, Jessen WJ, Rizvi TA, Collins MH, Ratner N, Largaespada DA. PTEN and NF1 inactivation in Schwann cells produces a severe phenotype in the peripheral nervous system that promotes the development and malignant progression of peripheral nerve sheath tumors <i>Cancer Research.</i> 2012-06-16. DOI:https://www.doi.org/10.1158/0008-5472.CAN-11-4092 PMID:22700876
d98ccdcc-c1c7-405a-a2ca-1c91c77fb305	https://www.doi.org/10.1371/journal.pone.0038463	PMID:22675565	PMC3366948	No	PLoS One	2012-06-08	High accuracy mutation detection in leukemia on a selected panel of cancer genes	CC-BY-4.0	Yes	Yes	pmc_fulltext_xml/PMC3366948.xml	http://creativecommons.org/licenses/by/4.0/	"[""Kalender Atak Z"", ""De Keersmaecker K"", ""Gianfelici V"", ""Geerdens E"", ""Vandepoel R"", ""Pauwels D"", ""Porcu M"", ""Lahortiga I"", ""Brys V"", ""Dirks WG"", ""Quentmeier H"", ""Cloos J"", ""Cuppens H"", ""Uyttebroeck A"", ""Vandenberghe P"", ""Cools J"", ""Aerts S.""]"	With the advent of whole-genome and whole-exome sequencing, high-quality catalogs of recurrently mutated cancer genes are becoming available for many cancer types. Increasing access to sequencing technology, including bench-top sequencers, provide the opportunity to re-sequence a limited set of cancer genes across a patient cohort with limited processing time. Here, we re-sequenced a set of cancer genes in T-cell acute lymphoblastic leukemia (T-ALL) using Nimblegen sequence capture coupled with Roche/454 technology. First, we investigated how a maximal sensitivity and specificity of mutation detection can be achieved through a benchmark study. We tested nine combinations of different mapping and variant-calling methods, varied the variant calling parameters, and compared the predicted mutations with a large independent validation set obtained by capillary re-sequencing. We found that the combination of two mapping algorithms, namely BWA-SW and SSAHA2, coupled with the variant calling algorithm Atlas-SNP2 yields the highest sensitivity (95%) and the highest specificity (93%). Next, we applied this analysis pipeline to identify mutations in a set of 58 cancer genes, in a panel of 18 T-ALL cell lines and 15 T-ALL patient samples. We confirmed mutations in known T-ALL drivers, including PHF6, NF1, FBXW7, NOTCH1, KRAS, NRAS, PIK3CA, and PTEN. Interestingly, we also found mutations in several cancer genes that had not been linked to T-ALL before, including JAK3. Finally, we re-sequenced a small set of 39 candidate genes and identified recurrent mutations in TET1, SPRY3 and SPRY4. In conclusion, we established an optimized analysis pipeline for Roche/454 data that can be applied to accurately detect gene mutations in cancer, which led to the identification of several new candidate T-ALL driver mutations.	Kalender Atak Z, De Keersmaecker K, Gianfelici V, Geerdens E, Vandepoel R, Pauwels D, Porcu M, Lahortiga I, Brys V, Dirks WG, Quentmeier H, Cloos J, Cuppens H, Uyttebroeck A, Vandenberghe P, Cools J, Aerts S. High accuracy mutation detection in leukemia on a selected panel of cancer genes <i>PLoS One.</i> 2012-06-08. DOI:https://www.doi.org/10.1371/journal.pone.0038463 PMID:22675565
85839f89-bd28-4543-a98e-8f7f5be96e6f	https://www.doi.org/10.1126/science.1218595	PMID:22628656	PMC3526189	No	Science	2012-05-26	Metabolite profiling identifies a key role for glycine in rapid cancer cell proliferation	Fair use (license unspecified)	No	Yes	pmc_fulltext_xml/PMC3526189.xml	This file is available for text mining. It may also be used consistent with the principles of fair use under the copyright law.	"[""Jain M"", ""Nilsson R"", ""Sharma S"", ""Madhusudhan N"", ""Kitami T"", ""Souza AL"", ""Kafri R"", ""Kirschner MW"", ""Clish CB"", ""Mootha VK.""]"	Metabolic reprogramming has been proposed to be a hallmark of cancer, yet a systematic characterization of the metabolic pathways active in transformed cells is currently lacking. Using mass spectrometry, we measured the consumption and release (CORE) profiles of 219 metabolites from media across the NCI-60 cancer cell lines, and integrated these data with a preexisting atlas of gene expression. This analysis identified glycine consumption and expression of the mitochondrial glycine biosynthetic pathway as strongly correlated with rates of proliferation across cancer cells. Antagonizing glycine uptake and its mitochondrial biosynthesis preferentially impaired rapidly proliferating cells. Moreover, higher expression of this pathway was associated with greater mortality in breast cancer patients. Increased reliance on glycine may represent a metabolic vulnerability for selectively targeting rapid cancer cell proliferation.	Jain M, Nilsson R, Sharma S, Madhusudhan N, Kitami T, Souza AL, Kafri R, Kirschner MW, Clish CB, Mootha VK. Metabolite profiling identifies a key role for glycine in rapid cancer cell proliferation <i>Science.</i> 2012-05-26. DOI:https://www.doi.org/10.1126/science.1218595 PMID:22628656
23dc4278-f4ae-4b0e-ae02-d7552e0cd95d	https://www.doi.org/10.1371/journal.pone.0037239	PMID:22615950	PMC3352892	No	PLoS One	2012-05-23	Preclinical evaluation of oncolytic vaccinia virus for therapy of canine soft tissue sarcoma	CC-BY-4.0	Yes	Yes	pmc_fulltext_xml/PMC3352892.xml	http://creativecommons.org/licenses/by/4.0/	"[""Gentschev I"", ""Adelfinger M"", ""Josupeit R"", ""Rudolph S"", ""Ehrig K"", ""Donat U"", ""Weibel S"", ""Chen NG"", ""Yu YA"", ""Zhang Q"", ""Heisig M"", ""Thamm D"", ""Stritzker J"", ""Macneill A"", ""Szalay AA.""]"	Virotherapy using oncolytic vaccinia virus (VACV) strains is one promising new strategy for canine cancer therapy. In this study we describe the establishment of an in vivo model of canine soft tissue sarcoma (CSTS) using the new isolated cell line STSA-1 and the analysis of the virus-mediated oncolytic and immunological effects of two different Lister VACV LIVP1.1.1 and GLV-1h68 strains against CSTS. Cell culture data demonstrated that both tested VACV strains efficiently infected and destroyed cells of the canine soft tissue sarcoma line STSA-1. In addition, in our new canine sarcoma tumor xenograft mouse model, systemic administration of LIVP1.1.1 or GLV-1h68 viruses led to significant inhibition of tumor growth compared to control mice. Furthermore, LIVP1.1.1 mediated therapy resulted in almost complete tumor regression and resulted in long-term survival of sarcoma-bearing mice. The replication of the tested VACV strains in tumor tissues led to strong oncolytic effects accompanied by an intense intratumoral infiltration of host immune cells, mainly neutrophils. These findings suggest that the direct viral oncolysis of tumor cells and the virus-dependent activation of tumor-associated host immune cells could be crucial parts of anti-tumor mechanism in STSA-1 xenografts. In summary, the data showed that both tested vaccinia virus strains and especially LIVP1.1.1 have great potential for effective treatment of CSTS.	Gentschev I, Adelfinger M, Josupeit R, Rudolph S, Ehrig K, Donat U, Weibel S, Chen NG, Yu YA, Zhang Q, Heisig M, Thamm D, Stritzker J, Macneill A, Szalay AA. Preclinical evaluation of oncolytic vaccinia virus for therapy of canine soft tissue sarcoma <i>PLoS One.</i> 2012-05-23. DOI:https://www.doi.org/10.1371/journal.pone.0037239 PMID:22615950
76d38527-0db8-4d63-b8bc-a73f0d654702	https://www.doi.org/10.1158/2159-8290.CD-11-0224	PMID:22585861	PMC5057396	No	Cancer Discovery	2012-05-16	Essential gene profiles in breast, pancreatic, and ovarian cancer cells	Fair use (license unspecified)	No	Yes	pmc_fulltext_xml/PMC5057396.xml	This file is available for text mining. It may also be used consistent with the principles of fair use under the copyright law.	"[""Marcotte R"", ""Brown KR"", ""Suarez F"", ""Sayad A"", ""Karamboulas K"", ""Krzyzanowski PM"", ""Sircoulomb F"", ""Medrano M"", ""Fedyshyn Y"", ""Koh JLY"", ""van Dyk D"", ""Fedyshyn B"", ""Luhova M"", ""Brito GC"", ""Vizeacoumar FJ"", ""Vizeacoumar FS"", ""Datti A"", ""Kasimer D"", ""Buzina A"", ""Mero P"", ""Misquitta C"", ""Normand J"", ""Haider M"", ""Ketela T"", ""Wrana JL"", ""Rottapel R"", ""Neel BG"", ""Moffat J.""]"	"UNLABELLED. Genomic analyses are yielding a host of new information on the multiple genetic abnormalities associated with specific types of cancer. A comprehensive description of cancer-associated genetic abnormalities can improve our ability to classify tumors into clinically relevant subgroups and, on occasion, identify mutant genes that drive the cancer phenotype (""drivers""). More often, though, the functional significance of cancer-associated mutations is difficult to discern. Genome-wide pooled short hairpin RNA (shRNA) screens enable global identification of the genes essential for cancer cell survival and proliferation, providing a ""functional genomic"" map of human cancer to complement genomic studies. Using a lentiviral shRNA library targeting ~16,000 genes and a newly developed, dynamic scoring approach, we identified essential gene profiles in 72 breast, pancreatic, and ovarian cancer cell lines. Integrating our results with current and future genomic data should facilitate the systematic identification of drivers, unanticipated synthetic lethal relationships, and functional vulnerabilities of these tumor types. SIGNIFICANCE. This study presents a resource of genome-scale, pooled shRNA screens for 72 breast, pancreatic, and ovarian cancer cell lines that will serve as a functional complement to genomics data, facilitate construction of essential gene profiles, help uncover synthetic lethal relationships, and identify uncharacterized genetic vulnerabilities in these tumor types. SIGNIFICANCE. This study presents a resource of genome-scale, pooled shRNA screens for 72 breast, pancreatic, and ovarian cancer cell lines that will serve as a functional complement to genomics data, facilitate construction of essential gene profiles, help uncover synthetic lethal relationships, and identify uncharacterized genetic vulnerabilities in these tumor types."	Marcotte R, Brown KR, Suarez F, Sayad A, Karamboulas K, Krzyzanowski PM, Sircoulomb F, Medrano M, Fedyshyn Y, Koh JLY, van Dyk D, Fedyshyn B, Luhova M, Brito GC, Vizeacoumar FJ, Vizeacoumar FS, Datti A, Kasimer D, Buzina A, Mero P, Misquitta C, Normand J, Haider M, Ketela T, Wrana JL, Rottapel R, Neel BG, Moffat J. Essential gene profiles in breast, pancreatic, and ovarian cancer cells <i>Cancer Discovery.</i> 2012-05-16. DOI:https://www.doi.org/10.1158/2159-8290.CD-11-0224 PMID:22585861
b9a7978e-e037-4cca-960a-d6475283b8b5	https://www.doi.org/10.1371/journal.pone.0032096	PMID:22384151	PMC3285665	No	PLoS One	2012-03-03	Identification of cancer cell-line origins using fluorescence image-based phenomic screening	CC-BY-4.0	Yes	Yes	pmc_fulltext_xml/PMC3285665.xml	http://creativecommons.org/licenses/by/4.0/	"[""Lee JS"", ""Kim YK"", ""Kim HJ"", ""Hajar S"", ""Tan YL"", ""Kang NY"", ""Ng SH"", ""Yoon CN"", ""Chang YT.""]"	Universal phenotyping techniques that can discriminate among various states of biological systems have great potential. We applied 557 fluorescent library compounds to NCI's 60 human cancer cell-lines (NCI-60) to generate a systematic fluorescence phenotypic profiling data. By the kinetic fluorescence intensity analysis, we successfully discriminated the organ origin of all the 60 cell-lines.	Lee JS, Kim YK, Kim HJ, Hajar S, Tan YL, Kang NY, Ng SH, Yoon CN, Chang YT. Identification of cancer cell-line origins using fluorescence image-based phenomic screening <i>PLoS One.</i> 2012-03-03. DOI:https://www.doi.org/10.1371/journal.pone.0032096 PMID:22384151
ac5bc170-4199-4d76-ad91-6ab7523f0881	https://www.doi.org/10.1002/ijc.27415	PMID:22213050	PMC3757132	No	International Journal of Cancer	2012-01-04	PEA15 impairs cell migration and correlates with clinical features predicting good prognosis in neuroblastoma	Fair use (license unspecified)	No	Yes	pmc_fulltext_xml/PMC3757132.xml	This file is available for text mining. It may also be used consistent with the principles of fair use under the copyright law.	"[""Gawecka JE"", ""Geerts D"", ""Koster J"", ""Caliva MJ"", ""Sulzmaier FJ"", ""Opoku-Ansah J"", ""Wada RK"", ""Bachmann AS"", ""Ramos JW.""]"	ERK and RSK2 drive proliferation and invasion of many cancers. Phosphoprotein enriched in astrocytes 15 (PEA15) binds ERK and RSK2 and high PEA15 levels can impair ERK- and RSK2-dependent transcription. PEA15 expression also inversely correlates with cell motility and invasiveness. We therefore tested PEA15 effects on neuroblastoma cells in vitro. We further analyzed PEA15 expression in the context of clinical and genetic features of neuroblastoma in tumor samples to determine its correlation with disease progression. Affymetrix microarray analysis was performed using 24 different neuroblastoma cell lines. Cell lines expressing low to intermediate levels of PEA15 were chosen for in vitro functional studies. The cell line results were verified by Affymetrix analysis of three different neuroblastic tumor types (total of 110 samples) PEA15 overexpression inhibited neuroblastoma migration in vitro. We verified that inhibition of motility required PEA15 interaction with its binding partners ERK and RSK2. Additionally, synthetic inhibitors of RSK2 suppressed integrin-dependent migration. PEA15 expression correlates with clinical parameters and a 25% increase in patient survival rate. The highest PEA15 levels were found in low stage, more differentiated and less metastatic neuroblastic tumors, and correlated with lack of MYCN amplification. PEA15 blocks neuroblastoma migration through inhibition of ERK/RSK2 signaling. PEA15 expression levels correlate with favorable clinical features suggesting that PEA15 limits metastatic progression of neuroblastoma. Thus, PEA15 and its partners ERK and RSK2 are potential targets for the development of new therapeutics to impede progression of minimal residual disease in patients with high-risk neuroblastoma.	Gawecka JE, Geerts D, Koster J, Caliva MJ, Sulzmaier FJ, Opoku-Ansah J, Wada RK, Bachmann AS, Ramos JW. PEA15 impairs cell migration and correlates with clinical features predicting good prognosis in neuroblastoma <i>International Journal of Cancer.</i> 2012-01-04. DOI:https://www.doi.org/10.1002/ijc.27415 PMID:22213050
aad97b9a-cd67-460d-96ba-9de84d10da9e	https://www.doi.org/10.1073/pnas.1111840108	PMID:22068913	PMC3219108	No	Proceedings of the National Academy of Sciences of the United States of America	2011-11-10	Redefining the relevance of established cancer cell lines to the study of mechanisms of clinical anti-cancer drug resistance	PMC (access type unspecified)	No	No (abstract only)	pmc_fulltext_xml/PMC3219108.xml		"[""Gillet JP"", ""Calcagno AM"", ""Varma S"", ""Marino M"", ""Green LJ"", ""Vora MI"", ""Patel C"", ""Orina JN"", ""Eliseeva TA"", ""Singal V"", ""Padmanabhan R"", ""Davidson B"", ""Ganapathi R"", ""Sood AK"", ""Rueda BR"", ""Ambudkar SV"", ""Gottesman MM.""]"	Although in vitro models have been a cornerstone of anti-cancer drug development, their direct applicability to clinical cancer research has been uncertain. Using a state-of-the-art Taqman-based quantitative RT-PCR assay, we investigated the multidrug resistance (MDR) transcriptome of six cancer types, in established cancer cell lines (grown in monolayer, 3D scaffold, or in xenograft) and clinical samples, either containing >75% tumor cells or microdissected. The MDR transcriptome was determined a priori based on an extensive curation of the literature published during the last three decades, which led to the enumeration of 380 genes. No correlation was found between clinical samples and established cancer cell lines. As expected, we found up-regulation of genes that would facilitate survival across all cultured cancer cell lines evaluated. More troubling, however, were data showing that all of the cell lines, grown either in vitro or in vivo, bear more resemblance to each other, regardless of the tissue of origin, than to the clinical samples they are supposed to model. Although cultured cells can be used to study many aspects of cancer biology and response of cells to drugs, this study emphasizes the necessity for new in vitro cancer models and the use of primary tumor models in which gene expression can be manipulated and small molecules tested in a setting that more closely mimics the in vivo cancer microenvironment so as to avoid radical changes in gene expression profiles brought on by extended periods of cell culture.	Gillet JP, Calcagno AM, Varma S, Marino M, Green LJ, Vora MI, Patel C, Orina JN, Eliseeva TA, Singal V, Padmanabhan R, Davidson B, Ganapathi R, Sood AK, Rueda BR, Ambudkar SV, Gottesman MM. Redefining the relevance of established cancer cell lines to the study of mechanisms of clinical anti-cancer drug resistance <i>Proceedings of the National Academy of Sciences of the United States of America.</i> 2011-11-10. DOI:https://www.doi.org/10.1073/pnas.1111840108 PMID:22068913
8dbbcf50-9d7a-4d95-9eb6-427731d2a5b8	https://www.doi.org/10.1371/journal.pone.0021099	PMID:21695156	PMC3113907	No	PloS One	2011-10-21	Cancer stem cell-like cells derived from malignant peripheral nerve sheath tumors	CC-BY-4.0	Yes	Yes	pmc_fulltext_xml/PMC3113907.xml	http://creativecommons.org/licenses/by/4.0/	"[""Melanie Spyra"", ""Lan Kluwe"", ""Christian Hagel"", ""Rosa Nguyen"", ""Jens Panse"", ""Andreas Kurtz"", ""Victor Felix Mautner"", ""Samuel David Rabkin"", ""Maria Demestre""]"	This study aims to examine whether or not cancer stem cells exist in malignant peripheral nerve sheath tumors (MPNST). Cells of established lines, primary cultures and freshly dissected tumors were cultured in serum free conditions supplemented with epidermal and fibroblast growth factors. From one established human MPNST cell line, S462, cells meeting the criteria for cancer stem cells were isolated. Clonal spheres were obtained, which could be passaged multiple times. Enrichment of stem cell-like cells in these spheres was also supported by increased expression of stem cell markers such as CD133, Oct4, Nestin and NGFR, and decreased expression of mature cell markers such as CD90 and NCAM. Furthermore, cells of these clonal S462 spheres differentiated into Schwann cells, smooth muscle/fibroblast and neurons-like cells under specific differentiation-inducing cultural conditions. Finally, subcutaneous injection of the spheres into immunodeficient nude mice led to tumor formation at a higher rate compared to the parental adherent cells (66% versus 10% at 2.5 × 10(5)). These results provide evidence for the existence of cancer stem cell-like cells in malignant peripheral nerve sheath tumors.	Melanie Spyra, Lan Kluwe, Christian Hagel, Rosa Nguyen, Jens Panse, Andreas Kurtz, Victor Felix Mautner, Samuel David Rabkin, Maria Demestre. Cancer stem cell-like cells derived from malignant peripheral nerve sheath tumors. <i>PloS One.</i> 2011-10-21. DOI:https://www.doi.org/10.1371/journal.pone.0021099 PMID:21695156
3572067a-52d7-46d2-8fb2-53e104195b1f	https://www.doi.org/10.1016/j.cell.2011.06.014	PMID:21737130	PMC3143261	No	Cell	2011-09-19	Mosaic analysis with double markers reveals tumor cell of origin in glioma	Fair use (license unspecified)	No	Yes	pmc_fulltext_xml/PMC3143261.xml	This file is available for text mining. It may also be used consistent with the principles of fair use under the copyright law.	"[""Chong Liu"", ""Jonathan C Sage"", ""Michael R Miller"", ""Roel G W Verhaak"", ""Simon Hippenmeyer"", ""Hannes Vogel"", ""Oded Foreman"", ""Roderick T Bronson"", ""Akiko Nishiyama"", ""Liqun Luo"", ""Hui Zong""]"	Cancer cell of origin is difficult to identify by analyzing cells within terminal stage tumors, whose identity could be concealed by the acquired plasticity. Thus, an ideal approach to identify the cell of origin is to analyze proliferative abnormalities in distinct lineages prior to malignancy. Here, we use mosaic analysis with double markers (MADM) in mice to model gliomagenesis by initiating concurrent p53/Nf1 mutations sporadically in neural stem cells (NSCs). Surprisingly, MADM-based lineag	Chong Liu, Jonathan C Sage, Michael R Miller, Roel G W Verhaak, Simon Hippenmeyer, Hannes Vogel, Oded Foreman, Roderick T Bronson, Akiko Nishiyama, Liqun Luo, Hui Zong. Mosaic analysis with double markers reveals tumor cell of origin in glioma. <i>Cell.</i> 2011-09-19. DOI:https://www.doi.org/10.1016/j.cell.2011.06.014 PMID:21737130
c6259489-f8bd-4ad5-9d1f-a17d11f541d4	https://www.doi.org/10.1158/1078-0432.CCR-11-0690	PMID:21868764	PMC3229662	No	Clinical Cancer Research	2011-08-27	Assembly and initial characterization of a panel of 85 genomically validated cell lines from diverse head and neck tumor sites	Fair use (license unspecified)	No	Yes	pmc_fulltext_xml/PMC3229662.xml	This file is available for text mining. It may also be used consistent with the principles of fair use under the copyright law.	"[""Zhao M"", ""Sano D"", ""Pickering CR"", ""Jasser SA"", ""Henderson YC"", ""Clayman GL"", ""Sturgis EM"", ""Ow TJ"", ""Lotan R"", ""Carey TE"", ""Sacks PG"", ""Grandis JR"", ""Sidransky D"", ""Heldin NE"", ""Myers JN.""]"	PURPOSE. Human cell lines are useful for studying cancer biology and preclinically modeling cancer therapy, but can be misidentified and cross-contamination is unfortunately common. The purpose of this study was to develop a panel of validated head and neck cell lines representing the spectrum of tissue sites and histologies that could be used for studying the molecular, genetic, and phenotypic diversity of head and neck cancer. METHODS. A panel of 122 clinically and phenotypically diverse head and neck cell lines from head and neck squamous cell carcinoma, thyroid cancer, cutaneous squamous cell carcinoma, adenoid cystic carcinoma, oral leukoplakia, immortalized primary keratinocytes, and normal epithelium was assembled from the collections of several individuals and institutions. Authenticity was verified by carrying out short tandem repeat analysis. Human papillomavirus (HPV) status and cell morphology were also determined. RESULTS. Eighty-five of the 122 cell lines had unique genetic profiles. HPV-16 DNA was detected in 2 cell lines. These 85 cell lines included cell lines from the major head and neck primary tumor sites, and close examination shows a wide range of in vitro phenotypes. CONCLUSIONS. This panel of 85 genomically validated head and neck cell lines represents a valuable resource for the head and neck cancer research community that can help advance understanding of the disease by providing a standard reference for cell lines that can be used for biological as well as preclinical studies.	Zhao M, Sano D, Pickering CR, Jasser SA, Henderson YC, Clayman GL, Sturgis EM, Ow TJ, Lotan R, Carey TE, Sacks PG, Grandis JR, Sidransky D, Heldin NE, Myers JN. Assembly and initial characterization of a panel of 85 genomically validated cell lines from diverse head and neck tumor sites <i>Clinical Cancer Research.</i> 2011-08-27. DOI:https://www.doi.org/10.1158/1078-0432.CCR-11-0690 PMID:21868764
7f525736-7890-46b4-bd7c-dbd601fc3b3b	https://www.doi.org/10.1371/journal.pone.0021639	PMID:21750719	PMC3130048	No	PLoS One	2011-07-14	Comprehensive genomic analysis of a BRCA2 deficient human pancreatic cancer	CC-BY-4.0	Yes	Yes	pmc_fulltext_xml/PMC3130048.xml	http://creativecommons.org/licenses/by/4.0/	"[""Barber LJ"", ""Rosa Rosa JM"", ""Kozarewa I"", ""Fenwick K"", ""Assiotis I"", ""Mitsopoulos C"", ""Sims D"", ""Hakas J"", ""Zvelebil M"", ""Lord CJ"", ""Ashworth A.""]"	Capan-1 is a well-characterised BRCA2-deficient human cell line isolated from a liver metastasis of a pancreatic adenocarcinoma. Here we report a genome-wide assessment of structural variations and high-depth exome characterization of single nucleotide variants and small insertion/deletions in Capan-1. To identify potential somatic and tumour-associated variations in the absence of a matched-normal cell line, we devised a novel method based on the analysis of HapMap samples. We demonstrate that Capan-1 has one of the most rearranged genomes sequenced to date. Furthermore, small insertions and deletions are detected more frequently in the context of short sequence repeats than in other genomes. We also identify a number of novel mutations that may represent genetic changes that have contributed to tumour progression. These data provide insight into the genomic effects of loss of BRCA2 function.	Barber LJ, Rosa Rosa JM, Kozarewa I, Fenwick K, Assiotis I, Mitsopoulos C, Sims D, Hakas J, Zvelebil M, Lord CJ, Ashworth A. Comprehensive genomic analysis of a BRCA2 deficient human pancreatic cancer <i>PLoS One.</i> 2011-07-14. DOI:https://www.doi.org/10.1371/journal.pone.0021639 PMID:21750719
2b4537d1-5b17-49e0-a548-828f4766915b	https://www.doi.org/10.1038/onc.2011.250	PMID:21725359	PMC3267014	No	Oncogene	2011-07-05	Concurrent loss of the PTEN and RB1 tumor suppressors attenuates RAF dependence in melanomas harboring (V600E)BRAF	Fair use (license unspecified)	No	Yes	pmc_fulltext_xml/PMC3267014.xml	This file is available for text mining. It may also be used consistent with the principles of fair use under the copyright law.	"[""Xing F"", ""Persaud Y"", ""Pratilas CA"", ""Taylor BS"", ""Janakiraman M"", ""She QB"", ""Gallardo H"", ""Liu C"", ""Merghoub T"", ""Hefter B"", ""Dolgalev I"", ""Viale A"", ""Heguy A"", ""De Stanchina E"", ""Cobrinik D"", ""Bollag G"", ""Wolchok J"", ""Houghton A"", ""Solit DB.""]"	Identifying the spectrum of genetic alterations that cooperate with critical oncogenes to promote transformation provides a foundation for understanding the diversity of clinical phenotypes observed in human cancers. Here, we performed integrated analyses to identify genomic alterations that co-occur with oncogenic BRAF in melanoma and abrogate cellular dependence upon this oncogene. We identified concurrent mutational inactivation of the PTEN and RB1 tumor suppressors as a mechanism for loss of BRAF/MEK dependence in melanomas harboring (V600E)BRAF mutations. RB1 alterations were mutually exclusive with loss of p16(INK4A), suggesting that whereas p16(INK4A) and RB1 may have overlapping roles in preventing tumor formation, tumors with loss of RB1 exhibit diminished dependence upon BRAF signaling for cell proliferation. These findings provide a genetic basis for the heterogeneity of clinical outcomes in patients treated with targeted inhibitors of the mitogen-activated protein kinase pathway. Our results also suggest a need for comprehensive screening for RB1 and PTEN inactivation in patients treated with RAF and MEK-selective inhibitors to determine whether these alterations are associated with diminished clinical benefit in patients whose cancers harbor mutant BRAF.	Xing F, Persaud Y, Pratilas CA, Taylor BS, Janakiraman M, She QB, Gallardo H, Liu C, Merghoub T, Hefter B, Dolgalev I, Viale A, Heguy A, De Stanchina E, Cobrinik D, Bollag G, Wolchok J, Houghton A, Solit DB. Concurrent loss of the PTEN and RB1 tumor suppressors attenuates RAF dependence in melanomas harboring (V600E)BRAF <i>Oncogene.</i> 2011-07-05. DOI:https://www.doi.org/10.1038/onc.2011.250 PMID:21725359
c092dbca-289d-43d2-b6b3-cd0d0382ec73	https://www.doi.org/10.1038/nature10163	PMID:21677750	PMC3572410	No	Nature	2011-06-17	A conditional knockout resource for the genome-wide study of mouse gene function	NIH Public Access/Author Manuscripts	No	Yes	pmc_fulltext_xml/PMC3572410.xml	This file is available to download for the purposes of text mining, consistent with the principles of UK copyright law.	"[""Skarnes WC"", ""Rosen B"", ""West AP"", ""Koutsourakis M"", ""Bushell W"", ""Iyer V"", ""Mujica AO"", ""Thomas M"", ""Harrow J"", ""Cox T"", ""Jackson D"", ""Severin J"", ""Biggs P"", ""Fu J"", ""Nefedov M"", ""de Jong PJ"", ""Stewart AF"", ""Bradley A.""]"	Gene targeting in embryonic stem cells has become the principal technology for manipulation of the mouse genome, offering unrivalled accuracy in allele design and access to conditional mutagenesis. To bring these advantages to the wider research community, large-scale mouse knockout programmes are producing a permanent resource of targeted mutations in all protein-coding genes. Here we report the establishment of a high-throughput gene-targeting pipeline for the generation of reporter-tagged, conditional alleles. Computational allele design, 96-well modular vector construction and high-efficiency gene-targeting strategies have been combined to mutate genes on an unprecedented scale. So far, more than 12,000 vectors and 9,000 conditional targeted alleles have been produced in highly germline-competent C57BL/6N embryonic stem cells. High-throughput genome engineering highlighted by this study is broadly applicable to rat and human stem cells and provides a foundation for future genome-wide efforts aimed at deciphering the function of all genes encoded by the mammalian genome.	Skarnes WC, Rosen B, West AP, Koutsourakis M, Bushell W, Iyer V, Mujica AO, Thomas M, Harrow J, Cox T, Jackson D, Severin J, Biggs P, Fu J, Nefedov M, de Jong PJ, Stewart AF, Bradley A. A conditional knockout resource for the genome-wide study of mouse gene function <i>Nature.</i> 2011-06-17. DOI:https://www.doi.org/10.1038/nature10163 PMID:21677750
c21f4170-a611-4062-a455-26e74560a4d4	https://www.doi.org/10.4161/cbt.10.8.12878	PMID:20699653	PMC3093914	No	Cancer Biology & Therapy	2011-06-09	Analysis of steroid hormone effects on xenografted human NF1 tumor schwann cells	PMC (access type unspecified)	No	No (abstract only)	pmc_fulltext_xml/PMC3093914.xml		"[""Hua Li"", ""Xuelian Zhang"", ""Lauren Fishbein"", ""Frederick Kweh"", ""Martha Campbell-Thompson"", ""George Q Perrin"", ""David Muir"", ""Margaret Wallace""]"	The neurofibroma, a common feature of neurofibromatosis type 1 (NF1), is a benign peripheral nerve sheath tumor that contains predominantly Schwann cells (SC). There are reports that neurofibroma growth may be affected by hormonal changes, particularly in puberty and pregnancy, suggesting an influence by steroid hormones. This study examined the effects of estrogen and progesterone on proliferation and apoptosis in a panel of NF1 tumor xenografts. SC-enriched cultures derived from three human NF1 tumor types (dermal neurofibroma, plexiform neurofibroma, and malignant peripheral nerve sheath tumor (MPNST)) were xenografted in sciatic nerves of ovariectomized scid /Nf1-/+ mice. At the same time, mice were implanted with time-release pellets for systemic delivery of progesterone, estrogen or placebo. Proliferation and apoptosis by the xenografted SC were examined two months after implantation, by Ki67 immunolabeling and TUNEL. Estrogen was found to increase the growth of all three MPNST xenografts. Progesterone was associated with increased growth in two of the three MPNSTs, yet decreased growth of the other. Of the four dermal neurofibroma xenografts tested, estrogen caused a statistically significant growth increase in one, and progesterone did in another. Of the four plexiform neurofibroma SC xenografts, estrogen and progesterone significantly decreased growth in one of the xenografts, but not the other three. No relationship of patient age or gender to steroid response was observed. These findings indicate that human NF1 Schwann cells derived from some tumors show increased proliferation or decreased apoptosis in response to particular steroid hormones in a mouse xenograft model. This suggests that anti-estrogen or anti-progesterone therapies may be worth considering for specific NF1 neurofibromas and MPNSTs.	Hua Li, Xuelian Zhang, Lauren Fishbein, Frederick Kweh, Martha Campbell-Thompson, George Q Perrin, David Muir, Margaret Wallace. Analysis of steroid hormone effects on xenografted human NF1 tumor schwann cells. <i>Cancer Biology & Therapy.</i> 2011-06-09. DOI:https://www.doi.org/10.4161/cbt.10.8.12878 PMID:20699653
7a9ff637-1650-49df-8b88-a1733a2cc483	https://www.doi.org/10.1016/j.ccr.2011.02.017	PMID:21481793	PMC3075552	No	Cancer Cell	2011-06-07	A tight junction-associated Merlin-angiomotin complex mediates Merlin's regulation of mitogenic signaling and tumor suppressive functions	Fair use (license unspecified)	No	Yes	pmc_fulltext_xml/PMC3075552.xml	This file is available for text mining. It may also be used consistent with the principles of fair use under the copyright law.	"[""Chunling Yi"", ""Scott Troutman"", ""Daniela Fera"", ""Anat Stemmer-Rachamimov"", ""Jacqueline L Avila"", ""Neepa Christian"", ""Nathalie Luna Persson"", ""Akihiko Shimono"", ""David W Speicher"", ""Ronen Marmorstein"", ""Lars Holmgren"", ""Joseph L Kissil""]"	The Merlin/NF2 tumor suppressor restrains cell growth and tumorigenesis by controlling contact-dependent inhibition of proliferation. We have identified a tight-junction-associated protein complex comprising Merlin, Angiomotin, Patj, and Pals1. We demonstrate that Angiomotin functions downstream of Merlin and upstream of Rich1, a small GTPase Activating Protein, as a positive regulator of Rac1. Merlin, through competitive binding to Angiomotin, releases Rich1 from the Angiomotin-inhibitory complex, allowing Rich1 to inactivate Rac1, ultimately leading to attenuation of Rac1 and Ras-MAPK pathways. Patient-derived Merlin mutants show diminished binding capacities to Angiomotin and are unable to dissociate Rich1 from Angiomotin or inhibit MAPK signaling. Depletion of Angiomotin in Nf2(-/-) Schwann cells attenuates the Ras-MAPK signaling pathway, impedes cellular proliferation in vitro and tumorigenesis in vivo.	Chunling Yi, Scott Troutman, Daniela Fera, Anat Stemmer-Rachamimov, Jacqueline L Avila, Neepa Christian, Nathalie Luna Persson, Akihiko Shimono, David W Speicher, Ronen Marmorstein, Lars Holmgren, Joseph L Kissil. A tight junction-associated Merlin-angiomotin complex mediates Merlin's regulation of mitogenic signaling and tumor suppressive functions. <i>Cancer Cell.</i> 2011-06-07. DOI:https://www.doi.org/10.1016/j.ccr.2011.02.017 PMID:21481793
ce75a021-e8b1-4547-a00c-2b16ef0626a5	https://www.doi.org/10.1186/1471-2164-12-230	PMID:21569352	PMC3114747	No	BMC Genomics	2011-05-17	Detecting copy number status and uncovering subclonal markers in heterogeneous tumor biopsies	CC-BY	Yes	Yes	pmc_fulltext_xml/PMC3114747.xml	http://creativecommons.org/licenses/by/2.0	"[""Parisi F"", ""Ariyan S"", ""Narayan D"", ""Bacchiocchi A"", ""Hoyt K"", ""Cheng E"", ""Xu F"", ""Li P"", ""Halaban R"", ""Kluger Y.""]"	BACKGROUND. Genomic aberrations can be used to determine cancer diagnosis and prognosis. Clinically relevant novel aberrations can be discovered using high-throughput assays such as Single Nucleotide Polymorphism (SNP) arrays and next-generation sequencing, which typically provide aggregate signals of many cells at once. However, heterogeneity of tumor subclones dramatically complicates the task of detecting aberrations. RESULTS. The aggregate signal of a population of subclones can be described as a linear system of equations. We employed a measure of allelic imbalance and total amount of DNA to characterize each locus by the copy number status (gain, loss or neither) of the strongest subclonal component. We designed simulated data to compare our measure to existing approaches and we analyzed SNP-arrays from 30 melanoma samples and transcriptome sequencing (RNA-Seq) from one melanoma sample.We showed that any system describing aggregate subclonal signals is underdetermined, leading to non-unique solutions for the exact copy number profile of subclones. For this reason, our illustrative measure was more robust than existing Hidden Markov Model (HMM) based tools in inferring the aberration status, as indicated by tests on simulated data. This higher robustness contributed in identifying numerous aberrations in several loci of melanoma samples. We validated the heterogeneity and aberration status within single biopsies by fluorescent in situ hybridization of four affected and transcriptionally up-regulated genes E2F8, ETV4, EZH2 and FAM84B in 11 melanoma cell lines. Heterogeneity was further demonstrated in the analysis of allelic imbalance changes along single exons from melanoma RNA-Seq. CONCLUSIONS. These studies demonstrate how subclonal heterogeneity, prevalent in tumor samples, is reflected in aggregate signals measured by high-throughput techniques. Our proposed approach yields high robustness in detecting copy number alterations using high-throughput technologies and has the potential to identify specific subclonal markers from next-generation sequencing data.	Parisi F, Ariyan S, Narayan D, Bacchiocchi A, Hoyt K, Cheng E, Xu F, Li P, Halaban R, Kluger Y. Detecting copy number status and uncovering subclonal markers in heterogeneous tumor biopsies <i>BMC Genomics.</i> 2011-05-17. DOI:https://www.doi.org/10.1186/1471-2164-12-230 PMID:21569352
98bb0ebe-f832-42da-885a-f07f18209681	https://www.doi.org/10.1186/1752-0509-5-17	PMID:21269460	PMC3039570	No	BMC Systems Biology	2011-04-28	Initial characterization of the human central proteome	CC-BY	Yes	Yes	pmc_fulltext_xml/PMC3039570.xml	http://creativecommons.org/licenses/by/2.0	"[""Thomas R Burkard"", ""Melanie Planyavsky"", ""Ines Kaupe"", ""Florian P Breitwieser"", ""Tilmann Bürckstümmer"", ""Keiryn L Bennett"", ""Giulio Superti-Furga"", ""Jacques Colinge""]"	On the basis of large proteomics datasets measured from seven human cell lines we consider their intersection as an approximation of the human central proteome, which is the set of proteins ubiquitously expressed in all human cells. Composition and properties of the central proteome are investigated through bioinformatics analyses. We experimentally identify a central proteome comprising 1,124 proteins that are ubiquitously and abundantly expressed in human cells using state of the art mass spectrometry and protein identification bioinformatics. The main represented functions are proteostasis, primary metabolism and proliferation. We further characterize the central proteome considering gene structures, conservation, interaction networks, pathways, drug targets, and coordination of biological processes. Among other new findings, we show that the central proteome is encoded by exon-rich genes, indicating an increased regulatory flexibility through alternative splicing to adapt to multiple environments, and that the protein interaction network linking the central proteome is very efficient for synchronizing translation with other biological processes. Surprisingly, at least 10% of the central proteome has no or very limited functional annotation. Our data and analysis provide a new and deeper description of the human central proteome compared to previous results thereby extending and complementing our knowledge of commonly expressed human proteins. All the data are made publicly available to help other researchers who, for instance, need to compare or link focused datasets to a common background.	Thomas R Burkard, Melanie Planyavsky, Ines Kaupe, Florian P Breitwieser, Tilmann Bürckstümmer, Keiryn L Bennett, Giulio Superti-Furga, Jacques Colinge. Initial characterization of the human central proteome. <i>BMC Systems Biology.</i> 2011-04-28. DOI:https://www.doi.org/10.1186/1752-0509-5-17 PMID:21269460
d210ed86-d54b-4acc-94a2-fbdad1d42b00	https://www.doi.org/10.1210/me.2010-0261	PMID:21372145	PMC3082328	No	Molecular endocrinology	2011-03-05	The stimulation of HSD17B7 expression by estradiol provides a powerful feed-forward mechanism for estradiol biosynthesis in breast cancer cells	PMC (access type unspecified)	No	Yes	pmc_fulltext_xml/PMC3082328.xml		"[""Shehu A"", ""Albarracin C"", ""Devi YS"", ""Luther K"", ""Halperin J"", ""Le J"", ""Mao J"", ""Duan RW"", ""Frasor J"", ""Gibori G.""]"	Our laboratory has previously cloned and purified an ovarian protein found to be a novel 17β-hydroxysteroid dehydrogenase type 7 enzyme (HSD17B7) (formerly prolactin receptor-associated protein) that converts the weak estrogen, estrone, to the highly potent estradiol. The regulation of this enzyme has not yet been explored. In this report, we show high expression of HSD17B7 in human ductal carcinoma and breast cancer cell lines and present evidence for a strong up-regulation of this enzyme by estradiol at the level of mRNA, protein expression, and promoter activity in MCF-7 cells. The effect of estradiol is mediated by estrogen receptor (ER)α, whereas ERβ prevents this stimulation. ER antagonists, ICI 182,780 and 4-hydroxytamoxifen, prevent estradiol-induced stimulation of the endogenously expressed HSD17B7, suggesting that these inhibitors not only block estradiol action but also its production. We have identified a -185-bp region of the hsd17b7 promoter that is highly conserved among rat, mouse, and human and confers regulation by estradiol in MCF-7 cells. This region is devoid of a classical estradiol-response element but contains a nuclear factor 1 (NF1) site that is essential for estradiol action. We found that estradiol stimulates the recruitment and DNA binding of NF1 to this region of the hsd17b7 promoter. Furthermore, knockdown of NF1 family members, NF1B, NF1A, and NF1X, completely prevents induction of this gene by estradiol. In summary, our findings demonstrate that estradiol stimulates HSD17B7 transcriptional activity in breast cancer cells through a novel mechanism requiring NF1 and strongly suggest a positive feedback mechanism to increase local estradiol synthesis causing growth of estrogen-dependent breast cancers.	Shehu A, Albarracin C, Devi YS, Luther K, Halperin J, Le J, Mao J, Duan RW, Frasor J, Gibori G. The stimulation of HSD17B7 expression by estradiol provides a powerful feed-forward mechanism for estradiol biosynthesis in breast cancer cells <i>Molecular endocrinology.</i> 2011-03-05. DOI:https://www.doi.org/10.1210/me.2010-0261 PMID:21372145
234c3087-7cbd-467d-94b9-bb3ccfafc61a	https://www.doi.org/10.1186/1471-2164-12-14	PMID:21214938	PMC3024950	No	BMC Genomics	2011-03-02	Expression of G protein-coupled receptors and related proteins in HEK293, AtT20, BV2, and N18 cell lines as revealed by microarray analysis	CC-BY	Yes	Yes	pmc_fulltext_xml/PMC3024950.xml	This is an Open Access article distributed under the terms of the Creative Commons Attribution License (<url>http://creativecommons.org/licenses/by/2.0</url>), which permits unrestricted use, distribution, and reproduction in any medium, provided the original work is properly cited.	"[""Brady K Atwood"", ""Jacqueline Lopez"", ""James Wager-Miller"", ""Ken Mackie"", ""Alex Straiker""]"	G protein coupled receptors (GPCRs) are one of the most widely studied gene superfamilies. Thousands of GPCR research studies have utilized heterologous expression systems such as human embryonic kidney cells (HEK293). Though often treated as 'blank slates', these cell lines nevertheless endogenously express GPCRs and related signaling proteins. The outcome of a given GPCR study can be profoundly influenced by this largely unknown complement of receptors and/or signaling proteins. Little easily accessible information exists that describes the expression profiles of the GPCRs in cell lines. What is accessible is often limited in scope - of the hundreds of GPCRs and related proteins, one is unlikely to find information on expression of more than a dozen proteins in a given cell line. Microarray technology has allowed rapid analysis of mRNA levels of thousands of candidate genes, but though often publicly available, the results can be difficult to efficiently access or even to interpret. To bridge this gap, we have used microarrays to measure the mRNA levels of a comprehensive profile of non-chemosensory GPCRs and over a hundred GPCR signaling related gene products in four cell lines frequently used for GPCR research: HEK293, AtT20, BV2, and N18. This study provides researchers an easily accessible mRNA profile of the endogenous signaling repertoire that these four cell lines possess. This will assist in choosing the most appropriate cell line for studying GPCRs and related signaling proteins. It also provides a better understanding of the potential interactions between GPCRs and those signaling proteins.	Brady K Atwood, Jacqueline Lopez, James Wager-Miller, Ken Mackie, Alex Straiker. Expression of G protein-coupled receptors and related proteins in HEK293, AtT20, BV2, and N18 cell lines as revealed by microarray analysis. <i>BMC Genomics.</i> 2011-03-02. DOI:https://www.doi.org/10.1186/1471-2164-12-14 PMID:21214938
ff514566-dce8-47fe-88a1-1514c96e1869	https://www.doi.org/10.1002/pbc.23015	PMID:21319287	PMC3128176	No	Pediatr Blood Cancer	2011-02-15	Preclincial testing of sorafenib and RAD001 in the Nf(flox/flox) ;DhhCre mouse model of plexiform neurofibroma using magnetic resonance imaging	Fair use (license unspecified)	No	Yes	pmc_fulltext_xml/PMC3128176.xml	This file is available for text mining. It may also be used consistent with the principles of fair use under the copyright law.	"[""Wu J"", ""Dombi E"", ""Jousma E"", ""Scott Dunn R"", ""Lindquist D"", ""Schnell BM"", ""Kim MO"", ""Kim A"", ""Widemann BC"", ""Cripe TP"", ""Ratner N.""]"	BACKGROUND. Neurofibromatosis type 1 (NF1) is an inherited disease predisposing affected patients to variable numbers of benign neurofibromas. To date there are no effective chemotherapeutic drugs available for this slow growing tumor. Molecularly targeted agents that aim to slow neurofibroma growth are being tested in clinical trials. So preclinical models for testing potential therapies are urgently needed to prioritize drugs for clinical trials of neurofibromas. PROCEDURE. We used magnetic resonance imaging (MRI) to monitor neurofibroma development in the Nf1(flox/flox) ;DhhCre mouse model of GEM grade I neurofibroma. Based on studies implicating mTOR and Raf signaling in NF1 mutant cells, we tested the therapeutic effect of RAD001 and Sorafenib in this model. Mice were scanned to establish growth rate followed by 8 weeks of drug treatment, then re-imaged after the last dose of drug treatment. Tumor volumes were determined by volumetric measurement. RESULTS. We found that rate of tumor growth varied among mice, as it does in human patients. RAD001 inhibited its predicted target pS6K, yet there was no significant decrease in the tumor volume in RAD001 treated mice compared to the vehicle control group. Sorafenib inhibited cyclinD1 expression and cell proliferation in tumors, and volumetric measurements identified significant decreases in tumor volume in some mice. CONCLUSION. The data demonstrate that volumetric MRI analysis can be used to monitor the therapeutic effect in the preclinical neurofibroma drug screening, and suggest that Sorafenib might have clinical activity in some neurofibromas.	Wu J, Dombi E, Jousma E, Scott Dunn R, Lindquist D, Schnell BM, Kim MO, Kim A, Widemann BC, Cripe TP, Ratner N. Preclincial testing of sorafenib and RAD001 in the Nf(flox/flox) ;DhhCre mouse model of plexiform neurofibroma using magnetic resonance imaging <i>Pediatr Blood Cancer.</i> 2011-02-15. DOI:https://www.doi.org/10.1002/pbc.23015 PMID:21319287
f896533f-97f8-46d9-ad07-83a7a56c60ce	https://www.doi.org/10.1158/0008-5472.CAN-10-2799	PMID:21084276	PMC3064267	No	Cancer Research	2011-02-01	Autophagic survival in resistance to histone deacetylase inhibitors: novel strategies to treat malignant peripheral nerve sheath tumors	Fair use (license unspecified)	No	Yes	pmc_fulltext_xml/PMC3064267.xml	This file is available for text mining. It may also be used consistent with the principles of fair use under the copyright law.	"[""Gonzalo Lopez"", ""Keila Torres"", ""Juehui Liu"", ""Belinda Hernandez"", ""Eric Young"", ""Roman Belousov"", ""Svetlana Bolshakov"", ""Alexander J Lazar"", ""John M Slopis"", ""Ian E McCutcheon"", ""David McConkey"", ""Dina Lev""]"	Histone deacetylase inhibitors (HDACi) show promise as cancer therapeutics; however, the full scope of their utility remains unknown. Here we report findings that strongly rationalize clinical evaluation of HDACis in malignant peripheral nerve sheath tumors (MPNST), a class of highly aggressive, therapeutically resistant, and commonly fatal malignancies that occur sporadically or in patients with the inherited neurofibromatosis type-1 (NF1) syndrome. We evaluated the effects of the chemical HDACis PCI-24781, suberoylanilide hydroxamic acid, and MS-275 on a panel of human NF1-associated and sporadic MPNSTs in vitro and in vivo. A subset of MPNSTs was found to be highly sensitive to HDACis, especially to PCI-24781. All cell lines in this group were NF1-associated. Significant proapoptotic effects were noted in vitro and in vivo and were independent of p53 mutational status. In contrast, as a group the sporadic-MPNST cells were markedly resistant to HDACi treatment. HDACis were found to induce productive autophagy in MPNST cells. Genetic and/or pharmacologic autophagy blockade resulted in significant HDACi-induced apoptosis in cells defined as resistant or sensitive, leading to abrogated growth of primary tumors and lung metastases in tumor xenograft assays. Among autophagy-associated genes expressed in response to HDACi, the immunity-related GTPase family, M was validated as a critical target in mediating HDACi-induced autophagy and enhanced apoptosis. Taken together, our findings strongly support the evaluation of HDACi currently in clinical trials as an important new therapeutic strategy to treat MPNST, including in combination with autophagy blocking combination regimens in particular for patients with sporadic MPNST.	Gonzalo Lopez, Keila Torres, Juehui Liu, Belinda Hernandez, Eric Young, Roman Belousov, Svetlana Bolshakov, Alexander J Lazar, John M Slopis, Ian E McCutcheon, David McConkey, Dina Lev. Autophagic survival in resistance to histone deacetylase inhibitors: novel strategies to treat malignant peripheral nerve sheath tumors. <i>Cancer Research.</i> 2011-02-01. DOI:https://www.doi.org/10.1158/0008-5472.CAN-10-2799 PMID:21084276
cc5a7fcc-0089-4de0-810f-e4a38c23f960	https://www.doi.org/10.1093/hmg/ddr014	PMID:21233129	PMC3049355	No	Human Molecular Genetics	2011-01-15	Lens induction requires attenuation of ERK signaling by	PMC (access type unspecified)	No	No (abstract only)	pmc_fulltext_xml/PMC3049355.xml		"[""Carbe C"", ""Zhang X.""]"	Aphakia (lack of lens) is a rare human congenital disorder with its genetic etiology largely unknown. Even in model organisms, very few mutations are known to result in such a drastic ocular defect. In this study, we have shown that homozygous deletion of Nf1, the Ras GTPase gene underlying human neurofibromatosis type 1 syndrome, causes lens dysgenesis in mouse. Although early lens specification proceeded normally in Nf1 mutants, lens induction was disrupted due to deficient cell proliferation. Further analysis showed that extracellular signal-regulated kinase (ERK) signaling was initially elevated in the invaginating lens placode, but by the lens vesicle stage, ERK phosphorylation was significantly reduced. Only after intraperitoneal treatment of U0126, an inhibitor of ERK phosphorylation, was lens development restored in Nf1 mutants. Hyperactive Ras-mitogen-activated protein kinase (MAPK) signaling is known to cause neuro-cardiofacial-cutaneous (NCFC) syndromes in humans. As a member of NCFC family genes, Nf1 represents the first example that attenuation of Ras-MAPK kinase signaling pathway is essential for normal lens development.	Carbe C, Zhang X. Lens induction requires attenuation of ERK signaling by Nf1 <i>Human Molecular Genetics.</i> 2011-01-15. DOI:https://www.doi.org/10.1093/hmg/ddr014 PMID:21233129
d8f2cb30-4b33-49de-9ea8-2706fe6b5646	https://www.doi.org/10.1111/j.1582-4934.2010.01170.x	PMID:20831567	PMC3918049	No	Journal of Celular and Molecuar Medicine	2010-09-14	Human embryonic stem cells and metastatic colorectal cancer cells shared the common endogenous human microRNA-26b	Open Access (license unspecified)	Yes	Yes	pmc_fulltext_xml/PMC3918049.xml		"[""Ma YL"", ""Zhang P"", ""Wang F"", ""Moyer MP"", ""Yang JJ"", ""Liu ZH"", ""Peng JY"", ""Chen HQ"", ""Zhou YK"", ""Liu WJ"", ""Qin HL.""]"	The increase in proliferation and the lack of differentiation of cancer cells resemble what occur in the embryonic stem cells during physiological process of embryogenesis. There are also striking similarities in the behaviour between the invasive placental cells and invasive cancer cells. In the present study, microarrays were used to analyse the global expression of microRNAs in a human embryonic stem cell line (i.e. HUES-17) and four colorectal cancer (CRC) cell lines (i.e. LoVo, SW480, HT29 and Caco-2) with different metastatic potentialities. Only the expression of miR-26b was significant decreased in HUES-17s and LoVo cells, compared with other three cell lines (P < 0.01). The quantitative real-time PCR analysis confirmed the results of the microarray analysis. Overexpression of miR-26b expression by miR-26 mimics transfection and led to the significant suppression of the cell growth and the induction of apoptosis in LoVo cells in vitro, and the inhibition of tumour growth in vivo. Moreover, the potential targets of miR-26b was predicted by using bioinformatics, and then the predicted target genes were further validated by comparing gene expression profiles between LoVo and NCM460 cell lines. Four genes (TAF12, PTP4A1, CHFR and ALS2CR2) with intersection were found to be the targets of miR-26b. MetaCore network analysis further showed that the regulatory pathways of miR-26b were significantly associated with the invasiveness and metastasis of CRC cells. These data suggest that miR-26b might serve as a novel prognostic factor and a potential therapeutic target for CRC.	Ma YL, Zhang P, Wang F, Moyer MP, Yang JJ, Liu ZH, Peng JY, Chen HQ, Zhou YK, Liu WJ, Qin HL. Human embryonic stem cells and metastatic colorectal cancer cells shared the common endogenous human microRNA-26b <i>Journal of Celular and Molecuar Medicine.</i> 2010-09-14. DOI:https://www.doi.org/10.1111/j.1582-4934.2010.01170.x PMID:20831567
b8dbb727-19af-4843-bb2d-a00d35216feb	https://www.doi.org/10.1093/jnci/djq279	PMID:20679594	PMC2935474	No	Journal of the National Cancer Institute	2010-08-04	Lung cancer cell lines as tools for biomedical discovery and research	PMC (access type unspecified)	No	No (abstract only)	pmc_fulltext_xml/PMC2935474.xml		"[""Gazdar AF"", ""Girard L"", ""Lockwood WW"", ""Lam WL"", ""Minna JD.""]"	Lung cancer cell lines have made a substantial contribution to lung cancer translational research and biomedical discovery. A systematic approach to initiating and characterizing cell lines from small cell and non-small cell lung carcinomas has led to the current collection of more than 200 lung cancer cell lines, a number that exceeds those for other common epithelial cancers combined. The ready availability and widespread dissemination of the lines to investigators worldwide have resulted in more than 9000 citations, including multiple examples of important biomedical discoveries. The high (but not perfect) genomic similarities between lung cancer cell lines and the lung tumor type from which they were derived provide evidence of the relevance of their use. However, major problems including misidentification or cell line contamination remain. Ongoing studies and new approaches are expected to reveal the full potential of the lung cancer cell line panel.	Gazdar AF, Girard L, Lockwood WW, Lam WL, Minna JD. Lung cancer cell lines as tools for biomedical discovery and research <i>Journal of the National Cancer Institute.</i> 2010-08-04. DOI:https://www.doi.org/10.1093/jnci/djq279 PMID:20679594
9712a832-0ba7-413c-ab00-644ba5bb0d9f	https://www.doi.org/10.1016/j.cell.2010.06.004	PMID:20655465	PMC2913027	No	Cell	2010-07-27	NF1 is a tumor suppressor in neuroblastoma that determines retinoic acid response and disease outcome	Fair use (license unspecified)	No	Yes	pmc_fulltext_xml/PMC2913027.xml	This file is available for text mining. It may also be used consistent with the principles of fair use under the copyright law.	"[""Hölzel M"", ""Huang S"", ""Koster J"", ""Ora I"", ""Lakeman A"", ""Caron H"", ""Nijkamp W"", ""Xie J"", ""Callens T"", ""Asgharzadeh S"", ""Seeger RC"", ""Messiaen L"", ""Versteeg R"", ""Bernards R.""]"	Retinoic acid (RA) induces differentiation of neuroblastoma cells in vitro and is used with variable success to treat aggressive forms of this disease. This variability in clinical response to RA is enigmatic, as no mutations in components of the RA signaling cascade have been found. Using a large-scale RNAi genetic screen, we identify crosstalk between the tumor suppressor NF1 and retinoic acid-induced differentiation in neuroblastoma. Loss of NF1 activates RAS-MEK signaling, which in turn represses ZNF423, a critical transcriptional coactivator of the retinoic acid receptors. Neuroblastomas with low levels of both NF1 and ZNF423 have extremely poor outcome. We find NF1 mutations in neuroblastoma cell lines and in primary tumors. Inhibition of MEK signaling downstream of NF1 restores responsiveness to RA, suggesting a therapeutic strategy to overcome RA resistance in NF1-deficient neuroblastomas.	Hölzel M, Huang S, Koster J, Ora I, Lakeman A, Caron H, Nijkamp W, Xie J, Callens T, Asgharzadeh S, Seeger RC, Messiaen L, Versteeg R, Bernards R. NF1 is a tumor suppressor in neuroblastoma that determines retinoic acid response and disease outcome <i>Cell.</i> 2010-07-27. DOI:https://www.doi.org/10.1016/j.cell.2010.06.004 PMID:20655465
fb484124-0e9c-46ec-a537-9bd8aa73e41a	https://www.doi.org/10.1158/0008-5472.CAN-10-0192	PMID:20570890	PMC2943514	No	Cancer Research	2010-06-24	Genomic and biological characterization of exon 4 KRAS mutations in human cancer	Fair use (license unspecified)	No	Yes	pmc_fulltext_xml/PMC2943514.xml	This file is available for text mining. It may also be used consistent with the principles of fair use under the copyright law.	"[""Janakiraman M"", ""Vakiani E"", ""Zeng Z"", ""Pratilas CA"", ""Taylor BS"", ""Chitale D"", ""Halilovic E"", ""Wilson M"", ""Huberman K"", ""Ricarte Filho JC"", ""Persaud Y"", ""Levine DA"", ""Fagin JA"", ""Jhanwar SC"", ""Mariadason JM"", ""Lash A"", ""Ladanyi M"", ""Saltz LB"", ""Heguy A"", ""Paty PB"", ""Solit DB.""]"	Mutations in RAS proteins occur widely in human cancer. Prompted by the confirmation of KRAS mutation as a predictive biomarker of response to epidermal growth factor receptor (EGFR)-targeted therapies, limited clinical testing for RAS pathway mutations has recently been adopted. We performed a multiplatform genomic analysis to characterize, in a nonbiased manner, the biological, biochemical, and prognostic significance of Ras pathway alterations in colorectal tumors and other solid tumor malignancies. Mutations in exon 4 of KRAS were found to occur commonly and to predict for a more favorable clinical outcome in patients with colorectal cancer. Exon 4 KRAS mutations, all of which were identified at amino acid residues K117 and A146, were associated with lower levels of GTP-bound RAS in isogenic models. These same mutations were also often accompanied by conversion to homozygosity and increased gene copy number, in human tumors and tumor cell lines. Models harboring exon 4 KRAS mutations exhibited mitogen-activated protein/extracellular signal-regulated kinase kinase dependence and resistance to EGFR-targeted agents. Our findings suggest that RAS mutation is not a binary variable in tumors, and that the diversity in mutant alleles and variability in gene copy number may also contribute to the heterogeneity of clinical outcomes observed in cancer patients. These results also provide a rationale for broader KRAS testing beyond the most common hotspot alleles in exons 2 and 3.	Janakiraman M, Vakiani E, Zeng Z, Pratilas CA, Taylor BS, Chitale D, Halilovic E, Wilson M, Huberman K, Ricarte Filho JC, Persaud Y, Levine DA, Fagin JA, Jhanwar SC, Mariadason JM, Lash A, Ladanyi M, Saltz LB, Heguy A, Paty PB, Solit DB. Genomic and biological characterization of exon 4 KRAS mutations in human cancer <i>Cancer Research.</i> 2010-06-24. DOI:https://www.doi.org/10.1158/0008-5472.CAN-10-0192 PMID:20570890
29da2dfa-3524-40e6-9a1f-954d5eba1f2b	https://www.doi.org/10.1111/j.1349-7006.2010.01622.x	PMID:20557307	PMC11158680	No	Cancer Science	2010-06-19	Prevalence of human papillomavirus 16/18/33 infection and p53 mutation in lung adenocarcinoma	PMC (access type unspecified)	No	No (abstract only)	pmc_fulltext_xml/PMC11158680.xml		"[""Iwakawa R"", ""Kohno T"", ""Enari M"", ""Kiyono T"", ""Yokota J.""]"	Human papillomavirus (HPV) infection is a causative event for the development of uterine cervical carcinoma. Human papillomavirus (HPV) 16, 18, and 33 DNA has been also detected frequently in lung adenocarcinomas (AdCs) in East Asian countries; however, its prevalence in Japan remains unclear. We therefore screened for HPV 16/18/33 DNA in 297 lung AdCs in a Japanese population by multiplex PCR with type-specific primers. As reported previously, HPV 16 DNA was detected in two cervical cancer cell lines, CaSki and SiHa, while HPV 18 DNA was detected in HeLa cells, and 0.1-1.0 copies of HPV-DNA per cell were detectable by this method. However, with this method, none of the 297 lung AdCs showed positive signals for HPV 16/18/33 DNA, indicating that HPV-DNA is not or is very rarely integrated in lung AdC genomes in the Japanese. Furthermore, none of the lung AdCs showed positive signals by nested PCR with HPV 16/18 type-specific primers. Therefore, we further attempted to detect HPV 16/18/33 DNA in 91 lung cancer cell lines, including 40 AdC cell lines. Among them, 30 have been established in Japan and the remaining 61 in the USA. No HPV signals were obtained in any of the 91 cell lines by either multiplex or nested PCR, while the p53 gene was mutated in 81 of them including 35 of the 40 AdC cell lines. These results indicate that HPV 16/18/33 infection does not play a major role in the development of lung AdC in Japan nor in the USA.	Iwakawa R, Kohno T, Enari M, Kiyono T, Yokota J. Prevalence of human papillomavirus 16/18/33 infection and p53 mutation in lung adenocarcinoma <i>Cancer Science.</i> 2010-06-19. DOI:https://www.doi.org/10.1111/j.1349-7006.2010.01622.x PMID:20557307
4c48e2df-3ae0-4f82-880f-e4d727e7fb8d	https://www.doi.org/10.1158/1535-7163.MCT-09-0834	PMID:20442305	PMC3268685	No	Molecular Cancer Therapeutics	2010-05-06	Schweinfurthin A selectively inhibits proliferation and Rho signaling in glioma and neurofibromatosis type 1 tumor cells in a NF1-GRD-dependent manner	Fair use (license unspecified)	No	Yes	pmc_fulltext_xml/PMC3268685.xml	This file is available for text mining. It may also be used consistent with the principles of fair use under the copyright law.	"[""Turbyville TJ"", ""Gürsel DB"", ""Tuskan RG"", ""Walrath JC"", ""Lipschultz CA"", ""Lockett SJ"", ""Wiemer DF"", ""Beutler JA"", ""Reilly KM.""]"	Neurofibromatosis type 1 (NF1) is the most common genetic disease affecting the nervous system. Patients typically develop many tumors over their lifetime, leading to increased morbidity and mortality. The NF1 gene, mutated in NF1, is also commonly mutated in sporadic glioblastoma multiforme (GBM). Because both NF1 and GBM are currently incurable, new therapeutic approaches are clearly needed. Natural products represent an opportunity to develop new therapies, as they have been evolutionarily selected to play targeted roles in organisms. Schweinfurthin A is a prenylated stilbene natural product that has previously shown specific inhibitory activity against brain and hematopoietic tumor lines. We show that patient-derived GBM and NF1 malignant peripheral nerve sheath tumor (MPNST) lines, as well as tumor lines derived from the Nf1-/+;Trp53-/+ (NPcis) mouse model of astrocytoma and MPNST are highly sensitive to inhibition by schweinfurthin A and its synthetic analogs. In contrast, primary mouse astrocytes are resistant to the growth inhibitory effects of schweinfurthin A, suggesting that schweinfurthin A may act specifically on tumor cells. Stable transfection of the GTPase-activating protein related domain of Nf1 into Nf1-/-;Trp53-/- astrocytoma cells confers resistance to schweinfurthin A. In addition, the profound effect of schweinfurthin A on dynamic reorganization of the actin cytoskeleton led us to discover that schweinfurthin A inhibits growth factor-stimulated Rho signaling. In summary, we have identified a class of small molecules that specifically inhibit growth of cells from both central and peripheral nervous system tumors and seem to act on NF1-deficient cells through cytoskeletal reorganization correlating to changes in Rho signaling.	Turbyville TJ, Gürsel DB, Tuskan RG, Walrath JC, Lipschultz CA, Lockett SJ, Wiemer DF, Beutler JA, Reilly KM. Schweinfurthin A selectively inhibits proliferation and Rho signaling in glioma and neurofibromatosis type 1 tumor cells in a NF1-GRD-dependent manner <i>Molecular Cancer Therapeutics.</i> 2010-05-06. DOI:https://www.doi.org/10.1158/1535-7163.MCT-09-0834 PMID:20442305
ae713c2a-4153-4659-9ad8-e159ac45d97f	https://www.doi.org/10.1523/JNEUROSCI.5247-09.2010	PMID:20181595	PMC2836831	No	The Journal of Neuroscience : The Official Journal of the Society for Neuroscience	2010-05-04	Proteomic identification of binding partners for the brain metabolite lanthionine ketimine (LK) and documentation of LK effects on microglia and motoneuron cell cultures	PMC (access type unspecified)	No	No (abstract only)	pmc_fulltext_xml/PMC2836831.xml		"[""Kenneth Hensley"", ""Alexandar Christov"", ""Shekhar Kamat"", ""X Cai Zhang"", ""Kenneth W Jackson"", ""Stephen Snow"", ""Jan Post""]"	Lanthionine ketimine (LK) represents a poorly understood class of thioethers present in mammalian CNS. Previous work has indicated high-affinity interaction of LK with synaptosomal membrane protein(s), but neither LK binding partners nor specific bioactivities have been reported. In this study, LK was chemically synthesized and used as an affinity agent to capture binding partners from mammalian brain lysate. Liquid chromatography with electrospray ionization-mass spectrometry of electrophoretically separated, LK-bound proteins identified polypeptides implicated in axon remodeling or vesicle trafficking and diseases including Alzheimer's disease and schizophrenia: collapsin response mediator protein-2/dihydropyrimidinase-like protein-2 (CRMP2/DRP2/DPYSL2), myelin basic protein, and syntaxin-binding protein-1 (STXBP1/Munc-18). Also identified was the recently discovered glutathione-binding protein lanthionine synthetase-like protein-1. Functional consequences of LK:CRMP2 interactions were probed through immunoprecipitation studies using brain lysate wherein LK was found to increase CRMP2 coprecipitation with its partner neurofibromin-1 but decreased CRMP2 coprecipitation with beta-tubulin. Functional studies of NSC-34 motor neuron-like cells indicated that a cell-permeable LK-ester, LKE, was nontoxic and protective against oxidative challenge with H(2)O(2). LKE-treated NSC-34 cells significantly increased neurite number and length in a serum concentration-dependent manner, consistent with a CRMP2 interaction. Finally, LKE antagonized the activation of EOC-20 microglia by inflammogens. The results are discussed with reference to possible biochemical origins, paracrine functions, neurological significance, and pharmacological potential of lanthionyl compounds.	Kenneth Hensley, Alexandar Christov, Shekhar Kamat, X Cai Zhang, Kenneth W Jackson, Stephen Snow, Jan Post. Proteomic identification of binding partners for the brain metabolite lanthionine ketimine (LK) and documentation of LK effects on microglia and motoneuron cell cultures. <i>The Journal of Neuroscience : The Official Journal of the Society for Neuroscience.</i> 2010-05-04. DOI:https://www.doi.org/10.1523/JNEUROSCI.5247-09.2010 PMID:20181595
d0c42b80-b8cb-4502-aeb5-38a20f51cbb8	https://www.doi.org/10.1097/MPA.0b013e3181c15963	PMID:20418756	PMC2860631	No	Pancreas	2010-04-27	Phenotype and genotype of pancreatic cancer cell lines	Fair use (license unspecified)	No	Yes	pmc_fulltext_xml/PMC2860631.xml	This file is available for text mining. It may also be used consistent with the principles of fair use under the copyright law.	"[""Deer EL"", ""González-Hernández J"", ""Coursen JD"", ""Shea JE"", ""Ngatia J"", ""Scaife CL"", ""Firpo MA"", ""Mulvihill SJ.""]"	The dismal prognosis of pancreatic adenocarcinoma is due in part to a lack of molecular information regarding disease development. Established cell lines remain a useful tool for investigating these molecular events. Here we present a review of available information on commonly used pancreatic adenocarcinoma cell lines as a resource to help investigators select the cell lines most appropriate for their particular research needs. Information on clinical history; in vitro and in vivo growth characteristics; phenotypic characteristics, such as adhesion, invasion, migration, and tumorigenesis; and genotypic status of commonly altered genes (KRAS, p53, p16, and SMAD4) was evaluated. Identification of both consensus and discrepant information in the literature suggests careful evaluation before selection of cell lines and attention be given to cell line authentication.	Deer EL, González-Hernández J, Coursen JD, Shea JE, Ngatia J, Scaife CL, Firpo MA, Mulvihill SJ. Phenotype and genotype of pancreatic cancer cell lines <i>Pancreas.</i> 2010-04-27. DOI:https://www.doi.org/10.1097/MPA.0b013e3181c15963 PMID:20418756
30af6415-0d32-44df-a829-973ef367ed42	https://www.doi.org/10.1186/1471-2164-11-194	PMID:20307317	PMC2858150	No	BMC Genomics	2010-03-24	Evidence of perturbations of cell cycle and DNA repair pathways as a consequence of human and murine NF1-haploinsufficiency	CC-BY	Yes	Yes	pmc_fulltext_xml/PMC2858150.xml	http://creativecommons.org/licenses/by/2.0	"[""Pemov A"", ""Park C"", ""Reilly KM"", ""Stewart DR.""]"	"BACKGROUND. Neurofibromatosis type 1 (NF1) is a common monogenic tumor-predisposition disorder that arises secondary to mutations in the tumor suppressor gene NF1. Haploinsufficiency of NF1 fosters a permissive tumorigenic environment through changes in signalling between cells, however the intracellular mechanisms for this tumor-promoting effect are less clear. Most primary human NF1+/- cells are a challenge to obtain, however lymphoblastoid cell lines (LCLs) have been collected from large NF1 kindreds. We hypothesized that the genetic effects of NF1-haploinsufficiency may be discerned by comparison of genome-wide transcriptional profiling in somatic, non-tumor cells (LCLs) from NF1-affected and -unaffected individuals. As a cross-species filter for heterogeneity, we compared the results from two human kindreds to whole-genome transcriptional profiling in spleen-derived B lymphocytes from age- and gender-matched Nf1+/- and wild-type mice, and used gene set enrichment analysis (GSEA), Onto-Express, Pathway-Express and MetaCore tools to identify genes perturbed in NF1-haploinsufficiency. RESULTS. We observed moderate expression of NF1 in human LCLs and of Nf1 in CD19+ mouse B lymphocytes. Using the t test to evaluate individual transcripts, we observed modest expression differences in the transcriptome in NF1-haploinsufficient LCLs and Nf1-haploinsuffiicient mouse B lymphocytes. However, GSEA, Onto-Express, Pathway-Express and MetaCore analyses identified genes that control cell cycle, DNA replication and repair, transcription and translation, and immune response as the most perturbed in NF1-haploinsufficient conditions in both human and mouse. CONCLUSIONS. Haploinsufficiency arises when loss of one allele of a gene is sufficient to give rise to disease. Haploinsufficiency has traditionally been viewed as a passive state. Our observations of perturbed, up-regulated cell cycle and DNA repair pathways may functionally contribute to NF1-haploinsufficiency as an ""active state"" that ultimately promotes the loss of the wild-type allele."	Pemov A, Park C, Reilly KM, Stewart DR. Evidence of perturbations of cell cycle and DNA repair pathways as a consequence of human and murine NF1-haploinsufficiency <i>BMC Genomics.</i> 2010-03-24. DOI:https://www.doi.org/10.1186/1471-2164-11-194 PMID:20307317
41fd7fde-d50f-4081-a778-2e33b6dde581	https://www.doi.org/10.1182/blood-2009-04-216184	PMID:20007546	PMC2826231	No	Blood	2010-03-19	Retroviral insertional mutagenesis identifies Zeb2 activation as a novel leukemogenic collaborating event in CALM-AF10 transgenic mice	PMC (access type unspecified)	No	No (abstract only)	pmc_fulltext_xml/PMC2826231.xml		"[""David Caudell"", ""David P Harper"", ""Rachel L Novak"", ""Rachel M Pierce"", ""Christopher Slape"", ""Linda Wolff"", ""Peter D Aplan""]"	The t(10;11) translocation results in a CALM-AF10 fusion gene in a subset of leukemia patients. Expression of a CALM-AF10 transgene results in leukemia, with prolonged latency and incomplete penetrance, suggesting that additional events are necessary for leukemic transformation. CALM-AF10 mice infected with the MOL4070LTR retrovirus developed acute leukemia, and ligation-mediated polymerase chain reaction was used to identify retroviral insertions at 19 common insertion sites, including Zeb2, Nf1, Mn1, Evi1, Ift57, Mpl, Plag1, Kras, Erg, Vav1, and Gata1. A total of 26% (11 of 42) of the mice had retroviral integrations near Zeb2, a transcriptional corepressor leading to overexpression of the Zeb2-transcript. A total of 91% (10 of 11) of mice with Zeb2 insertions developed B-lineage acute lymphoblastic leukemia, suggesting that Zeb2 activation promotes the transformation of CALM-AF10 hematopoietic precursors toward B-lineage leukemias. More than half of the mice with Zeb2 integrations also had Nf1 integrations, suggesting cooperativity among CALM-AF10, Zeb2, and Ras pathway mutations. We searched for Nras, Kras, and Ptpn11 point mutations in the CALM-AF10 leukemic mice. Three mutations were identified, all of which occurred in mice with Zeb2 integrations, consistent with the hypothesis that Zeb2 and Ras pathway activation promotes B-lineage leukemic transformation in concert with CALM-AF10.	David Caudell, David P Harper, Rachel L Novak, Rachel M Pierce, Christopher Slape, Linda Wolff, Peter D Aplan. Retroviral insertional mutagenesis identifies Zeb2 activation as a novel leukemogenic collaborating event in CALM-AF10 transgenic mice. <i>Blood.</i> 2010-03-19. DOI:https://www.doi.org/10.1182/blood-2009-04-216184 PMID:20007546
83c98013-c07e-4d55-be6c-906e7a4eca61	https://www.doi.org/10.1371/journal.pgen.1000718	PMID:19911041	PMC2766639	No	PLoS Genetics	2010-03-01	A robust approach to identifying tissue-specific gene expression regulatory variants using personalized human induced pluripotent stem cells	CC-BY-4.0	Yes	Yes	pmc_fulltext_xml/PMC2766639.xml	http://creativecommons.org/licenses/by/4.0/	"[""Je-Hyuk Lee"", ""In-Hyun Park"", ""Yuan Gao"", ""Jin Billy Li"", ""Zhe Li"", ""George Q Daley"", ""Kun Zhang"", ""George M Church""]"	Normal variation in gene expression due to regulatory polymorphisms is often masked by biological and experimental noise. In addition, some regulatory polymorphisms may become apparent only in specific tissues. We derived human induced pluripotent stem (iPS) cells from adult skin primary fibroblasts and attempted to detect tissue-specific cis-regulatory variants using in vitro cell differentiation. We used padlock probes and high-throughput sequencing for digital RNA allelotyping and measured allele-specific gene expression in primary fibroblasts, lymphoblastoid cells, iPS cells, and their differentiated derivatives. We show that allele-specific expression is both cell type and genotype-dependent, but the majority of detectable allele-specific expression loci remains consistent despite large changes in the cell type or the experimental condition following iPS reprogramming, except on the X-chromosome. We show that our approach to mapping cis-regulatory variants reduces in vitro experimental noise and reveals additional tissue-specific variants using skin-derived human iPS cells.	Je-Hyuk Lee, In-Hyun Park, Yuan Gao, Jin Billy Li, Zhe Li, George Q Daley, Kun Zhang, George M Church. A robust approach to identifying tissue-specific gene expression regulatory variants using personalized human induced pluripotent stem cells. <i>PLoS Genetics.</i> 2010-03-01. DOI:https://www.doi.org/10.1371/journal.pgen.1000718 PMID:19911041
a9a8d465-c513-4b6b-a861-1876b3f9180a	https://www.doi.org/10.1111/j.1755-148X.2010.00685.x	PMID:20149136	PMC2848976	No	Pigment Cell Melanoma Res	2010-02-13	PLX4032, a selective BRAF(V600E) kinase inhibitor, activates the ERK pathway and enhances cell migration and proliferation of BRAF melanoma cells	CC-BY	Yes	Yes	pmc_fulltext_xml/PMC2848976.xml	http://creativecommons.org/licenses/by/2.5/	"[""Halaban R"", ""Zhang W"", ""Bacchiocchi A"", ""Cheng E"", ""Parisi F"", ""Ariyan S"", ""Krauthammer M"", ""McCusker JP"", ""Kluger Y"", ""Sznol M.""]"	BRAF(V600E/K) is a frequent mutationally active tumor-specific kinase in melanomas that is currently targeted for therapy by the specific inhibitor PLX4032. Our studies with melanoma tumor cells that are BRAF(V600E/K) and BRAF(WT) showed that, paradoxically, while PLX4032 inhibited ERK1/2 in the highly sensitive BRAF(V600E/K), it activated the pathway in the resistant BRAF(WT) cells, via RAF1 activation, regardless of the status of mutations in NRAS or PTEN. The persistently active ERK1/2 triggered downstream effectors in BRAF(WT) melanoma cells and induced changes in the expression of a wide-spectrum of genes associated with cell cycle control. Furthermore, PLX4032 increased the rate of proliferation of growth factor-dependent NRAS Q61L mutant primary melanoma cells, reduced cell adherence and increased mobility of cells from advanced lesions. The results suggest that the drug can confer an advantage to BRAF(WT) primary and metastatic tumor cells in vivo and provide markers for monitoring clinical responses.	Halaban R, Zhang W, Bacchiocchi A, Cheng E, Parisi F, Ariyan S, Krauthammer M, McCusker JP, Kluger Y, Sznol M. PLX4032, a selective BRAF(V600E) kinase inhibitor, activates the ERK pathway and enhances cell migration and proliferation of BRAF melanoma cells <i>Pigment Cell Melanoma Res.</i> 2010-02-13. DOI:https://www.doi.org/10.1111/j.1755-148X.2010.00685.x PMID:20149136
f77a4579-d4d1-43eb-8510-3225a76d9575	https://www.doi.org/10.1158/0008-5472.CAN-09-2178	PMID:20124472	PMC5534849	No	Cancer Research	2010-02-04	The neurofibromatosis type 1 tumor suppressor controls cell growth by regulating signal transducer and activator of transcription-3 activity in vitro and in vivo	Fair use (license unspecified)	No	Yes	pmc_fulltext_xml/PMC5534849.xml	This file is available for text mining. It may also be used consistent with the principles of fair use under the copyright law.	"[""Banerjee S"", ""Byrd JN"", ""Gianino SM"", ""Harpstrite SE"", ""Rodriguez FJ"", ""Tuskan RG"", ""Reilly KM"", ""Piwnica-Worms DR"", ""Gutmann DH.""]"	Neurofibromatosis type 1 (NF1) is a common cancer predisposition syndrome in which affected individuals develop benign and malignant nerve tumors. The NF1 gene product neurofibromin negatively regulates Ras and mammalian target of rapamycin (mTOR) signaling, prompting clinical trials to evaluate the ability of Ras and mTOR pathway inhibitors to arrest NF1-associated tumor growth. To discover other downstream targets of neurofibromin, we performed an unbiased cell-based high-throughput chemical library screen using NF1-deficient malignant peripheral nerve sheath tumor (MPNST) cells. We identified the natural product, cucurbitacin-I (JSI-124), which inhibited NF1-deficient cell growth by inducing apoptosis. We further showed that signal transducer and activator of transcription-3 (STAT3), the target of cucurbitacin-I inhibition, was hyperactivated in NF1-deficient primary astrocytes and neural stem cells, mouse glioma cells, and human MPNST cells through Ser(727) phosphorylation, leading to increased cyclin D1 expression. STAT3 was regulated in NF1-deficient cells of murine and human origin in a TORC1- and Rac1-dependent manner. Finally, cucurbitacin-I inhibited the growth of NF1-deficient MPNST cells in vivo. In summary, we used a chemical genetics approach to reveal STAT3 as a novel neurofibromin/mTOR pathway signaling molecule, define its action and regulation, and establish STAT3 as a tractable target for future NF1-associated cancer therapy studies.	Banerjee S, Byrd JN, Gianino SM, Harpstrite SE, Rodriguez FJ, Tuskan RG, Reilly KM, Piwnica-Worms DR, Gutmann DH. The neurofibromatosis type 1 tumor suppressor controls cell growth by regulating signal transducer and activator of transcription-3 activity in vitro and in vivo <i>Cancer Research.</i> 2010-02-04. DOI:https://www.doi.org/10.1158/0008-5472.CAN-09-2178 PMID:20124472
6a8755f1-772c-4d4c-84be-4d5c6d40003d	https://www.doi.org/10.1371/journal.pone.0008461	PMID:20041153	PMC2794539	No	PLoS One	2009-12-31	A gene expression signature of invasive potential in metastatic melanoma cells	CC-BY-4.0	Yes	Yes	pmc_fulltext_xml/PMC2794539.xml	http://creativecommons.org/licenses/by/4.0/	"[""Jeffs AR"", ""Glover AC"", ""Slobbe LJ"", ""Wang L"", ""He S"", ""Hazlett JA"", ""Awasthi A"", ""Woolley AG"", ""Marshall ES"", ""Joseph WR"", ""Print CG"", ""Baguley BC"", ""Eccles MR.""]"	BACKGROUND. We are investigating the molecular basis of melanoma by defining genomic characteristics that correlate with tumour phenotype in a novel panel of metastatic melanoma cell lines. The aim of this study is to identify new prognostic markers and therapeutic targets that might aid clinical cancer diagnosis and management. PRINCIPAL FINDINGS. Global transcript profiling identified a signature featuring decreased expression of developmental and lineage specification genes including MITF, EDNRB, DCT, and TYR, and increased expression of genes involved in interaction with the extracellular environment, such as PLAUR, VCAN, and HIF1a. Migration assays showed that the gene signature correlated with the invasive potential of the cell lines, and external validation by using publicly available data indicated that tumours with the invasive gene signature were less melanocytic and may be more aggressive. The invasion signature could be detected in both primary and metastatic tumours suggesting that gene expression conferring increased invasive potential in melanoma may occur independently of tumour stage. CONCLUSIONS. Our data supports the hypothesis that differential developmental gene expression may drive invasive potential in metastatic melanoma, and that melanoma heterogeneity may be explained by the differing capacity of melanoma cells to both withstand decreased expression of lineage specification genes and to respond to the tumour microenvironment. The invasion signature may provide new possibilities for predicting which primary tumours are more likely to metastasize, and which metastatic tumours might show a more aggressive clinical course.	Jeffs AR, Glover AC, Slobbe LJ, Wang L, He S, Hazlett JA, Awasthi A, Woolley AG, Marshall ES, Joseph WR, Print CG, Baguley BC, Eccles MR. A gene expression signature of invasive potential in metastatic melanoma cells <i>PLoS One.</i> 2009-12-31. DOI:https://www.doi.org/10.1371/journal.pone.0008461 PMID:20041153
31309ce7-5d4a-45ea-b494-fbd33252af7a	https://www.doi.org/10.4143/crt.2005.37.1.1	PMID:19956504	PMC2785416	No	Cancer Research and Treatment	2009-12-04	Biology of SNU cell lines	PMC (access type unspecified)	No	No (abstract only)	pmc_fulltext_xml/PMC2785416.xml		"[""Ku JL"", ""Park JG.""]"	SNU (Seoul National University) cell lines have been established from Korean cancer patients since 1982. Of these 109 cell lines have been characterized and reported, i.e., 17 colorectal carcinoma, 12 hepatocellular carcinoma, 11 gastric carcinoma, 12 uterine cervical carcinoma, 17 B-lymphoblastoid cell lines derived from cancer patients, 5 ovarian carcinoma, 3 malignant mixed Mllerian tumor, 6 laryngeal squamous cell carcinoma, 7 renal cell carcinoma, 9 brain tumor, 6 biliary tract, and 4 pancreatic carcinoma cell lines. These SNU cell lines have been distributed to biomedical researchers domestic and worldwide through the KCLB (Korean Cell Line Bank), and have proven to be of value in various scientific research fields. The characteristics of these cell lines have been reported in over 180 international journals by our laboratory and by many other researchers from 1987. In this paper, the cellular and molecular characteristics of SNU human cancer cell lines are summarized according to their genetic and epigenetic alterations and functional analysis.	Ku JL, Park JG. Biology of SNU cell lines <i>Cancer Research and Treatment.</i> 2009-12-04. DOI:https://www.doi.org/10.4143/crt.2005.37.1.1 PMID:19956504
8fe14732-343f-4254-89e1-cc96daca2d3f	https://www.doi.org/10.1002/gcc.20730	PMID:19927377	PMC2818350	No	Genes Chromosomes Cancer	2009-11-21	Definitive molecular cytogenetic characterization of 15 colorectal cancer cell lines	Fair use (license unspecified)	No	Yes	pmc_fulltext_xml/PMC2818350.xml	This file is available for text mining. It may also be used consistent with the principles of fair use under the copyright law.	"[""Knutsen T"", ""Padilla-Nash HM"", ""Wangsa D"", ""Barenboim-Stapleton L"", ""Camps J"", ""McNeil N"", ""Difilippantonio MJ"", ""Ried T.""]"	In defining the genetic profiles in cancer, cytogenetically aberrant cell lines derived from primary tumors are important tools for the study of carcinogenesis. Here, we present the results of a comprehensive investigation of 15 established colorectal cancer cell lines using spectral karyotyping (SKY), fluorescence in situ hybridization, and comparative genomic hybridization (CGH). Detailed karyotypic analysis by SKY on five of the lines (P53HCT116, T84, NCI-H508, NCI-H716, and SK-CO-1) is described here for the first time. The five lines with karyotypes in the diploid range and that are characterized by defects in DNA mismatch repair had a mean of 4.8 chromosomal abnormalities per line, whereas the 10 aneuploid lines exhibited complex karyotypes and a mean of 30 chromosomal abnormalities. Of the 150 clonal translocations, only eight were balanced and none were recurrent among the lines. We also reviewed the karyotypes of 345 cases of adenocarcinoma of the large intestine listed in the Mitelman Database of Chromosome Aberrations in Cancer. The types of abnormalities observed in the cell lines reflected those seen in primary tumors: there were no recurrent translocations in either tumors or cell lines; isochromosomes were the most common recurrent abnormalities; and breakpoints occurred most frequently at the centromeric/pericentromeric and telomere regions. Of the genomic imbalances detected by array CGH, 87% correlated with chromosome aberrations observed in the SKY studies. The fact that chromosome abnormalities predominantly result in copy number changes rather than specific chromosome or gene fusions suggests that this may be the major mechanism leading to carcinogenesis in colorectal cancer.	Knutsen T, Padilla-Nash HM, Wangsa D, Barenboim-Stapleton L, Camps J, McNeil N, Difilippantonio MJ, Ried T. Definitive molecular cytogenetic characterization of 15 colorectal cancer cell lines <i>Genes Chromosomes Cancer.</i> 2009-11-21. DOI:https://www.doi.org/10.1002/gcc.20730 PMID:19927377
0ef283d1-c1db-4e6d-b8dc-a2b743f185e5	https://www.doi.org/10.1097/MPA.0b013e3181bc44dd	PMID:19904223	PMC2835986	No	Pancreas	2009-11-12	Profiling pancreatic cancer-secreted proteome using 15N amino acids and serum-free media	Fair use (license unspecified)	No	Yes	pmc_fulltext_xml/PMC2835986.xml	This file is available for text mining. It may also be used consistent with the principles of fair use under the copyright law.	"[""Xiao J"", ""Lee WN"", ""Zhao Y"", ""Cao R"", ""Go VL"", ""Recker RR"", ""Wang Q"", ""Xiao GG.""]"	OBJECTIVES. A new method of determining protein turnover by labeling protein with N amino acids was used in conjunction with serum-free cell culture to profile secreted proteins that are released by MIA PaCa-2 pancreatic cancer cells in culture. METHODS. MIA PaCa-2 cells were first cultured in Dulbecco modified Eagle medium (Gibco by Invitrogen, Carlsbad, Calif) with 10% fetal bovine serum, then in serum-free modified Eagle medium with or without 50% N algal amino acid mixture. The effect of oxythiamine chloride on secreteome was studied. Secreteome from cell culture media was analyzed by 2-dimensional (2D) gel electrophoresis. Differentially expressed proteins were detected and identified. Protein turnover rates were calculated according to the newly established method. Western blot and enzyme-linked immunosorbent assay were used to validate identified proteins. RESULTS. Among the 14 differentially expressed proteins after oxythiamine treatment, tissue inhibitor of metalloproteases-1 and cytokeratin-10 were identified as 2 newly synthesized secreted proteins caused by substantial N incorporation. The inhibition of tissue inhibitor of metalloproteases-1 expression in MIA PaCa-2 cells by oxythiamine treatment was first demonstrated by 2D gel electrophoresis and further validated by Western blotting and enzyme-linked immunosorbent assay analyses. CONCLUSIONS. Our method of labeling protein with N amino acids in conjunction with serum-free cell culture allows the identification of actively secreted proteins from pancreatic cancer cells and is a useful method for serum biomarker discovery.	Xiao J, Lee WN, Zhao Y, Cao R, Go VL, Recker RR, Wang Q, Xiao GG. Profiling pancreatic cancer-secreted proteome using 15N amino acids and serum-free media <i>Pancreas.</i> 2009-11-12. DOI:https://www.doi.org/10.1097/MPA.0b013e3181bc44dd PMID:19904223
8cff4f2e-17ae-4aa8-8a35-eaa1a9e768fa	https://www.doi.org/10.1002/path.2633	PMID:19890883	PMC4058327	No	The Journal of Pathology	2009-11-06	Genome-wide transcriptome analyses reveal p53 inactivation mediated loss of miR-34a expression in malignant peripheral nerve sheath tumours	Fair use (license unspecified)	No	Yes	pmc_fulltext_xml/PMC4058327.xml	This file is available for text mining. It may also be used consistent with the principles of fair use under the copyright law.	"[""Subramanian S"", ""Thayanithy V"", ""West RB"", ""Lee CH"", ""Beck AH"", ""Zhu S"", ""Downs-Kelly E"", ""Montgomery K"", ""Goldblum JR"", ""Hogendoorn PC"", ""Corless CL"", ""Oliveira AM"", ""Dry SM"", ""Nielsen TO"", ""Rubin BP"", ""Fletcher JA"", ""Fletcher CD"", ""van de Rijn M.""]"	Malignant peripheral nerve sheath tumours (MPNSTs) are aggressive soft tissue tumours that occur either sporadically or in patients with neurofibromatosis type 1. The malignant transformation of the benign neurofibroma to MPNST is incompletely understood at the molecular level. We have determined the gene expression signature for benign and malignant PNSTs and found that the major trend in malignant transformation from neurofibroma to MPNST consists of the loss of expression of a large number of genes, rather than widespread increase in gene expression. Relatively few genes are expressed at higher levels in MPNSTs and these include genes involved in cell proliferation and genes implicated in tumour metastasis. In addition, a gene expression signature indicating p53 inactivation is seen in the majority of MPNSTs. Subsequent microRNA profiling of benign and malignant PNSTs indicated a relative down-regulation of miR-34a in most MPNSTs compared to neurofibromas. In vitro studies using the cell lines MPNST-14 (NF1 mutant) and MPNST-724 (from a non-NF1 individual) show that exogenous expression of p53 or miR-34a promotes apoptotic cell death. In addition, exogenous expression of p53 in MPNST cells induces miR-34a and other miRNAs. Our data show that p53 inactivation and subsequent loss of expression of miR-34a may significantly contribute to the MPNST development. Collectively, our findings suggest that deregulation of miRNAs has a potential role in the malignant transformation process in peripheral nerve sheath tumours.	Subramanian S, Thayanithy V, West RB, Lee CH, Beck AH, Zhu S, Downs-Kelly E, Montgomery K, Goldblum JR, Hogendoorn PC, Corless CL, Oliveira AM, Dry SM, Nielsen TO, Rubin BP, Fletcher JA, Fletcher CD, van de Rijn M. Genome-wide transcriptome analyses reveal p53 inactivation mediated loss of miR-34a expression in malignant peripheral nerve sheath tumours <i>The Journal of Pathology.</i> 2009-11-06. DOI:https://www.doi.org/10.1002/path.2633 PMID:19890883
44d43cf1-b039-440f-b5cb-0fe0450bcd5c	https://www.doi.org/10.1152/ajpgi.00007.2009	PMID:19661150	PMC2763809	No	American Journal of Physiology-Gastrointestinal and Liver Physiology	2009-08-08	Mice lacking neurofibromin develop gastric hyperplasia	PMC (access type unspecified)	No	No (abstract only)	pmc_fulltext_xml/PMC2763809.xml		"[""Lin L"", ""Chen J"", ""Richardson JA"", ""Parada LF.""]"	Gastrointestinal (GI) neoplasms are among many manifestations of the genetic disease neurofibromatosis type 1 (NF1). However, the physiological and pathological functions of the Nf1 gene in the GI system have not been fully studied, possibly because of a lack of mouse models. In this study, we generated conditional knockout mice with Nf1 deficiency in the GI tract. These mice develop gastric epithelial hyperplasia and inflammation together with increased cell proliferation and apoptosis. The gastric phenotypes observed in these mutant mice seem to be the consequence of loss of Nf1 in gastric fibroblasts, resulting in paracrine hyperactivation of the ERK pathway in the gastric epithelium. These mice provide a useful model to study the pathogenesis of GI lesions in a subset of patients with NF1 and to investigate the role of the Nf1 gene in the development of GI neoplasms.	Lin L, Chen J, Richardson JA, Parada LF. Mice lacking neurofibromin develop gastric hyperplasia <i>American Journal of Physiology-Gastrointestinal and Liver Physiology.</i> 2009-08-08. DOI:https://www.doi.org/10.1152/ajpgi.00007.2009 PMID:19661150
d200ea51-4d37-4996-a06d-64258ee4837f	https://www.doi.org/10.1016/j.ccr.2009.05.009	PMID:19573811	PMC2897249	No	Cancer Cell	2009-07-29	Proteasomal and genetic inactivation of the NF1 tumor suppressor in gliomagenesis	Fair use (license unspecified)	No	Yes	pmc_fulltext_xml/PMC2897249.xml	This file is available for text mining. It may also be used consistent with the principles of fair use under the copyright law.	"[""Lauren T McGillicuddy"", ""Jody A Fromm"", ""Pablo E Hollstein"", ""Sara Kubek"", ""Rameen Beroukhim"", ""Thomas De Raedt"", ""Bryan W Johnson"", ""Sybil M G Williams"", ""Phioanh Nghiemphu"", ""Linda M Liau"", ""Tim F Cloughesy"", ""Paul S Mischel"", ""Annabel Parret"", ""Jeanette Seiler"", ""Gerd Moldenhauer"", ""Klaus Scheffzek"", ""Anat O Stemmer-Rachamimov"", ""Charles L Sawyers"", ""Cameron Brennan"", ""Ludwine Messiaen"", ""Ingo K Mellinghoff"", ""Karen Cichowski""]"	Loss-of-function mutations in the NF1 tumor suppressor result in deregulated Ras signaling and drive tumorigenesis in the familial cancer syndrome neurofibromatosis type I. However, the extent to which NF1 inactivation promotes sporadic tumorigenesis is unknown. Here we report that NF1 is inactivated in sporadic gliomas via two mechanisms: excessive proteasomal degradation and genetic loss. NF1 protein destabilization is triggered by the hyperactivation of protein kinase C (PKC) and confers sensitivity to PKC inhibitors. However, complete genetic loss, which only occurs when p53 is inactivated, mediates sensitivity to mTOR inhibitors. These studies reveal an expanding role for NF1 inactivation in sporadic gliomagenesis and illustrate how different mechanisms of inactivation are utilized in genetically distinct tumors, which consequently impacts therapeutic sensitivity.	Lauren T McGillicuddy, Jody A Fromm, Pablo E Hollstein, Sara Kubek, Rameen Beroukhim, Thomas De Raedt, Bryan W Johnson, Sybil M G Williams, Phioanh Nghiemphu, Linda M Liau, Tim F Cloughesy, Paul S Mischel, Annabel Parret, Jeanette Seiler, Gerd Moldenhauer, Klaus Scheffzek, Anat O Stemmer-Rachamimov, Charles L Sawyers, Cameron Brennan, Ludwine Messiaen, Ingo K Mellinghoff, Karen Cichowski. Proteasomal and genetic inactivation of the NF1 tumor suppressor in gliomagenesis. <i>Cancer Cell.</i> 2009-07-29. DOI:https://www.doi.org/10.1016/j.ccr.2009.05.009 PMID:19573811
242eb5f7-224c-4b1a-975e-fc429bcc15c8	https://www.doi.org/10.1097/NEN.0b013e3181a3240b	PMID:19525901	PMC2746323	No	Journal of Neuropathology & Experimental Neurology	2009-06-16	Optic nerve dysfunction in a mouse model of neurofibromatosis-1 optic glioma	Fair use (license unspecified)	No	Yes	pmc_fulltext_xml/PMC2746323.xml	This file is available for text mining. It may also be used consistent with the principles of fair use under the copyright law.	"[""Hegedus B"", ""Hughes FW"", ""Garbow JR"", ""Gianino S"", ""Banerjee D"", ""Kim K"", ""Ellisman MH"", ""Brantley MA Jr"", ""Gutmann DH.""]"	Individuals with neurofibromatosis type 1 (NF1) are prone to develop optic pathway gliomas that can result in significant visual impairment. To explore the cellular basis for the reduced visual function resulting from optic glioma formation, we used a genetically engineered mouse model of Nf1 optic glioma (Nf1+/-(GFAP)CKO mice). We performed multimodal functional and structural analyses both before and after the appearance of macroscopic tumors. At 6 weeks of age, before obvious glioma formation, Nf1+/-(GFAP)CKO mice had decreased visual-evoked potential amplitudes and increased optic nerve axon calibers. By 3 months of age, Nf1+/-(GFAP)CKO mice exhibited pronounced optic nerve axonopathy and apoptosis of neurons in the retinal ganglion cell layer. Magnetic resonance diffusion tensor imaging showed a progressive increase in radial diffusivity between 6 weeks and 6 months of age in the optic nerve proximal to the tumor indicating ongoing deterioration of axons. These data suggest that optic glioma formation results in early axonal disorganization and damage, which culminates in retinal ganglion cell death. Collectively, this study shows that Nf1+/-(GFAP)CKO mice can provide a useful model for defining mechanisms of visual abnormalities in children with NF1 and lay the foundations for future interventional studies aimed at reducing visual loss.	Hegedus B, Hughes FW, Garbow JR, Gianino S, Banerjee D, Kim K, Ellisman MH, Brantley MA Jr, Gutmann DH. Optic nerve dysfunction in a mouse model of neurofibromatosis-1 optic glioma <i>Journal of Neuropathology & Experimental Neurology.</i> 2009-06-16. DOI:https://www.doi.org/10.1097/NEN.0b013e3181a3240b PMID:19525901
2334e80d-3877-4296-b555-b39648966d75	https://www.doi.org/10.1002/humu.21028	PMID:19472407	PMC2900846	No	Human Mutation	2009-05-28	A gene-alteration profile of human lung cancer cell lines	Fair use (license unspecified)	No	Yes	pmc_fulltext_xml/PMC2900846.xml	This file is available for text mining. It may also be used consistent with the principles of fair use under the copyright law.	"[""Blanco R"", ""Iwakawa R"", ""Tang M"", ""Kohno T"", ""Angulo B"", ""Pio R"", ""Montuenga LM"", ""Minna JD"", ""Yokota J"", ""Sanchez-Cespedes M.""]"	Aberrant proteins encoded from genes altered in tumors drive cancer development and may also be therapeutic targets. Here we derived a comprehensive gene-alteration profile of lung cancer cell lines. We tested 17 genes in a panel of 88 lung cancer cell lines and found the rates of alteration to be higher than previously thought. Nearly all cells feature inactivation at TP53 and CDKN2A or RB1, whereas BRAF, MET, ERBB2, and NRAS alterations were infrequent. A preferential accumulation of alterations among histopathological types and a mutually exclusive occurrence of alterations of CDKN2A and RB1 as well as of KRAS, epidermal growth factor receptor (EGFR), NRAS, and ERBB2 were seen. Moreover, in non-small-cell lung cancer (NSCLC), concomitant activation of signal transduction pathways known to converge in mammalian target of rapamycin (mTOR) was common. Cells with single activation of ERBB2, PTEN, or MET signaling showed greater sensitivity to cell-growth inhibition induced by erlotinib, LY294002, and PHA665752, respectively, than did cells featuring simultaneous activation of these pathways, underlining the need for combined therapeutic strategies in targeted cancer treatments. In conclusion, our gene-alteration landscape of lung cancer cell lines provides insights into how gene alterations accumulate and biological pathways interact in cancer.	Blanco R, Iwakawa R, Tang M, Kohno T, Angulo B, Pio R, Montuenga LM, Minna JD, Yokota J, Sanchez-Cespedes M. A gene-alteration profile of human lung cancer cell lines <i>Human Mutation.</i> 2009-05-28. DOI:https://www.doi.org/10.1002/humu.21028 PMID:19472407
0b763c0e-efae-4aff-80dc-58d5dc41b40b	https://www.doi.org/10.1158/1535-7163.MCT-08-0921	PMID:19372543	PMC4020356	No	Molecular Cancer Therapeutics	2009-04-18	DNA fingerprinting of the NCI-60 cell line panel	Fair use (license unspecified)	No	Yes	pmc_fulltext_xml/PMC4020356.xml	This file is available for text mining. It may also be used consistent with the principles of fair use under the copyright law.	"[""Lorenzi PL"", ""Reinhold WC"", ""Varma S"", ""Hutchinson AA"", ""Pommier Y"", ""Chanock SJ"", ""Weinstein JN.""]"	The National Cancer Institute's NCI-60 cell line panel, the most extensively characterized set of cells in existence and a public resource, is frequently used as a screening tool for drug discovery. Because many laboratories around the world rely on data from the NCI-60 cells, confirmation of their genetic identities represents an essential step in validating results from them. Given the consequences of cell line contamination or misidentification, quality control measures should routinely include DNA fingerprinting. We have, therefore, used standard DNA microsatellite short tandem repeats to profile the NCI-60, and the resulting DNA fingerprints are provided here as a reference. Consistent with previous reports, the fingerprints suggest that several NCI-60 lines have common origins: the melanoma lines MDA-MB-435, MDA-N, and M14; the central nervous system lines U251 and SNB-19; the ovarian lines OVCAR-8 and OVCAR-8/ADR (also called NCI/ADR); and the prostate lines DU-145, DU-145 (ATCC), and RC0.1. Those lines also show that the ability to connect two fingerprints to the same origin is not affected by stable transfection or by the development of multidrug resistance. As expected, DNA fingerprints were not able to distinguish different tissues-of-origin. The fingerprints serve principally as a barcodes.	Lorenzi PL, Reinhold WC, Varma S, Hutchinson AA, Pommier Y, Chanock SJ, Weinstein JN. DNA fingerprinting of the NCI-60 cell line panel <i>Molecular Cancer Therapeutics.</i> 2009-04-18. DOI:https://www.doi.org/10.1158/1535-7163.MCT-08-0921 PMID:19372543
8af42f9f-ed8e-4553-888d-e2e3de21d637	https://www.doi.org/10.1007/s00335-009-9179-4	PMID:19347398	PMC2713021	No	Mammalian Genome	2009-04-07	Chr 19(A/J) modifies tumor resistance in a sex- and parent-of-origin-specific manner	Fair use (license unspecified)	No	Yes	pmc_fulltext_xml/PMC2713021.xml	This file is available for text mining. It may also be used consistent with the principles of fair use under the copyright law.	"[""Walrath JC"", ""Fox K"", ""Truffer E"", ""Gregory Alvord W"", ""Quiñones OA"", ""Reilly KM.""]"	Neurofibromatosis type 1 (NF1) is one of the most common human genetic diseases affecting the nervous system and predisposes individuals to cancer, including peripheral nerve sheath tumors (PNSTs) and astrocytomas. Modifiers in the genetic background affect the severity of the disease and we have previously mapped two modifier loci, Nstr1 and Nstr2, that influence resistance to PNSTs in the Nf1-/+;Trp53-/+cis mouse model of NF1. We report here the analysis of Nstr1 in isolation from other epistatic loci using a chromosome substitution strain, and further show that a modifier locus (or loci) on chromosome 19 influences resistance to both PNSTs and astrocytomas. This modifier locus interacts with sex, resulting in sex-specific modification of tumors. Allele variability on chromosome 19 affects both the timing and the penetrance of the growth of different tumor types associated with NF1, specifically PNSTs and astrocytoma. These results indicate that modifiers of cancer susceptibility interact and affect tumorigenesis under different genetic conditions and demonstrate the power of chromosome substitution strains to study genetic modifiers.	Walrath JC, Fox K, Truffer E, Gregory Alvord W, Quiñones OA, Reilly KM. Chr 19(A/J) modifies tumor resistance in a sex- and parent-of-origin-specific manner <i>Mammalian Genome.</i> 2009-04-07. DOI:https://www.doi.org/10.1007/s00335-009-9179-4 PMID:19347398
3a10f6d1-b3f6-4163-a9d9-38557ef7bbc0	https://www.doi.org/10.1215/15228517-2008-053	PMID:18650488	PMC2719009	No	Neuro-Oncology	2009-02-20	EGFR and erbB2 in malignant peripheral nerve sheath tumors and implications for targeted therapy	PMC (access type unspecified)	No	No (abstract only)	pmc_fulltext_xml/PMC2719009.xml		"[""Nikola Holtkamp"", ""Elke Malzer"", ""Jan Zietsch"", ""Ali Fuat Okuducu"", ""Jana Mucha"", ""Christian Mawrin"", ""Victor-F Mautner"", ""Hans-Ulrich Schildhaus"", ""Andreas von Deimling""]"	Malignant peripheral nerve sheath tumors (MPNSTs) are sarcomas with poor prognosis and limited treatment options. Evidence for a role of epidermal growth factor receptor (EGFR) and receptor tyrosine kinase erbB2 in MPNSTs led us to systematically study these potential therapeutic targets in a larger tumor panel (n = 37). Multiplex ligation-dependent probe amplification and fluorescence in situ hybridization analysis revealed increased EGFR dosage in 28% of MPNSTs. ERBB2 and three tumor suppressor genes (PTEN [phosphatase and tensin homolog deleted on chromosome 10], CDKN2A [cyclin-dependent kinase inhibitor 2A], and TP53 [tumor protein p53]) were frequently lost or reduced. Reduction of CDKN2A was linked to appearance of metastasis. Comparison of corresponding neurofibromas and MPNSTs revealed an increase in genetic lesions in MPNSTs. No somatic mutations were found within tyrosine-kinase-encoding exons of EGFR and ERBB2. However, at the protein level, expression of EGFR and erbB2 was frequently detected in MPNSTs. EGFR expression was significantly associated with increased EGFR gene dosage. The EGFR ligands transforming growth factor alpha and EGF were more strongly expressed in MPNSTs than in neurofibromas. The effects of the drugs erlotinib and trastuzumab, which target EGFR and erbB2, were determined on MPNST cell lines. In contrast to trastuzumab, erlotinib mediated dose-dependent inhibition of cell proliferation. EGF-induced EGFR phosphorylation was attenuated by erlotinib. Summarized, our data indicate that EGFR and erbB2 are potential targets in treatment of MPNST patients.	Nikola Holtkamp, Elke Malzer, Jan Zietsch, Ali Fuat Okuducu, Jana Mucha, Christian Mawrin, Victor-F Mautner, Hans-Ulrich Schildhaus, Andreas von Deimling. EGFR and erbB2 in malignant peripheral nerve sheath tumors and implications for targeted therapy. <i>Neuro-Oncology.</i> 2009-02-20. DOI:https://www.doi.org/10.1215/15228517-2008-053 PMID:18650488
000dc7a8-7fcd-4d81-aa34-7391a6b40ad9	https://www.doi.org/10.1523/JNEUROSCI.4698-08.2008	PMID:19118178	PMC6671253	No	The Journal of Neuroscience : The Official Journal of the Society for Neuroscience	2009-01-02	Spred1 is required for synaptic plasticity and hippocampus-dependent learning	PMC (access type unspecified)	No	No (abstract only)	pmc_fulltext_xml/PMC6671253.xml		"[""Denayer E"", ""Ahmed T"", ""Brems H"", ""Van Woerden G"", ""Borgesius NZ"", ""Callaerts-Vegh Z"", ""Yoshimura A"", ""Hartmann D"", ""Elgersma Y"", ""D'Hooge R"", ""Legius E"", ""Balschun D.""]"	Germline mutations in SPRED1, a negative regulator of Ras, have been described in a neurofibromatosis type 1 (NF1)-like syndrome (NFLS) that included learning difficulties in some affected individuals. NFLS belongs to the group of phenotypically overlapping neuro-cardio-facial-cutaneous syndromes that are all caused by germ line mutations in genes of the Ras/mitogen-activated protein kinase extracellular signal-regulated kinase (ERK) pathway and that present with some degree of learning difficulties or mental retardation. We investigated hippocampus-dependent learning and memory as well as synaptic plasticity in Spred1(-/-) mice, an animal model of this newly discovered human syndrome. Spred1(-/-) mice show decreased learning and memory performance in the Morris water maze and visual-discrimination T-maze, but normal basic neuromotor and sensory abilities. Electrophysiological recordings on brain slices from these animals identified defects in short- and long-term synaptic hippocampal plasticity, including a disequilibrium between long-term potentiation (LTP) and long-term depression in CA1 region. Biochemical analysis, 4 h after LTP induction, demonstrated increased ERK-phosphorylation in Spred1(-/-) slices compared with those of wild-type littermates. This indicates that deficits in hippocampus-dependent learning and synaptic plasticity induced by SPRED1 deficiency are related to hyperactivation of the Ras/ERK pathway.	Denayer E, Ahmed T, Brems H, Van Woerden G, Borgesius NZ, Callaerts-Vegh Z, Yoshimura A, Hartmann D, Elgersma Y, D'Hooge R, Legius E, Balschun D. Spred1 is required for synaptic plasticity and hippocampus-dependent learning <i>The Journal of Neuroscience : The Official Journal of the Society for Neuroscience.</i> 2009-01-02. DOI:https://www.doi.org/10.1523/JNEUROSCI.4698-08.2008 PMID:19118178
483c1b3d-8cb8-4e74-a0b3-ac8a07ab39ce	https://www.doi.org/10.1186/1471-2407-8-371	PMID:19087340	PMC2651892	No	BMC Cancer	2008-12-18	Conventional and molecular cytogenetics of human non-medullary thyroid carcinoma: characterization of eight cell line models and review of the literature on clinical samples	CC-BY	Yes	Yes	pmc_fulltext_xml/PMC2651892.xml	http://creativecommons.org/licenses/by/2.0	"[""Ribeiro FR"", ""Meireles AM"", ""Rocha AS"", ""Teixeira MR.""]"	BACKGROUND. Cell lines are often poorly characterized from a genetic point of view, reducing their usefulness as tumor models. Our purpose was to assess the genetic background of eight commonly used human thyroid carcinoma models and to compare the findings with those reported for primary tumors of the gland. METHODS. We used chromosome banding analysis and comparative genomic hybridization to profile eight non-medullary thyroid carcinoma cell lines of papillary (TPC-1, FB2, K1 and B-CPAP), follicular (XTC-1) or anaplastic origin (8505C, C643 and HTH74). To assess the representativeness of the findings, we additionally performed a thorough review of cytogenetic (n = 125) and DNA copy number information (n = 270) available in the literature on clinical samples of thyroid carcinoma. RESULTS. The detailed characterization of chromosomal markers specific for each cell line revealed two cases of mistaken identities: FB2 was shown to derive from TPC-1 cells, whereas K1 cells have their origin in cell line GLAG-66. All cellular models displayed genomic aberrations of varying complexity, and recurrent gains at 5p, 5q, 8q, and 20q (6/7 cell lines) and losses at 8p, 13q, 18q, and Xp (4/7 cell lines) were seen. Importantly, the genomic profiles were compatible with those of the respective primary tumors, as seen in the meta-analysis of the existing literature data. CONCLUSION. We provide the genomic background of seven independent thyroid carcinoma models representative of the clinical tumors of the corresponding histotypes, and highlight regions of recurrent aberrations that may guide future studies aimed at identifying target genes. Our findings further support the importance of routinely performing cytogenetic studies on cell lines, to detect cross-contamination mishaps such as those identified here.	Ribeiro FR, Meireles AM, Rocha AS, Teixeira MR. Conventional and molecular cytogenetics of human non-medullary thyroid carcinoma: characterization of eight cell line models and review of the literature on clinical samples <i>BMC Cancer.</i> 2008-12-18. DOI:https://www.doi.org/10.1186/1471-2407-8-371 PMID:19087340
273e8365-f29e-491f-92d1-49f1f7687a50	https://www.doi.org/10.1186/1756-0500-1-95	PMID:18957096	PMC2615028	No	BMC Res Notes	2008-10-30	Identification and classification of genes regulated by phosphatidylinositol 3-kinase- and TRKB-mediated signalling pathways during neuronal differentiation in two subtypes of the human neuroblastoma cell line SH-SY5Y	CC-BY	Yes	Yes	pmc_fulltext_xml/PMC2615028.xml	This is an Open Access article distributed under the terms of the Creative Commons Attribution License (http://creativecommons.org/licenses/by/2.0), which permits unrestricted use, distribution, and reproduction in any medium, provided the original work is properly cited.	"[""Nishida Y"", ""Adati N"", ""Ozawa R"", ""Maeda A"", ""Sakaki Y"", ""Takeda T.""]"	BACKGROUND. SH-SY5Y cells exhibit a neuronal phenotype when treated with all-trans retinoic acid (RA), but the molecular mechanism of activation in the signalling pathway mediated by phosphatidylinositol 3-kinase (PI3K) is unclear. To investigate this mechanism, we compared the gene expression profiles in SK-N-SH cells and two subtypes of SH-SY5Y cells (SH-SY5Y-A and SH-SY5Y-E), each of which show a different phenotype during RA-mediated differentiation. FINDINGS. SH-SY5Y-A cells differentiated in the presence of RA, whereas RA-treated SH-SY5Y-E cells required additional treatment with brain-derived neurotrophic factor (BDNF) for full differentiation. After exposing cells to a PI3K inhibitor, LY294002, we identified 386 genes and categorised these genes into two clusters dependent on the PI3K signalling pathway during RA-mediated differentiation in SH-SY5Y-A cells. Transcriptional regulation of the gene cluster, including 158 neural genes, was greatly reduced in SK-N-SH cells and partially impaired in SH-SY5Y-E cells, which is consistent with a defect in the neuronal phenotype of these cells. Additional stimulation with BDNF induced a set of neural genes that were down-regulated in RA-treated SH-SY5Y-E cells but were abundant in differentiated SH-SY5Y-A cells. CONCLUSION. We identified gene clusters controlled by PI3K- and TRKB-mediated signalling pathways during the differentiation of two subtypes of SH-SY5Y cells. The TRKB-mediated bypass pathway compensates for impaired neural function generated by defects in several signalling pathways, including PI3K in SH-SY5Y-E cells. Our expression profiling data will be useful for further elucidation of the signal transduction-transcriptional network involving PI3K or TRKB.	Nishida Y, Adati N, Ozawa R, Maeda A, Sakaki Y, Takeda T. Identification and classification of genes regulated by phosphatidylinositol 3-kinase- and TRKB-mediated signalling pathways during neuronal differentiation in two subtypes of the human neuroblastoma cell line SH-SY5Y <i>BMC Res Notes.</i> 2008-10-30. DOI:https://www.doi.org/10.1186/1756-0500-1-95 PMID:18957096
94bfd015-7fb3-4e92-a9af-0efb9767d51f	https://www.doi.org/10.1038/nature07261	PMID:18724359	PMC2672043	No	Nature	2008-08-30	Identification of ALK as a major familial neuroblastoma predisposition gene	Fair use (license unspecified)	No	Yes	pmc_fulltext_xml/PMC2672043.xml	This file is available for text mining. It may also be used consistent with the principles of fair use under the copyright law.	"[""Mossé YP"", ""Laudenslager M"", ""Longo L"", ""Cole KA"", ""Wood A"", ""Attiyeh EF"", ""Laquaglia MJ"", ""Sennett R"", ""Lynch JE"", ""Perri P"", ""Laureys G"", ""Speleman F"", ""Kim C"", ""Hou C"", ""Hakonarson H"", ""Torkamani A"", ""Schork NJ"", ""Brodeur GM"", ""Tonini GP"", ""Rappaport E"", ""Devoto M"", ""Maris JM.""]"	Neuroblastoma is a childhood cancer that can be inherited, but the genetic aetiology is largely unknown. Here we show that germline mutations in the anaplastic lymphoma kinase (ALK) gene explain most hereditary neuroblastomas, and that activating mutations can also be somatically acquired. We first identified a significant linkage signal at chromosome bands 2p23-24 using a whole-genome scan in neuroblastoma pedigrees. Resequencing of regional candidate genes identified three separate germline missense mutations in the tyrosine kinase domain of ALK that segregated with the disease in eight separate families. Resequencing in 194 high-risk neuroblastoma samples showed somatically acquired mutations in the tyrosine kinase domain in 12.4% of samples. Nine of the ten mutations map to critical regions of the kinase domain and were predicted, with high probability, to be oncogenic drivers. Mutations resulted in constitutive phosphorylation, and targeted knockdown of ALK messenger RNA resulted in profound inhibition of growth in all cell lines harbouring mutant or amplified ALK, as well as in two out of six wild-type cell lines for ALK. Our results demonstrate that heritable mutations of ALK are the main cause of familial neuroblastoma, and that germline or acquired activation of this cell-surface kinase is a tractable therapeutic target for this lethal paediatric malignancy.	Mossé YP, Laudenslager M, Longo L, Cole KA, Wood A, Attiyeh EF, Laquaglia MJ, Sennett R, Lynch JE, Perri P, Laureys G, Speleman F, Kim C, Hou C, Hakonarson H, Torkamani A, Schork NJ, Brodeur GM, Tonini GP, Rappaport E, Devoto M, Maris JM. Identification of ALK as a major familial neuroblastoma predisposition gene <i>Nature.</i> 2008-08-30. DOI:https://www.doi.org/10.1038/nature07261 PMID:18724359
0d0a983a-d62d-4eed-9f60-e14671585461	https://www.doi.org/10.1210/jc.2008-1102	PMID:18713817	PMC2582569	No	The Journal of Clinical Endocrinology & Metabolism	2008-08-21	Deoxyribonucleic acid profiling analysis of 40 human thyroid cancer cell lines reveals cross-contamination resulting in cell line redundancy and misidentification	PMC (access type unspecified)	No	No (abstract only)	pmc_fulltext_xml/PMC2582569.xml		"[""Schweppe RE"", ""Klopper JP"", ""Korch C"", ""Pugazhenthi U"", ""Benezra M"", ""Knauf JA"", ""Fagin JA"", ""Marlow LA"", ""Copland JA"", ""Smallridge RC"", ""Haugen BR.""]"	CONTEXT. Cell lines derived from human cancers provide critical tools to study disease mechanisms and develop novel therapies. Recent reports indicate that up to 36% of cell lines are cross- contaminated. OBJECTIVE. We evaluated 40 reported thyroid cancer-derived cell lines using short tandem repeat and single nucleotide polymorphism array analysis. RESULTS. Only 23 of 40 cell lines tested have unique genetic profiles. The following groups of cell lines are likely derivatives of the same cell line: BHP5-16, BHP17-10, BHP14-9, and NPA87; BHP2-7, BHP10-3, BHP7-13, and TPC1; KAT5, KAT10, KAT4, KAT7, KAT50, KAK1, ARO81-1, and MRO87-1; and K1 and K2. The unique cell lines include BCPAP, KTC1, TT2609-C02, FTC133, ML1, WRO82-1, 8505C, SW1736, Cal-62, T235, T238, Uhth-104, ACT-1, HTh74, KAT18, TTA1, FRO81-2, HTh7, C643, BHT101, and KTC-2. The misidentified cell lines included the DRO90-1, which matched the melanoma-derived cell line, A-375. The ARO81-1 and its derivatives matched the HT-29 colon cancer cell line, and the NPA87 and its derivatives matched the M14/MDA-MB-435S melanoma cell line. TTF-1 and Pax-8 mRNA levels were determined in the unique cell lines. CONCLUSIONS. Many of these human cell lines have been widely used in the thyroid cancer field for the past 20 yr and are not only redundant, but not of thyroid origin. These results emphasize the importance of cell line integrity, and provide the short tandem repeat profiles for a panel of thyroid cancer cell lines that can be used as a reference for comparison of cell lines from other laboratories.	Schweppe RE, Klopper JP, Korch C, Pugazhenthi U, Benezra M, Knauf JA, Fagin JA, Marlow LA, Copland JA, Smallridge RC, Haugen BR. Deoxyribonucleic acid profiling analysis of 40 human thyroid cancer cell lines reveals cross-contamination resulting in cell line redundancy and misidentification <i>The Journal of Clinical Endocrinology & Metabolism.</i> 2008-08-21. DOI:https://www.doi.org/10.1210/jc.2008-1102 PMID:18713817
d47005fb-3a68-4cf6-9e5a-1f9a01caa2d2	https://www.doi.org/10.1186/1476-4598-7-50	PMID:18534018	PMC2442611	No	Molecular Cancer	2008-06-07	Effect of bortezomib on human neuroblastoma: analysis of molecular mechanisms involved in cytotoxicity	CC-BY	Yes	Yes	pmc_fulltext_xml/PMC2442611.xml	http://creativecommons.org/licenses/by/2.0	"[""Combaret V"", ""Boyault S"", ""Iacono I"", ""Brejon S"", ""Rousseau R"", ""Puisieux A.""]"	BACKGROUND. Bortezomib, a specific and selective inhibitor of the 26S proteasome with antitumor activity against a wide range of malignancies, has been approved for the treatment of relapsed or refractory multiple myeloma and other cancers. Recently, bortezomib has been identified as an effective inhibitor of neuroblastoma cell growth and angiogenesis. RESULTS. In the present study, we demonstrate that some neuroblastoma cell lines are actually resistant to bortezomib. We have sought to characterize the main pathway by which proteasome inhibition leads to apoptosis, and to define the mechanism responsible for resistance to bortezomib in neuroblastoma cells. Our results show that SB202190, an inhibitor of mitogen-activated protein kinase (MAPK) p38, enhances the ability of bortezomib to induce apoptosis by preventing the phosphorylation of the heat shock protein (HSP) 27. CONCLUSION. This study opens the way to further clinical investigations and suggests a potential benefit of using a combination of bortezomib with an inhibitor of p38 MAPK for the treatment of neuroblastoma relapse.	Combaret V, Boyault S, Iacono I, Brejon S, Rousseau R, Puisieux A. Effect of bortezomib on human neuroblastoma: analysis of molecular mechanisms involved in cytotoxicity <i>Molecular Cancer.</i> 2008-06-07. DOI:https://www.doi.org/10.1186/1476-4598-7-50 PMID:18534018
44dac9d5-a4b7-4673-bb5b-c69388e4bae4	https://www.doi.org/10.1016/j.ccr.2007.12.027	PMID:18242511	PMC2846699	No	Cancer Cell	2008-03-26	Plexiform and dermal neurofibromas and pigmentation are caused by NF1 loss in desert hedgehog-expressing cells	NIH Public Access/Author Manuscripts	No	No (abstract only)	pmc_fulltext_xml/PMC2846699.xml		"[""Jianqiang Wu"", ""Jon P Williams"", ""Tilat A Rizvi"", ""Jennifer J Kordich"", ""David Witte"", ""Dies Meijer"", ""Anat O Stemmer-Rachamimov"", ""Jose A Cancelas"", ""Nancy Ratner""]"	Neurofibromatosis type 1 (Nf1) mutation predisposes to benign peripheral nerve (glial) tumors called neurofibromas. The point(s) in development when Nf1 loss promotes neurofibroma formation are unknown. We show that inactivation of Nf1 in the glial lineage in vitro at embryonic day 12.5 + 1, but not earlier (neural crest) or later (mature Schwann cell), results in colony-forming cells capable of multilineage differentiation. In vivo, inactivation of Nf1 using a DhhCre driver beginning at E12.5 elicits plexiform neurofibromas, dermal neurofibromas, and pigmentation. Tumor Schwann cells uniquely show biallelic Nf1 inactivation. Peripheral nerve and tumors contain transiently proliferating Schwann cells that lose axonal contact, providing insight into early neurofibroma formation. We suggest that timing of Nf1 mutation is critical for neurofibroma formation.	Jianqiang Wu, Jon P Williams, Tilat A Rizvi, Jennifer J Kordich, David Witte, Dies Meijer, Anat O Stemmer-Rachamimov, Jose A Cancelas, Nancy Ratner. Plexiform and dermal neurofibromas and pigmentation are caused by Nf1 loss in desert hedgehog-expressing cells. <i>Cancer Cell.</i> 2008-03-26. DOI:https://www.doi.org/10.1016/j.ccr.2007.12.027 PMID:18242511
3415eb5c-5a4e-4f4d-9215-d008aa7b03b8	https://www.doi.org/10.1158/0008-5472.CAN-07-2734	PMID:18281493	PMC2855837	No	Cancer Research	2008-03-11	Tissue inhibitor of metalloproteinase-3 via oncolytic herpesvirus inhibits tumor growth and vascular progenitors	NIH Public Access/Author Manuscripts	No	No (abstract only)	pmc_fulltext_xml/PMC2855837.xml		"[""Yonatan Y Mahller"", ""Sachin S Vaikunth"", ""Maria C Ripberger"", ""William H Baird"", ""Yoshinaga Saeki"", ""Jose A Cancelas"", ""Timothy M Crombleholme"", ""Timothy P Cripe""]"	"Malignant solid tumors remain a significant clinical challenge, necessitating innovative therapeutic approaches. Oncolytic viral therapy is a nonmutagenic, biological anticancer therapeutic shown to be effective against human cancer in early studies. Because matrix metalloproteinases (MMP) play important roles in the pathogenesis and progression of cancer, we sought to determine if ""arming"" an oncolytic herpes simplex virus (oHSV) with an MMP-antagonizing transgene would increase virus-mediated antitumor efficacy. We generated oHSVs that express human tissue inhibitor of metalloproteinases 3 (TIMP3) or firefly luciferase and designated them rQT3 and rQLuc, respectively. We evaluated the antitumor efficacy of these viruses against neuroblastoma and malignant peripheral nerve sheath tumor (MPNST) xenografts. Relative to rQLuc, rQT3-infected primary human MPNST and neuroblastoma cells exhibited equivalent virus replication but increased cytotoxicity and reduced MMP activity. In vivo, rQT3-treated tumors showed delayed tumor growth, increased peak levels of infectious virus, immature collagen extracellular matrix, and reduced tumor vascular density. Remarkably, rQT3 treatment reduced circulating endothelial progenitors, suggesting virus-mediated antivasculogenesis. We conclude that rQT3 enhanced antitumor efficacy through multiple mechanisms, including direct cytotoxicity, elevated virus titer, and reduced tumor neovascularization. These findings support the further development of combined TIMP-3 and oncolytic virotherapy for cancer."	Yonatan Y Mahller, Sachin S Vaikunth, Maria C Ripberger, William H Baird, Yoshinaga Saeki, Jose A Cancelas, Timothy M Crombleholme, Timothy P Cripe. Tissue inhibitor of metalloproteinase-3 via oncolytic herpesvirus inhibits tumor growth and vascular progenitors. <i>Cancer Research.</i> 2008-03-11. DOI:https://www.doi.org/10.1158/0008-5472.CAN-07-2734 PMID:18281493
6411d3a3-dc16-4a4e-8b3a-6aa2a5c4d8d6	https://www.doi.org/10.1111/j.1582-4934.2008.00289.x	PMID:18298655	PMC3828895	No	Journal of Celular and Molecuar Medicine	2008-02-27	Activation of Wnt signalling in stroma from pancreatic cancer identified by gene expression profiling	Open Access (license unspecified)	Yes	Yes	pmc_fulltext_xml/PMC3828895.xml		"[""Pilarsky C"", ""Ammerpohl O"", ""Sipos B"", ""Dahl E"", ""Hartmann A"", ""Wellmann A"", ""Braunschweig T"", ""Löhr M"", ""Jesenofsky R"", ""Friess H"", ""Wente MN"", ""Kristiansen G"", ""Jahnke B"", ""Denz A"", ""Rückert F"", ""Schackert HK"", ""Klöppel G"", ""Kalthoff H"", ""Saeger HD"", ""Grützmann R.""]"	Pancreatic ductal adenocarcinoma (PDAC) is characterized by an abundant desmoplastic stroma. Interactions between cancer and stromal cells play a critical role in tumour invasion, metastasis and chemoresistance. Therefore, we hypothesized that gene expression profile of the stromal components of pancreatic carcinoma is different from chronic pancreatitis and reflects the interaction with the tumour. We investigated the gene expression of eleven stromal tissues from PDAC, nine from chronic pancreatitis and cell lines of stromal origin using the Affymetrix U133 GeneChip set. The tissue samples were microdissected, the RNA was extracted, amplified and labelled using a repetitive in vitro transcription protocol. Differentially expressed genes were identified and validated using quantitative RT-PCR and immuno-histochemistry. We found 255 genes to be overexpressed and 61 genes to be underexpressed within the stroma of pancreatic carcinoma compared to the stroma of chronic pancreatitis. Analysis of the involved signal transduction pathways revealed a number of genes associated with the Wnt pathway of which the differential expression of SFRP1 and WNT5a was confirmed using immunohistochemistry. Moreover, we could demonstrate that WNT5a expression was induced in fibroblasts during cocultivation with a pancreatic carcinoma cell line. The identified differences in the expression profile of stroma cells derived from tumour compared to cells of inflammatory origin suggest a specific response of the tissue surrounding malignant cells. The overexpression of WNT5a, a gene involved in the non canonical Wnt signalling and chondrocyte development might contribute to the strong desmoplastic reaction seen in pancreatic cancer.	Pilarsky C, Ammerpohl O, Sipos B, Dahl E, Hartmann A, Wellmann A, Braunschweig T, Löhr M, Jesenofsky R, Friess H, Wente MN, Kristiansen G, Jahnke B, Denz A, Rückert F, Schackert HK, Klöppel G, Kalthoff H, Saeger HD, Grützmann R. Activation of Wnt signalling in stroma from pancreatic cancer identified by gene expression profiling <i>Journal of Celular and Molecuar Medicine.</i> 2008-02-27. DOI:https://www.doi.org/10.1111/j.1582-4934.2008.00289.x PMID:18298655
b105805f-faa1-4dd0-a397-dd79d43c6e81	https://www.doi.org/10.1242/dev.02162	PMID:16314489	PMC2760350	No	Development	2007-08-17	Inactivation of NF1 in CNS causes increased glial progenitor proliferation and optic glioma formation	NIH Public Access/Author Manuscripts	No	No (abstract only)	pmc_fulltext_xml/PMC2760350.xml		"[""Yuan Zhu"", ""Takayuki Harada"", ""Li Liu"", ""Mark E Lush"", ""Frantz Guignard"", ""Chikako Harada"", ""Dennis K Burns"", ""M Livia Bajenaru"", ""David H Gutmann"", ""Luis F Parada""]"	The gene responsible for neurofibromatosis type 1 (NF1) encodes a tumor suppressor that functions as a negative regulator of the Ras proto-oncogene. Individuals with germline mutations in NF1 are predisposed to the development of benign and malignant tumors of the peripheral and central nervous system (CNS). Children with this disease suffer a high incidence of optic gliomas, a benign but potentially debilitating tumor of the optic nerve; and an increased incidence of malignant astrocytoma, reactive astrogliosis and intellectual deficits. In the present study, we have sought insight into the molecular and cellular basis of NF1-associated CNS pathologies. We show that mice genetically engineered to lack NF1 in CNS exhibit a variety of defects in glial cells. Primary among these is a developmental defect resulting in global reactive astrogliosis in the adult brain and increased proliferation of glial progenitor cells leading to enlarged optic nerves. As a consequence, all of the mutant optic nerves develop hyperplastic lesions, some of which progress to optic pathway gliomas. These data point to hyperproliferative glial progenitors as the source of the optic tumors and provide a genetic model for NF1-associated astrogliosis and optic glioma.	Yuan Zhu, Takayuki Harada, Li Liu, Mark E Lush, Frantz Guignard, Chikako Harada, Dennis K Burns, M Livia Bajenaru, David H Gutmann, Luis F Parada. Inactivation of NF1 in CNS causes increased glial progenitor proliferation and optic glioma formation. <i>Development.</i> 2007-08-17. DOI:https://www.doi.org/10.1242/dev.02162 PMID:16314489
89ff4b7f-8f5d-4260-ade4-522b3afaf09d	https://www.doi.org/10.1038/sj.bjc.6603578	PMID:17406368	PMC2360140	No	British Journal of Cancer	2007-04-05	Poorly differentiated and anaplastic thyroid carcinomas: chromosomal and oligo-array profile of five new cell lines	CC-BY-4.0	Yes	Yes	pmc_fulltext_xml/PMC2360140.xml	This article is licensed under a Creative Commons Attribution 4.0 International License, which permits use, sharing, adaptation, distribution and reproduction in any medium or format, as long as you give appropriate credit to the original author(s) and the source, provide a link to the Creative Commons license, and indicate if changes were made.The images or other third party material in this article are included in the article’s Creative Commons license, unless indicated otherwise in a credit line to the material.If material is not included in the article’s Creative Commons license and your intended use is not permitted by statutory regulation or exceeds the permitted use, you will need to obtain permission directly from the copyright holder. To view a copy of this license, visit https://creativecommons.org/licenses/by/4.0/.	"[""Rodrigues RF"", ""Roque L"", ""Krug T"", ""Leite V.""]"	Information on gene alterations associated to poorly differentiated (PDTC) and anaplastic thyroid carcinomas (ATC) is scarce. Using human cancer cell lines as a tool for gene discovery, we performed a cytogenetic and oligo-array analysis in five new cell lines derived from two PDTC and three ATC. In PDTC we evidenced, as important, the involvement of the MAPK/ERK kinase pathway, and downregulation of a group of suppressor genes that include E-cadherin. In ATC, downregulation of a specific group of oncosuppressor genes was also observed. Our ATC cell lines presented chromosomal markers of gene amplification, and we were able to identify for the first time the nature of the involved amplicon target genes. We found that the main molecular differences between the two cell line types were related to signal transduction pathways, cell adhesion and motility process. TaqMan experiments performed for five amplicon target genes and for two genes, which allowed a clear distinction between ATC and PDTC: CDH13 and PLAU corroborated array results, not only in the cell lines, but also in an additional set of primary 14 PDTC and three ATC. We suggest that our findings may represent new tools for the development of more effective therapies to the hitherto untreatable ATC.	Rodrigues RF, Roque L, Krug T, Leite V. Poorly differentiated and anaplastic thyroid carcinomas: chromosomal and oligo-array profile of five new cell lines <i>British Journal of Cancer.</i> 2007-04-05. DOI:https://www.doi.org/10.1038/sj.bjc.6603578 PMID:17406368
6bedb274-6f48-473d-90d6-40dc945ab4ad	https://www.doi.org/10.1101/gad.1466806	PMID:17114577	PMC1686607	No	Genes & Development	2006-11-17	Rescue of a Drosophila NF1 mutant phenotype by protein kinase A	PMC (access type unspecified)	No	No (abstract only)	pmc_fulltext_xml/PMC1686607.xml		"[""Walker JA"", ""Tchoudakova AV"", ""McKenney PT"", ""Brill S"", ""Wu D"", ""Cowley GS"", ""Hariharan IK"", ""Bernards A.""]"	Neurofibromatosis type 1 (NF1) is among the most common genetic disorders of humans and is caused by loss of neurofibromin, a large and highly conserved protein whose only known function is to serve as a GTPase-Activating Protein (GAP) for Ras. However, most Drosophila NF1 mutant phenotypes, including an overall growth deficiency, are not readily modified by manipulating Ras signaling strength, but are rescued by increasing signaling through the cAMP-dependent protein kinase A pathway. This has led to suggestions that NF1 has distinct Ras- and cAMP-related functions. Here we report that the Drosophila NF1 growth defect reflects a non-cell-autonomous requirement for NF1 in larval neurons that express the R-Ras ortholog Ras2, that NF1 is a GAP for Ras1 and Ras2, and that a functional NF1-GAP catalytic domain is both necessary and sufficient for rescue. Moreover, a Drosophila p120RasGAP ortholog, when expressed in the appropriate cells, can substitute for NF1 in growth regulation. Our results show that loss of NF1 can give rise to non-cell-autonomous developmental defects, implicate aberrant Ras-mediated signaling in larval neurons as the primary cause of the NF1 growth deficiency, and argue against the notion that neurofibromin has separable Ras- and cAMP-related functions.	Walker JA, Tchoudakova AV, McKenney PT, Brill S, Wu D, Cowley GS, Hariharan IK, Bernards A. Rescue of a Drosophila NF1 mutant phenotype by protein kinase A <i>Genes & Development.</i> 2006-11-17. DOI:https://www.doi.org/10.1101/gad.1466806 PMID:17114577
6bb12b13-0a5d-411b-ad4a-bd703a655b86	https://www.doi.org/10.1158/1535-7163.MCT-06-0433	PMID:17088437	PMC2705832	No	Molecular Cancer Therapeutics	2006-11-08	Mutation analysis of 24 known cancer genes in the NCI-60 cell line set	NIH Public Access/Author Manuscripts	No	Yes	pmc_fulltext_xml/PMC2705832.xml	This file is available to download for the purposes of text mining, consistent with the principles of UK copyright law.	"[""Ikediobi ON"", ""Davies H"", ""Bignell G"", ""Edkins S"", ""Stevens C"", ""O'Meara S"", ""Santarius T"", ""Avis T"", ""Barthorpe S"", ""Brackenbury L"", ""Buck G"", ""Butler A"", ""Clements J"", ""Cole J"", ""Dicks E"", ""Forbes S"", ""Gray K"", ""Halliday K"", ""Harrison R"", ""Hills K"", ""Hinton J"", ""Hunter C"", ""Jenkinson A"", ""Jones D"", ""Kosmidou V"", ""Lugg R"", ""Menzies A"", ""Mironenko T"", ""Parker A"", ""Perry J"", ""Raine K"", ""Richardson D"", ""Shepherd R"", ""Small A"", ""Smith R"", ""Solomon H"", ""Stephens P"", ""Teague J"", ""Tofts C"", ""Varian J"", ""Webb T"", ""West S"", ""Widaa S"", ""Yates A"", ""Reinhold W"", ""Weinstein JN"", ""Stratton MR"", ""Futreal PA"", ""Wooster R.""]"	The panel of 60 human cancer cell lines (the NCI-60) assembled by the National Cancer Institute for anticancer drug discovery is a widely used resource. The NCI-60 has been characterized pharmacologically and at the molecular level more extensively than any other set of cell lines. However, no systematic mutation analysis of genes causally implicated in oncogenesis has been reported. This study reports the sequence analysis of 24 known cancer genes in the NCI-60 and an assessment of 4 of the 24 genes for homozygous deletions. One hundred thirty-seven oncogenic mutations were identified in 14 (APC, BRAF, CDKN2, CTNNB1, HRAS, KRAS, NRAS, SMAD4, PIK3CA, PTEN, RB1, STK11, TP53, and VHL) of the 24 genes. All lines have at least one mutation among the cancer genes examined, with most lines (73%) having more than one. Identification of those cancer genes mutated in the NCI-60, in combination with pharmacologic and molecular profiles of the cells, will allow for more informed interpretation of anticancer agent screening and will enhance the use of the NCI-60 cell lines for molecularly targeted screens.	Ikediobi ON, Davies H, Bignell G, Edkins S, Stevens C, O'Meara S, Santarius T, Avis T, Barthorpe S, Brackenbury L, Buck G, Butler A, Clements J, Cole J, Dicks E, Forbes S, Gray K, Halliday K, Harrison R, Hills K, Hinton J, Hunter C, Jenkinson A, Jones D, Kosmidou V, Lugg R, Menzies A, Mironenko T, Parker A, Perry J, Raine K, Richardson D, Shepherd R, Small A, Smith R, Solomon H, Stephens P, Teague J, Tofts C, Varian J, Webb T, West S, Widaa S, Yates A, Reinhold W, Weinstein JN, Stratton MR, Futreal PA, Wooster R. Mutation analysis of 24 known cancer genes in the NCI-60 cell line set <i>Molecular Cancer Therapeutics.</i> 2006-11-08. DOI:https://www.doi.org/10.1158/1535-7163.MCT-06-0433 PMID:17088437
a5b5749b-03d0-40bf-abde-64c07246f109	https://www.doi.org/10.2353/ajpath.2006.050859	PMID:16651634	PMC1606591	No	The American Journal of Pathology	2006-08-07	Perinatal epidermal growth factor receptor blockade prevents peripheral nerve disruption in a mouse model reminiscent of benign world health organization grade I neurofibroma	PMC (access type unspecified)	No	No (abstract only)	pmc_fulltext_xml/PMC1606591.xml		"[""Jianqiang Wu"", ""Jason T Crimmins"", ""Kelly R Monk"", ""Jon P Williams"", ""Maureen E Fitzgerald"", ""Susan Tedesco"", ""Nancy Ratner""]"	Benign peripheral nerve tumors called neurofibromas are a major source of morbidity for patients with neurofibromatosis type 1. Some neurofibroma Schwann cells aberrantly express the epidermal growth factor receptor (EGFR). In a mouse model in which the CNPase promoter drives expression of human EGFR in Schwann cells, nerves develop hypertrophy, mast cell accumulation, collagen deposition, disruption of axon-glial interactions, characteristics of neurofibroma and are hypoalgesic. Administration of the EGFR antagonist cetuximab (IMC-C225) for 2 weeks beginning at birth in CNPase-hEGFR mice normalized all pathologies at 3 months of age as evaluated by hotplate testing or histology and by electron microscopy. Mast cell chemoattractants brain-derived neurotrophic factor, monocyte chemoattractant protein-1, and transforming growth factor-beta1, which may account for mast cell accumulation and fibrosis, were reduced by cetuximab. Later treatment was much less effective. A birth to 2-week pulse of cetuximab blocked hEGFR phosphorylation and Schwann cell prolifera-tion in perinatal mutant nerve, so CNPase-hEGFR Schwann cell numbers correlate with the cetuximab effect. A &gt;250-fold enlarged population of EGFR(+)/p75(+) cells was detected in newborn Nf1(+/-) mouse nerves. These results suggest the existence of an EGFR(+) cell enriched in the perinatal period capable of driving complex changes characteristic of neurofibroma formation.	Jianqiang Wu, Jason T Crimmins, Kelly R Monk, Jon P Williams, Maureen E Fitzgerald, Susan Tedesco, Nancy Ratner. Perinatal epidermal growth factor receptor blockade prevents peripheral nerve disruption in a mouse model reminiscent of benign world health organization grade I neurofibroma. <i>The American Journal of Pathology.</i> 2006-08-07. DOI:https://www.doi.org/10.2353/ajpath.2006.050859 PMID:16651634
cf9c9559-b8b3-41b5-8112-f6a8f15c93cd	https://www.doi.org/10.1186/1476-4598-5-29	PMID:16854228	PMC1550420	No	Molecular Cancer	2006-07-21	Identification by Real-time PCR of 13 mature microRNAs differentially expressed in colorectal cancer and non-tumoral tissues	CC-BY	Yes	Yes	pmc_fulltext_xml/PMC1550420.xml	http://creativecommons.org/licenses/by/2.0	"[""Bandrés E"", ""Cubedo E"", ""Agirre X"", ""Malumbres R"", ""Zárate R"", ""Ramirez N"", ""Abajo A"", ""Navarro A"", ""Moreno I"", ""Monzó M"", ""García-Foncillas J.""]"	MicroRNAs (miRNAs) are short non-coding RNA molecules playing regulatory roles by repressing translation or cleaving RNA transcripts. Although the number of verified human miRNA is still expanding, only few have been functionally described. However, emerging evidences suggest the potential involvement of altered regulation of miRNA in pathogenesis of cancers and these genes are thought to function as both tumours suppressor and oncogenes. In our study, we examined by Real-Time PCR the expression of 156 mature miRNA in colorectal cancer. The analysis by several bioinformatics algorithms of colorectal tumours and adjacent non-neoplastic tissues from patients and colorectal cancer cell lines allowed identifying a group of 13 miRNA whose expression is significantly altered in this tumor. The most significantly deregulated miRNA being miR-31, miR-96, miR-133b, miR-135b, miR-145, and miR-183. In addition, the expression level of miR-31 was correlated with the stage of CRC tumor. Our results suggest that miRNA expression profile could have relevance to the biological and clinical behavior of colorectal neoplasia.	Bandrés E, Cubedo E, Agirre X, Malumbres R, Zárate R, Ramirez N, Abajo A, Navarro A, Moreno I, Monzó M, García-Foncillas J. Identification by Real-time PCR of 13 mature microRNAs differentially expressed in colorectal cancer and non-tumoral tissues <i>Molecular Cancer.</i> 2006-07-21. DOI:https://www.doi.org/10.1186/1476-4598-5-29 PMID:16854228
fa5fb780-69ee-45ce-8001-b85633dc867b	https://www.doi.org/10.1186/1471-2407-6-177	PMID:16822308	PMC1533846	No	BMC Cancer	2006-07-11	Mutations in PIK3CA are infrequent in neuroblastoma	CC-BY	Yes	Yes	pmc_fulltext_xml/PMC1533846.xml	http://creativecommons.org/licenses/by/2.0	"[""Dam V"", ""Morgan BT"", ""Mazanek P"", ""Hogarty MD.""]"	"BACKGROUND. Neuroblastoma is a frequently lethal pediatric cancer in which MYCN genomic amplification is highly correlated with aggressive disease. Deregulated MYC genes require co-operative lesions to foster tumourigenesis and both direct and indirect evidence support activated Ras signaling for this purpose in many cancers. Yet Ras genes and Braf, while often activated in cancer cells, are infrequent targets for activation in neuroblastoma. Recently, the Ras effector PIK3CA was shown to be activated in diverse human cancers. We therefore assessed PIK3CA for mutation in human neuroblastomas, as well as in neuroblastomas arising in transgenic mice with MYCN overexpressed in neural-crest tissues. In this murine model we additionally surveyed for Ras family and Braf mutations as these have not been previously reported. METHODS. Sixty-nine human neuroblastomas (42 primary tumors and 27 cell lines) were sequenced for PIK3CA activating mutations within the C2, helical and kinase domain ""hot spots"" where 80% of mutations cluster. Constitutional DNA was sequenced in cases with confirmed alterations to assess for germline or somatic acquisition. Additionally, Ras family members (Hras1, Kras2 and Nras) and the downstream effectors Pik3ca and Braf, were sequenced from twenty-five neuroblastomas arising in neuroblastoma-prone transgenic mice. RESULTS. We identified mutations in the PIK3CA gene in 2 of 69 human neuroblastomas (2.9%). Neither mutation (R524M and E982D) has been studied to date for effects on lipid kinase activity. Though both occurred in tumors with MYCN amplification the overall rate of PIK3CA mutations in MYCN amplified and single-copy tumors did not differ appreciably (2 of 31 versus 0 of 38, respectively). Further, no activating mutations were identified in a survey of Ras signal transduction genes (including Hras1, Kras2, Nras, Pik3ca, or Braf genes) in twenty-five neuroblastic tumors arising in the MYCN-initiated transgenic mouse model. CONCLUSION. These data suggest that activating mutations in the Ras/Raf-MAPK/PI3K signaling cascades occur infrequently in neuroblastoma. Further, despite compelling evidence for MYC and RAS cooperation in vitro and in vivo to promote tumourigenesis, activation of RAS signal transduction does not constitute a preferred secondary pathway in neuroblastomas with MYCN deregulation in either human tumors or murine models."	Dam V, Morgan BT, Mazanek P, Hogarty MD. Mutations in PIK3CA are infrequent in neuroblastoma <i>BMC Cancer.</i> 2006-07-11. DOI:https://www.doi.org/10.1186/1471-2407-6-177 PMID:16822308
3c840933-76d5-43fe-82bb-051462c2b5e7	https://www.doi.org/10.1523/JNEUROSCI.4693-04.2005	PMID:15944386	PMC6724981	No	The Journal of Neuroscience : The Official Journal of the Society for Neuroscience	2006-02-17	Neurofibromin regulates neural stem cell proliferation, survival, and astroglial differentiation in vitro and in vivo	PMC (access type unspecified)	No	No (abstract only)	pmc_fulltext_xml/PMC6724981.xml		"[""Biplab Dasgupta"", ""David H Gutmann""]"	Neurofibromatosis 1 (NF1) is a common inherited disease in which affected children exhibit abnormalities in astrocyte growth regulation and are prone to the development of brain tumors (astrocytoma). Previous studies from our laboratory demonstrated that Nf1 mutant mouse astrocytomas contains populations of proliferating nestin+ progenitor cells, suggesting that immature astroglial progenitors may serve as a reservoir of proliferating tumor cells. Here, we directly examined the consequences of Nf1 inactivation on neural stem cell (NSC) proliferation in vitro and in vivo. We found dose-dependent effects of neurofibromin expression on NSC proliferation and survival in vitro, which reflected increased RAS pathway activation and increased bcl2 expression. In addition, unlike wild-type NSCs, Nf1-/- NSCs and, to a lesser extent, Nf1+/- NSCs survive as xenografts in naive recipient brains in vivo. Although Nf1-/- NSCs are multipotent, Nf1-/- and Nf1+/-, but not wild-type, NSCs generated increased numbers of morphologically abnormal, immature astroglial cells in vitro. Moreover, the Nf1-/- NSC growth and survival advantage as well as the astroglial cell differentiation defect were completely rescued by expression of the GAP (RAS-GTPase activating protein) domain of neurofibromin. Finally, the increase in astroglial progenitors and proliferating cells seen in vitro was also observed in Nf1-/- and Nf1+/- embryonic as well as Nf1+/- adult brains in vivo. Collectively, these findings support the hypothesis that alterations in neurofibromin expression in the developing brain have significant consequences for astrocyte growth and differentiation relevant to normal brain development and astrocytoma formation in children.	Biplab Dasgupta, David H Gutmann. Neurofibromin regulates neural stem cell proliferation, survival, and astroglial differentiation in vitro and in vivo. <i>The Journal of Neuroscience : The Official Journal of the Society for Neuroscience.</i> 2006-02-17. DOI:https://www.doi.org/10.1523/JNEUROSCI.4693-04.2005 PMID:15944386
4a2ab00a-4d2f-46d7-8be1-67490ada87de	https://www.doi.org/10.1158/0008-5472.CAN-05-1480	PMID:16397217	PMC1401492	No	Cancer Research	2006-01-07	An imprinted locus epistatically influences Nstr1 and Nstr2 to control resistance to nerve sheath tumors in a neurofibromatosis type 1 mouse model	NIH Public Access/Author Manuscripts	No	No (abstract only)	pmc_fulltext_xml/PMC1401492.xml		"[""Reilly KM"", ""Broman KW"", ""Bronson RT"", ""Tsang S"", ""Loisel DA"", ""Christy ES"", ""Sun Z"", ""Diehl J"", ""Munroe DJ"", ""Tuskan RG.""]"	Cancer is a complex disease in which cells acquire many genetic and epigenetic alterations. We have examined how three types of alterations, mutations in tumor suppressor genes, changes in an imprinted locus, and polymorphic loci, interact to affect tumor susceptibility in a mouse model of neurofibromatosis type 1 (NF1). Mutations in tumor suppressor genes such as TP53 and in oncogenes such as KRAS have major effects on tumorigenesis due to the central roles of these genes in cell proliferation and cell survival. Imprinted genes expressed from only one parental chromosome affect tumorigenesis if their monoallelic expression is lost or duplicated. Because imprinted loci are within regions deleted or amplified in cancer, the parental origin of genomic rearrangements could affect tumorigenesis. Gene polymorphisms can vary tumor incidence by affecting rate-limiting steps in tumorigenesis within tumor cells or surrounding stroma. In our mouse model of NF1, the incidence of tumors mutant for the tumor suppressor genes Nf1 and Trp53 is strongly modified by a linked imprinted locus acting epistatically on two unlinked polymorphic loci, Nstr1 and Nstr2. This interaction of an imprinted locus and polymorphic susceptibility loci has profound implications for human mapping studies where the parental contribution of alleles is often unknown.	Reilly KM, Broman KW, Bronson RT, Tsang S, Loisel DA, Christy ES, Sun Z, Diehl J, Munroe DJ, Tuskan RG. An imprinted locus epistatically influences Nstr1 and Nstr2 to control resistance to nerve sheath tumors in a neurofibromatosis type 1 mouse model <i>Cancer Research.</i> 2006-01-07. DOI:https://www.doi.org/10.1158/0008-5472.CAN-05-1480 PMID:16397217
5e58df89-2194-461b-822b-15b59380de74	https://www.doi.org/10.1007/s00262-005-0025-6	PMID:15965647	PMC11031070	No	Cancer Immunol Immunother	2005-06-21	Development of an allogeneic whole-cell tumor vaccine expressing xenogeneic gp100 and its implementation in a phase II clinical trial in canine patients with malignant melanoma	PMC (access type unspecified)	No	No (abstract only)	pmc_fulltext_xml/PMC11031070.xml		"[""Alexander AN"", ""Huelsmeyer MK"", ""Mitzey A"", ""Dubielzig RR"", ""Kurzman ID"", ""Macewen EG"", ""Vail DM.""]"	A xenogeneic melanoma-antigen-enhanced allogeneic tumor cell vaccine (ATCV) is an appealing strategy for anti-cancer immunotherapy due to its relative ease of production, and the theoretical possibility that presentation of a multiplex of antigens along with a xenogeneic antigen would result in cross-reaction between the xenogeneic homologs and self-molecules, breaking tolerance and ultimately resulting in a clinically relevant immune response. In this study, we evaluated the efficacy of such a strategy using a xenogeneic melanoma differentiation antigen, human glycoprotein 100 (hgp100) in the context of a phase II clinical trial utilizing spontaneously arising melanoma in pet dogs. Our results demonstrate that the approach was well tolerated and resulted in an overall response rate (complete and partial response) of 17% and a tumor control rate (complete and partial response and stable disease of >6 weeks duration) of 35%. Dogs that had evidence of tumor control had significantly longer survival times than dogs that did not experience control. Delayed type hypersensitivity (DTH) to 17CM98 canine melanoma cells used in the whole cell vaccine was enhanced by ATCV and correlated with clinical response. In vitro cytotoxicity was enhanced by ATCV, but did not correlate with clinical response. Additionally, anti-hgp100 antibodies were elicited in response to ATCV in the majority of patients tested; however, this also did not correlate with clinical response. This approach, along with further elucidation of the mechanisms of tumor protection after xenogeneic immunization, may allow the development of more rational vaccines. This trial also further demonstrates the utility of spontaneous tumors in companion animals as a valid translational model for the evaluation of novel vaccine therapies.	Alexander AN, Huelsmeyer MK, Mitzey A, Dubielzig RR, Kurzman ID, Macewen EG, Vail DM. Development of an allogeneic whole-cell tumor vaccine expressing xenogeneic gp100 and its implementation in a phase II clinical trial in canine patients with malignant melanoma <i>Cancer Immunol Immunother.</i> 2005-06-21. DOI:https://www.doi.org/10.1007/s00262-005-0025-6 PMID:15965647
e1e25e52-73c7-4f19-b02a-d3b1d186a49a	https://www.doi.org/10.1007/s10456-004-6643-3	PMID:15886874	PMC1224744	No	Angiogenesis	2005-05-12	Targeting neovascular pericytes in neurofibromatosis type 1	NIH Public Access/Author Manuscripts	No	No (abstract only)	pmc_fulltext_xml/PMC1224744.xml		"[""Ozerdem U.""]"	Apart from tumor-driven neovascularization, a less-appreciated consequence of neurofibromatosis type 1 (NF1) is the hyperproliferation of vascular mural cells (pericytes). This study aims at establishing a role for pericytes in NF1, and determining whether interference with the function of a key pericyte component (NG2 proteoglycan) inhibits NF1 tumor neovascularization. Neovascularization in NF1 was studied in Nf+/+(control), Nf1+/-, and Nf1-/-embryos at E-10, ischemia-induced retinal angiogenesis model in 24 eyes of Nf1+/-, Nf1+/+mice, and in malignant peripheral nerve sheath tumors (MPNSTs) derived from NF1 patients (ST88-14, NMS-2PC) orthotopically grown in nude mice (Crl: nu/nu). The anti-angiogenic effect of intracorneal polymer pellets containing anti-NG2 neutralizing antibody was quantified in the nude-mouse corneal angiogenesis model in which angiogenesis was induced by xenografting NMS-2PC tumor into the corneal stroma of 22 eyes. By using confocal microscopy, immunohistochemistry, and BrdU proliferation assay, the pericyte/endothelium ratios and proliferation rates were measured. Activated pericytes were present at the leading tip of the angiogenic sprouts. Pericytes showed continuous investment of endothelium in both NMS-2PC and ST88-14 MPNST tumor xenografts. Mean corneal angiogenesis induced by NMS-2PC tumor grafts in NG2-antibody treated eyes was 1.491 and 3.186 mm2 in isotype-matched non-immunoglobulin treated eyes (control) (P=0.0002). A total of 193.8 vascular nuclei (a measure of ischemia-induced retinal angiogenesis) was present in angiogenic retinal tufts in Nf1+/- mice compared to 89.23 in Nf1+/+ mice (control) (P<0.0001). Mean pericyte/endothelium investment ratios were 1.015, 1.380, and 2.084 in control, Nf1+/-, and Nf1-/-embryos, respectively. Pericytes were 23% (control), 49% (Nf1+/-), and 69% (Nf1-/-) BrdU-positive. Endothelial cells from the same embryos were 29% (control), 47% (Nf1+/-), and 62% (Nf1-/-) BrdU-positive. Angiogenesis is accelerated in NF1 due to hyperproliferation of pericytes and endothelial cells. Mitotically activated NG2-positive pericytes, and endothelial cells may serve as potential therapeutic targets in NF1.	Ozerdem U. Targeting neovascular pericytes in neurofibromatosis type 1 <i>Angiogenesis.</i> 2005-05-12. DOI:https://www.doi.org/10.1007/s10456-004-6643-3 PMID:15886874
ed563c37-856b-4608-9910-8473667bcddf	https://www.doi.org/10.3748/wjg.v11.i10.1521	PMID:15770730	PMC4305696	No	World Journal of Gastroenterology	2005-03-17	Synergistic effects of interferon-alpha in combination with chemoradiation on human pancreatic adenocarcinoma	PMC (access type unspecified)	No	No (abstract only)	pmc_fulltext_xml/PMC4305696.xml		"[""Ma JH"", ""Patrut E"", ""Schmidt J"", ""Knaebel HP"", ""Büchler MW"", ""Märten A.""]"	AIM. To determine whether IFN-alpha is the agent that turns a slightly effective treatment (radiochemotherapy) into a potent therapy, we tested IFN-alpha for its synergistic properties. METHODS. Eight pancreatic carcinoma cell lines were treated with the single agents and combinations of these. The role of IFN-alpha regarding a) direct inhibitory effects; b) radio and chemosensitizing effects; c) anti-angiogenic properties and d) enhancement of immunogenicity was investigated. RESULTS. Our results show that IFN-alpha has direct inhibitory properties and some synergistic influence as determined by AnnexinV/PI stain and cell count. IFN-alpha is also able to prevent the increase in proliferation rate and VEGF secretion of CDDP resistant cells. Having taken the results from immunogenicity experiments together, we found cells that can be influenced by IFN-alpha but were less susceptible against T cells. Furthermore, high expression of MHC molecules, CD118, EGF-R and Fas was predictive for a good response. CONCLUSION. In conclusion, IFN-alpha has direct cytotoxic effects, acts as a radiosensitizer and circumvents tumor cell-regrowth after CDDP treatment. These mechanisms may be responsible for the good clinical outcome of CapRI.	Ma JH, Patrut E, Schmidt J, Knaebel HP, Büchler MW, Märten A. Synergistic effects of interferon-alpha in combination with chemoradiation on human pancreatic adenocarcinoma <i>World J Gastroenterol.</i> 2005-03-17. DOI:https://www.doi.org/10.3748/wjg.v11.i10.1521 PMID:15770730
a6f38076-637e-438a-a447-2cff232f9109	https://www.doi.org/10.1186/1479-5876-3-11	PMID:15748285	PMC555742	No	Journal of Translational Medicine	2005-03-08	HLA class I and II genotype of the NCI-60 cell lines	CC-BY	Yes	Yes	pmc_fulltext_xml/PMC555742.xml	http://creativecommons.org/licenses/by/2.0	"[""Adams S"", ""Robbins FM"", ""Chen D"", ""Wagage D"", ""Holbeck SL"", ""Morse HC 3rd"", ""Stroncek D"", ""Marincola FM.""]"	Sixty cancer cell lines have been extensively characterized and used by the National Cancer Institute's Developmental Therapeutics Program (NCI-60) since the early 90's as screening tools for anti-cancer drug development. An extensive database has been accumulated that could be used to select individual cells lines for specific experimental designs based on their global genetic and biological profile. However, information on the human leukocyte antigen (HLA) genotype of these cell lines is scant and mostly antiquated since it was derived from serological typing. We, therefore, re-typed the NCI-60 panel of cell lines by high-resolution sequence-based typing. This information may be used to: 1) identify and verify the identity of the same cell lines at various institutions; 2) check for possible contaminant cell lines in culture; 3) adopt individual cell lines for experiments in which knowledge of HLA molecule expression is relevant. Since genome-based typing does not guarantee actual surface protein expression, further characterization of relevant cell lines should be entertained to verify surface expression in experiments requiring correct antigen presentation.	Adams S, Robbins FM, Chen D, Wagage D, Holbeck SL, Morse HC 3rd, Stroncek D, Marincola FM. HLA class I and II genotype of the NCI-60 cell lines <i>Journal of Translational Medicine.</i> 2005-03-08. DOI:https://www.doi.org/10.1186/1479-5876-3-11 PMID:15748285
aca22dba-903b-4a59-83b5-bda82446ba6f	https://www.doi.org/10.1111/j.1349-7006.2004.tb03257.x	PMID:15471562	PMC11158492	No	Cancer Science	2004-10-09	Determinants of sensitivity and resistance to gemcitabine: the roles of human equilibrative nucleoside transporter 1 and deoxycytidine kinase in non-small cell lung cancer	PMC (access type unspecified)	No	No (abstract only)	pmc_fulltext_xml/PMC11158492.xml		"[""Achiwa H"", ""Oguri T"", ""Sato S"", ""Maeda H"", ""Niimi T"", ""Ueda R.""]"	Gemcitabine is one of the most commonly used agents for lung cancer chemotherapy, but the determinants of sensitivity and/or resistance to this agent are not yet fully understood. In this study we used quantitative RT-PCR to examine the expression levels of human equilibrative nucleoside transporter 1 (hENT1) and deoxycytidine kinase (dCK) genes in non-small cell lung cancer (NSCLC) cell lines in relation to sensitivity and resistance to gemcitabine. The basal expression levels of hENT1 were significantly correlated with the IC50 values for gemcitabine (r =-0.6769, P = 0.0005), whereas dCK expression levels were not. In a highly gemcitabine-sensitive cell line, NCI-H23, the sensitivity to gemcitabine was inhibited by nitrobenzylmercaptopurine ribonucleoside (NBMPR), an inhibitor of hENT1, without significant modulation of hENT1 expression. These data suggest that hENT1 is associated with gemcitabine sensitivity in lung cancer. We also continuously exposed NCI-H23 cells to gemcitabine and subsequently established the drug-resistant clone H23/GEM-R, which showed a significant decrease of dCK expression; however, hENT1 expression was not altered in the continuously exposed sublines or in the resistant clone. We conclude that increased hENT1 expression is a determinant of gemcitabine sensitivity, while decreased dCK expression is associated with acquired resistance to gemcitabine in NSCLC cells. Thus, hENT1 and dCK might be useful as predictive markers for efficacy of gemcitabine therapy in NSCLC.	Achiwa H, Oguri T, Sato S, Maeda H, Niimi T, Ueda R. Determinants of sensitivity and resistance to gemcitabine: the roles of human equilibrative nucleoside transporter 1 and deoxycytidine kinase in non-small cell lung cancer <i>Cancer Science.</i> 2004-10-09. DOI:https://www.doi.org/10.1111/j.1349-7006.2004.tb03257.x PMID:15471562
b14103bf-a808-496a-97c2-68d24500055b	https://www.doi.org/10.1046/j.0022-202X.2004.22243.x	PMID:15009714	PMC2586668	No	Journal of Investigative Dermatology	2004-03-11	Genetic interaction between NRAS and BRAF mutations and PTEN/MMAC1 inactivation in melanoma	NIH Public Access/Author Manuscripts	No	No (abstract only)	pmc_fulltext_xml/PMC2586668.xml		"[""Tsao H"", ""Goel V"", ""Wu H"", ""Yang G"", ""Haluska FG.""]"	Extant evidence implicates growth factor signaling in the pathogenesis of many tumor types, including cutaneous melanoma. Recently, reciprocal activating mutations of NRAS and BRAF were found in benign melanocytic nevi and cutaneous melanomas. We had previously reported a similar epistatic relationship between activating NRAS mutations and inactivating PTEN/MMAC1 alterations. We thus hypothesized that BRAF and PTEN/MMAC1 mutations may cooperate to promote melanoma tumorigenesis. Overall, 40 of 47 (85%) melanoma cell lines and 11 of 16 (69%) uncultured melanoma metastases had mutations in NRAS, BRAF, or PTEN/MMAC1. NRAS was exclusively mutated in nine of 47 (19%) cell lines and two of 16 (13%) metastases, whereas BRAF was solely mutated in 28 of 47 (60%) cell lines and nine of 16 (56%) metastases. In the 12 of 15 melanoma cell lines (80%) and two of two melanoma metastases with PTEN alterations, BRAF was also mutated. These findings suggest the existence of possible cooperation between BRAF activation and PTEN loss in melanoma development.	Tsao H, Goel V, Wu H, Yang G, Haluska FG. Genetic interaction between NRAS and BRAF mutations and PTEN/MMAC1 inactivation in melanoma <i>Journal of Investigative Dermatology.</i> 2004-03-11. DOI:https://www.doi.org/10.1046/j.0022-202X.2004.22243.x PMID:15009714
d27ff466-ba3b-4fa7-84c2-c7c37c6a777c	https://www.doi.org/10.1101/gad.1023703	PMID:12533510	PMC195979	No	Genes & Development	2003-01-21	Genetics of dark skin in mice	PMC (access type unspecified)	No	No (abstract only)	pmc_fulltext_xml/PMC195979.xml		"[""Fitch KR"", ""McGowan KA"", ""van Raamsdonk CD"", ""Fuchs H"", ""Lee D"", ""Puech A"", ""Hérault Y"", ""Threadgill DW"", ""Hrabé de Angelis M"", ""Barsh GS.""]"	Chemical mutagenesis in the mouse is a powerful approach for phenotype-driven genetics, but questions remain about the efficiency with which new mutations ascertained by their phenotype can be localized and identified, and that knowledge applied to a specific biological problem. During a global screen for dominant phenotypes in about 30,000 animals, a novel class of pigmentation mutants were identified by dark skin (Dsk). We determined the genetic map location, homozygous phenotype, and histology of 10 new Dsk and 2 new dark coat (Dcc) mutations, and identified mutations in Agouti (Met1Leu, Dcc4), Sox18 (Leu220ter, Dcc1), Keratin 2e (Thr500Pro, Dsk2), and Egfr (Leu863Gln, Dsk5). Cutaneous effects of most Dsk mutations are limited to melanocytes, except for the Keratin 2e and Egfr mutations, in which hyperkeratosis and epidermal thickening precede epidermal melanocytosis by 3-6 wk. The Dsk2 mutation is likely to impair intermediate filament assembly, leading to cytolysis of suprabasal keratinocytes and secondary hyperkeratosis and melanocytosis. The Dsk5 mutation causes increased tyrosine kinase activity and a decrease in steady-state receptor levels in vivo. The Dsk mutations represent genes or map locations not implicated previously in pigmentation, and delineate a developmental pathway in which mutations can be classified on the basis of body region, microscopic site, and timing of pigment accumulation.	Fitch KR, McGowan KA, van Raamsdonk CD, Fuchs H, Lee D, Puech A, Hérault Y, Threadgill DW, Hrabé de Angelis M, Barsh GS. Genetics of dark skin in mice <i>Genes & Development.</i> 2003-01-21. DOI:https://www.doi.org/10.1101/gad.1023703 PMID:12533510
0e787250-743e-4b3c-b18f-2af2acc0a95a	https://www.doi.org/10.1093/nar/gkg064	PMID:12520002	PMC165511	No	Nucleic Acids Research	2003-01-10	BayGenomics: a resource of insertional mutations in mouse embryonic stem cells	PMC (access type unspecified)	No	No (abstract only)	pmc_fulltext_xml/PMC165511.xml		"[""Stryke D"", ""Kawamoto M"", ""Huang CC"", ""Johns SJ"", ""King LA"", ""Harper CA"", ""Meng EC"", ""Lee RE"", ""Yee A"", ""L'Italien L"", ""Chuang PT"", ""Young SG"", ""Skarnes WC"", ""Babbitt PC"", ""Ferrin TE.""]"	The BayGenomics gene-trap resource (http://baygenomics.ucsf.edu) provides researchers with access to thousands of mouse embryonic stem (ES) cell lines harboring characterized insertional mutations in both known and novel genes. Each cell line contains an insertional mutation in a specific gene. The identity of the gene that has been interrupted can be determined from a DNA sequence tag. Approximately 75% of our cell lines contain insertional mutations in known mouse genes or genes that share strong sequence similarities with genes that have been identified in other organisms. These cell lines readily transmit the mutation to the germline of mice and many mutant lines of mice have already been generated from this resource. BayGenomics provides facile access to our entire database, including sequence tags for each mutant ES cell line, through the World Wide Web. Investigators can browse our resource, search for specific entries, download any portion of our database and BLAST sequences of interest against our entire set of cell line sequence tags. They can then obtain the mutant ES cell line for the purpose of generating knockout mice.	Stryke D, Kawamoto M, Huang CC, Johns SJ, King LA, Harper CA, Meng EC, Lee RE, Yee A, L'Italien L, Chuang PT, Young SG, Skarnes WC, Babbitt PC, Ferrin TE. BayGenomics: a resource of insertional mutations in mouse embryonic stem cells <i>Nucleic Acids Research.</i> 2003-01-10. DOI:https://www.doi.org/10.1093/nar/gkg064 PMID:12520002
6a478c26-09d2-4ff3-b158-cd845ab9a2e5	https://www.doi.org/10.1038/sj.bjc.6600459	PMID:12107847	PMC2376111	No	British Journal of Cancer	2002-07-11	Antisense inhibition of methylenetetrahydrofolate reductase reduces survival of methionine-dependent tumour lines	CC-BY-4.0	Yes	Yes	pmc_fulltext_xml/PMC2376111.xml	This article is licensed under a Creative Commons Attribution 4.0 International License, which permits use, sharing, adaptation, distribution and reproduction in any medium or format, as long as you give appropriate credit to the original author(s) and the source, provide a link to the Creative Commons license, and indicate if changes were made.The images or other third party material in this article are included in the article’s Creative Commons license, unless indicated otherwise in a credit line to the material.If material is not included in the article’s Creative Commons license and your intended use is not permitted by statutory regulation or exceeds the permitted use, you will need to obtain permission directly from the copyright holder. To view a copy of this license, visit https://creativecommons.org/licenses/by/4.0/.	"[""Sekhon J"", ""Pereira P"", ""Sabbaghian N"", ""Schievella AR"", ""Rozen R.""]"	Transformed cells have been documented to be methionine-dependent, suggesting that inhibition of methionine synthesis might be useful for cancer therapy. Methylenetetrahydrofolate reductase synthesises 5-methyltetrahydrofolate, the methyl donor utilised in methionine synthesis from homocysteine by vitamin B(12)-dependent methionine synthase. We hypothesised that methylenetetrahydrofolate reductase inhibition would affect cell viability through decreased methionine synthesis. Using medium lacking methionine, but containing homocysteine and vitamin B(12) (M-H+), we found that nontransformed human fibroblasts could maintain growth. In contrast, four transformed cell lines (one colon carcinoma, two neuroblastoma and one breast carcinoma) increased proliferation only slightly in the M-H+ medium. To downregulate methylenetetrahydrofolate reductase expression, two phosphorothioate antisense oligonucleotides, EX5 and 677T, were used to target methylenetetrahydrofolate reductase in the colon carcinoma line SW620; 400 nM of each antisense oligonucleotide decreased cell survival by approximately 80% (P<0.01) and 70% (P<0.0001), respectively, compared to cell survival after the respective control mismatched oligonucleotide. Western blotting and enzyme assays confirmed that methylenetetrahydrofolate reductase expression was decreased. Two neuroblastoma and two breast carcinoma lines also demonstrated decreased survival following EX5 treatment whereas nontransformed human fibroblasts were not affected. This study suggests that methylenetetrahydrofolate reductase may be required for tumour cell survival and that methylenetetrahydrofolate reductase inhibition should be considered for anti-tumour therapy.	Sekhon J, Pereira P, Sabbaghian N, Schievella AR, Rozen R. Antisense inhibition of methylenetetrahydrofolate reductase reduces survival of methionine-dependent tumour lines <i>British Journal of Cancer.</i> 2002-07-11. DOI:https://www.doi.org/10.1038/sj.bjc.6600459 PMID:12107847
5114b465-5c74-4bdf-a0af-2f516197d0e3	https://www.doi.org/10.1126/science.1068452	PMID:11988578	PMC3024710	No	Science	2002-05-04	Neurofibromas in NF1: Schwann cell origin and role of tumor environment	NIH Public Access/Author Manuscripts	No	No (abstract only)	pmc_fulltext_xml/PMC3024710.xml		"[""Zhu Y"", ""Ghosh P"", ""Charnay P"", ""Burns DK"", ""Parada LF.""]"	Neurofibromatosis type 1 (NF1) is one of the most prevalent dominantly inherited genetic diseases of the nervous system. NF1 encodes a tumor suppressor whose functional loss results in the development of benign neurofibromas that can progress to malignancy. Neurofibromas are complex tumors composed of axonal processes, Schwann cells, fibroblasts, perineurial cells, and mast cells. Through use of a conditional (cre/lox) allele, we show that loss of NF1 in the Schwann cell lineage is sufficient to generate tumors. In addition, complete NF1-mediated tumorigenicity requires both a loss of NF1 in cells destined to become neoplastic as well as heterozygosity in non-neoplastic cells. The requirement for a permissive haploinsufficient environment to allow tumorigenesis may have therapeutic implications for NF1 and other familial cancers.	Zhu Y, Ghosh P, Charnay P, Burns DK, Parada LF. Neurofibromas in NF1: Schwann cell origin and role of tumor environment <i>Science.</i> 2002-05-04. DOI:https://www.doi.org/10.1126/science.1068452 PMID:11988578
c31f91be-1238-4196-995d-16ddc969a181	https://www.doi.org/10.1016/S0002-9440(10)62521-7	PMID:11583962	PMC1850523	No	The American Journal of Pathology	2001-10-05	Persistent increase in chromosome instability in lung cancer: possible indirect involvement of p53 inactivation	PMC (access type unspecified)	No	No (abstract only)	pmc_fulltext_xml/PMC1850523.xml		"[""Haruki N"", ""Harano T"", ""Masuda A"", ""Kiyono T"", ""Takahashi T"", ""Tatematsu Y"", ""Shimizu S"", ""Mitsudomi T"", ""Konishi H"", ""Osada H"", ""Fujii Y"", ""Takahashi T.""]"	Karyotype and fluorescence in situ hybridization analyses have demonstrated the frequent presence of an altered static state of the number of chromosomes (ie, aneuploidy) in lung cancer, but it has not been directly established whether aneuploidy is in fact associated with a persistent increase in the rate of chromosomal losses and gains (ie, chromosome instability, or CIN). The study presented here used a panel of 10 lung cancer cell lines to provide for the first time direct evidence that CIN is a common feature in lung cancer cell lines in association with the presence of significant aneuploidy. In addition, we found that the CIN phenotype correlates well with the presence of p53 mutations. However, human papilloma virus 16-E6-directed inactivation of p53 in a representative non-CIN lung cancer cell line did not result in the induction of CIN, at least up to the 25th generation, suggesting that inactivation of p53 itself is unlikely to directly induce CIN in lung cancer cells. Interestingly, however, significant CIN could be induced in conjunction with the generation of aneuploid populations when the mitotic spindle formation was transiently abrogated in p53-inactivated cells. These results suggest that inactivation of p53 may allow lung cancer cells to go through an inappropriate second division cycle under certain forms of mitotic stresses, which would result in the induction of the CIN phenotype in conjunction with the generation of aneuploidy.	Haruki N, Harano T, Masuda A, Kiyono T, Takahashi T, Tatematsu Y, Shimizu S, Mitsudomi T, Konishi H, Osada H, Fujii Y, Takahashi T. Persistent increase in chromosome instability in lung cancer: possible indirect involvement of p53 inactivation <i>The American Journal of Pathology.</i> 2001-10-05. DOI:https://www.doi.org/10.1016/S0002-9440(10)62521-7 PMID:11583962
5b76debf-d04a-4be5-87f1-c19ab95e9e7a	https://www.doi.org/10.1007/s004320000207	PMID:11414198	PMC12164915	No	Journal of Cancer Research and Clinical Oncology	2001-06-21	Comprehensive galectin fingerprinting in a panel of 61 human tumor cell lines by RT-PCR and its implications for diagnostic and therapeutic procedures	PMC (access type unspecified)	No	No (abstract only)	pmc_fulltext_xml/PMC12164915.xml		"[""Lahm H"", ""André S"", ""Hoeflich A"", ""Fischer JR"", ""Sordat B"", ""Kaltner H"", ""Wolf E"", ""Gabius HJ.""]"	PURPOSE. Knowledge about galectin expression by human tumor cells is mainly restricted to galectins-1 and -3. This study was conducted to define the gene expression pattern of all presently known human galectins in tumor cell lines of various histogenetic origin (galectinomics). METHODS. The presence of mRNAs for human galectins-1, -2, -3, -4, -7, -8, and -9 was monitored by RT-PCR analyses in a panel of 61 human tumor cell lines of different origin (breast, colon, lung, brain, skin, kidney, urogenital system, hematopoietic system). RESULTS. The validity of the technique was first confirmed by comparison of RT-PCR data with those obtained by Western blotting and cytofluorometry for galectins-1 and -3 in 18 cell lines. The following detection of a complex pattern of gene expression beyond commonly studied galectins-1 and -3 underscored the need for this fingerprinting. The most abundantly expressed message for a member of this lectin family was galectin-8 with 59 positive cell lines. With the exception of the tested lung tumors, galectin-1 and -3 transcripts were frequently expressed in the cell line panel with differences between individual cases. Positivity for galectins-2 and -4 was confined to a significant fraction of colorectal and neural tumors. Signals for galectin-9, the third known human tandem-repeat-type galectin besides -4 and -8, appeared in colorectal carcinoma cell lines with a frequency similar to that of galectin-4 but with inter-line differences. Its expression was restricted to lines of this tumor type, of the tested ovarian carcinoma, and hematopoietic malignancies. CONCLUSIONS. The results clearly demonstrate that human tumor cells express more mRNA species for galectins than those for galectins-1 and -3. To derive unequivocal diagnostic and prognostic information by immunohistochemistry on galectins with antagonistic impact on growth control and significant influence on cell adhesion, additional monitoring of these so far insufficiently studied family members is essential.	Lahm H, André S, Hoeflich A, Fischer JR, Sordat B, Kaltner H, Wolf E, Gabius HJ. Comprehensive galectin fingerprinting in a panel of 61 human tumor cell lines by RT-PCR and its implications for diagnostic and therapeutic procedures <i>Journal of Cancer Research and Clinical Oncology.</i> 2001-06-21. DOI:https://www.doi.org/10.1007/s004320000207 PMID:11414198
b0332348-464f-4952-a7f7-2ffe4dc6b3f9	https://www.doi.org/10.1101/gad.862101	PMID:11297510	PMC312666	No	Genes & Development	2001-05-17	Ablation of NF1 function in neurons induces abnormal development of cerebral cortex and reactive gliosis in the brain	PMC (access type unspecified)	No	No (abstract only)	pmc_fulltext_xml/PMC312666.xml		"[""Y Zhu"", ""M I Romero"", ""P Ghosh"", ""Z Ye"", ""P Charnay"", ""E J Rushing"", ""J D Marth"", ""L F Parada""]"	Neurofibromatosis type 1 (NF1) is a prevalent genetic disorder that affects growth properties of neural-crest-derived cell populations. In addition, approximately one-half of NF1 patients exhibit learning disabilities. To characterize NF1 function both in vitro and in vivo, we circumvent the embryonic lethality of NF1 null mouse embryos by generating a conditional mutation in the NF1 gene using Cre/loxP technology. Introduction of a Synapsin I promoter driven Cre transgenic mouse strain into the conditional NF1 background has ablated NF1 function in most differentiated neuronal populations. These mice have abnormal development of the cerebral cortex, which suggests that NF1 has an indispensable role in this aspect of CNS development. Furthermore, although they are tumor free, these mice display extensive astrogliosis in the absence of conspicuous neurodegeneration or microgliosis. These results indicate that NF1-deficient neurons are capable of inducing reactive astrogliosis via a non-cell autonomous mechanism.	Y Zhu, M I Romero, P Ghosh, Z Ye, P Charnay, E J Rushing, J D Marth, L F Parada. Ablation of NF1 function in neurons induces abnormal development of cerebral cortex and reactive gliosis in the brain <i>Genes & Development.</i> 2001-05-17. DOI:https://www.doi.org/10.1101/gad.862101 PMID:11297510
f62dbd49-37de-4625-866a-5b1f63580ce4	https://www.doi.org/10.1073/pnas.041603298	PMID:11226274	PMC30173	No	Proceedings of the National Academy of Sciences of the United States of America	2001-02-28	Spectral karyotyping suggests additional subsets of colorectal cancers characterized by pattern of chromosome rearrangement	PMC (access type unspecified)	No	No (abstract only)	pmc_fulltext_xml/PMC30173.xml		"[""Abdel-Rahman WM"", ""Katsura K"", ""Rens W"", ""Gorman PA"", ""Sheer D"", ""Bicknell D"", ""Bodmer WF"", ""Arends MJ"", ""Wyllie AH"", ""Edwards PA.""]"	The abundant chromosome abnormalities in most carcinomas are probably a reflection of genomic instability present in the tumor, so the pattern and variability of chromosome abnormalities will reflect the mechanism of instability combined with the effects of selection. Chromosome rearrangement was investigated in 17 colorectal carcinoma-derived cell lines. Comparative genomic hybridization showed that the chromosome changes were representative of those found in primary tumors. Spectral karyotyping (SKY) showed that translocations were very varied and mostly unbalanced, with no translocation occurring in more than three lines. At least three karyotype patterns could be distinguished. Some lines had few chromosome abnormalities: they all showed microsatellite instability, the replication error (RER)+ phenotype. Most lines had many chromosome abnormalities: at least seven showed a surprisingly consistent pattern, characterized by multiple unbalanced translocations and intermetaphase variation, with chromosome numbers around triploid, 6-16 structural aberrations, and similarities in gains and losses. Almost all of these were RER-, but one, LS411, was RER+. The line HCA7 showed a novel pattern, suggesting a third kind of genomic instability: multiple reciprocal translocations, with little numerical change or variability. This line was also RER+. The coexistence in one tumor of two kinds of genomic instability is to be expected if the underlying defects are selected for in tumor evolution.	Abdel-Rahman WM, Katsura K, Rens W, Gorman PA, Sheer D, Bicknell D, Bodmer WF, Arends MJ, Wyllie AH, Edwards PA. Spectral karyotyping suggests additional subsets of colorectal cancers characterized by pattern of chromosome rearrangement <i>Proceedings of the National Academy of Sciences of the United States of America.</i> 2001-02-28. DOI:https://www.doi.org/10.1073/pnas.041603298 PMID:11226274
9cc16808-18f8-4d3f-a674-f73f493ef8ef	https://www.doi.org/10.1038/sj.neo.7900094	PMID:11005564	PMC1550293	No	Neoplasia	2000-09-27	Mutation and expression of the DCC gene in human lung cancer	PMC (access type unspecified)	No	No (abstract only)	pmc_fulltext_xml/PMC1550293.xml		"[""Kohno T"", ""Sato T"", ""Takakura S"", ""Takei K"", ""Inoue K"", ""Nishioka M"", ""Yokota J.""]"	Chromosome 18q is frequently deleted in lung cancers, and a common region of 18q deletions was mapped to chromosome 18q21. Since the DCC candidate tumor suppressor gene has been mapped in this region, mutation and expression of the DCC gene were examined in 46 lung cancer cell lines, consisting of 14 small cell lung carcinomas (SCLCs) and 32 non-small cell lung carcinomas (NSCLCs), to elucidate the pathogenetic significance of DCC alterations in human lung carcinogenesis. A heterozygous missense mutation was detected in a NSCLC cell line, Ma26, while homozygous deletion was not detected in any of the cell lines. The DCC gene was expressed in 11 (24%) of the 46 cell lines, and the incidence of DCC expression was significantly higher in SCLCs (7/14, 50%) than in NSCLCs (4/32, 13%) (P = .01, Fisher's exact test). Therefore, genetic alterations of DCC are infrequent; however, the levels of DCC expression vary among lung cancer cells, in particular, between SCLCs and NSCLCs. The present result does not implicate DCC as a specific mutational target of 18q deletions in human lung cancer; however, it suggests that DCC is a potential target of inactivation by genetic defects including intron or promoter mutations and/or epigenetic alterations. The present result also suggests that DCC expression is associated with some properties of SCLCs, such as a neuroendocrine (NE) feature.	Kohno T, Sato T, Takakura S, Takei K, Inoue K, Nishioka M, Yokota J. Mutation and expression of the DCC gene in human lung cancer <i>Neoplasia.</i> 2000-09-27. DOI:https://www.doi.org/10.1038/sj.neo.7900094 PMID:11005564
3cc06333-2925-468c-959b-25715c39b4ab	https://www.doi.org/10.1038/sj.neo.7900010	PMID:10935473	PMC1716055	No	Neoplasia	2000-08-10	Lack of homozygously inactivated p73 in single-copy MYCN primary neuroblastomas and neuroblastoma cell lines	PMC (access type unspecified)	No	No (abstract only)	pmc_fulltext_xml/PMC1716055.xml		"[""Kong XT"", ""Valentine VA"", ""Rowe ST"", ""Valentine MB"", ""Ragsdale ST"", ""Jones BG"", ""Wilkinson DA"", ""Brodeur GM"", ""Cohn SL"", ""Look AT.""]"	We examined 18 neuroblastoma cell lines and 32 primary single-copy MYCN tumor specimens to determine whether mutations of p73, a novel p53-related gene located in chromosome band 1p36.33, contribute to the genesis or progression of childhood neuroblastoma. By fluorescence in situ hybridization, 16 of the 18 cell lines, but only 3 of the 32 primary tumors, had evidence of a deleted p73 allele. Sequence analysis of the p73 coding region in the mRNAs expressed by these cell lines and tumors did not reveal inactivating mutations, suggesting that p73 is not homozygously inactivated in neuroblastoma. However, several novel splice forms of p73 mRNAs were identified, including one without exon 11 that predominated in multiple MYCN-amplified cell lines. Its encoded p73 protein differed from other splice forms in that the C-terminus was derived from an alternative reading frame. Further study of the functional properties of the protein encoded by this splice form of p73 will be needed to determine whether it contributes to the pathogenesis of childhood neuroblastoma with MYCN gene amplification.	Kong XT, Valentine VA, Rowe ST, Valentine MB, Ragsdale ST, Jones BG, Wilkinson DA, Brodeur GM, Cohn SL, Look AT. Lack of homozygously inactivated p73 in single-copy MYCN primary neuroblastomas and neuroblastoma cell lines <i>Neoplasia.</i> 2000-08-10. DOI:https://www.doi.org/10.1038/sj.neo.7900010 PMID:10935473
02563033-d0a7-4fd7-a8a9-3fb00f91c9d2	https://www.doi.org/10.1172/JCI7610	PMID:10791998	PMC315438	No	The Journal of Clinical Investigation	2000-05-25	Epidermal growth factor receptor expression in neurofibromatosis type 1-related tumors and NF1 animal models	PMC (access type unspecified)	No	No (abstract only)	pmc_fulltext_xml/PMC315438.xml		"[""J E DeClue"", ""S Heffelfinger"", ""G Benvenuto"", ""B Ling"", ""S Li"", ""W Rui"", ""W C Vass"", ""D Viskochil"", ""N Ratner""]"	We have found that EGF-R expression is associated with the development of the Schwann cell-derived tumors characteristic of neurofibromatosis type 1 (NF1) and in animal models of this disease. This is surprising, because Schwann cells normally lack EGF-R and respond to ligands other than EGF. Nevertheless, immunoblotting, Northern analysis, and immunohistochemistry revealed that each of 3 malignant peripheral nerve sheath tumor (MPNST) cell lines from NF1 patients expressed the EGF-R, as did 7 of 7 other primary MPNSTs, a non-NF1 MPNST cell line, and the S100(+) cells from each of 9 benign neurofibromas. Furthermore, transformed derivatives of Schwann cells from NF1(-/-) mouse embryos also expressed the EGF-R. All of the cells or cell lines expressing EGF-R responded to EGF by activation of downstream signaling pathways. Thus, EGF-R expression may play an important role in NF1 tumorigenesis and Schwann cell transformation. Consistent with this hypothesis, growth of NF1 MPNST lines and the transformed NF1(-/-) mouse embryo Schwann cells was greatly stimulated by EGF in vitro and could be blocked by agents that antagonize EGF-R function.	J E DeClue, S Heffelfinger, G Benvenuto, B Ling, S Li, W Rui, W C Vass, D Viskochil, N Ratner. Epidermal growth factor receptor expression in neurofibromatosis type 1-related tumors and NF1 animal models. <i>The Journal of Clinical Investigation.</i> 2000-05-25. DOI:https://www.doi.org/10.1172/JCI7610 PMID:10791998
6f65047d-0074-4545-8cdd-2bf1ee1b2f91	https://www.doi.org/10.1073/pnas.97.7.3352	PMID:10737795	PMC16243	No	Proceedings of the National Academy of Sciences of the United States of America	2000-03-29	"APC mutations in sporadic colorectal tumors: A mutational ""hotspot"" and interdependence of the ""two hits"""	PMC (access type unspecified)	No	No (abstract only)	pmc_fulltext_xml/PMC16243.xml		"[""Rowan AJ"", ""Lamlum H"", ""Ilyas M"", ""Wheeler J"", ""Straub J"", ""Papadopoulou A"", ""Bicknell D"", ""Bodmer WF"", ""Tomlinson IP.""]"	"Although APC mutations occur at a high frequency in colorectal cancers, few studies have performed a comprehensive analysis by screening the whole gene for mutations and assessing allelic loss. APC seems to act as a tumor-suppressor gene in a ""nonclassical"" fashion: data from familial adenomatous polyposis (FAP) show that the site of the germ-line mutation determines the type of ""second hit"" in FAP tumors, and simple protein inactivation is selected weakly, if at all. In this study, we screened the entire coding region of APC for mutations and assessed allelic loss in a set of 41 colorectal cancer cell lines. Of 41 cancers, 32 (83%) showed evidence of APC mutation and/or allelic loss. We identified several APC mutations and found a ""hotspot"" for somatic mutation in sporadic colorectal tumors at codon 1,554. Our results suggest that APC mutations occur in the great majority of colorectal cancers, the exceptions almost all being RER+ tumors, which may substitute for altered APC function by mutations in beta-catenin and/or at other loci. When combined with previously published data, our results show that there is interdependence of the ""two hits"" at APC in sporadic colorectal tumors as well as in FAP. APC mutations in the ""mutation cluster region,"" especially those close to codon 1,300, are associated with allelic loss, whereas tumors with mutations outside this region tend to harbor truncating mutations. The causes of this phenomenon are probably selection for retained N-terminal and lost C-terminal APC functions, effects on beta-catenin levels, and APC protein stability."	"Rowan AJ, Lamlum H, Ilyas M, Wheeler J, Straub J, Papadopoulou A, Bicknell D, Bodmer WF, Tomlinson IP. APC mutations in sporadic colorectal tumors: A mutational ""hotspot"" and interdependence of the ""two hits"" <i>Proceedings of the National Academy of Sciences of the United States of America.</i> 2000-03-29. DOI:https://www.doi.org/10.1073/pnas.97.7.3352 PMID:10737795"
57b3e4e7-2693-4720-af0a-b65e5525b405		PMID:10612807	PMC4721570	No	Genes Chromosomes Cancer	1999-12-29	Centrosome amplification and instability occurs exclusively in aneuploid, but not in diploid colorectal cancer cell lines, and correlates with numerical chromosomal aberrations	Fair use (license unspecified)	No	Yes	pmc_fulltext_xml/PMC4721570.xml	This file is available for text mining. It may also be used consistent with the principles of fair use under the copyright law.	"[""Ghadimi BM"", ""Sackett DL"", ""Difilippantonio MJ"", ""Schröck E"", ""Neumann T"", ""Jauho A"", ""Auer G"", ""Ried T.""]"	Measurement of the nuclear DNA content allows classification of human cancers as either diploid or aneuploid. To gain further insight into mechanisms of aneuploidy, we compared the cytogenetic profile of mismatch-repair-deficient diploid versus mismatch-repair-proficient aneuploid colorectal carcinoma cell lines using comparative genomic hybridization and spectral karyotyping. Aneuploid carcinomas revealed an average of 19 chromosomal imbalances per cell line. Such numerical aberrations were exceedingly scarce in the diploid tumors. This pattern of chromosomal aberrations is consistent with a mechanism involving the impairment of chromosome segregation fidelity during mitotic cell division. In support of this idea, we demonstrate the exclusive occurrence of centrosome amplification and instability in all of the aneuploid tumor cell lines analyzed. All diploid tumors contained centrosomes that were functionally and structurally indistinguishable from those in normal human fibroblasts. Due to the observed differences in centrosomes between these two classes of tumors, we incubated the cells with the microtubule depolymerizing drugs nocodazole and griseofulvin. Our results indicate that the aneuploid tumor cell lines have an increased sensitivity to these reagents and a delay in aster formation and microtubule regrowth. However, microtubule nucleation was initiated from one or two centers in both the diploid and aneuploid cells. These observations support the notion that the integrity of the centrosome plays a central role in the development of aneuploidy. Genes Chromosomes Cancer 27:183-190, 2000. Published 2000 Wiley-Liss, Inc.	Ghadimi BM, Sackett DL, Difilippantonio MJ, Schröck E, Neumann T, Jauho A, Auer G, Ried T. Centrosome amplification and instability occurs exclusively in aneuploid, but not in diploid colorectal cancer cell lines, and correlates with numerical chromosomal aberrations <i>Genes Chromosomes Cancer.</i> 1999-12-29. PMID:10612807
c0bc1ec7-0d73-48e2-8a0f-9fac2553d783	https://www.doi.org/10.1128/JVI.73.4.3338-3350.1999	PMID:10074188	PMC104098	No	Jourmal of Virology	1999-03-12	Acute and persistent infection of human neural cell lines by human coronavirus OC43	PMC (access type unspecified)	No	No (abstract only)	pmc_fulltext_xml/PMC104098.xml		"[""Arbour N"", ""Côté G"", ""Lachance C"", ""Tardieu M"", ""Cashman NR"", ""Talbot PJ.""]"	Human coronaviruses (HuCV) are recognized respiratory pathogens. Data accumulated by different laboratories suggest their neurotropic potential. For example, primary cultures of human astrocytes and microglia were shown to be susceptible to an infection by the OC43 strain of HuCV (A. Bonavia, N. Arbour, V. W. Yong, and P. J. Talbot, J. Virol. 71:800-806, 1997). We speculate that the neurotropism of HuCV will lead to persistence within the central nervous system, as was observed for murine coronaviruses. As a first step in the verification of our hypothesis, we have characterized the susceptibility of various human neural cell lines to infection by HuCV-OC43. Viral antigen, infectious virus progeny, and viral RNA were monitored during both acute and persistent infections. The astrocytoma cell lines U-87 MG, U-373 MG, and GL-15, as well as neuroblastoma SK-N-SH, neuroglioma H4, oligodendrocytic MO3.13, and the CHME-5 immortalized fetal microglial cell lines, were all susceptible to an acute infection by HuCV-OC43. Viral antigen and RNA and release of infectious virions were observed during persistent HuCV-OC43 infections ( approximately 130 days of culture) of U-87 MG, U-373 MG, MO3.13, and H4 cell lines. Nucleotide sequences of RNA encoding the putatively hypervariable viral S1 gene fragment obtained after 130 days of culture were compared to that of initial virus input. Point mutations leading to amino acid changes were observed in all persistently infected cell lines. Moreover, an in-frame deletion was also observed in persistently infected H4 cells. Some point mutations were observed in some molecular clones but not all, suggesting evolution of the viral population and the emergence of viral quasispecies during persistent infection of H4, U-87 MG, and MO3.13 cell lines. These results are consistent with the potential persistence of HuCV-OC43 in cells of the human nervous system, accompanied by the production of infectious virions and molecular variation of viral genomic RNA.	Arbour N, Côté G, Lachance C, Tardieu M, Cashman NR, Talbot PJ. Acute and persistent infection of human neural cell lines by human coronavirus OC43 <i>Jourmal of Virology.</i> 1999-03-12. DOI:https://www.doi.org/10.1128/JVI.73.4.3338-3350.1999 PMID:10074188
2fb46760-ef32-4184-bf14-3c9901a0640c	https://www.doi.org/10.1073/pnas.96.5.2316	PMID:10051639	PMC26781	No	Proceedings of the National Academy of Sciences of the United States of America	1999-03-03	Mutated epithelial cadherin is associated with increased tumorigenicity and loss of adhesion and of responsiveness to the motogenic trefoil factor 2 in colon carcinoma cells	PMC (access type unspecified)	No	No (abstract only)	pmc_fulltext_xml/PMC26781.xml		"[""Efstathiou JA"", ""Liu D"", ""Wheeler JM"", ""Kim HC"", ""Beck NE"", ""Ilyas M"", ""Karayiannakis AJ"", ""Mortensen NJ"", ""Kmiot W"", ""Playford RJ"", ""Pignatelli M"", ""Bodmer WF.""]"	Epithelial (E)-cadherin and its associated cytoplasmic proteins (alpha-, beta-, and gamma-catenins) are important mediators of epithelial cell-cell adhesion and intracellular signaling. Much evidence exists suggesting a tumor/invasion suppressor role for E-cadherin, and loss of expression, as well as mutations, has been described in a number of epithelial cancers. To investigate whether E-cadherin gene (CDH1) mutations occur in colorectal cancer, we screened 49 human colon carcinoma cell lines from 43 patients by single-strand conformation polymorphism (SSCP) analysis and direct sequencing. In addition to silent changes, polymorphisms, and intronic variants in a number of the cell lines, we detected frameshift single-base deletions in repeat regions of exon 3 (codons 120 and 126) causing premature truncations at codon 216 in four replication-error-positive (RER+) cell lines (LS174T, HCT116, GP2d, and GP5d) derived from 3 patients. In LS174T such a mutation inevitably contributes to its lack of E-cadherin protein expression and function. Transfection of full-length E-cadherin cDNA into LS174T cells enhanced intercellular adhesion, induced differentiation, retarded proliferation, inhibited tumorigenicity, and restored responsiveness to the migratory effects induced by the motogenic trefoil factor 2 (human spasmolytic polypeptide). These results indicate that, although inactivating E-cadherin mutations occur relatively infrequently in colorectal cancer cell lines overall (3/43 = 7%), they are more common in cells with an RER+ phenotype (3/10 = 30%) and may contribute to the dysfunction of the E-cadherin-catenin-mediated adhesion/signaling system commonly seen in these tumors. These results also indicate that normal E-cadherin-mediated cell adhesion can restore the ability of colonic tumor cells to respond to trefoil factor 2.	Efstathiou JA, Liu D, Wheeler JM, Kim HC, Beck NE, Ilyas M, Karayiannakis AJ, Mortensen NJ, Kmiot W, Playford RJ, Pignatelli M, Bodmer WF. Mutated epithelial cadherin is associated with increased tumorigenicity and loss of adhesion and of responsiveness to the motogenic trefoil factor 2 in colon carcinoma cells <i>Proceedings of the National Academy of Sciences of the United States of America.</i> 1999-03-03. DOI:https://www.doi.org/10.1073/pnas.96.5.2316 PMID:10051639
d46d3a2f-1cf5-4336-a580-ec5ab1847b52	https://www.doi.org/10.1016/S0002-9440(10)65561-7	PMID:9665481	PMC1852940	No	The American Journal of Pathology	1998-07-17	Activation of the urokinase plasminogen activator/urokinase plasminogen activator receptor system and redistribution of E-cadherin are associated with hepatocyte growth factor-induced motility of pancreas tumor cells overexpressing Met	PMC (access type unspecified)	No	No (abstract only)	pmc_fulltext_xml/PMC1852940.xml		"[""Paciucci R"", ""Vilá MR"", ""Adell T"", ""Díaz VM"", ""Torà M"", ""Nakamura T"", ""Real FX.""]"	Because hepatocyte growth factor (HGF) is a potent mitogen for normal human exocrine pancreas cells (NPCs) in vitro, we have analyzed the expression of HGF and its receptor, Met, in NPC and pancreas cancer cells and studied its effects in vitro. Using immunohistochemistry, Northern blotting, and reverse transcription-polymerase chain reaction, we examined the expression of HGF and Met in normal pancreas and pancreas cancer. Scatter assays, wound-healing assays, and migration through transwell filters were used to study HGF-stimulated motility of IMIM-PC-2 cancer cells. In tumors, HGF is mainly detected in stromal cells, whereas Met is overexpressed in cancer cells with an unpolarized distribution. In vitro, HGF stimulates motogenesis but not proliferation in cancer cells. Cell motility is accompanied by a rapid decrease in the cytoskeleton-bound E-cadherin, an acceleration of cellular adhesion to the substrate, an up-regulation of urokinase plasminogen activator (u-PA) RNA and protein, and a change in the solubility and proteolysis of the u-PA receptor. Cell motility is significantly reduced by inhibitors of u-PA proteolytic activity such as antibodies neutralizing u-PA activity, plasminogen activator inhibitor 1, and amiloride. These results show that a paracrine loop of HGF activation may participate in the development or progression of pancreas cancer. In vitro, the HGF-stimulated motogenesis of pancreas cancer cells involves the activation of the u-PA/u-PA receptor proteolytic system, suggesting its role in the invasive stages of tumor progression.	Paciucci R, Vilá MR, Adell T, Díaz VM, Torà M, Nakamura T, Real FX. Activation of the urokinase plasminogen activator/urokinase plasminogen activator receptor system and redistribution of E-cadherin are associated with hepatocyte growth factor-induced motility of pancreas tumor cells overexpressing Met <i>The American Journal of Pathology.</i> 1998-07-17. DOI:https://www.doi.org/10.1016/S0002-9440(10)65561-7 PMID:9665481
c6819628-552f-493d-8b29-b18f80563095	https://www.doi.org/10.1038/bjc.1998.361	PMID:9649128	PMC2150402	No	British Journal of Cancer	1998-07-02	Paracrine effects of hepatocyte growth factor/scatter factor on non-small-cell lung carcinoma cell lines	CC-BY-4.0	Yes	Yes	pmc_fulltext_xml/PMC2150402.xml	This article is licensed under a Creative Commons Attribution 4.0 International License, which permits use, sharing, adaptation, distribution and reproduction in any medium or format, as long as you give appropriate credit to the original author(s) and the source, provide a link to the Creative Commons license, and indicate if changes were made. The images or other third party material in this article are included in the article’s Creative Commons license, unless indicated otherwise in a credit line to the material. If material is not included in the article’s Creative Commons license and your intended use is not permitted by statutory regulation or exceeds the permitted use, you will need to obtain permission directly from the copyright holder. To view a copy of this license, visit https://creativecommons.org/licenses/by/4.0/.	"[""Yi S"", ""Chen JR"", ""Viallet J"", ""Schwall RH"", ""Nakamura T"", ""Tsao MS.""]"	We have studied the mitogenic, motogenic and morphogenic effects of hepatocyte growth factor (HGF), also known as scatter factor (SF), on 15 non-small-cell lung carcinoma (NSCLC) cell lines that have had their ras genotype determined. HGF/SF stimulated proliferation in only three cell lines and exerted no mitogenic activity on six lines. The growth of the remaining six lines was inhibited. The mitogenic effects were not related to the ras genotype of these cell lines, but the inhibitory effect was more commonly observed in cell lines with relatively high levels of Met/HGF receptor (HGFR) expression. HGF/SF induced or enhanced both scatter activity on monolayer culture and single-cell invasion in collagen gels in approximately half of these cell lines. Although the ras genotype of tumour cells did not influence the HGF/SF-induced motogenic activity, cell lines with the mutant ras genotype more commonly demonstrated a spontaneous motogenic activity than those with the wild-type ras genotype. When tumour cells were grown in collagen gels, HGF/SF induced irregular branching extensions of cell aggregates formed by five out of eight adenocarcinoma cell lines, but significant lumen morphogenesis was distinctly absent. The presence of autocrine HGF/SF loop in these tumour cell lines did not influence their spontaneous or HGF/SF-induced mitogenic, motogenic or morphogenic activities. Overall, our data suggest that stimulation of cell motility, rather than proliferation or differentiation, is the predominant paracrine effect of HGF/SF on NSCLC cells in vitro.	Yi S, Chen JR, Viallet J, Schwall RH, Nakamura T, Tsao MS. Paracrine effects of hepatocyte growth factor/scatter factor on non-small-cell lung carcinoma cell lines <i>British Journal of Cancer.</i> 1998-07-02. DOI:https://www.doi.org/10.1038/bjc.1998.361 PMID:9649128
4c1513a4-6b70-4bbf-84e1-bd23a1ef2477	https://www.doi.org/10.1073/pnas.95.13.7556	PMID:9636188	PMC22681	No	Proceedings of the National Academy of Sciences of the United States of America	1998-06-24	Demonstration of an interferon gamma-dependent tumor surveillance system in immunocompetent mice	PMC (access type unspecified)	No	No (abstract only)	pmc_fulltext_xml/PMC22681.xml		"[""Kaplan DH"", ""Shankaran V"", ""Dighe AS"", ""Stockert E"", ""Aguet M"", ""Old LJ"", ""Schreiber RD.""]"	This study demonstrates that endogenously produced interferon gamma (IFN-gamma) forms the basis of a tumor surveillance system that controls development of both chemically induced and spontaneously arising tumors in mice. Compared with wild-type mice, mice lacking sensitivity to either IFN-gamma (i.e., IFN-gamma receptor-deficient mice) or all IFN family members (i.e., Stat1-deficient mice) developed tumors more rapidly and with greater frequency when challenged with different doses of the chemical carcinogen methylcholanthrene. In addition, IFN-gamma-insensitive mice developed tumors more rapidly than wild-type mice when bred onto a background deficient in the p53 tumor-suppressor gene. IFN-gamma-insensitive p53(-/-) mice also developed a broader spectrum of tumors compared with mice lacking p53 alone. Using tumor cells derived from methylcholanthrene-treated IFN-gamma-insensitive mice, we found IFN-gamma's actions to be mediated at least partly through its direct effects on the tumor cell leading to enhanced tumor cell immunogenicity. The importance and generality of this system is evidenced by the finding that certain types of human tumors become selectively unresponsive to IFN-gamma. Thus, IFN-gamma forms the basis of an extrinsic tumor-suppressor mechanism in immunocompetent hosts.	Kaplan DH, Shankaran V, Dighe AS, Stockert E, Aguet M, Old LJ, Schreiber RD. Demonstration of an interferon gamma-dependent tumor surveillance system in immunocompetent mice <i>Proceedings of the National Academy of Sciences of the United States of America.</i> 1998-06-24. DOI:https://www.doi.org/10.1073/pnas.95.13.7556 PMID:9636188
0d4928a7-323e-47f7-a2e9-38a50553080e	https://www.doi.org/10.1038/bjc.1997.456	PMID:9310240	PMC2228040	No	British Journal of Cancer	1997-10-20	Reduced expression of neurofibromin in human meningiomas	CC-BY-4.0	Yes	Yes	pmc_fulltext_xml/PMC2228040.xml	This article is licensed under a Creative Commons Attribution 4.0 International License, which permits use, sharing, adaptation, distribution and reproduction in any medium or format, as long as you give appropriate credit to the original author(s) and the source, provide a link to the Creative Commons license, and indicate if changes were made. The images or other third party material in this article are included in the article’s Creative Commons license, unless indicated otherwise in a credit line to the material. If material is not included in the article’s Creative Commons license and your intended use is not permitted by statutory regulation or exceeds the permitted use, you will need to obtain permission directly from the copyright holder. To view a copy of this license, visit https://creativecommons.org/licenses/by/4.0/.	"[""V Sundaram"", ""J H Lee"", ""J A Harwalkar"", ""D J Stein"", ""M Roudebush"", ""D W Stacey"", ""M Golubic""]"	Meningiomas are common, mostly benign, tumours arising from leptomeningeal cells of the meninges, which frequently contain mutations in the neurofibromatosis type 2 (NF2) gene. In this study, we analysed a protein product of the neurofibromatosis type 1 (NF1) gene, neurofibromin, in human established leptomeningeal cells LTAg2B, in 17 sporadic meningiomas and in a meningioma from a patient affected by NF2. The expression level of neurofibromin was determined by immunoblotting and immunoprecipitation with anti-neurofibromin antibodies. The functional status of neurofibromin was analysed through its ability to stimulate the intrinsic GTPase activity of p21 ras. In the cytosolic extracts of four sporadic meningiomas and in the NF2-related meningioma, the expression level and the GTPase stimulatory activity of neurofibromin were drastically reduced compared with the level present in the human brain, human established leptomeningeal cells LTAg2B and the remaining 13 meningiomas. Our results suggest that neurofibromin is expressed in leptomeningeal cells LTAg2B and in most meningiomas, i.e. tumours derived from these cells. The reduced expression and GTPase stimulatory activity of neurofibromin was found in about 23% of meningiomas and in the single NF2-related meningioma analysed. These results suggest that decreased levels of neurofibromin in these tumours may contribute to their tumorigenesis.	V Sundaram, J H Lee, J A Harwalkar, D J Stein, M Roudebush, D W Stacey, M Golubic. Reduced expression of neurofibromin in human meningiomas. <i>British Journal of Cancer.</i> 1997-10-20. DOI:https://www.doi.org/10.1038/bjc.1997.456 PMID:9310240
b412cee5-ab15-4888-a78f-6c1f774f1cfc	https://www.doi.org/10.1073/pnas.94.19.10330	PMID:9294210	PMC23362	No	Proceedings of the National Academy of Sciences of the United States of America	1997-09-18	Beta-catenin mutations in cell lines established from human colorectal cancers	PMC (access type unspecified)	No	No (abstract only)	pmc_fulltext_xml/PMC23362.xml		"[""Ilyas M"", ""Tomlinson IP"", ""Rowan A"", ""Pignatelli M"", ""Bodmer WF.""]"	beta-catenin has functions as both an adhesion and a signaling molecule. Disruption of these functions through mutations of the beta-catenin gene (CTNNB1) may be important in the development of colorectal tumors. We examined the entire coding sequence of beta-catenin by reverse transcriptase-PCR (RT-PCR) and direct sequencing of 23 human colorectal cancer cell lines from 21 patients. In two cell lines, there was apparent instability of the beta-catenin mRNA. Five different mutations (26%) were found in the remaining 21cell lines (from 19 patients). A three-base deletion (codon 45) was identified in the cell line HCT 116, whereas cell lines SW 48, HCA 46, CACO 2, and Colo 201 each contained single-base missense mutations (codons 33, 183, 245, and 287, respectively). All 23 cell lines had full-length beta-catenin protein that was detectable by Western blotting and that coprecipitated with E-cadherin. In three of the cell lines with CTNNB1 mutations, complexes of beta-catenin with alpha-catenin and APC were detectable. In SW48 and HCA 46, however, we did not detect complexes of beta-catenin protein with alpha-catenin and APC, respectively. These results show that selection of CTNNB1 mutations occurs in up to 26% of colorectal cancers from which cell lines are derived. In these cases, mutation selection is probably for altered beta-catenin function, which may significantly alter intracellular signaling and intercellular adhesion and may serve as a complement to APC mutations in the early stages of tumorigenesis.	Ilyas M, Tomlinson IP, Rowan A, Pignatelli M, Bodmer WF. Beta-catenin mutations in cell lines established from human colorectal cancers <i>Proceedings of the National Academy of Sciences of the United States of America.</i> 1997-09-18. DOI:https://www.doi.org/10.1073/pnas.94.19.10330 PMID:9294210
7de0079a-bba9-4d14-829b-33977b17c3ef	https://www.doi.org/10.1073/pnas.94.12.6210	PMID:9177196	PMC21028	No	Proceedings of the National Academy of Sciences of the United States of America	1997-06-10	Aberrant retention of tyrosinase in the endoplasmic reticulum mediates accelerated degradation of the enzyme and contributes to the dedifferentiated phenotype of amelanotic melanoma cells	PMC (access type unspecified)	No	No (abstract only)	pmc_fulltext_xml/PMC21028.xml		"[""Halaban R"", ""Cheng E"", ""Zhang Y"", ""Moellmann G"", ""Hanlon D"", ""Michalak M"", ""Setaluri V"", ""Hebert DN.""]"	The loss of tyrosinase, the key enzyme in melanin synthesis, has been implicated in the dedifferentiation of malignant melanocytes. The presence of tyrosinase transcripts and antigenic peptides in melanoma tumors prompted us to investigate whether the basis for the loss of the enzyme was proteolytic degradation. Toward this aim, we followed the kinetics of synthesis, degradation, processing, chaperone binding, inhibitor sensitivity, and subcellular localization of tyrosinase in normal and malignant melanocytes. We found that, in amelanotic melanoma cell lines, tyrosinase failed to reach the melanosome, the organelle for melanin synthesis, because it was retained in the endoplasmic reticulum (ER) and then degraded. Tyrosinase appeared mostly as a 70-kDa core-glycosylated, endoglycosidase H-sensitive, immature form bound to the ER chaperone calnexin and had a life-span of only 25% of normal. Maturation and transit from the ER to the Golgi compartment was facilitated by lowering the temperature of incubation to 31 degrees C. Several proteasome inhibitors caused the accumulation of an approximately 60-kDa tyrosinase doublet that was more prominent in malignant than in normal melanocytes and promoted, to various degrees, the maturation of tyrosinase in melanoma cells and the translocation of the enzyme to melanosomes. The appearance of ubiquitinated tyrosinase after treatment of normal melanocytes with N-acetyl-L-leucinyl-L-leucinal-L-norleucinal reinforced our notion that some tyrosinase is normally degraded by proteasomes. Proteolysis of tyrosinase by proteasomes is consistent with the production of antigenic tyrosinase peptides that are presented to the immune system by major histocompatibility complex class I molecules.	Halaban R, Cheng E, Zhang Y, Moellmann G, Hanlon D, Michalak M, Setaluri V, Hebert DN. Aberrant retention of tyrosinase in the endoplasmic reticulum mediates accelerated degradation of the enzyme and contributes to the dedifferentiated phenotype of amelanotic melanoma cells <i>Proceedings of the National Academy of Sciences of the United States of America.</i> 1997-06-10. DOI:https://www.doi.org/10.1073/pnas.94.12.6210 PMID:9177196
2ff549be-d0b5-4b44-ac23-1638659c65fa		PMID:8702000	PMC1865298	No	The American Journal of Pathology	1996-09-04	Up-regulation of specific NF 1 gene transcripts in sporadic pilocytic astrocytomas	PMC (access type unspecified)	No	No (abstract only)	pmc_fulltext_xml/PMC1865298.xml		"[""M Platten"", ""M J Giordano"", ""C M Dirven"", ""D H Gutmann"", ""D N Louis""]"	Pilocytic astrocytomas of the optic nerve (optic nerve gliomas) are closely associated with neurofibromatosis 1 (NF1), and allelic losses of the NF1 gene region on chromosome 17q occur in sporadic pilocytic astrocytomas. We therefore hypothesized that the NF1 gene acts as a tumor suppressor gene in pilocytic astrocytomas, and that NF1 gene expression would be reduced or absent in these tumors. To evaluate this possibility, we examined quantitative and qualitative aspects of NF1 gene expression in six sporadic pilocytic astrocytomas. Surprisingly, the NF1 gene was overexpressed up to fourfold in these tumors when compared with normal brain. This up-regulation was accompanied by immunohistochemical positivity using a carboxyl-terminal antibody and by the absence of mutations in one kilobase of the NF1 coding sequence, consistent with the expressed transcript and protein being full length and probably wild type. Pilocytic astrocytomas showed a marked predominance of transcripts containing exon 23a and lacking exon 9br, the same isoforms that are expressed by normal and reactive astrocytes and malignant astrocytomas. These data illustrate that pilocytic astrocytomas overexpress specific NF1 gene transcripts, perhaps as a regulatory response to growth stimuli. The role of the NF1 gene as a tumor suppressor in pilocytic astrocytomas, however, remains to be proven.	M Platten, M J Giordano, C M Dirven, D H Gutmann, D N Louis. Up-regulation of specific NF 1 gene transcripts in sporadic pilocytic astrocytomas. <i>The American Journal of Pathology.</i> 1996-09-04. PMID:8702000
689f9587-b564-4a60-94b9-9ee7205abb32	https://www.doi.org/10.1073/pnas.93.12.5860	PMID:8650183	PMC39152	No		1996-06-11	Efficient in vivo manipulation of mouse genomic sequences at the zygote stage	PMC (access type unspecified)	No	No (abstract only)	pmc_fulltext_xml/PMC39152.xml		"[""M Lakso"", ""J G Pichel"", ""J R Gorman"", ""B Sauer"", ""Y Okamoto"", ""E Lee"", ""F W Alt"", ""H Westphal""]"	We describe a transgenic mouse line carrying the cre transgene under the control of the adenovirus EIIa promoter that targets expression of the Cre recombinase to the early mouse embryo. To assess the ability of this recombinase to excise loxP-flanked DNA sequences at early stages of development, we bred EIIa-cre transgenic mice to two different mouse lines carrying loxP-flanked target sequences: (i) a strain with a single gene-targeted neomycin resistance gene flanked by 1oxP sites and (ii) a transgenic line carrying multiple transgene copies with internal loxP sites. Mating either of these loxP-carrying mouse lines to EIIa-cre mice resulted in first generation progeny in which the loxP-flanked sequences had been efficiently deleted from all tissues tested, including the germ cells. Interbreeding of these first generation progeny resulted in efficient germ-line transmission of the deletion to subsequent generations. These results demonstrate a method by which loxP-flanked DNA sequences can be efficiently deleted in the early mouse embryo. Potential applications of this approach are discussed, including reduction of multicopy transgene loci to produce single-copy transgenic lines and introduction of a variety of subtle mutations into the line​1​.	M Lakso et al. Efficient in vivo manipulation of mouse genomic sequences at the zygote stage. Proc Natl Acad Sci U S A. 1996;93(12):5860-5. DOI: https://doi.org/10.1073/pnas.93.12.5860 PMID: 8650183
93edf187-301f-4d53-8029-5fb0030bf24c	https://www.doi.org/10.1128/mcb.16.5.2496	PMID:8628317	PMC231238	No	Molecular and Cellular Biology	1996-05-01	Identification of neurofibromin mutants that exhibit allele specificity or increased Ras affinity resulting in suppression of activated ras alleles	PMC (access type unspecified)	No	No (abstract only)	pmc_fulltext_xml/PMC231238.xml		"[""P Morcos"", ""N Thapar"", ""N Tusneem"", ""D Stacey"", ""F Tamanoi""]"	Neurofibromin plays a critical role in the downregulation of Ras proteins in neurons and Schwann cells. Thus, the ability of neurofibromin to interact with Ras is crucial for its function, as mutations in NF1 that abolish this interaction fail to maintain function. To investigate the neurofibromin-Ras interaction in a systematic manner, we have carried out a yeast two-hybrid screen using a mutant of H-ras, H-rasD92K, defective for interaction with the GTPase-activated protein-related domain (GRD) of NF1. Two screens of a randomly mutagenized NF1-GRD library led to the identification of seven novel NF1 mutants. Characterization of the NF1-GRD mutants revealed that one class of mutants are allele specific for H-raSD92K. These mutants exhibit increased affinity for H-raSD92K and significantly reduced affinity for wild-type H-ras protein. Furthermore, they do not interact with another H-ras mutant defective for interaction with GTPase-activating proteins. Another class of mutants are high-affinity mutants which exhibit dramatically increased affinity for both wild-type and mutant forms of Ras. They also exhibit a striking ability to suppress the heat shock sensitive traits of activated RAS2G19v in yeast cells. Five mutations cluster within a region encompassing residues 1391 to 1436 (region II). Three NF1 patient mutations have previously been identified in this region. Two mutations that we identified occur in a region encompassing residues 1262 to 1276 (region I). Combining high-affinity mutations from both regions results in even greater affinity for Ras. These results demonstrate that two distinct regions of NF1-GRD are involved in the Ras interaction and that single amino acid changes can affect NF1's affinity for Ras.	P Morcos, N Thapar, N Tusneem, D Stacey, F Tamanoi. Identification of neurofibromin mutants that exhibit allele specificity or increased Ras affinity resulting in suppression of activated ras alleles <i>Molecular and Cellular Biology.</i> 1996-05-01. DOI:https://www.doi.org/10.1128/mcb.16.5.2496 PMID:8628317
5bb372b3-1585-4c1c-99bf-80b6dec18541	https://www.doi.org/10.1073/pnas.92.24.10854	PMID:7479897	PMC40529	No	Proceedings of the National Academy of Sciences of the United States of America	1995-11-21	High frequency of inactivating mutations in the neurofibromatosis type 2 gene (NF2) in primary malignant mesotheliomas	PMC (access type unspecified)	No	No (abstract only)	pmc_fulltext_xml/PMC40529.xml		"[""Bianchi AB"", ""Mitsunaga SI"", ""Cheng JQ"", ""Klein WM"", ""Jhanwar SC"", ""Seizinger B"", ""Kley N"", ""Klein-Szanto AJ"", ""Testa JR.""]"	Malignant mesotheliomas (MMs) are aggressive tumors that develop most frequently in the pleura of patients exposed to asbestos. In contrast to many other cancers, relatively few molecular alterations have been described in MMs. The most frequent numerical cytogenetic abnormality in MMs is loss of chromosome 22. The neurofibromatosis type 2 gene (NF2) is a tumor suppressor gene assigned to chromosome 22q which plays an important role in the development of familial and spontaneous tumors of neuroectodermal origin. Although MMs have a different histogenic derivation, the frequent abnormalities of chromosome 22 warranted an investigation of the NF2 gene in these tumors. Both cDNAs from 15 MM cell lines and genomic DNAs from 7 matched primary tumors were analyzed for mutations within the NF2 coding region. NF2 mutations predicting either interstitial in-frame deletions or truncation of the NF2-encoded protein (merlin) were detected in eight cell lines (53%), six of which were confirmed in primary tumor DNAs. In two samples that showed NF2 gene transcript alterations, no genomic DNA mutations were detected, suggesting that aberrant splicing may constitute an additional mechanism for merlin inactivation. These findings implicate NF2 in the oncogenesis of primary MMs and provide evidence that this gene can be involved in the development of tumors other than nervous system neoplasms characteristic of the NF2 disorder. In addition, unlike NF2-related tumors, MM derives from the mesoderm; malignancies of this origin have not previously been associated with frequent alterations of the NF2 gene.	Bianchi AB, Mitsunaga SI, Cheng JQ, Klein WM, Jhanwar SC, Seizinger B, Kley N, Klein-Szanto AJ, Testa JR. High frequency of inactivating mutations in the neurofibromatosis type 2 gene (NF2) in primary malignant mesotheliomas <i>Proceedings of the National Academy of Sciences of the United States of America.</i> 1995-11-21. DOI:https://www.doi.org/10.1073/pnas.92.24.10854 PMID:7479897
360589e1-2445-4dc3-901b-13b828df1a0b	https://www.doi.org/10.1042/bj3100125	PMID:7646434	PMC1135863	No	Biochemical Journal	1995-08-15	Ethanol inhibits insulin receptor substrate-1 tyrosine phosphorylation and insulin-stimulated neuronal thread protein gene expression	PMC (access type unspecified)	No	No (abstract only)	pmc_fulltext_xml/PMC1135863.xml		"[""Xu YY"", ""Bhavani K"", ""Wands JR"", ""de la Monte SM.""]"	Neuronal thread proteins (NTPs) are molecules that accumulate in the brains of patients with Alzheimer's disease, and may play a key role in both normal and neurodegenerative neuritic sprouting. In this investigation we determined whether NTP expression is up-regulated by insulin, an important neurotrophic factor that stimulates differentiation-associated neurite outgrowth, and studied the effects of ethanol, a known inhibitor of growth factor receptor tyrosine phosphorylation, on NTP expression and insulin-mediated signal transduction cascade in neuronal [primitive neuroectodermal tumour cell line 2; (PNET2)] cells. PNET2 cells were treated with 50 m-units/ml insulin in the presence or absence of 100 mM ethanol for 0.2-96 h, and cell proliferation and expression of NTP molecules were investigated by metabolic labelling, immunoprecipitation and immunohistochemical staining. Insulin stimulation resulted in an immediate increase in the levels of three (38, 18 and 15 kDa) of five NTP species (the others were of 26 and 21 kDa), followed by a decline in expression within 120 min; however, studies performed up to 96 h of culture demonstrated up-regulation by insulin of all five NTP species. Ethanol either abolished or severely muted the short- and long-term insulin-mediated upregulation of NTP expression, and substantially reduced insulin-mediated neuronal differentiation. The effects of ethanol on NTP gene expression were associated with impaired insulin-mediated tyrosine phosphorylation of both the insulin receptor beta subunit and the insulin receptor substrate-1 (IRS-1), resulting in decreased association of phosphatidylinositol 3-kinase with IRS-1. The findings suggest that ethanol may inhibit NTP expression associated with central nervous system neuronal differentiation by uncoupling the IRS-1-mediated insulin signal transduction pathway.	Xu YY, Bhavani K, Wands JR, de la Monte SM. Ethanol inhibits insulin receptor substrate-1 tyrosine phosphorylation and insulin-stimulated neuronal thread protein gene expression <i>Biochemical Journal.</i> 1995-08-15. DOI:https://www.doi.org/10.1042/bj3100125 PMID:7646434
622fdd2a-9d64-4aac-a46f-e549b8b4a9bd		PMID:7747814	PMC1869278	No	The American Journal of Pathology	1995-05-01	Genetic evidence in melanoma and bladder cancers that p16 and p53 function in separate pathways of tumor suppression	PMC (access type unspecified)	No	No (abstract only)	pmc_fulltext_xml/PMC1869278.xml		"[""Gruis NA"", ""Weaver-Feldhaus J"", ""Liu Q"", ""Frye C"", ""Eeles R"", ""Orlow I"", ""Lacombe L"", ""Ponce-Castaneda V"", ""Lianes P"", ""Latres E"", ""et al.""]"	The 9p21 region of human chromosome 9 is a hot spot for chromosomal aberrations in both cultured cell lines and primary tumors. This region contains a gene, P16 (also called MTS1, CDKN2 and p16INK4), that encodes a presumptive negative cell cycle regulator called p16. P16 is deleted or mutated at high frequency in a variety of tumor cell lines including melanoma and bladder carcinoma lines. As such, it is likely to be a tumor suppressor gene. Here we show that P16 is mutated in primary bladder carcinomas (3 of 33) and melanomas (5 of 34). These findings support studies that show P16 mutations are not solely a product of growth in tissue culture but rather are involved in formation of tumors in viva. Some bladder primary tumors and some bladder and melanoma tumor cell lines contain mutations in both P16 and P53 at frequencies that suggest that p53 and p16 function in different pathways, each of which is important in suppressing malignant transformation.	Gruis NA, Weaver-Feldhaus J, Liu Q, Frye C, Eeles R, Orlow I, Lacombe L, Ponce-Castaneda V, Lianes P, Latres E. Genetic evidence in melanoma and bladder cancers that p16 and p53 function in separate pathways of tumor suppression <i>The American Journal of Pathology.</i> 1995-05-01. PMID:7747814
d390c4fb-b2d7-4a43-b51a-e3a80466f846	https://www.doi.org/10.1073/pnas.91.23.11045	PMID:7972006	PMC45163	No	Proceedings of the National Academy of Sciences of the United States of America	1994-11-08	Mutations and altered expression of p16INK4 in human cancer	PMC (access type unspecified)	No	No (abstract only)	pmc_fulltext_xml/PMC45163.xml		"[""Okamoto A"", ""Demetrick DJ"", ""Spillare EA"", ""Hagiwara K"", ""Hussain SP"", ""Bennett WP"", ""Forrester K"", ""Gerwin B"", ""Serrano M"", ""Beach DH"", ""et al.""]"	Cell cycle arrest at the G1 checkpoint allows completion of critical macromolecular events prior to S phase. Regulators of the G1 checkpoint include an inhibitor of cyclin-dependent kinase, p16INK4; two tumor-suppressor proteins, p53 and RB (the product of the retinoblastoma-susceptibility gene); and cyclin D1. Neither p16INK4 nor the RB protein was detected in 28 of 29 tumor cell lines from human lung, esophagus, liver, colon, and pancreas. The presence of p16INK4 protein is inversely correlated with detectable RB or cyclin D1 proteins and is not correlated with p53 mutations. Homozygous deletions of p16INK4 were detected in several cell lines, but intragenic mutations of this gene were unusual in either cell lines or primary tumors. Transfection of the p16INK4 cDNA expression vector into carcinoma cells inhibits their colony-forming efficiency and the p16INK4 expressing cells are selected against with continued passage in vitro. These results are consistent with the hypothesis that p16INK4 is a tumor-suppressor protein and that genetic and epigenetic abnormalities in genes controlling the G1 checkpoint can lead to both escape from senescence and cancer formation.	Okamoto A, Demetrick DJ, Spillare EA, Hagiwara K, Hussain SP, Bennett WP, Forrester K, Gerwin B, Serrano M, Beach DH. Mutations and altered expression of p16INK4 in human cancer <i>Proceedings of the National Academy of Sciences of the United States of America.</i> 1994-11-08. DOI:https://www.doi.org/10.1073/pnas.91.23.11045 PMID:7972006
7cfa9e7c-3b89-4f5d-96d3-d1c6257f9243	https://www.doi.org/10.1111/j.1349-7006.1994.tb02898.x	PMID:7961102	PMC5919355	No	Japanese Journal of Cancer Research	1994-10-01	K-ras and p53 alterations in genomic DNA and transcripts of human pancreatic adenocarcinoma cell lines	Open Access (license unspecified)	Yes	Yes	pmc_fulltext_xml/PMC5919355.xml		"[""Suwa H"", ""Yoshimura T"", ""Yamaguchi N"", ""Kanehira K"", ""Manabe T"", ""Imamura M"", ""Hiai H"", ""Fukumoto M.""]"	We analyzed 15 human pancreatic adenocarcinoma cell lines for alterations of the K-ras and the p53 genes and their transcripts. In 11 cell lines (73.3%), point mutations of the K-ras gene were found at codon 12 in exon 1. In 9 cell lines one allele was mutated and the other was wild type, and both the alleles were expressed into mRNA. In one cell line both alleles of codon 12 were mutated to TGT and GTT, respectively, but only TGT was transcribed into mRNA. Alterations in mRNA of the p53 gene were detected in 10 cell lines (66.7%). Analysis of the genomic sequence of the p53 gene revealed that the alterations consisted of 6 cases of base pair substitutions and 1 case of 1-bp deletion in evolutionarily conserved exons 5 to 8, 2 cases of splicing mutations in exon 4, and 1 case of novel deletion from exons 2 to 9. In 14 cell lines (93.3%), alterations were identified in the K-ras or p53 gene. Of these, 4 cell lines harbored K-ras mutations without p53 alteration, whereas 3 cell lines exhibited p53 alterations without K-ras mutation. Thus, it is suggested that activation of the K-ras gene and inactivation of the p53 gene are strongly and cooperatively associated with pancreatic carcinogenesis.	Suwa H, Yoshimura T, Yamaguchi N, Kanehira K, Manabe T, Imamura M, Hiai H, Fukumoto M. K-ras and p53 alterations in genomic DNA and transcripts of human pancreatic adenocarcinoma cell lines <i>Japanese Journal of Cancer Research.</i> 1994-10-01. DOI:https://www.doi.org/10.1111/j.1349-7006.1994.tb02898.x PMID:7961102
c76c756a-4cdc-4bff-a1bb-3cc9cce10bbb	https://www.doi.org/10.1172/JCI117360	PMID:8040301	PMC295111	No	The Journal of Clinical Investigation	1994-08-01	EWS-erg and EWS-Fli1 fusion transcripts in Ewing's sarcoma and primitive neuroectodermal tumors with variant translocations	PMC (access type unspecified)	No	No (abstract only)	pmc_fulltext_xml/PMC295111.xml		"[""Giovannini M"", ""Biegel JA"", ""Serra M"", ""Wang JY"", ""Wei YH"", ""Nycum L"", ""Emanuel BS"", ""Evans GA.""]"	We have determined the frequency of EWS fusion transcripts in a series of primary Ewing's sarcomas and peripheral primitive neuroectodermal tumors and cells lines. Type 1 and 2 EWS-Fli1 fusions were demonstrated in 8 cell lines and 14 patient samples. Five patients with cytogenetically characterized rearrangements of chromosome 22 that did not involve chromosome 11 were included in these studies. A novel EWS-Fli1 in-frame isoform fusing EWS to exon 8 of Fli1 was isolated from a tumor with a variant t(12;22;22)(q14;p1;q12) translocation. Three in-frame isoforms of a novel hybrid transcript derived from the fusion of EWS with the ETS domain of the human erg gene were identified in patient samples and a cell line with cytogenetically unidentified or cryptic translocations involving chromosomes 21 and 22. Interphase analysis by fluorescent in situ suppression hybridization using two overlapping erg yeast artificial chromosome clones demonstrated disruption of the erg gene on chromosome 21 in a patient sample with monosomy 22. Our results provide new information about the involvement of EWS in small round cell tumors involving exchange of its putative RNA-binding domain with DNA-binding domains derived from different members of the ETS family of transcription factors. These studies emphasize the utility of reverse transcriptase PCR analysis and fluorescent in situ hybridization as additional diagnostic tools for differential diagnosis among small round cell tumors.	Giovannini M, Biegel JA, Serra M, Wang JY, Wei YH, Nycum L, Emanuel BS, Evans GA. EWS-erg and EWS-Fli1 fusion transcripts in Ewing's sarcoma and primitive neuroectodermal tumors with variant translocations <i>The Journal of Clinical Investigation.</i> 1994-08-01. DOI:https://www.doi.org/10.1172/JCI117360 PMID:8040301
347b14d5-40f8-4865-8d74-b222c77ad023		PMID:8129040	PMC1887097	No	The American Journal of Pathology	1994-04-11	Specific expression of the neurofibromatosis type 1 gene (NF1) in the hamster Schwann cell	PMC (access type unspecified)	No	No (abstract only)	pmc_fulltext_xml/PMC1887097.xml		"[""T Nakamura"", ""T Nemoto"", ""M Arai"", ""Y Yamazaki"", ""T Kasuga"", ""D H Gutmann"", ""F S Collins"", ""T Ishikawa""]"	The gene responsible for neurofibromatosis type 1 (NF1) has sequence homology to the GTPase-activating protein (GAP) and demonstrates GAP activity against ras p21. To study tissue-specific and/or tumor-specific expression of the NF1 gene product, now called neurofibromin, immunostaining and immunoblotting were applied to the N-nitroso-N-ethylurea (ENU)-induced Syrian hamster neurofibromatosis model using polyclonal antibodies against the NF1 fusion protein and a synthetic peptide. Strong expression was observed specific to the Schwann cells of the normal peripheral nerves by immunostaining. Neoplastic Schwann cells showed specific binding of anti-NF1; however, the frequency of positive cells was diminished. Immunoblotting also revealed positive expression of the 250-kd NF1 gene product in the brain, the normal peripheral nerves, and 7 of 14 ENU-induced neurofibromas. Although ENU-induced melanoma and Wilms' tumor were negative for neurofibromin, foci of Schwannian differentiation in both primary and transplanted melanomas were positive. These results suggest that neurofibromin plays some role in differentiation and growth regulation of the Schwann cell.	T Nakamura, T Nemoto, M Arai, Y Yamazaki, T Kasuga, D H Gutmann, F S Collins, T Ishikawa. Specific expression of the neurofibromatosis type 1 gene (NF1) in the hamster Schwann cell. <i>The American Journal of Pathology.</i> 1994-04-11. PMID:8129040
a2c4e185-05b8-4b84-ae20-f9ef632720b4	https://www.doi.org/10.1038/bjc.1994.24	PMID:8286197	PMC1968784	No	British Journal of Cancer	1994-01-01	Human ductal adenocarcinomas of the pancreas express extracellular matrix proteins	CC-BY-4.0	Yes	Yes	pmc_fulltext_xml/PMC1968784.xml	This article is licensed under a Creative Commons Attribution 4.0 International License, which permits use, sharing, adaptation, distribution and reproduction in any medium or format, as long as you give appropriate credit to the original author(s) and the source, provide a link to the Creative Commons license, and indicate if changes were made. The images or other third party material in this article are included in the article’s Creative Commons license, unless indicated otherwise in a credit line to the material. If material is not included in the article’s Creative Commons license and your intended use is not permitted by statutory regulation or exceeds the permitted use, you will need to obtain permission directly from the copyright holder. To view a copy of this license, visit https://creativecommons.org/licenses/by/4.0/.	"[""Löhr M"", ""Trautmann B"", ""Göttler M"", ""Peters S"", ""Zauner I"", ""Maillet B"", ""Klöppel G.""]"	Pancreatic ductal adenocarcinomas are characterised by a dense connective tissue reaction. To test the hypothesis that stroma components are synthesised and produced by the tumour cells themselves, eight cell lines as well as six xenografted tumours from human ductal adenocarcinomas of the pancreas were examined for the expression of extracellular matrix proteins (ECM), using cDNA probes and antibodies to collagen types I, III and IV, vitronectin, fibronectin, undulin and laminin. All tumour cell lines (CAPAN-1, CAPAN-2, AsPC-1, BxPC-3, PANC-1, PaCa-2, PaCa-3, PaCa-44) and xenografted human pancreatic tumours expressed at least one of the examined ECM at the RNA (collagen type IV > laminin = fibronectin = vitronectin > collagen type III > undulin > collagen type I) or protein level (collagen type IV = collagen type III > vitronectin > laminin > collagen type I = fibronectin > undulin). In nude mouse tumours expression of laminin and collagen I was most pronounced in well-differentiated carcinomas. In a few tumours, collagen type III, vitronectin and undulin were expressed on the luminal side of the neoplastic glands, suggesting loss of normal polar differentiation. Incubation with fetal calf serum modulated ECM RNA levels to a varying extent in all but one cell line (AsPC-1). The results suggest that human pancreatic ductal adenocarcinomas cells are capable of synthesising and producing extracellular matrix proteins in vitro and in vivo, but that the extent and pattern of ECM expression differs between the various tumours and conditions tested.	Löhr M, Trautmann B, Göttler M, Peters S, Zauner I, Maillet B, Klöppel G. Human ductal adenocarcinomas of the pancreas express extracellular matrix proteins <i>British Journal of Cancer.</i> 1994-01-01. DOI:https://www.doi.org/10.1038/bjc.1994.24 PMID:8286197
935e4ff2-1431-447e-84e3-9695d9a9158e	https://www.doi.org/10.1073/pnas.90.12.5539	PMID:8516298	PMC46756	No	Proceedings of the National Academy of Sciences of the United States of America	1993-06-15	Inactivation of the NF1 gene in human melanoma and neuroblastoma cell lines without impaired regulation of GTP.Ras	PMC (access type unspecified)	No	No (abstract only)	pmc_fulltext_xml/PMC46756.xml		"[""Johnson MR"", ""Look AT"", ""DeClue JE"", ""Valentine MB"", ""Lowy DR.""]"	The NF1 gene, which is altered in patients with type 1 neurofibromatosis, encodes neurofibromin, a protein whose GTPase-activating function can negatively regulate GTP-Ras by accelerating its conversion to inactive GDP-Ras. In schwannoma cell lines from patients with neurofibromatosis, loss of neurofibromin was previously shown to be associated with impaired regulation of GTP-Ras. Our analysis of other neural crest-derived tumor cell lines has shown that some melanoma and neuroblastoma cell lines established from tumors occurring in patients without neurofibromatosis contain reduced or undetectable levels of neurofibromin, with concomitant genetic abnormalities of the NF1 locus. In contrast to the schwannoma cell lines, GTP-Ras was appropriately regulated in the melanoma and neuroblastoma lines that were deficient in neurofibromin, even when c-H-ras was overexpressed in the lines. These results demonstrate that some neural crest tumors not associated with neurofibromatosis have acquired somatically inactivated NF1 genes and suggest a tumor-suppressor function for neurofibromin that is independent of Ras GTPase activation.	Johnson MR, Look AT, DeClue JE, Valentine MB, Lowy DR. Inactivation of the NF1 gene in human melanoma and neuroblastoma cell lines without impaired regulation of GTP.Ras <i>Proceedings of the National Academy of Sciences of the United States of America.</i> 1993-06-15. DOI:https://www.doi.org/10.1073/pnas.90.12.5539 PMID:8516298
afda4459-8800-45a3-b7cf-7f8743e3464c	https://www.doi.org/10.1523/JNEUROSCI.13-04-01588.1993	PMID:8463837	PMC6576739	No	The Journal of Neuroscience : The Official Journal of the Society for Neuroscience	1993-05-06	Neurofibromin is enriched in the endoplasmic reticulum of CNS neurons	PMC (access type unspecified)	No	No (abstract only)	pmc_fulltext_xml/PMC6576739.xml		"[""M Nordlund"", ""X Gu"", ""M T Shipley"", ""N Ratner""]"	NF1 patients display CNS abnormalities including learning disabilities, clumsiness, astrocytomas, and abnormalities on magnetic resonance imaging exams. To determine whether the cellular and neuroanatomical distribution of neurofibromin reveals possible function for neurofibromin in the brain, we stained rat brain tissue sections with anti-neurofibromin antibodies. Neurofibromin is highly enriched in large projection neurons, such as cortical and hippocampal pyramidal cells and cerebellar Purkinje cells. Neurofibromin is present in cell bodies and in axons, but is highly enriched in dendrites. Immunoelectron microscopic analysis demonstrates that NF1 is associated with smooth vesiculotubular elements and cisternal stacks and with multivesicular bodies in the cell body and dendrites, but not with the plasma membrane, nucleus, nuclear envelope, Golgi apparatus, mitochondria, or rough endoplasmic reticulum. The preferential localization of neurofibromin to the smooth endoplasmic reticulum, together with evidence that neurofibromin modulates ras GTPase activity, suggests that some, if not all, of the CNS manifestations of NF1 might result from the altered expression of neurofibromin in neurons, perhaps through disruption of Ca2+ signaling, translocation of organelles, or endocytic pathways.	M Nordlund, X Gu, M T Shipley, N Ratner. Neurofibromin is enriched in the endoplasmic reticulum of CNS neurons. <i>The Journal of Neuroscience : The Official Journal of the Society for Neuroscience.</i> 1993-05-06. DOI:https://www.doi.org/10.1523/JNEUROSCI.13-04-01588.1993 PMID:8463837
febc20d4-7ca9-4851-9133-6fee9e2e93ea	https://www.doi.org/10.1073/pnas.90.7.2842	PMID:8464898	PMC46192	No	Proceedings of the National Academy of Sciences of the United States of America	1993-04-01	Tissue typing the HLA-A locus from genomic DNA by sequence-specific PCR: comparison of HLA genotype and surface expression on colorectal tumor cell lines	PMC (access type unspecified)	No	No (abstract only)	pmc_fulltext_xml/PMC46192.xml		"[""Browning MJ"", ""Krausa P"", ""Rowan A"", ""Bicknell DC"", ""Bodmer JG"", ""Bodmer WF.""]"	A system devised for tissue typing the HLA-A locus by PCR from genomic DNA has been used to investigate abnormalities of HLA expression in a panel of 30 colorectal tumor cell lines, by comparing the HLA-A locus genotype with surface expression of HLA. Three cell lines showed complete lack of HLA expression associated with failure to express beta 2-microglobulin. In two other cell lines, loss of expression of HLA-A2 was observed, in spite of the presence of the gene in genomic DNA. Eleven cell lines gave a single HLA-A locus specificity on PCR typing. In one of these cell lines we have demonstrated the loss of an HLA-A locus gene in the tumor cell by comparison with DNA from a lymphoblastoid B-cell line derived from the same patient. These data indicate that at least three independent mechanisms were involved in the loss of HLA expression on the colorectal tumor cell lines.	Browning MJ, Krausa P, Rowan A, Bicknell DC, Bodmer JG, Bodmer WF. Tissue typing the HLA-A locus from genomic DNA by sequence-specific PCR: comparison of HLA genotype and surface expression on colorectal tumor cell lines <i>Proceedings of the National Academy of Sciences of the United States of America.</i> 1993-04-01. DOI:https://www.doi.org/10.1073/pnas.90.7.2842 PMID:8464898
23667824-b8ef-4b9c-bd5b-c89a68ef17d2	https://www.doi.org/10.1111/j.1349-7006.1993.tb02851.x	PMID:8385084	PMC5919128	No	Japanese Journal of Cancer Research	1993-02-01	Alterations of integrin expression in human lung cancer	Open Access (license unspecified)	Yes	No (abstract only)	pmc_fulltext_xml/PMC5919128.xml		"[""Suzuki S"", ""Takahashi T"", ""Nakamura S"", ""Koike K"", ""Ariyoshi Y"", ""Takahashi T"", ""Ueda R.""]"	Integrins are cell-surface receptors which are involved in cell-matrix and/or cell-cell adhesion. They have been suggested to play a role in tumor invasion and metastasis. We examined the expression of various integrin subunits in normal and cancer cells of the lung using 33 human lung cancer cell lines as well as 6 lung cancer samples from which tumor cell lines could be established. This study clearly demonstrated that changes in the expression of certain integrins occur frequently in lung cancer, especially in small cell lung cancer. Loss of the alpha 1 subunit of the beta 1 integrin family appears to be the most prominent change, although loss of other integrin subunits such as alpha 2 or emergence of some integrin subunits such as alpha v can also be observed. These results suggest that changes in integrin expression may contribute to the invasive and/or metastatic behavior of lung cancer.	Suzuki S, Takahashi T, Nakamura S, Koike K, Ariyoshi Y, Takahashi T, Ueda R. Alterations of integrin expression in human lung cancer <i>Japanese Journal of Cancer Research.</i> 1993-02-01. DOI:https://www.doi.org/10.1111/j.1349-7006.1993.tb02851.x PMID:8385084
ed07f264-d384-4a36-9497-c24cd7aa882c	https://www.doi.org/10.1128/mcb.13.1.487-495.1993	PMID:8417346	PMC358928	No	Molecular and Cellular Biology	1993-01-01	A conserved alternative splice in the von Recklinghausen neurofibromatosis (NF1) gene produces two neurofibromin isoforms, both of which have GTPase-activating protein activity	PMC (access type unspecified)	No	No (abstract only)	pmc_fulltext_xml/PMC358928.xml		"[""Andersen LB"", ""Ballester R"", ""Marchuk DA"", ""Chang E"", ""Gutmann DH"", ""Saulino AM"", ""Camonis J"", ""Wigler M"", ""Collins FS.""]"	Sequence analysis has shown significant homology between the catalytic regions of the mammalian ras GTPase-activating protein (GAP), yeast Ira1p and Ira2p (inhibitory regulators of the RAS-cyclic AMP pathway), and neurofibromin, the protein encoded by the NF1 gene. Yeast expression experiments have confirmed that a 381-amino-acid segment of neurofibromin, dubbed the GAP-related domain (GRD), can function as a GAP. Using the RNA polymerase chain reaction with primers flanking the NF1-GRD, we have identified evidence for alternative splicing in this region of the NF1 gene. In addition to the already published sequence (type I), an alternative RNA carrying a 63-nucleotide insertion (type II) is present in all tissues examined, although the relative amounts of types I and II vary. The insertion is conserved across species but is not present in GAP, IRA1, or IRA2. GenBank searches have failed to identify significant similarity between the inserted sequence and known DNA or protein sequences, although the basic amino acid composition of the insertion shares features with nuclear targeting sequences. Expression studies in yeasts show that despite the partial disruption of the neurofibromin-IRA-GAP homology by this insertion, both forms of the NF1-GRD can complement loss of IRA function. In vivo assays designed to compare the GAP activity of the two alternatively spliced forms of the NF1-GRD show that both can increase the conversion of GTP-bound ras to its GDP-bound form, although the insertion of the 21 amino acids weakens this effect. The strong conservation of this alternative splicing suggests that both type I and II isoforms mediate important biological functions of neurofibromin.	Andersen LB, Ballester R, Marchuk DA, Chang E, Gutmann DH, Saulino AM, Camonis J, Wigler M, Collins FS. A conserved alternative splice in the von Recklinghausen neurofibromatosis (NF1) gene produces two neurofibromin isoforms, both of which have GTPase-activating protein activity <i>Molecular and Cellular Biology.</i> 1993-01-01. DOI:https://www.doi.org/10.1128/mcb.13.1.487-495.1993 PMID:8417346
6bfd659a-1a59-4d4d-9dc8-a3e4e92f1975	https://www.doi.org/10.1038/bjc.1991.467	PMID:1764370	PMC1977874	No	British Journal of Cancer	1991-12-01	Abnormalities of the p53 tumour suppressor gene in human pancreatic cancer	CC-BY-4.0	Yes	Yes	pmc_fulltext_xml/PMC1977874.xml	This article is licensed under a Creative Commons Attribution 4.0 International License, which permits use, sharing, adaptation, distribution and reproduction in any medium or format, as long as you give appropriate credit to the original author(s) and the source, provide a link to the Creative Commons license, and indicate if changes were made. The images or other third party material in this article are included in the article’s Creative Commons license, unless indicated otherwise in a credit line to the material. If material is not included in the article’s Creative Commons license and your intended use is not permitted by statutory regulation or exceeds the permitted use, you will need to obtain permission directly from the copyright holder. To view a copy of this license, visit https://creativecommons.org/licenses/by/4.0/.	"[""Barton CM"", ""Staddon SL"", ""Hughes CM"", ""Hall PA"", ""O'Sullivan C"", ""Klöppel G"", ""Theis B"", ""Russell RC"", ""Neoptolemos J"", ""Williamson RC"", ""et al.""]"	The tumour suppressor gene p53 has been found to be mutated or inactivated at high frequency in several common human tumours. We have examined a series of exocrine pancreatic carcinomas for over-expression of mutant forms of p53 by immunohistochemistry with a panel of specific antibodies. We found immunodetectable p53 in 13 of 22 (60%) frozen pancreatic cancers and seven of 13 pancreatic cell lines. One of the antibodies, CM1, recognises p53 in formalin-fixed, paraffin-embedded archival material and using this reagent we found immunodetectable p53 in 28 of 124 (23%) pancreatic cancers. We have successfully demonstrated the presence of point mutations by direct sequencing of genomic DNA extracted from archival tissue showing CM1 immunoreactivity. We conclude that p53 activation is an important event in human pancreatic tumorigenesis and that the CM1 antibody can detect a proportion of cases of overexpression of mutant p53 in archival pathological material.	Barton CM, Staddon SL, Hughes CM, Hall PA, O'Sullivan C, Klöppel G, Theis B, Russell RC, Neoptolemos J, Williamson RC. Abnormalities of the p53 tumour suppressor gene in human pancreatic cancer <i>British Journal of Cancer.</i> 1991-12-01. DOI:https://www.doi.org/10.1038/bjc.1991.467 PMID:1764370
b97a47ef-3a57-4c9e-8c81-1a17c8470487	https://www.doi.org/10.1111/j.1349-7006.1991.tb01816.x	PMID:1778766	PMC5918361	No	Japanese Journal of Cancer Research	1991-12-01	Aberrant elevation of tyrosine-specific phosphorylation in human gastric cancer cells	Open Access (license unspecified)	Yes	Yes	pmc_fulltext_xml/PMC5918361.xml		"[""Takeshima E"", ""Hamaguchi M"", ""Watanabe T"", ""Akiyama S"", ""Kataoka M"", ""Ohnishi Y"", ""Xiao HY"", ""Nagai Y"", ""Takagi H.""]"	Phosphotyrosine-containing proteins in various human cancer cell lines were studied by immunoblotting with anti-phosphotyrosine antibody. Of 29 cell lines derived from oral epidermoid cancer, esophageal cancer, gastric cancer, colon cancer, pancreatic cancer, hepatocellular carcinoma and malignant melanoma, 3 of the 6 gastric cancer cells showed aberrant elevation of tyrosine-specific phosphorylation. On the other hand, both esophageal cancer cells and colon cancer cells, which were reported to have amplified epidermal growth factor receptor and activated p60v-src kinase, respectively, showed no apparent elevation of tyrosine-specific phosphorylation, and their profiles of phosphorylation were similar to that of normal human fibroblasts. Two gastric cancer cells, NUGC-4 and MKN-45, showed similar profiles of phosphorylation but their responses to growth factors differed from each other. Tyrosine phosphorylation in NUGC-4 was strongly activated by treatment with epidermal growth factor and quickly reduced by the acid treatment which is effective in removing growth factors from cellular surface receptors. On the contrary, phosphorylation in MKN-45 did not respond to either growth factor or acid treatment. These results suggest that NUGC-4 and MKN-45 have tyrosine kinases which are activated by different mechanisms but share similar substrates.	Takeshima E, Hamaguchi M, Watanabe T, Akiyama S, Kataoka M, Ohnishi Y, Xiao HY, Nagai Y, Takagi H. Aberrant elevation of tyrosine-specific phosphorylation in human gastric cancer cells <i>Japanese Journal of Cancer Research.</i> 1991-12-01. DOI:https://www.doi.org/10.1111/j.1349-7006.1991.tb01816.x PMID:1778766
fa9d139d-853b-4909-82ee-f46e5687136f	https://www.doi.org/10.1073/pnas.88.21.9658	PMID:1946382	PMC52777	No	Proceedings of the National Academy of Sciences of the United States of America	1991-11-01	Identification of the neurofibromatosis type 1 gene product	PMC (access type unspecified)	No	No (abstract only)	pmc_fulltext_xml/PMC52777.xml		"[""Gutmann DH"", ""Wood DL"", ""Collins FS.""]"	The gene for neurofibromatosis type 1 (NF1) was recently identified by positional cloning. The complete cDNA encodes a polypeptide of 2818 amino acids. To study the NF1 gene product, antibodies were raised against both fusion proteins and synthetic peptides. Initial characterization of two anti-peptide antibodies and one fusion-protein antibody demonstrated a specific protein of approximately 250 kDa by both immunoprecipitation and immunoblotting. This protein was found in all tissues and cell lines examined and is detected in human, rat, and mouse tissues. To demonstrate that these antibodies specifically recognize the NF1 protein, additional fusion proteins containing the sequence specific to the synthetic peptide were generated. Both peptide antisera recognize the proper specific fusion proteins so generated. Immunoprecipitates using the peptide antisera were shown to recognize the same protein detected by immunoblotting with either the other peptide antiserum or the fusion-protein antiserum. Immunoblotting using antiserum specific to spatially distinct epitopes conducted on tissue homogenates demonstrated the NF1 protein in all adult tissues. Based on the homology between the NF1 gene product and members of the GTPase-activating protein (GAP) superfamily, the name NF1-GAP-related protein (NF1GRP) is suggested.	Gutmann DH, Wood DL, Collins FS. Identification of the neurofibromatosis type 1 gene product <i>Proceedings of the National Academy of Sciences of the United States of America.</i> 1991-11-01. DOI:https://www.doi.org/10.1073/pnas.88.21.9658 PMID:1946382
142c483e-f300-444e-82b8-78c646f91725	https://www.doi.org/10.1111/j.1349-7006.1990.tb03336.x	PMID:2172194	PMC5917979	No	Japanese Journal of Cancer Research	1990-10-01	Establishment and characterization of human pancreatic cancer cell lines in tissue culture and in nude mice	Open Access (license unspecified)	Yes	Yes	pmc_fulltext_xml/PMC5917979.xml		"[""Ikeda Y"", ""Ezaki M"", ""Hayashi I"", ""Yasuda D"", ""Nakayama K"", ""Kono A.""]"	Three human pancreatic cancer cell lines, designated as KP-1N, KP-2 and KP-3 have been established in both tissue cultures and in nude mice. The KP-1N and KP-3 tumors were obtained from liver metastases of pancreatic tumors and the KP-2 tumors was of primary pancreatic origin. The patients' tumors from which KP-1N and KP-2 were derived showed characteristics of adenocarcinoma, and the KP-3 tumor had adenosquamous carcinoma characteristics. Inoculations of samples from surgical specimens into athymic nude mice resulted in tumor formation, with the tumors histologically closely resembling the original neoplasms. Subcutaneous injections of the established cell lines also induced tumor formation and the tumors histologically resembled the original lesion in the cases of KP-2 and KP-3 tumors, but the KP-1N tumors in the mice were histologically different from the surgical specimen. The KP-1N, KP-2 and KP-3 cell lines have been cultured continuously in a medium supplemented with 10% fetal calf serum for more than 20, 21 and 17 months, respectively. The KP-2 and KP-3 cell lines produced and released carbohydrate antigen 19-9 into the spent medium but the KP-1N cell line did not. KP-1N and KP-3, produced liver metastases after intrasplenic injection into nude mice, whereas KP-2 produced few liver colonies. Cell lines highly metastatic to the liver, KP-1NLs and KP-3Ls, were isolated from the liver colonies of KP-1N and KP-3, respectively.	Ikeda Y, Ezaki M, Hayashi I, Yasuda D, Nakayama K, Kono A. Establishment and characterization of human pancreatic cancer cell lines in tissue culture and in nude mice <i>Japanese Journal of Cancer Research.</i> 1990-10-01. DOI:https://www.doi.org/10.1111/j.1349-7006.1990.tb03336.x PMID:2172194
00381297-c924-4934-b9ca-485ea87cb55b	https://www.doi.org/10.1042/bj2670491	PMID:2110452	PMC1131316	No	Biochemical Journal	1990-04-15	The T84 human colonic adenocarcinoma cell line produces mucin in culture and releases it in response to various secretagogues	PMC (access type unspecified)	No	No (abstract only)	pmc_fulltext_xml/PMC1131316.xml		"[""McCool DJ"", ""Marcon MA"", ""Forstner JF"", ""Forstner GG.""]"	The T84 colonic adenocarcinoma cell line, which has been used extensively as a model for studies of epithelial chloride secretion, also produces mucin and secretes it in culture. Electron microscopy of fixed sections of cultured cells, along with Immunogold labelling with an antibody to human small intestine (SI) mucin, revealed the presence of goblet-like cells with mucin-containing secretory granules. The mucin was of high molecular mass, had an amino acid composition similar to that of purified human SI and colonic mucins, and competed effectively with SI mucin for binding to the anti-(SI mucin) antibody. A sensitive solid-phase immunoassay specific for intestinal mucins was developed and used to measure mucin secretion by T84 cells. Cultures were treated for 30 min at 37 degrees C with a number of agents known to cause chloride secretion by T84 cell monolayers and the amount of mucin appearing in the medium was measured. Carbachol (1 mM), A23187 (10 microM), prostaglandin E1 (PGE1) (1 microM) and vasoactive intestinal polypeptide (VIP) (0.1 microM) all stimulated mucin release, but histamine (1 mM) had no effect. Whereas VIP is reported to stimulate chloride secretion more strongly than carbachol, it was less effective than carbachol in stimulating mucin secretion. Phorbol 12-myristate 13-acetate (PMA) (0.1-10 microM) also stimulated mucin release strongly, implicating a responsive protein-kinase C-dependent pathway. Additive secretory responses were obtained with combined stimulation by VIP (10 nM-1 microM) and carbachol (1 mM). Responses to stimulation with A23187 (1-10 microM) together with PMA (10 nM-10 microM) suggest that cytosolic Ca2+ concentration is a modulator of PMA activity.	McCool DJ, Marcon MA, Forstner JF, Forstner GG. The T84 human colonic adenocarcinoma cell line produces mucin in culture and releases it in response to various secretagogues <i>Biochemical Journal.</i> 1990-04-15. DOI:https://www.doi.org/10.1042/bj2670491 PMID:2110452
efb289c9-5ab2-4c33-9236-ee5dc5502ad3	https://www.doi.org/10.1073/pnas.86.8.2804	PMID:2784858	PMC287007	No	Proceedings of the National Academy of Sciences of the United States of America	1989-04-01	Cytolytic T-cell clones against an autologous human melanoma: specificity study and definition of three antigens by immunoselection	PMC (access type unspecified)	No	No (abstract only)	pmc_fulltext_xml/PMC287007.xml		"[""Knuth A"", ""Wölfel T"", ""Klehmann E"", ""Boon T"", ""Meyer zum Büschenfelde KH.""]"	Cytolytic T-lymphocyte (CTL) clones against an autologous melanoma (SK-MEL-29) were generated by mixed lymphocyte tumor culture and subsequent cloning of responder lymphocytes at limiting dilutions. These CTL clones lysed autologous melanoma but not autologous Epstein-Barr virus-transformed B cells and none of the allogeneic tumor targets included in the specificity analysis. The lysis of autologous melanoma targets could be inhibited by monoclonal antibodies against monomorphic HLA class I determinants. For proliferation of CTLs, the stimulation with the relevant target antigen on autologous tumor cells was essential. Immunoselection experiments carried out with two CTL clones revealed the existence of melanoma subclones that were resistant to lysis by the CTL clones used for immunoselection but were still lysed by other autologous CTL clones. This analysis allowed us to identify three stable simultaneously expressed antigens on the melanoma cells defined by autologous CTLs.	Knuth A, Wölfel T, Klehmann E, Boon T, Meyer zum Büschenfelde KH. Cytolytic T-cell clones against an autologous human melanoma: specificity study and definition of three antigens by immunoselection <i>Proceedings of the National Academy of Sciences of the United States of America.</i> 1989-04-01. DOI:https://www.doi.org/10.1073/pnas.86.8.2804 PMID:2784858
9a979369-7624-49bc-a115-5611555349cf	https://www.doi.org/10.1073/pnas.85.12.4355	PMID:3132710	PMC280427	No	Proceedings of the National Academy of Sciences of the United States of America	1988-06-01	Oncogene v-src transforms and establishes embryonic rodent fibroblasts but not diploid human fibroblasts	PMC (access type unspecified)	No	No (abstract only)	pmc_fulltext_xml/PMC280427.xml		"[""Hjelle B"", ""Liu E"", ""Bishop JM.""]"	The conversion of cells from a normal phenotype to full malignancy apparently requires multiple genetic events. Efforts to reconstruct multistep tumorigenesis in cell culture have shown that two types of oncogenes (typified by HRAS and MYC) can cooperate to elicit complete transformation. Transformation of embryonic rodent cells by single oncogenes is reputed either not to occur or to require specialized circumstances. It has not been known how the large group of oncogenes that encode protein-tyrosine kinases might fit into this scheme. We now report that v-src, a prototype for the kinase oncogenes, can convert rat embryo fibroblasts to a fully transformed and tumorigenic phenotype when the gene is expressed vigorously. By contrast, v-src had no demonstrable effect on diploid human fibroblasts. Our results sustain the view that it is possible for at least some oncogenes to achieve a potency sufficient for unilateral tumorigenesis.	Hjelle B, Liu E, Bishop JM. Oncogene v-src transforms and establishes embryonic rodent fibroblasts but not diploid human fibroblasts <i>Proceedings of the National Academy of Sciences of the United States of America.</i> 1988-06-01. DOI:https://www.doi.org/10.1073/pnas.85.12.4355 PMID:3132710
065496c2-d01d-4554-ac41-7ca56629e4ab	https://www.doi.org/10.1073/pnas.85.11.3965	PMID:2453881	PMC280341	No	Proceedings of the National Academy of Sciences of the United States of America	1988-06-01	Class 1 (unique) tumor antigens of human melanoma: identification of unique and common epitopes on a 90-kDa glycoprotein	PMC (access type unspecified)	No	No (abstract only)	pmc_fulltext_xml/PMC280341.xml		"[""Real FX"", ""Furukawa KS"", ""Mattes MJ"", ""Gusik SA"", ""Cordon-Cardo C"", ""Oettgen HF"", ""Old LJ"", ""Lloyd KO.""]"	Antibodies present in the serum of melanoma patient FD detect an antigenic determinant (FD) restricted to the autologous melanoma cell line SK-MEL-131. This cell-surface determinant is carried on a glycoprotein of 90 kDa, designated gp90. Mice were immunized with a partially purified preparation of gp90 derived from SK-MEL-131 clone 1.5, and three murine hybridomas (KF23, KF26, and KF104) secreting monoclonal antibodies (mAbs) detecting this antigen have been generated. Sequential immunoprecipitation experiments demonstrate that the three mAbs and human FD serum react with the same gp90 species. The mAbs, in contrast to FD serum, react with a broad range of cultured cells in assays for cell-surface antigens and immunoprecipitate a gp90 component from radiolabeled extracts of these cells, including autologous FD B cells. We conclude that gp90 from SK-MEL-131 has two types of determinants: restricted (detected by FD serum) and common (detected by the mouse mAbs). gp90 molecules from cell lines other than SK-MEL-131 carry only the common determinant(s). Immunoperoxidase analysis of frozen tissue sections with mAb KF23 demonstrated a restricted gp90 expression in normal tissues (capillary endothelial cells, duct epithelium in sweat glands, breast, and pancreas). Melanomas and sarcomas showed strong gp90 expression, suggesting up-regulation of gp90 synthesis in certain human cancers.	Real FX, Furukawa KS, Mattes MJ, Gusik SA, Cordon-Cardo C, Oettgen HF, Old LJ, Lloyd KO. Class 1 (unique) tumor antigens of human melanoma: identification of unique and common epitopes on a 90-kDa glycoprotein <i>Proceedings of the National Academy of Sciences of the United States of America.</i> 1988-06-01. DOI:https://www.doi.org/10.1073/pnas.85.11.3965 PMID:2453881
fca61bc2-6f86-414c-aa91-45359ea8fe3c	https://www.doi.org/10.1007/BF00398190	PMID:3204111	PMC12243788	No	Journal of Cancer Research and Clinical Oncology	1988-01-01	N-myc amplification at chromosome band 1p32 in neuroblastoma cells as investigated by in situ hybridization	PMC (access type unspecified)	No	No (abstract only)	pmc_fulltext_xml/PMC12243788.xml		"[""Longo L"", ""Christiansen H"", ""Christiansen NM"", ""Cornaglia-Ferraris P"", ""Lampert F.""]"	Chromosome deletion at the short arm of one chromosome 1 (1p32)--the most common aberration in neuroblastoma cells--was found to be combined with the generation of a homogeneously staining region at this specific site in a newly established neuroblastoma cell line (GI-LI-N) from a stage IV neuroblastoma. By in situ hybridization this homogeneously staining region was shown to contain multiple copies of the proto-oncogene N-myc. This 30-fold oncogene amplification was confirmed by Southern-blot and DNA-dot-blot analyses. In two additional cell lines from children with stage IV neuroblastoma (GI-ME-N and GI-CA-N) N-myc amplification was not detected. Chromosome 1, however, was involved in a structural rearrangement in one cell line (GI-ME-N).	Longo L, Christiansen H, Christiansen NM, Cornaglia-Ferraris P, Lampert F. N-myc amplification at chromosome band 1p32 in neuroblastoma cells as investigated by in situ hybridization <i>Journal of Cancer Research and Clinical Oncology.</i> 1988-01-01. DOI:https://www.doi.org/10.1007/BF00398190 PMID:3204111
8ad82e76-6f87-4390-86ec-cceb02af4791	https://www.doi.org/10.1038/bjc.1985.220	PMID:2998422	PMC1977239	No	British Journal of Cancer	1985-10-01	Establishment and characterisation of cell lines from patients with lung cancer (predominantly small cell carcinoma)	CC-BY-4.0	Yes	Yes	pmc_fulltext_xml/PMC1977239.xml	This article is licensed under a Creative Commons Attribution 4.0 International License, which permits use, sharing, adaptation, distribution and reproduction in any medium or format, as long as you give appropriate credit to the original author(s) and the source, provide a link to the Creative Commons license, and indicate if changes were made. The images or other third party material in this article are included in the article’s Creative Commons license, unless indicated otherwise in a credit line to the material. If material is not included in the article’s Creative Commons license and your intended use is not permitted by statutory regulation or exceeds the permitted use, you will need to obtain permission directly from the copyright holder. To view a copy of this license, visit https://creativecommons.org/licenses/by/4.0/.	"[""Baillie-Johnson H"", ""Twentyman PR"", ""Fox NE"", ""Walls GA"", ""Workman P"", ""Watson JV"", ""Johnson N"", ""Reeve JG"", ""Bleehen NM.""]"	Tissue samples from 59 patients with lung cancer have been used to establish cell lines in culture. The primary diagnosis was small cell carcinoma in all except four. Most of the samples were of bone marrow but pleural effusions, lymph node biopsies and skin metastases were also included. The samples were usually split between HITES serum-free medium and HITES plus 2.5% foetal calf serum. A total of 19 cell lines were established and characterised. One line is large cell anaplastic lung carcinoma, four are B-lymphoblastoid and fourteen are small cell lung cancer. Considerable heterogeneity in gross morphology, neuroendocrine differentiation (by electron microscopy) and content of the enzyme L-dopa decarboxylase was seen. The use of HITES plus 2.5% foetal calf serum resulted in better establishment of cultures than did serum-free HITES.	Baillie-Johnson H, Twentyman PR, Fox NE, Walls GA, Workman P, Watson JV, Johnson N, Reeve JG, Bleehen NM. Establishment and characterisation of cell lines from patients with lung cancer (predominantly small cell carcinoma) <i>British Journal of Cancer.</i> 1985-10-01. DOI:https://www.doi.org/10.1038/bjc.1985.220 PMID:2998422
43937bcc-b085-48c4-92f5-2790bc8a1ed6	https://www.doi.org/10.1073/pnas.82.5.1470	PMID:2983346	PMC397284	No	Proceedings of the National Academy of Sciences of the United States of America	1985-03-01	Loss of polymorphic restriction fragments in malignant melanoma: implications for tumor heterogeneity	PMC (access type unspecified)	No	No (abstract only)	pmc_fulltext_xml/PMC397284.xml		"[""Dracopoli NC"", ""Houghton AN"", ""Old LJ.""]"	Loss of genetic material at certain chromosomal sites is implicated in the etiology of retinoblastoma and Wilms tumor. Whether specific chromosomal deletions are associated with other types of human cancer needs to be explored. We have examined 24 melanoma cell lines, derived from 21 patients with nonfamilial malignant melanoma, for evidence of somatically induced hemizygosity or homozygosity. Twelve DNA probes, recognizing single-copy restriction fragment length polymorphisms (RFLP) determined by loci on 11 different chromosomes, were used to screen autologous combinations of melanoma cells and either B cells or fibroblasts. Loss of heterozygosity in melanoma cells was identified at 27 of 100 informative loci. These losses occurred at loci on 8 different chromosomes, and the frequency of loss at individual loci varied between 8% and 67%. We conclude that somatic mutations resulting in homozygosity or hemizygosity are common in melanoma and evidently not restricted to specific chromosomes.	Dracopoli NC, Houghton AN, Old LJ. Loss of polymorphic restriction fragments in malignant melanoma: implications for tumor heterogeneity <i>Proceedings of the National Academy of Sciences of the United States of America.</i> 1985-03-01. DOI:https://www.doi.org/10.1073/pnas.82.5.1470 PMID:2983346
ebb78f97-b70b-4393-a218-45e18b9a9ac4	https://www.doi.org/10.1084/jem.156.6.1755	PMID:7175440	PMC2186870	No	Journal of Experimental Medicine	1982-12-01	Surface antigens of melanocytes and melanomas. Markers of melanocyte differentiation and melanoma subsets	CC-BY-NC-SA	Yes	Yes	pmc_fulltext_xml/PMC2186870.xml	This article is distributed under the terms of an Attribution–Noncommercial–Share Alike–No Mirror Sites license for the first six months after the publication date (see http://www.rupress.org/terms). After six months it is available under a Creative Commons License (Attribution–Noncommercial–Share Alike 4.0 Unported license, as described at http://creativecommons.org/licenses/by-nc-sa/4.0/).	"[""Houghton AN"", ""Eisinger M"", ""Albino AP"", ""Cairncross JG"", ""Old LJ.""]"	The surface antigens of melanocytes from newborn and adult skin have been analyzed with monoclonal antibodies detecting cell surface antigens of malignant melanoma. Antigenic markers that distinguish early, intermediate, and mature stages in melanocyte differentiation have been defined. The characteristics of the normal melanocyte precursor have been inferred from the features of melanomas that express early markers of melanocyte differentiation. A rudimentary surface antigen map of cells undergoing melanocyte differentiation and a new classification of melanomas based on the expression of melanocyte differentiation antigens are proposed.	Houghton AN, Eisinger M, Albino AP, Cairncross JG, Old LJ. Surface antigens of melanocytes and melanomas. Markers of melanocyte differentiation and melanoma subsets <i>Journal of Experimental Medicine.</i> 1982-12-01. DOI:https://www.doi.org/10.1084/jem.156.6.1755 PMID:7175440
4d658f41-e537-4c5b-9698-baff84e8c18f		PMID:6278935	PMC1916189	No	The American Journal of Pathology	1982-02-01	Human pancreatic adenocarcinoma line Capan-1 in tissue culture and the nude mouse: morphologic, biologic, and biochemical characteristics	PMC (access type unspecified)	No	No (abstract only)	pmc_fulltext_xml/PMC1916189.xml		"[""Kyriazis AP"", ""Kyriazis AA"", ""Scarpelli DG"", ""Fogh J"", ""Rao MS"", ""Lepera R.""]"	Human pancreatic ductal adenocarcinoma line Capan-1 was studied in tissue culture and the nude mouse. In tissue culture, the neoplastic cells grew as large epithelial-like mucin-producing cells. Subcutaneous and intraperitoneal transplantation of neoplastic cells into nude mice resulted in tumor formation characterized by marked invasiveness and distant metastases. Histologically, the tumor appeared as a well-differentiated mucin-producing adenocarcinoma morphologically resembling the tumor of origin. Chromosomal analysis showed a human karyotype with a chromosome number between 51-61. Lactate dehydrogenase and beta 2-microglobulin used as tumor markers were present in both tissue culture and the serum of tumor-bearing mice. The neoplasm, which was characterized by an increased level of cAMP, had lost completely the ability to respond to secretin stimulation. The tumor grown in the nude mouse was resistant to treatment with 5-fluorouracil, behavior identical to that of the original tumor. Diphtheria toxin resulted in complete tumor destruction. Because Capan-1 tumor grown in the nude mouse shows morphologic, biologic, and biochemical characteristics similar to the tumor of origin, it may be an invaluable tool in furthering understanding of the biology of human pancreatic cancer.	Kyriazis AP, Kyriazis AA, Scarpelli DG, Fogh J, Rao MS, Lepera R. Human pancreatic adenocarcinoma line Capan-1 in tissue culture and the nude mouse: morphologic, biologic, and biochemical characteristics <i>The American Journal of Pathology.</i> 1982-02-01. PMID:6278935
45c5e301-e7fe-4894-9a08-b5f3309bed33	https://www.doi.org/10.1073/pnas.78.7.4591	PMID:6270685	PMC319839	No	Proceedings of the National Academy of Sciences of the United States of America	1981-07-01	Monoclonal antibodies that demonstrate specificity for several types of human lung cancer	PMC (access type unspecified)	No	No (abstract only)	pmc_fulltext_xml/PMC319839.xml		"[""Cuttitta F"", ""Rosen S"", ""Gazdar AF"", ""Minna JD.""]"	Monoclonal antibodies with selectivity for human lung cancer were produced by immunizing BALB/c mice with an established line of human small cell lung cancer (NCI-H69) and fusing the mouse spleen cells to mouse myeloma line X63-Ag8.653. The resulting hybrid cells were initially screened by immunoautoradiography for production of antibodies that would react with NCI-H69 and another small cell lung cancer line (NCI-H128) but not its autologous B-lymphoblastoid line (NCI-H128BL). Stable monoclonal antibody-producing lines were isolated by repeated cloning. Three independently derived monoclonal antibodies, designated 525A5, 534F8, and 538F12, were found to react with three of the major types of human lung cancer (small cell, adenocarcinoma, and squamous carcinoma). They did not react with bronchioloalveolar and large cell lung cancers, myeloma, lymphomas, leukemias, osteogeneic sarcoma, mesothelioma, hypernephroma, malignant melanoma, simian virus 40-transformed human fetal lung cells, skin fibroblast lines, human B-lymphoblastoid lines, human erythrocytes, and rodent cells. Interestingly, these antibodies also bound to three out of three human neuroblastomas and two out of three breast cancers but failed to react with mouse neuroblastoma and rat pheochromocytoma. The monoclonal antibodies reacted with human small cell lung cancer tumors obtained at autopsy, but had insignificant reactions with normal human lung, liver, spleen, and skeletal muscle. We conclude that monoclonal antibodies have been generated that react with common antigenic determinants expressed on several human lung cancer types, neuroblastoma, and some breast cancers, but are not detectable by our current assays on a variety of other human tumors or normal adult human tissues. Such antibodies are of potential clinical and biological importance.	Cuttitta F, Rosen S, Gazdar AF, Minna JD. Monoclonal antibodies that demonstrate specificity for several types of human lung cancer <i>Proceedings of the National Academy of Sciences of the United States of America.</i> 1981-07-01. DOI:https://www.doi.org/10.1073/pnas.78.7.4591 PMID:6270685
