publicationId	doi	pmid	pmcid	in_main_portal	journal	publicationDate	publicationTitle	license	is_open_access	has_fulltext	xml_file	license_url_or_text	authors	abstract	citation
8a2c6ed5-f6ab-40e7-bd20-fce178aafd86	https://www.doi.org/10.1016/j.isci.2023.106096	PMID:36818284	PMC9929861	No	iScience	2023-01-31	Deep genomic analysis of malignant peripheral nerve sheath tumor cell lines challenges current malignant peripheral nerve sheath tumor diagnosis	CC-BY-4.0	Yes	Yes	pmc_fulltext_xml/PMC9929861.xml	This is an open access article under the CC BY license (http://creativecommons.org/licenses/by/4.0/).	"[""Magallón-Lorenz M"", ""Terribas E"", ""Ortega-Bertran S"", ""Creus-Bachiller E"", ""Fernández M"", ""Requena G"", ""Rosas I"", ""Mazuelas H"", ""Uriarte-Arrazola I"", ""Negro A"", ""Lausová T"", ""Castellanos E"", ""Blanco I"", ""DeVries G"", ""Kawashima H"", ""Legius E"", ""Brems H"", ""Mautner V"", ""Kluwe L"", ""Ratner N"", ""Wallace M"", ""Fernández-Rodriguez J"", ""Lázaro C"", ""Fletcher JA"", ""Reuss D"", ""Carrió M"", ""Gel B"", ""Serra E.""]"	Malignant peripheral nerve sheath tumors (MPNSTs) are soft-tissue sarcomas of the peripheral nervous system that develop either sporadically or in the context of neurofibromatosis type 1 (NF1). MPNST diagnosis can be challenging and treatment outcomes are poor. We present here a resource consisting of the genomic characterization of 9 widely used human MPNST cell lines for their use in translational research. NF1-related cell lines recapitulated primary MPNST copy number profiles, exhibited NF1, CDKN2A, and SUZ12/EED tumor suppressor gene (TSG) inactivation, and presented no gain-of-function mutations. In contrast, sporadic cell lines collectively displayed different TSG inactivation patterns and presented kinase-activating mutations, fusion genes, altered mutational frequencies and COSMIC signatures, and different methylome-based classifications. Cell lines re-classified as melanomas and other sarcomas exhibited a different drug-treatment response. Deep genomic analysis, methylome-based classification, and cell-identity marker expression, challenged the identity of common MPNST cell lines, opening an opportunity to revise MPNST differential diagnosis.	Magallón-Lorenz M, Terribas E, Ortega-Bertran S, Creus-Bachiller E, Fernández M, Requena G, Rosas I, Mazuelas H, Uriarte-Arrazola I, Negro A, Lausová T, Castellanos E, Blanco I, DeVries G, Kawashima H, Legius E, Brems H, Mautner V, Kluwe L, Ratner N, Wallace M, Fernández-Rodriguez J, Lázaro C, Fletcher JA, Reuss D, Carrió M, Gel B, Serra E. Deep genomic analysis of malignant peripheral nerve sheath tumor cell lines challenges current malignant peripheral nerve sheath tumor diagnosis. iScience. 2023 Jan 31;26(2):106096. doi: 10.1016/j.isci.2023.106096. PMID: 36818284; PMCID: PMC9929861.
5e1a47f6-29e0-414a-8dac-ebdb696c911e	https://www.doi.org/10.1038/s41598-022-21429-4	PMID:36351971	PMC9646701	No	Scientific Reports	2022-11-09	Cerebellum-dependent associative learning is not impaired in a mouse model of neurofibromatosis type 1	CC-BY-4.0	Yes	Yes	pmc_fulltext_xml/PMC9646701.xml	Open Access This article is licensed under a Creative Commons Attribution 4.0 International License, which permits use, sharing, adaptation, distribution and reproduction in any medium or format, as long as you give appropriate credit to the original author(s) and the source, provide a link to the Creative Commons licence, and indicate if changes were made. The images or other third party material in this article are included in the article's Creative Commons licence, unless indicated otherwise in a credit line to the material. If material is not included in the article's Creative Commons licence and your intended use is not permitted by statutory regulation or exceeds the permitted use, you will need to obtain permission directly from the copyright holder. To view a copy of this licence, visit http://creativecommons.org/licenses/by/4.0/.	"[""Ottenhoff MJ"", ""Dijkhuizen S"", ""Ypelaar ACH"", ""de Oude NL"", ""Koekkoek SKE"", ""Wang SS"", ""De Zeeuw CI"", ""Elgersma Y"", ""Boele HJ.""]"	Individuals with Neurofibromatosis type 1 (NF1) experience a high degree of motor problems. The cerebellum plays a pivotal role in motor functioning and the NF1 gene is highly expressed in cerebellar Purkinje cells. However, it is not well understood to what extent NF1 affects cerebellar functioning and how this relates to NF1 motor functioning. Therefore, we subjected global Nf1+/- mice to a cerebellum-dependent associative learning task, called Pavlovian eyeblink conditioning. Additionally, we assessed general motor function and muscle strength in Nf1+/- mice. To our surprise, we found that Nf1+/- mice showed a moderately increased learning rate of conditioned eyeblink responses, as well as improved accuracy in the adaptive timing of the eyeblink responses. Locomotion, balance, general motor function, and muscle strength were not affected in Nf1+/- mice. Together, our results support the view that cerebellar function in Nf1+/- mice is unimpaired.	Ottenhoff MJ, Dijkhuizen S, Ypelaar ACH, de Oude NL, Koekkoek SKE, Wang SS, De Zeeuw CI, Elgersma Y, Boele HJ. Cerebellum-dependent associative learning is not impaired in a mouse model of neurofibromatosis type 1 <i>Scientific Reports.</i> 2022-11-09. DOI:https://www.doi.org/10.1038/s41598-022-21429-4 PMID:36351971
66a941f3-e886-4867-a439-1fe60b45a724	https://www.doi.org/10.1016/j.isci.2022.104437	PMID:35692635	PMC9184558	No	iScience	2022-06-13	An isogenic cell line panel for sequence-based screening of targeted anticancer drugs	CC-BY-4.0	Yes	Yes	pmc_fulltext_xml/PMC9184558.xml	This is an open access article under the CC BY license (http://creativecommons.org/licenses/by/4.0/).	"[""Cook AL"", ""Wyhs N"", ""Sur S"", ""Ptak B"", ""Popoli M"", ""Dobbyn L"", ""Papadopoulos T"", ""Bettegowda C"", ""Papadopoulos N"", ""Vogelstein B"", ""Zhou S"", ""Kinzler KW.""]"	We describe the creation of an isogenic cell line panel representing common cancer pathways, with features optimized for high-throughput screening. More than 1,800 cell lines from three normal human cell lines were generated using CRISPR technologies. Surprisingly, most of these lines did not result in complete gene inactivation despite integration of sgRNA at the desired genomic site. A subset of the lines harbored biallelic disruptions of the targeted tumor suppressor gene, yielding a final panel of 100 well-characterized lines covering 19 frequently lost cancer pathways. This panel included genetic markers optimized for sequence-based ratiometric assays for drug-based screening assays. To illustrate the potential utility of this panel, we developed a high-throughput screen that identified Wee1 inhibitor MK-1775 as a selective growth inhibitor of cells with inactivation of TP53. These cell lines and screening approach should prove useful for researchers studying a variety of cellular and biochemical phenomena.	Cook AL, Wyhs N, Sur S, Ptak B, Popoli M, Dobbyn L, Papadopoulos T, Bettegowda C, Papadopoulos N, Vogelstein B, Zhou S, Kinzler KW. An isogenic cell line panel for sequence-based screening of targeted anticancer drugs <i>iScience.</i> 2022-06-13. DOI:https://www.doi.org/10.1016/j.isci.2022.104437 PMID:35692635
0bd0f6af-eea7-4284-a75a-509f364075c0	https://www.doi.org/10.3390/brainsci12060720	PMID:35741605	PMC9221468	Yes	Brain Sciences	2022-05-31	Integrated Drug Mining Reveals Actionable Strategies Inhibiting Plexiform Neurofibromas	CC-BY-4.0	Yes	Yes	pmc_fulltext_xml/PMC9221468.xml	Licensee MDPI, Basel, Switzerland. This article is an open access article distributed under the terms and conditions of the Creative Commons Attribution (CC BY) license (https://creativecommons.org/licenses/by/4.0/).	"[""Brown RM"", ""Farouk Sait S"", ""Dunn G"", ""Sullivan A"", ""Bruckert B"", ""Sun D.""]"	Neurofibromatosis Type 1 (NF1) is one of the most common genetic tumor predisposition syndromes, affecting up to 1 in 2500 individuals. Up to half of patients with NF1 develop benign nerve sheath tumors called plexiform neurofibromas (PNs), characterized by biallelic NF1 loss. PNs can grow to immense sizes, cause extensive morbidity, and harbor a 15% lifetime risk of malignant transformation. Increasingly, molecular sequencing and drug screening data from various preclinical murine and human PN cell lines, murine models, and human PN tissues are available to help identify salient treatments for PNs. Despite this, Selumetinib, a MEK inhibitor, is the only currently FDA-approved pharmacotherapy for symptomatic and inoperable PNs in pediatric NF1 patients. The discovery of alternative and additional treatments has been hampered by the rarity of the disease, which makes prioritizing drugs to be tested in future clinical trials immensely important. Here, we propose a gene regulatory network-based integrated analysis to mine high-throughput cell line-based drug data combined with transcriptomes from resected human PN tumors. Conserved network modules were characterized and served as drug fingerprints reflecting the biological connections among drug effects and the inherent properties of PN cell lines and tissue. Drug candidates were ranked, and the therapeutic potential of drug combinations was evaluated via computational predication. Auspicious therapeutic agents and drug combinations were proposed for further investigation in preclinical and clinical trials.	Brown RM, Farouk Sait S, Dunn G, Sullivan A, Bruckert B, Sun D. Integrated Drug Mining Reveals Actionable Strategies Inhibiting Plexiform Neurofibromas <i>Brain Sciences.</i> 2022-05-31. DOI:https://www.doi.org/10.3390/brainsci12060720 PMID:35741605
dfdae94f-b552-4982-b126-cce3eb08c596	https://www.doi.org/10.7554/eLife.73511	PMID:35311647	PMC8959601	No	eLife	2022-03-21	P2RY14 cAMP signaling regulates Schwann cell precursor self-renewal, proliferation, and nerve tumor initiation in a mouse model of neurofibromatosis	CC-BY	Yes	Yes	pmc_fulltext_xml/PMC8959601.xml	This article is distributed under the terms of the Creative Commons Attribution License, which permits unrestricted use and redistribution provided that the original author and source are credited.	"[""Patritti Cram J"", ""Wu J"", ""Coover RA"", ""Rizvi TA"", ""Chaney KE"", ""Ravindran R"", ""Cancelas JA"", ""Spinner RJ"", ""Ratner N.""]"	Neurofibromatosis type 1 (NF1) is characterized by nerve tumors called neurofibromas, in which Schwann cells (SCs) show deregulated RAS signaling. NF1 is also implicated in regulation of cAMP. We identified the G-protein-coupled receptor (GPCR) P2ry14 in human neurofibromas, neurofibroma-derived SC precursors (SCPs), mature SCs, and mouse SCPs. Mouse Nf1-/- SCP self-renewal was reduced by genetic or pharmacological inhibition of P2ry14. In a mouse model of NF1, genetic deletion of P2ry14 rescued low cAMP signaling, increased mouse survival, delayed neurofibroma initiation, and improved SC Remak bundles. P2ry14 signals via Gi to increase intracellular cAMP, implicating P2ry14 as a key upstream regulator of cAMP. We found that elevation of cAMP by either blocking the degradation of cAMP or by using a P2ry14 inhibitor diminished NF1-/- SCP self-renewal in vitro and neurofibroma SC proliferation in in vivo. These studies identify P2ry14 as a critical regulator of SCP self-renewal, SC proliferation, and neurofibroma initiation.	Patritti Cram J, Wu J, Coover RA, Rizvi TA, Chaney KE, Ravindran R, Cancelas JA, Spinner RJ, Ratner N. P2RY14 cAMP signaling regulates Schwann cell precursor self-renewal, proliferation, and nerve tumor initiation in a mouse model of neurofibromatosis <i>Elife.</i> 2022-03-21. DOI:https://www.doi.org/10.7554/eLife.73511 PMID:35311647
f03f52f5-dc24-4276-a49d-e4c5b1a7963d	https://www.doi.org/10.1111/1759-7714.14385	PMID:35297208	PMC9013652	No	Thorac Cancer	2022-03-17	Establishment and characterization of a novel highly malignant lung cancer cell line ZX2021H derived from a metastatic lymph node lesion	CC-BY-NC	Yes	Yes	pmc_fulltext_xml/PMC9013652.xml	This is an open access article under the terms of the http://creativecommons.org/licenses/by-nc/4.0/ License, which permits use, distribution and reproduction in any medium, provided the original work is properly cited and is not used for commercial purposes.	"[""Zu L"", ""Li X"", ""He J"", ""Zhou N"", ""Meng F"", ""Li X"", ""Xu S"", ""Zhang L.""]"	BACKGROUND. Lung cancer is a highly malignant tumor with a poor prognosis. The establishment of faithful ex vivo cell models is essential for investigating the metastatic mechanisms and developing new anticancer agents. In this study, we established and characterized a novel lung cancer cell line derived from metastatic lymph node tissue from a Chinese patient. METHODS. A primary culture of metastatic lymph node tissue from a patient with lung cancer was used to establish a cell line. The phenotypic characteristics of the cell line were characterized by colony-formation, CCK8, and Transwell assays, and xenografting. The genetic characteristics were evaluated by chromosome analysis, short tandem repeat (STR) profiling, and quantitative real time-polymerase chain reaction (qRT-PCR). RESULTS. A novel lung cancer cell line, named ZX2021H, was successfully established from a metastatic lymph node lesion from a lung cancer patient. The cell line exhibited high capacities for proliferation and invasion, as validated by its phenotypic and genetic characteristics. This cell line had a unique STR profile and karyotype analysis revealed numerical and structural chromosome abnormalities. The growth rate of in vivo xenografted tumors established using ZX2021H cells was higher than that using H1299 cells. The cell stemness-related gene SOX2 was overexpressed in ZX2021 compared with H1299 cells, as determined by qRT-PCR. CONCLUSION. We successfully established a novel, highly malignant lung cancer cell line, ZX2021H, derived from metastatic lymph node tissue from a Chinese lung cancer patient. This cell line may provide an ideal cell model for further studies of the molecular mechanisms underlying lung cancer metastasis and for the development of new anticancer agents.	Zu L, Li X, He J, Zhou N, Meng F, Li X, Xu S, Zhang L. Establishment and characterization of a novel highly malignant lung cancer cell line ZX2021H derived from a metastatic lymph node lesion <i>Thorac Cancer.</i> 2022-03-17. DOI:https://www.doi.org/10.1111/1759-7714.14385 PMID:35297208
86e1ed01-8393-46fe-9504-ae4f9b520bb0	https://www.doi.org/10.1007/s00401-021-02395-z	PMID:34967922	PMC8742817	No	Acta Neuropathologica	2021-12-31	Oligosarcomas, IDH-mutant are distinct and aggressive	CC-BY-4.0	Yes	Yes	pmc_fulltext_xml/PMC8742817.xml	Open AccessThis article is licensed under a Creative Commons Attribution 4.0 International License, which permits use, sharing, adaptation, distribution and reproduction in any medium or format, as long as you give appropriate credit to the original author(s) and the source, provide a link to the Creative Commons licence, and indicate if changes were made. The images or other third party material in this article are included in the article's Creative Commons licence, unless indicated otherwise in a credit line to the material. If material is not included in the article's Creative Commons licence and your intended use is not permitted by statutory regulation or exceeds the permitted use, you will need to obtain permission directly from the copyright holder. To view a copy of this licence, visit http://creativecommons.org/licenses/by/4.0/.	"[""Suwala AK"", ""Felix M"", ""Friedel D"", ""Stichel D"", ""Schrimpf D"", ""Hinz F"", ""Hewer E"", ""Schweizer L"", ""Dohmen H"", ""Pohl U"", ""Staszewski O"", ""Korshunov A"", ""Stein M"", ""Wongsurawat T"", ""Cheunsuacchon P"", ""Sathornsumetee S"", ""Koelsche C"", ""Turner C"", ""Le Rhun E"", ""Mühlebner A"", ""Schucht P"", ""Özduman K"", ""Ono T"", ""Shimizu H"", ""Prinz M"", ""Acker T"", ""Herold-Mende C"", ""Kessler T"", ""Wick W"", ""Capper D"", ""Wesseling P"", ""Sahm F"", ""von Deimling A"", ""Hartmann C"", ""Reuss DE.""]"	Oligodendrogliomas are defined at the molecular level by the presence of an IDH mutation and codeletion of chromosomal arms 1p and 19q. In the past, case reports and small studies described gliomas with sarcomatous features arising from oligodendrogliomas, so called oligosarcomas. Here, we report a series of 24 IDH-mutant oligosarcomas from 23 patients forming a distinct methylation class. The tumors were recurrences from prior oligodendrogliomas or developed de novo. Precursor tumors of 12 oligosarcomas were histologically and molecularly indistinguishable from conventional oligodendrogliomas. Oligosarcoma tumor cells were embedded in a dense network of reticulin fibers, frequently showing p53 accumulation, positivity for SMA and CALD1, loss of OLIG2 and gain of H3K27 trimethylation (H3K27me3) as compared to primary lesions. In 5 oligosarcomas no 1p/19q codeletion was detectable, although it was present in the primary lesions. Copy number neutral LOH was determined as underlying mechanism. Oligosarcomas harbored an increased chromosomal copy number variation load with frequent CDKN2A/B deletions. Proteomic profiling demonstrated oligosarcomas to be highly distinct from conventional CNS WHO grade 3 oligodendrogliomas with consistent evidence for a smooth muscle differentiation. Expression of several tumor suppressors was reduced with NF1 being lost frequently. In contrast, oncogenic YAP1 was aberrantly overexpressed in oligosarcomas. Panel sequencing revealed mutations in NF1 and TP53 along with IDH1/2 and TERT promoter mutations. Survival of patients was significantly poorer for oligosarcomas as first recurrence than for grade 3 oligodendrogliomas as first recurrence. These results establish oligosarcomas as a distinct group of IDH-mutant gliomas differing from conventional oligodendrogliomas on the histologic, epigenetic, proteomic, molecular and clinical level. The diagnosis can be based on the combined presence of (a) sarcomatous histology, (b) IDH-mutation and (c) TERT promoter mutation and/or 1p/19q codeletion, or, in unresolved cases, on its characteristic DNA methylation profile.	Suwala AK, Felix M, Friedel D, Stichel D, Schrimpf D, Hinz F, Hewer E, Schweizer L, Dohmen H, Pohl U, Staszewski O, Korshunov A, Stein M, Wongsurawat T, Cheunsuacchon P, Sathornsumetee S, Koelsche C, Turner C, Le Rhun E, Mühlebner A, Schucht P, Özduman K, Ono T, Shimizu H, Prinz M, Acker T, Herold-Mende C, Kessler T, Wick W, Capper D, Wesseling P, Sahm F, von Deimling A, Hartmann C, Reuss DE. Oligosarcomas, IDH-mutant are distinct and aggressive <i>Acta Neuropathologica.</i> 2021-12-31. DOI:https://www.doi.org/10.1007/s00401-021-02395-z PMID:34967922
867000d0-0908-4972-b049-40c0081be8f8	https://www.doi.org/10.3390/jpm11121320	PMID:34945792	PMC8705852	Yes	Journal of Personalized Medicine	2021-12-19	Restoration of Normal NF1 Function with Antisense Morpholino Treatment of Recurrent Pathogenic Patient-Specific Variant c1466A&gt;G; pY489C	CC-BY-4.0	Yes	Yes	pmc_fulltext_xml/PMC8705852.xml	Licensee MDPI, Basel, Switzerland. This article is an open access article distributed under the terms and conditions of the Creative Commons Attribution (CC BY) license (https://creativecommons.org/licenses/by/4.0/).	"[""Elias K Awad"", ""Marc Moore"", ""Hui Liu"", ""Lukasz Ciszewski"", ""Laura Lambert"", ""Bruce R Korf"", ""Linda Popplewell"", ""Robert A Kesterson"", ""Deeann Wallis""]"	Neurofibromatosis type 1 (NF1) is an autosomal dominant genetic disorder with almost 3000 different disease-causing variants within the NF1 gene identified. Up to 44% of these variants cause splicing errors to occur within pre-mRNA. A recurrent variant in exon 13, c.1466A&gt;G; p.Y489C (Y489C) results in the creation of an intragenic cryptic splice site, aberrant splicing, a 62 base pair deletion from the mRNA, and subsequent frameshift. We investigated the ability of phosphorodiamidate m	Elias K Awad, Marc Moore, Hui Liu, Lukasz Ciszewski, Laura Lambert, Bruce R Korf, Linda Popplewell, Robert A Kesterson, Deeann Wallis. Restoration of Normal NF1 Function with Antisense Morpholino Treatment of Recurrent Pathogenic Patient-Specific Variant c.1466A&gt;G; p.Y489C. <i>Journal of Personalized Medicine.</i> 2021-12-19. DOI:https://www.doi.org/10.3390/jpm11121320 PMID:34945792
d56b5c62-09b3-4d54-a1cc-389628dc7229	https://www.doi.org/10.1038/s41598-021-85055-2	PMID:33707600	PMC7952412	No	Scientific Reports	2021-12-07	Establishment and genomic characterization of a sporadic malignant peripheral nerve sheath tumor cell line	CC-BY-4.0	Yes	Yes	pmc_fulltext_xml/PMC7952412.xml	Open Access This article is licensed under a Creative Commons Attribution 4.0 International License, which permits use, sharing, adaptation, distribution and reproduction in any medium or format, as long as you give appropriate credit to the original author(s) and the source, provide a link to the Creative Commons licence, and indicate if changes were made. The images or other third party material in this article are included in the article's Creative Commons licence, unless indicated otherwise in a credit line to the material. If material is not included in the article's Creative Commons licence and your intended use is not permitted by statutory regulation or exceeds the permitted use, you will need to obtain permission directly from the copyright holder. To view a copy of this licence, visit http://creativecommons.org/licenses/by/4.0/.	"[""Jody Fromm Longo"", ""Stephanie N Brosius"", ""Iya Znoyko"", ""Victoria A Alers"", ""Dorea P Jenkins"", ""Robert C Wilson"", ""Andrew J Carroll"", ""Daynna J Wolff"", ""Kevin A Roth"", ""Steven L Carroll""]"	Malignant peripheral nerve sheath tumors (MPNSTs) are aggressive Schwann cell-derived neoplasms that occur sporadically or in patients with neurofibromatosis type 1 (NF1). Preclinical research on sporadic MPNSTs has been limited as few cell lines exist. We generated and characterized a new sporadic MPNST cell line, 2XSB, which shares the molecular and genomic features of the parent tumor. These cells have a highly complex karyotype with extensive chromothripsis. 2XSB cells show robust invasive 3-dimensional and clonogenic culture capability and form solid tumors when xenografted into immunodeficient mice. High-density single nucleotide polymorphism array and whole exome sequencing analyses indicate that, unlike NF1-associated MPNSTs, 2XSB cells have intact, functional NF1 alleles with no evidence of mutations in genes encoding components of Polycomb Repressor Complex 2. However, mutations in other genes implicated in MPNST pathogenesis were identified in 2XSB cells including homozygous deletion of CDKN2A and mutations in TP53 and PTEN. We also identified mutations in genes not previously associated with MPNSTs but associated with the pathogenesis of other human cancers. These include DNMT1, NUMA1, NTRK1, PDE11A, CSMD3, LRP5 and ACTL9. This sporadic MPNST-derived cell line provides a useful tool for investigating the biology and potential treatment regimens for sporadic MPNSTs.	Jody Fromm Longo, Stephanie N Brosius, Iya Znoyko, Victoria A Alers, Dorea P Jenkins, Robert C Wilson, Andrew J Carroll, Daynna J Wolff, Kevin A Roth, Steven L Carroll. Establishment and genomic characterization of a sporadic malignant peripheral nerve sheath tumor cell line. <i>Scientific Reports.</i> 2021-12-07. DOI:https://www.doi.org/10.1038/s41598-021-85055-2 PMID:33707600
39ccdf46-3f08-444c-b08e-b870f1634d99	https://www.doi.org/10.3390/jpm11090922	PMID:34575699	PMC8469245	No	Journal of Personalized Medicine	2021-09-28	MicroRNA expression profiles in autism spectrum disorder: Role for miR-181 in immunomodulation	CC-BY-4.0	Yes	Yes	pmc_fulltext_xml/PMC8469245.xml	Licensee MDPI, Basel, Switzerland. This article is an open access article distributed under the terms and conditions of the Creative Commons Attribution (CC BY) license (https://creativecommons.org/licenses/by/4.0/).	"[""Frye RE"", ""Rose S"", ""McCullough S"", ""Bennuri SC"", ""Porter-Gill PA"", ""Dweep H"", ""Gill PS.""]"	BACKGROUND. MicroRNAs (miRNAs) are important regulators of molecular pathways in psychiatric disease. Here, we examine differential miRNAs expression in lymphoblastoid cell lines (LCLs) derived from 10 individuals with autism spectrum disorder (ASD) and compare them to seven typically developing unrelated age- and gender-matched controls and 10 typically developing siblings. Small RNAseq analysis identified miRNAs, and selected miRNAs were validated using quantitative real-time polymerase reaction (qRT-PCR). KEGG analysis identified target pathways, and selected predicted mRNAs were validated using qRT-PCR. RESULTS. Small RNAseq analysis identified that multiple miRNAs differentiated ASD from unrelated controls and ASD from typically developing siblings, with only one, hsa-miR-451a_R-1, being in common. Verification with qRT-PCR showed that miR-320a differentiated ASD from both sibling and unrelated controls and that several members of the miR-181 family differentiated ASD from unrelated controls. Differential expression of AKT2, AKT3, TNF α and CamKinase II predicted by KEGG analysis was verified by qRT-PCR. Expression of CamKinase II βwas found to be correlated with the severity of stereotyped behavior of the ASD participants. CONCLUSIONS. This study provides insight into the mechanisms regulating molecular pathways in individuals with ASD and identifies differentiated regulated genes involved in both the central nervous system and the immune system.	Frye RE, Rose S, McCullough S, Bennuri SC, Porter-Gill PA, Dweep H, Gill PS. MicroRNA Expression Profiles in Autism Spectrum Disorder: Role for miR-181 in Immunomodulation <i>Journal of Personalized Medicine.</i> 2021-09-28. DOI:https://www.doi.org/10.3390/jpm11090922 PMID:34575699
6be57674-2ebe-4d16-b304-e302bd4846b1	https://www.doi.org/10.1186/s12964-021-00773-4	PMID:34530870	PMC8447793	No	Cell Communication and Signaling	2021-09-17	R-Ras subfamily proteins elicit distinct physiologic effects and phosphoproteome alterations in neurofibromin-null MPNST cells	CC-BY-4.0	Yes	Yes	pmc_fulltext_xml/PMC8447793.xml	Open AccessThis article is licensed under a Creative Commons Attribution 4.0 International License, which permits use, sharing, adaptation, distribution and reproduction in any medium or format, as long as you give appropriate credit to the original author(s) and the source, provide a link to the Creative Commons licence, and indicate if changes were made. The images or other third party material in this article are included in the article's Creative Commons licence, unless indicated otherwise in a credit line to the material. If material is not included in the article's Creative Commons licence and your intended use is not permitted by statutory regulation or exceeds the permitted use, you will need to obtain permission directly from the copyright holder. To view a copy of this licence, visit http://creativecommons.org/licenses/by/4.0/. The Creative Commons Public Domain Dedication waiver (http://creativecommons.org/publicdomain/zero/1.0/) applies to the data made available in this article, unless otherwise stated in a credit line to the data.	"[""Weber SM"", ""Brossier NM"", ""Prechtl A"", ""Barnes S"", ""Wilson LS"", ""Brosius SN"", ""Longo JF"", ""Carroll SL.""]"	BACKGROUND. Loss of the Ras GTPase-activating protein neurofibromin promotes nervous system tumor pathogenesis in patients with neurofibromatosis type 1 (NF1). Neurofibromin loss potentially hyperactivates classic Ras (H-Ras, N-Ras, K-Ras), M-Ras, and R-Ras (R-Ras, R-Ras2/TC21) subfamily proteins. We have shown that classic Ras proteins promote proliferation and survival, but not migration, in malignant peripheral nerve sheath tumor (MPNST) cells. However, it is unclear whether R-Ras, R-Ras2 and M-Ras are expressed and hyperactivated in MPNSTs and, if so, whether they contribute to MPNST pathogenesis. We assessed the expression and activation of these proteins in MPNST cells and inhibited them to determine the effect this had on proliferation, migration, invasion, survival and the phosphoproteome. METHODS. NF1-associated (ST88-14, 90-8, NMS2, NMS-PC, S462, T265-2c) and sporadic (STS-26T, YST-1) MPNST lines were used. Cells were transfected with doxycycline-inducible vectors expressing either a pan-inhibitor of the R-Ras subfamily [dominant negative (DN) R-Ras] or enhanced green fluorescent protein (eGFP). Methodologies used included immunoblotting, immunocytochemistry, PCR, Transwell migration, 3H-thymidine incorporation, calcein cleavage assays and shRNA knockdowns. Proteins in cells with or without DN R-Ras expression were differentially labeled with SILAC and mass spectrometry was used to identify phosphoproteins and determine their relative quantities in the presence and absence of DN R-Ras. Validation of R-Ras and R-Ras2 action and R-Ras regulated networks was performed using genetic and/or pharmacologic approaches. RESULTS. R-Ras2 was uniformly expressed in MPNST cells, with R-Ras present in a major subset. Both proteins were activated in neurofibromin-null MPNST cells. Consistent with classical Ras inhibition, DN R-Ras and R-Ras2 knockdown inhibited proliferation. However, DN R-Ras inhibition impaired migration and invasion but not survival. Mass spectrometry-based phosphoproteomics identified thirteen protein networks distinctly regulated by DN R-Ras, including multiple networks regulating cellular movement and morphology. ROCK1 was a prominent mediator in these networks. DN R-Ras expression and RRAS and RRAS2 knockdown inhibited migration and ROCK1 phosphorylation; ROCK1 inhibition similarly impaired migration and invasion, altered cellular morphology and triggered the accumulation of large intracellular vesicles. CONCLUSIONS. R-Ras proteins function distinctly from classic Ras proteins by regulating distinct signaling pathways that promote MPNST tumorigenesis by mediating migration and invasion. Mutations of the NF1 gene potentially results in the activation of multiple Ras proteins, which are key regulators of many biologic effects. The protein encoded by the NF1 gene, neurofibromin, acts as an inhibitor of both classic Ras and R-Ras proteins; loss of neurofibromin could cause these Ras proteins to become persistently active, leading to the development of cancer. We have previously shown that three related Ras proteins (the classic Ras proteins) are highly activated in malignant peripheral nerve sheath tumor (MPNST) cells with neurofibromin loss and that they drive cancer cell proliferation and survival by activating multiple cellular signaling pathways. Here, we examined the expression, activation and action of R-Ras proteins in MPNST cells that have lost neurofibromin. Both R-Ras and R-Ras2 are expressed in MPNST cells and activated. Inhibition of R-Ras action inhibited proliferation, migration and invasion but not survival. We examined the activation of cytoplasmic signaling pathways in the presence and absence of R-Ras signaling and found that R-Ras proteins regulated 13 signaling pathways distinct from those regulated by classic Ras proteins. Closer study of an R-Ras regulated pathway containing the signaling protein ROCK1 showed that inhibition of either R-Ras, R-Ras2 or ROCK1 similarly impaired cellular migration and invasion and altered cellular morphology. Inhibition of R-Ras/R-Ras2 and ROCK1 signaling also triggered the accumulation of abnormal intracellular vesicles, indicating that these signaling molecules regulate the movement of proteins and other molecules in the cellular interior. Video Abstract.	Weber SM, Brossier NM, Prechtl A, Barnes S, Wilson LS, Brosius SN, Longo JF, Carroll SL. R-Ras subfamily proteins elicit distinct physiologic effects and phosphoproteome alterations in neurofibromin-null MPNST cells <i>Cell Communication and Signaling.</i> 2021-09-17. DOI:https://www.doi.org/10.1186/s12964-021-00773-4 PMID:34530870
f1d3b757-56f2-4706-b346-045caa8c19ec	https://www.doi.org/10.3390/cells9112348	PMID:33114250	PMC7690890	No	Cells	2021-09-08	Nuclear isoforms of neurofibromin are required for proper spindle organization and chromosome segregation	CC-BY-4.0	Yes	Yes	pmc_fulltext_xml/PMC7690890.xml	Licensee MDPI, Basel, Switzerland. This article is an open access article distributed under the terms and conditions of the Creative Commons Attribution (CC BY) license (http://creativecommons.org/licenses/by/4.0/).	"[""Charoula Peta"", ""Emmanouella Tsirimonaki"", ""Dimitris Samouil"", ""Kyriaki Georgiadou"", ""Dimitra Mangoura""]"	Mitotic spindles are highly organized, microtubule (MT)-based, transient structures that serve the fundamental function of unerring chromosome segregation during cell division and thus of genomic stability during tissue morphogenesis and homeostasis. Hence, a multitude of MT-associated proteins (MAPs) regulates the dynamic assembly of MTs in preparation for mitosis. Some tumor suppressors, normally functioning to prevent tumor development, have now emerged as significant MAPs. Among those, neurofibromin, the product of the Neurofibromatosis-1 gene (<i>NF1</i>), a major Ras GTPase activating protein (RasGAP) in neural cells, controls also the critical function of chromosome congression in astrocytic cellular contexts. Cell type- and development-regulated splicings may lead to the inclusion or exclusion of <i>NF1</i>exon51, which bears a nuclear localization sequence (NLS) for nuclear import at G2; yet the functions of the produced NLS and ΔNLS neurofibromin isoforms have not been previously addressed. By using a lentiviral shRNA system, we have generated glioblastoma SF268 cell lines with conditional knockdown of NLS or ΔNLS transcripts. In dissecting the roles of NLS or ΔNLS neurofibromins, we found that NLS-neurofibromin knockdown led to increased density of cytosolic MTs but loss of MT intersections, anastral spindles featuring large hollows and abnormal chromosome positioning, and finally abnormal chromosome segregation and increased micronuclei frequency. Therefore, we propose that NLS neurofibromin isoforms exert prominent mitotic functions.	Charoula Peta, Emmanouella Tsirimonaki, Dimitris Samouil, Kyriaki Georgiadou, Dimitra Mangoura. Nuclear Isoforms of Neurofibromin Are Required for Proper Spindle Organization and Chromosome Segregation. <i>Cells.</i> 2021-09-08. DOI:https://www.doi.org/10.3390/cells9112348 PMID:33114250
d596fddc-5e79-4554-b7e1-4dd5f2318bab	https://www.doi.org/10.1186/s13041-020-00706-1	PMID:33323119	PMC7739466	No	Molecular Brain	2021-09-03	Identification of FMRP target mRNAs in the developmental brain: FMRP might coordinate Ras/MAPK, Wnt/β-catenin, and mTOR signaling during corticogenesis	CC-BY-4.0	Yes	Yes	pmc_fulltext_xml/PMC7739466.xml	Open AccessThis article is licensed under a Creative Commons Attribution 4.0 International License, which permits use, sharing, adaptation, distribution and reproduction in any medium or format, as long as you give appropriate credit to the original author(s) and the source, provide a link to the Creative Commons licence, and indicate if changes were made. The images or other third party material in this article are included in the article's Creative Commons licence, unless indicated otherwise in a credit line to the material. If material is not included in the article's Creative Commons licence and your intended use is not permitted by statutory regulation or exceeds the permitted use, you will need to obtain permission directly from the copyright holder. To view a copy of this licence, visit http://creativecommons.org/licenses/by/4.0/. The Creative Commons Public Domain Dedication waiver (http://creativecommons.org/publicdomain/zero/1.0/) applies to the data made available in this article, unless otherwise stated in a credit line to the data.	"[""Cristine R Casingal"", ""Takako Kikkawa"", ""Hitoshi Inada"", ""Yukio Sasaki"", ""Noriko Osumi""]"	"Corticogenesis is one of the most critical and complicated processes during embryonic brain development. Any slight impairment in corticogenesis could cause neurodevelopmental disorders such as Fragile X syndrome (FXS), of which symptoms contain intellectual disability (ID) and autism spectrum disorder (ASD). Fragile X mental retardation protein (FMRP), an RNA-binding protein responsible for FXS, shows strong expression in neural stem/precursor cells (NPCs) during corticogenesis, although its function during brain development remains largely unknown. In this study, we attempted to identify the FMRP target mRNAs in the cortical primordium using RNA immunoprecipitation sequencing analysis in the mouse embryonic brain. We identified 865 candidate genes as targets of FMRP involving 126 and 118 genes overlapped with ID and ASD-associated genes, respectively. These overlapped genes were enriched with those related to chromatin/chromosome organization and histone modifications, suggesting the involvement of FMRP in epigenetic regulation. We further identified a common set of 17 FMRP ""core"" target genes involved in neurogenesis/FXS/ID/ASD, containing factors associated with Ras/mitogen-activated protein kinase, Wnt/β-catenin, and mammalian target of rapamycin (mTOR) pathways. We indeed showed overactivation of mTOR signaling via an increase in mTOR phosphorylation in the Fmr1 knockout (Fmr1 KO) neocortex. Our results provide further insight into the critical roles of FMRP in the developing brain, where dysfunction of FMRP may influence the regulation of its mRNA targets affecting signaling pathways and epigenetic modifications."	Cristine R Casingal, Takako Kikkawa, Hitoshi Inada, Yukio Sasaki, Noriko Osumi. Identification of FMRP target mRNAs in the developmental brain: FMRP might coordinate Ras/MAPK, Wnt/β-catenin, and mTOR signaling during corticogenesis. <i>Molecular Brain.</i> 2021-09-03. DOI:https://www.doi.org/10.1186/s13041-020-00706-1 PMID:33323119
e9e321e4-e09e-45a2-97e0-d6b1ecec1ac4	https://www.doi.org/10.3390/ijms22168777	PMID:34445479	PMC8395939	No	International Journal of Molecular Sciences	2021-08-27	The CellBox-2 mission to the international space station: Thyroid cancer cells in space	CC-BY-4.0	Yes	Yes	pmc_fulltext_xml/PMC8395939.xml	Licensee MDPI, Basel, Switzerland. This article is an open access article distributed under the terms and conditions of the Creative Commons Attribution (CC BY) license (https://creativecommons.org/licenses/by/4.0/).	"[""Melnik D"", ""Krüger M"", ""Schulz H"", ""Kopp S"", ""Wehland M"", ""Bauer J"", ""Baselet B"", ""Vermeesen R"", ""Baatout S"", ""Corydon TJ"", ""Infanger M"", ""Grimm D.""]"	A spaceflight to the International Space Station (ISS) is a dream of many researchers. We had the chance to investigate the effect of real microgravity (CellBox-2 Space mission) on the transcriptome and proteome of FTC-133 human follicular thyroid cancer cells (TCC). The cells had been sent to the ISS by a Falcon 9 rocket of SpaceX CRS-13 from Cape Canaveral (United States) and cultured in six automated hardware units on the ISS before they were fixed and returned to Earth. Multicellular spheroids (MCS) were detectable in all spaceflight hardware units. The VCL, PXN, ITGB1, RELA, ERK1 and ERK2 mRNA levels were significantly downregulated after 5 days in space in adherently growing cells (AD) and MCS compared with ground controls (1g), whereas the MIK67 and SRC mRNA levels were both suppressed in MCS. By contrast, the ICAM1, COL1A1 and IL6 mRNA levels were significantly upregulated in AD cells compared with 1g and MCS. The protein secretion measured by multianalyte profiling technology and enzyme-linked immunosorbent assay (AngiogenesisMAP®, extracellular matrix proteins) was not significantly altered, with the exception of elevated angiopoietin 2. TCC in space formed MCS, and the response to microgravity was mainly anti-proliferative. We identified ERK/RELA as a major microgravity regulatory pathway.	Melnik D, Krüger M, Schulz H, Kopp S, Wehland M, Bauer J, Baselet B, Vermeesen R, Baatout S, Corydon TJ, Infanger M, Grimm D. The CellBox-2 Mission to the International Space Station: Thyroid Cancer Cells in Space <i>International Journal of Molecular Sciences.</i> 2021-08-27. DOI:https://www.doi.org/10.3390/ijms22168777 PMID:34445479
e78d0bb2-4596-442b-970c-dd9e85277532	https://www.doi.org/10.7554/eLife.64846	PMID:34399888	PMC8370767	No	eLife	2021-08-17	NF1 regulates mesenchymal glioblastoma plasticity and aggressiveness through the AP-1 transcription factor FOSL1	CC-BY	Yes	Yes	pmc_fulltext_xml/PMC8370767.xml	This article is distributed under the terms of the Creative Commons Attribution License, which permits unrestricted use and redistribution provided that the original author and source are credited.	"[""Marques C"", ""Unterkircher T"", ""Kroon P"", ""Oldrini B"", ""Izzo A"", ""Dramaretska Y"", ""Ferrarese R"", ""Kling E"", ""Schnell O"", ""Nelander S"", ""Wagner EF"", ""Bakiri L"", ""Gargiulo G"", ""Carro MS"", ""Squatrito M.""]"	The molecular basis underlying glioblastoma (GBM) heterogeneity and plasticity is not fully understood. Using transcriptomic data of human patient-derived brain tumor stem cell lines (BTSCs), classified based on GBM-intrinsic signatures, we identify the AP-1 transcription factor FOSL1 as a key regulator of the mesenchymal (MES) subtype. We provide a mechanistic basis to the role of the neurofibromatosis type 1 gene (NF1), a negative regulator of the RAS/MAPK pathway, in GBM mesenchymal transformation through the modulation of FOSL1 expression. Depletion of FOSL1 in NF1-mutant human BTSCs and Kras-mutant mouse neural stem cells results in loss of the mesenchymal gene signature and reduction in stem cell properties and in vivo tumorigenic potential. Our data demonstrate that FOSL1 controls GBM plasticity and aggressiveness in response to NF1 alterations.	Marques C, Unterkircher T, Kroon P, Oldrini B, Izzo A, Dramaretska Y, Ferrarese R, Kling E, Schnell O, Nelander S, Wagner EF, Bakiri L, Gargiulo G, Carro MS, Squatrito M. NF1 regulates mesenchymal glioblastoma plasticity and aggressiveness through the AP-1 transcription factor FOSL1 <i>Elife.</i> 2021-08-17. DOI:https://www.doi.org/10.7554/eLife.64846 PMID:34399888
36139f53-581a-454b-b82e-722a83627e6e	https://www.doi.org/10.1002/mgg3.1643	PMID:33764694	PMC8172195	No	Molecular Genetics & Genomic Medicine	2021-06-12	A novel mutation in NF1 gene of patient with Neurofibromatosis type 1: A case report and functional study	CC-BY-4.0	Yes	Yes	pmc_fulltext_xml/PMC8172195.xml	This is an open access article under the terms of the http://creativecommons.org/licenses/by/4.0/ License, which permits use, distribution and reproduction in any medium, provided the original work is properly cited.	"[""Tingting Zhang"", ""Caiwei Jia"", ""Zhiya Dong"", ""Chuanyin Li"", ""Wenli Lu""]"	Neurofibromatosis type 1 is an autosomal dominant inherited disease and caused by NF1 gene mutation. Its clinical manifestations include multiple cafe´-au lait (CAL) spots, skinfold freckling, neurofibroma, bone dysplasia, learning disabilities, and an increased risk of malignancy. Here, we reported a Chinese patient bearing with a novel NF1 mutation (c.2064delGGATGCAGCGG/p.Gly672AsnfsTer24) and complaining mainly about bone phenotype. Functional studies found that this novel mutation caused the damage of NF1 mRNA and protein levels, and lost the inhibition on Ras/Erk signaling. A novel mutation in NF1 gene was identified and in vitro functional studies were performed, which provided a potential molecular mechanism to explain the bone maldevelopment of patients with neurofibromatosis type 1.	Tingting Zhang, Caiwei Jia, Zhiya Dong, Chuanyin Li, Wenli Lu. A novel mutation in NF1 gene of patient with Neurofibromatosis type 1: A case report and functional study. <i>Molecular Genetics & Genomic Medicine.</i> 2021-06-12. DOI:https://www.doi.org/10.1002/mgg3.1643 PMID:33764694
00d6d997-577d-4190-aff3-72271277235b	https://www.doi.org/10.3390/cancers13102329	PMID:34066061	PMC8150846	Yes	Cancers	2021-06-05	Neurofibromin Deficiency and Extracellular Matrix Cooperate to Increase Transforming Potential through FAK-Dependent Signaling	CC-BY-4.0	Yes	Yes	pmc_fulltext_xml/PMC8150846.xml	Licensee MDPI, Basel, Switzerland. This article is an open access article distributed under the terms and conditions of the Creative Commons Attribution (CC BY) license (https://creativecommons.org/licenses/by/4.0/).	"[""Andrea Errico"", ""Anna Stocco"", ""Vincent M Riccardi"", ""Alberto Gambalunga"", ""Franco Bassetto"", ""Martina Grigatti"", ""Amedeo Ferlosio"", ""Gianluca Tadini"", ""Debora Garozzo"", ""Stefano Ferraresi"", ""Andrea Trevisan"", ""Sandra Giustini"", ""Andrea Rasola"", ""Federica Chiara""]"	Plexiform neurofibromas (Pnfs) are benign peripheral nerve sheath tumors that are major features of the human genetic syndrome, neurofibromatosis type 1 (NF1). Pnfs are derived from Schwann cells (SCs) undergoing loss of heterozygosity (LOH) at the <i>NF1</i> locus in an <i>NF1</i><sup>+/-</sup> milieu and thus are variably lacking in the key Ras-controlling protein, neurofibromin (Nfn). As these SCs are embedded in a dense desmoplastic milieu of stromal cells and abnormal extracellular matrix (ECM), cell-cell cooperativity (CCC) and the molecular microenvironment play essential roles in Pnf progression towards a malignant peripheral nerve sheath tumor (MPNST). The complexity of Pnf biology makes treatment challenging. The only approved drug, the MEK inhibitor Selumetinib, displays a variable and partial therapeutic response. Here, we explored ECM contributions to the growth of cells lacking Nfn. In a 3D in vitro culture, <i>NF1</i> loss sensitizes cells to signals from a Pnf-mimicking ECM through focal adhesion kinase (FAK) hyperactivation. This hyperactivation correlated with phosphorylation of the downstream effectors, Src, ERK, and AKT, and with colony formation. Expression of the GAP-related domain of Nfn only partially decreased activation of this signaling pathway and only slowed down 3D colony growth of cells lacking Nfn. However, combinatorial treatment with both the FAK inhibitor Defactinib (VS-6063) and Selumetinib (AZD6244) fully suppressed colony growth. These observations pave the way for a new combined therapeutic strategy simultaneously interfering with both intracellular signals and the interplay between the various tumor cells and the ECM.	Andrea Errico, Anna Stocco, Vincent M Riccardi, Alberto Gambalunga, Franco Bassetto, Martina Grigatti, Amedeo Ferlosio, Gianluca Tadini, Debora Garozzo, Stefano Ferraresi, Andrea Trevisan, Sandra Giustini, Andrea Rasola, Federica Chiara. Neurofibromin Deficiency and Extracellular Matrix Cooperate to Increase Transforming Potential through FAK-Dependent Signaling. <i>Cancers.</i> 2021-06-05. DOI:https://www.doi.org/10.3390/cancers13102329 PMID:34066061
57dad8b2-f3d4-423f-9edd-9d676a6302ad	https://www.doi.org/10.3389/fgene.2021.660592	PMID:34046057	PMC8144720	No	Frontiers in Genetics	2021-05-30	Characterization of Two Loss-of-Function NF1 Variants in Chinese Patients and Potential Molecular Interpretations of Phenotypes	CC-BY	Yes	Yes	pmc_fulltext_xml/PMC8144720.xml	This is an open-access article distributed under the terms of the Creative Commons Attribution License (CC BY). The use, distribution or reproduction in other forums is permitted, provided the original author(s) and the copyright owner(s) are credited and that the original publication in this journal is cited, in accordance with accepted academic practice. No use, distribution or reproduction is permitted which does not comply with these terms.	"[""Tingting Zhang"", ""Tianting Han"", ""Zhiya Dong"", ""Chuanyin Li"", ""Wenli Lu""]"	Neurofibromatosis type 1 (NF1) is a common genetic disorder characterized by cafe'-au-lait spots, skinfold freckles, the formation of neurofibromas, skeletal dysplasia, vascular dysplasia, and an increased risk of malignant tumors. In this study, two Chinese NF1 children troubled with bone lesions or hypertension were reported. A <i>de novo NF1</i> mutation (c.4925T &gt; A/p.V1642E) and a maternally inherited <i>NF1</i> mutation (c.4883T &gt; A/p.L1628<sup>∗</sup>) were identified by molecular sequence. According to the ACMG/AMP guidelines, the c.4925T &gt; A was classified as variants of uncertain significance (VOUS) while the c.4883T &gt; A mutation was identified as likely Pathogenic. Further study found that these two NF1 mutants had lost their function to inhibit the Ras/Erk signaling and the proliferation of cells, which could interpretate some phenotypes of these two NF1 patients. We also observed these two NF1 mutants displayed decreased protein stability with increased ubiquitination levels compared with that of wild-type NF1.	Tingting Zhang, Tianting Han, Zhiya Dong, Chuanyin Li, Wenli Lu. Characterization of Two Loss-of-Function NF1 Variants in Chinese Patients and Potential Molecular Interpretations of Phenotypes. <i>Frontiers in Genetics.</i> 2021-05-30. DOI:https://www.doi.org/10.3389/fgene.2021.660592 PMID:34046057
f779e55f-75c0-408a-9021-508ddd7db48f	https://www.doi.org/10.3390/cancers13081909	PMID:33921066	PMC8071449	No	Cancers	2021-04-30	Loss of RET promotes mesenchymal identity in neuroblastoma cells	CC-BY-4.0	Yes	Yes	pmc_fulltext_xml/PMC8071449.xml	Licensee MDPI, Basel, Switzerland. This article is an open access article distributed under the terms and conditions of the Creative Commons Attribution (CC BY) license (https://creativecommons.org/licenses/by/4.0/).	"[""Siaw JT"", ""Gabre JL"", ""Uçkun E"", ""Vigny M"", ""Zhang W"", ""Van den Eynden J"", ""Hallberg B"", ""Palmer RH"", ""Guan J.""]"	Aberrant activation of anaplastic lymphoma kinase (ALK) drives neuroblastoma (NB). Previous work identified the RET receptor tyrosine kinase (RTK) as a downstream target of ALK activity in NB models. We show here that ALK activation in response to ALKAL2 ligand results in the rapid phosphorylation of RET in NB cells, providing additional insight into the contribution of RET to the ALK-driven gene signature in NB. To further address the role of RET in NB, RET knockout (KO) SK-N-AS cells were generated by CRISPR/Cas9 genome engineering. Gene expression analysis of RET KO NB cells identified a reprogramming of NB cells to a mesenchymal (MES) phenotype that was characterized by increased migration and upregulation of the AXL and MNNG HOS transforming gene (MET) RTKs, as well as integrins and extracellular matrix components. Strikingly, the upregulation of AXL in the absence of RET reflects the development timeline observed in the neural crest as progenitor cells undergo differentiation during embryonic development. Together, these findings suggest that a MES phenotype is promoted in mesenchymal NB cells in the absence of RET, reflective of a less differentiated developmental status.	Siaw JT, Gabre JL, Uçkun E, Vigny M, Zhang W, Van den Eynden J, Hallberg B, Palmer RH, Guan J. Loss of RET Promotes Mesenchymal Identity in Neuroblastoma Cells <i>Cancers.</i> 2021-04-30. DOI:https://www.doi.org/10.3390/cancers13081909 PMID:33921066
26920080-06b1-4157-afc2-22ff41231732	https://www.doi.org/10.3389/fonc.2020.00442	PMID:32346533	PMC7169429	No	Frontiers in Oncology	2021-04-29	Functional genomic screening independently identifies CUL3 as a mediator of vemurafenib resistance via Src-Rac1 signaling axis	CC-BY-4.0	Yes	Yes	pmc_fulltext_xml/PMC7169429.xml	http://creativecommons.org/licenses/by/4.0/	"[""Marion Vanneste"", ""Charlotte R Feddersen"", ""Afshin Varzavand"", ""Elliot Y Zhu"", ""Tyler Foley"", ""Lei Zhao"", ""Kathleen H Holt"", ""Mohammed Milhem"", ""Robert Piper"", ""Christopher S Stipp"", ""Adam J Dupuy"", ""Michael D Henry""]"	Patients with malignant melanoma have a 5-year survival rate of only 15-20% once the tumor has metastasized to distant tissues. While MAP kinase pathway inhibitors (MAPKi) are initially effective for the majority of patients with melanoma harboring BRAF<sup>V600E</sup> mutation, over 90% of patients relapse within 2 years. Thus, there is a critical need for understanding MAPKi resistance mechanisms. In this manuscript, we performed a forward genetic screen using a whole genome shRNA library to identify negative regulators of vemurafenib resistance. We identified loss of NF1 and CUL3 as drivers of vemurafenib resistance. NF1 is a known driver of vemurafenib resistance in melanoma through its action as a negative regulator of RAS. However, the mechanism by which CUL3, a key protein in E3 ubiquitin ligase complexes, is involved in vemurafenib resistance was unknown. We found that loss of CUL3 was associated with an increase in RAC1 activity and MEK<sup>S298</sup> phosphorylation. However, the addition of the Src family inhibitor saracatinib prevented resistance to vemurafenib in CUL3<sup>KD</sup> cells and reversed RAC1 activation. This finding suggests that inhibition of the Src family suppresses MAPKi resistance in CUL3<sup>KD</sup> cells by inactivation of RAC1. Our results also indicated that the loss of CUL3 does not promote the activation of RAC1 through stabilization, suggesting that CUL3 is involved in the stability of upstream regulators of RAC1. Collectively, our study identifies the loss of CUL3 as a driver of MAPKi resistance through activation of RAC1 and demonstrates that inhibition of the Src family can suppress the MAPKi resistance phenotype in CUL3<sup>KD</sup> cells by inactivating RAC1 protein.	Marion Vanneste, Charlotte R Feddersen, Afshin Varzavand, Elliot Y Zhu, Tyler Foley, Lei Zhao, Kathleen H Holt, Mohammed Milhem, Robert Piper, Christopher S Stipp, Adam J Dupuy, Michael D Henry. Functional Genomic Screening Independently Identifies CUL3 as a Mediator of Vemurafenib Resistance via Src-Rac1 Signaling Axis. <i>Frontiers in Oncology.</i> 2021-04-29. DOI:https://www.doi.org/10.3389/fonc.2020.00442 PMID:32346533
a7f4a632-2851-404a-99ae-40308e1a7fa3	https://www.doi.org/10.3390/cancers13071584	PMID:33808166	PMC8038069	No	Cancers	2021-04-03	Transposon mutagenesis-guided CRISPR/Cas9 screening strongly implicates dysregulation of Hippo/YAP signaling in malignant peripheral nerve sheath tumor development	CC-BY-4.0	Yes	Yes	pmc_fulltext_xml/PMC8038069.xml	Licensee MDPI, Basel, Switzerland. This article is an open access article distributed under the terms and conditions of the Creative Commons Attribution (CC BY) license (http://creativecommons.org/licenses/by/4.0/).	"[""Vélez-Reyes GL"", ""Koes N"", ""Ryu JH"", ""Kaufmann G"", ""Berner M"", ""Weg MT"", ""Wolf NK"", ""Rathe SK"", ""Ratner N"", ""Moriarity BS"", ""Largaespada DA.""]"	Malignant peripheral nerve sheath tumors (MPNSTs) are highly aggressive, genomically complex, have soft tissue sarcomas, and are derived from the Schwann cell lineage. Patients with neurofibromatosis type 1 syndrome (NF1), an autosomal dominant tumor predisposition syndrome, are at a high risk for MPNSTs, which usually develop from pre-existing benign Schwann cell tumors called plexiform neurofibromas. NF1 is characterized by loss-of-function mutations in the NF1 gene, which encode neurofibromin, a Ras GTPase activating protein (GAP) and negative regulator of RasGTP-dependent signaling. In addition to bi-allelic loss of NF1, other known tumor suppressor genes include TP53, CDKN2A, SUZ12, and EED, all of which are often inactivated in the process of MPNST growth. A sleeping beauty (SB) transposon-based genetic screen for high-grade Schwann cell tumors in mice, and comparative genomics, implicated Wnt/β-catenin, PI3K-AKT-mTOR, and other pathways in MPNST development and progression. We endeavored to more systematically test genes and pathways implicated by our SB screen in mice, i.e., in a human immortalized Schwann cell-based model and a human MPNST cell line, using CRISPR/Cas9 technology. We individually induced loss-of-function mutations in 103 tumor suppressor genes (TSG) and oncogene candidates. We assessed anchorage-independent growth, transwell migration, and for a subset of genes, tumor formation in vivo. When tested in a loss-of-function fashion, about 60% of all TSG candidates resulted in the transformation of immortalized human Schwann cells, whereas 30% of oncogene candidates resulted in growth arrest in a MPNST cell line. Individual loss-of-function mutations in the TAOK1, GDI2, NF1, and APC genes resulted in transformation of immortalized human Schwann cells and tumor formation in a xenograft model. Moreover, the loss of all four of these genes resulted in activation of Hippo/Yes Activated Protein (YAP) signaling. By combining SB transposon mutagenesis and CRISPR/Cas9 screening, we established a useful pipeline for the validation of MPNST pathways and genes. Our results suggest that the functional genetic landscape of human MPNST is complex and implicate the Hippo/YAP pathway in the transformation of neurofibromas. It is thus imperative to functionally validate individual cancer genes and pathways using human cell-based models, to determinate their role in different stages of MPNST development, growth, and/or metastasis.	Vélez-Reyes GL, Koes N, Ryu JH, Kaufmann G, Berner M, Weg MT, Wolf NK, Rathe SK, Ratner N, Moriarity BS, Largaespada DA. Transposon Mutagenesis-Guided CRISPR/Cas9 Screening Strongly Implicates Dysregulation of Hippo/YAP Signaling in Malignant Peripheral Nerve Sheath Tumor Development <i>Cancers.</i> 2021-04-03. DOI:https://www.doi.org/10.3390/cancers13071584 PMID:33808166
09cb24e7-8621-4809-8d73-c37f486b6d04	https://www.doi.org/10.1186/s11689-021-09359-0	PMID:33743598	PMC7980331	No	Journal of Neurodevelopmental Disorders	2021-03-21	Shared developmental gait disruptions across two mouse models of neurodevelopmental disorders	CC-BY-4.0	Yes	Yes	pmc_fulltext_xml/PMC7980331.xml	Open AccessThis article is licensed under a Creative Commons Attribution 4.0 International License, which permits use, sharing, adaptation, distribution and reproduction in any medium or format, as long as you give appropriate credit to the original author(s) and the source, provide a link to the Creative Commons licence, and indicate if changes were made. The images or other third party material in this article are included in the article's Creative Commons licence, unless indicated otherwise in a credit line to the material. If material is not included in the article's Creative Commons licence and your intended use is not permitted by statutory regulation or exceeds the permitted use, you will need to obtain permission directly from the copyright holder. To view a copy of this licence, visit http://creativecommons.org/licenses/by/4.0/. The Creative Commons Public Domain Dedication waiver (http://creativecommons.org/publicdomain/zero/1.0/) applies to the data made available in this article, unless otherwise stated in a credit line to the data.	"[""Rahn RM"", ""Weichselbaum CT"", ""Gutmann DH"", ""Dougherty JD"", ""Maloney SE.""]"	BACKGROUND. Motor deficits such as abnormal gait are an underappreciated yet characteristic phenotype of many neurodevelopmental disorders (NDDs), including Williams Syndrome (WS) and Neurofibromatosis Type 1 (NF1). Compared to cognitive phenotypes, gait phenotypes are readily and comparably assessed in both humans and model organisms and are controlled by well-defined CNS circuits. Discovery of a common gait phenotype between NDDs might suggest shared cellular and molecular deficits and highlight simple outcome variables to potentially quantify longitudinal treatment efficacy in NDDs. METHODS. We characterized gait using the DigiGait assay in two different murine NDD models: the complete deletion (CD) mouse, which models hemizygous loss of the complete WS locus, and the Nf1+/R681X mouse, which models a NF1 patient-derived heterozygous germline NF1 mutation. Longitudinal data were collected across four developmental time points (postnatal days 21-30) and one early adulthood time point. RESULTS. Compared to wildtype littermate controls, both models displayed markedly similar spatial, temporal, and postural gait abnormalities during development. Developing CD mice also displayed significant decreases in variability metrics. Multiple gait abnormalities observed across development in the Nf1+/R681X mice persisted into early adulthood, including increased stride length and decreased stride frequency, while developmental abnormalities in the CD model largely resolved by adulthood. CONCLUSIONS. These findings suggest that the subcomponents of gait affected in NDDs show overlap between disorders as well as some disorder-specific features, which may change over the course of development. Our incorporation of spatial, temporal, and postural gait measures also provides a template for gait characterization in other NDD models and a platform to examining circuits or longitudinal therapeutics.	Rahn RM, Weichselbaum CT, Gutmann DH, Dougherty JD, Maloney SE. Shared developmental gait disruptions across two mouse models of neurodevelopmental disorders <i>Journal of Neurodevelopmental Disorders.</i> 2021-03-21. DOI:https://www.doi.org/10.1186/s11689-021-09359-0 PMID:33743598
259f53e1-b917-4aee-afda-9434c0136d06	https://www.doi.org/10.3390/genes11070762	PMID:32650362	PMC7397152	No	Genes	2021-03-19	Preventative effect of Mebendazole against malignancies in neurofibromatosis 1	CC-BY-4.0	Yes	Yes	pmc_fulltext_xml/PMC7397152.xml	Licensee MDPI, Basel, Switzerland. This article is an open access article distributed under the terms and conditions of the Creative Commons Attribution (CC BY) license (http://creativecommons.org/licenses/by/4.0/).	"[""Verena Staedtke"", ""Tyler Gray-Bethke"", ""Gregory J Riggins"", ""Ren-Yuan Bai""]"	Patients with RASopathy Neurofibromatosis 1 (NF1) are at a markedly increased risk of the development of benign and malignant tumors. Malignant tumors are often recalcitrant to treatments and associated with poor survival; however, no chemopreventative strategies currently exist. We thus evaluated the effect of mebendazole, alone or in combination with cyclooxygenase-2 (COX-2) inhibitors, on the prevention of NF1-related malignancies in a <i>cis</i> <i>Nf1+/-;Tp53+/-</i> (NPcis) mouse model of NF1. Our in vitro findings showed that mebendazole (MBZ) inhibits the growth of NF1-related malignant peripheral nerve sheath tumors (MPNSTs) through a reduction in activated guanosine triphosphate (GTP)-bound Ras. The daily MBZ treatment of NPcis mice dosed at 195 mg/kg daily, initiated 60 days after birth, substantially delayed the formation of solid malignancies and increased median survival (<i>p</i> &lt; 0.0001). Compared to placebo-treated mice, phosphorylated extracellular signal-regulated kinase (pERK) levels were decreased in the malignancies of MBZ-treated mice. The combination of MBZ with COX-2 inhibitor celecoxib (CXB) further enhanced the chemopreventative effect in female mice beyond each drug alone. These findings demonstrate the feasibility of a prevention strategy for malignancy development in high-risk NF1 individuals.	Verena Staedtke, Tyler Gray-Bethke, Gregory J Riggins, Ren-Yuan Bai. Preventative Effect of Mebendazole against Malignancies in Neurofibromatosis 1. <i>Genes.</i> 2021-03-19. DOI:https://www.doi.org/10.3390/genes11070762 PMID:32650362
f883202b-bbc8-4ae8-ae00-29abfacb97b0	https://www.doi.org/10.1371/journal.pone.0241821	PMID:33630851	PMC7906369	No	PLoS One	2021-02-25	Selection of internal references for RT-qPCR assays in Neurofibromatosis type 1 (NF1) related Schwann cell lines	CC-BY-4.0	Yes	Yes	pmc_fulltext_xml/PMC7906369.xml	http://creativecommons.org/licenses/by/4.0/	"[""Gu YH"", ""Cui XW"", ""Ren JY"", ""Long MM"", ""Wang W"", ""Wei CJ"", ""Aimaier R"", ""Li YH"", ""Chung MH"", ""Gu B"", ""Li QF"", ""Wang ZC.""]"	Real-time quantitative PCR (RT-qPCR) has been widely applied in uncovering disease mechanisms and screening potential biomarkers. Internal reference gene selection determines the accuracy and reproducibility of data analyses. The aim of this study was to identify the optimal reference genes for the relative quantitative analysis of RT-qPCR in fourteen NF1 related cell lines, including non-tumor, benign and malignant Schwann cell lines. The expression characteristics of eleven candidate reference genes (RPS18, ACTB, B2M, GAPDH, PPIA, HPRT1, TBP, UBC, RPLP0, TFRC and RPL32) were screened and analyzed by four software programs: geNorm, NormFinder, BestKeeper and RefFinder. Results showed that GAPDH, the most frequently used internal reference gene, was significantly unstable between various cell lines. The combinational use of two reference genes (PPIA and TBP) was optimal in malignant Schwann cell lines and the use of single reference genes (PPIA or PRLP0) alone or in combination was optimal in benign Schwann cell lines. These recommended internal reference gene selections may improve the accuracy and reproducibility of RT-qPCR in gene expression analyses of NF1 related tumors.	Gu YH, Cui XW, Ren JY, Long MM, Wang W, Wei CJ, Aimaier R, Li YH, Chung MH, Gu B, Li QF, Wang ZC. Selection of internal references for RT-qPCR assays in Neurofibromatosis type 1 (NF1) related Schwann cell lines <i>PLoS One.</i> 2021-02-25. DOI:https://www.doi.org/10.1371/journal.pone.0241821 PMID:33630851
274d687c-000b-4c69-b347-0dd1e34b28fb	https://www.doi.org/10.1186/s13005-021-00256-4	PMID:33602260	PMC7890980	No	Head & Face Medicine	2021-02-22	Neurofibromin expression by normal salivary glands	CC-BY-4.0	Yes	Yes	pmc_fulltext_xml/PMC7890980.xml	Open AccessThis article is licensed under a Creative Commons Attribution 4.0 International License, which permits use, sharing, adaptation, distribution and reproduction in any medium or format, as long as you give appropriate credit to the original author(s) and the source, provide a link to the Creative Commons licence, and indicate if changes were made. The images or other third party material in this article are included in the article's Creative Commons licence, unless indicated otherwise in a credit line to the material. If material is not included in the article's Creative Commons licence and your intended use is not permitted by statutory regulation or exceeds the permitted use, you will need to obtain permission directly from the copyright holder. To view a copy of this licence, visit http://creativecommons.org/licenses/by/4.0/. The Creative Commons Public Domain Dedication waiver (http://creativecommons.org/publicdomain/zero/1.0/) applies to the data made available in this article, unless otherwise stated in a credit line to the data.	"[""Eloá Borges Luna"", ""Pâmella Pinho Montovani"", ""Rafaela Elvira Rozza-de-Menezes"", ""Karin Soares Cunha""]"	Neurofibromin, a protein encoded by the NF1 gene, is mutated in neurofibromatosis 1, one of the most common genetic diseases. Oral manifestations are common and a high prevalence of hyposalivation was recently described in individuals with neurofibromatosis 1. Although neurofibromin is ubiquitously expressed, its expression levels vary depending on the tissue type and developmental stage of the organism. The role of neurofibromin in the development, morphology, and physiology of salivary glands is unknown and a detailed expression of neurofibromin in human normal salivary glands has never been investigated. To investigate the expression levels and distribution of neurofibromin in acinar and ductal cells of major and minor salivary glands of adult individuals without NF1. Ten samples of morphologically normal major and minor salivary glands (three samples of each gland: parotid, submandibular and minor salivary; and one sample of sublingual gland) from individuals without neurofibromatosis 1 were selected to assess neurofibromin expression through immunohistochemistry. Immunoquantification was performed by a digital method. Neurofibromin was expressed in the cytoplasm of both serous and mucous acinar cells, as well as in ducts from all the samples of salivary glands. Staining intensity varied from mild to strong depending on the type of salivary gland and region (acini or ducts). Ducts had higher neurofibromin expression than acinar cells (p = 0.003). There was no statistical association between the expression of neurofibromin and the type of the salivary gland, considering acini (p = 0.09) or ducts (p = 0.50) of the four salivary glands (parotid, submandibular, minor salivary, and sublingual gland). Similar results were obtained comparing the acini (p = 0.35) and ducts (p = 0.50) of minor and major salivary glands. Besides, there was no correlation between the expression of neurofibromin and age (p = 0.08), and sex (p = 0.79) of the individuals, considering simultaneously the neurofibromin levels of acini and duct (n = 34). Neurofibromin is expressed in the cytoplasm of serous and mucous acinar cells, and ductal cells of salivary glands, suggesting that this protein is important for salivary gland function.	Eloá Borges Luna, Pâmella Pinho Montovani, Rafaela Elvira Rozza-de-Menezes, Karin Soares Cunha. Neurofibromin expression by normal salivary glands. <i>Head & Face Medicine.</i> 2021-02-22. DOI:https://www.doi.org/10.1186/s13005-021-00256-4 PMID:33602260
1fa7e618-79cc-4823-a2f7-1162aa301234	https://www.doi.org/10.4161/21624011.2014.954893	PMID:25960936	PMC4355981	No	Oncoimmunology	2021-02-18	A catalog of HLA type, HLA expression, and neo-epitope candidates in human cancer cell lines	CC-BY-NC	Yes	Yes	pmc_fulltext_xml/PMC4355981.xml	http://creativecommons.org/licenses/by-nc/3.0/	"[""Sebastian Boegel"", ""Martin Löwer"", ""Thomas Bukur"", ""Ugur Sahin"", ""John C Castle""]"	"Cancer cell lines are a tremendous resource for cancer biology and therapy development. These multipurpose tools are commonly used to examine the genetic origin of cancers, to identify potential novel tumor targets, such as tumor antigens for vaccine devel-opment, and utilized to screen potential therapies in preclinical studies. Mutations, gene expression, and drug sensitivity have been determined for many cell lines using next-generation sequencing (NGS). However, the human leukocyte antigen (HLA) type and HLA expression of tumor cell lines, characterizations necessary for the development of cancer vaccines, have remained largely incomplete and, such information, when available, has been distributed in many publications. Here, we determine the 4-digit HLA type and HLA expression of 167 cancer and 10 non-cancer cell lines from publically available RNA-Seq data. We use standard NGS RNA-Seq short reads from ""whole transcriptome"" sequencing, map reads to known HLA types, and statistically determine HLA type, heterozygosity, and expression. First, we present previously unreported HLA Class I and II genotypes. Second, we determine HLA expression levels in each cancer cell line, providing insights into HLA downregulation and loss in cancer. Third, using these results, we provide a fundamental cell line ""barcode"" to track samples and prevent sample annotation swaps and contamination. Fourth, we integrate the cancer cell-line specific HLA types and HLA expression with available cell-line specific mutation information and existing HLA binding prediction algorithms to make a catalog of predicted antigenic mutations in each cell line. The compilation of our results are a fundamental resource for all researchers selecting specific cancer cell lines based on the HLA type and HLA expression, as well as for the development of immunotherapeutic tools for novel cancer treatment modalities."	Sebastian Boegel, Martin Löwer, Thomas Bukur, Ugur Sahin, John C Castle. A catalog of HLA type, HLA expression, and neo-epitope candidates in human cancer cell lines. <i>Oncoimmunology.</i> 2021-02-18. DOI:https://www.doi.org/10.4161/21624011.2014.954893 PMID:25960936
e841cd57-33ec-404d-9419-4ad56af9028d	https://www.doi.org/10.7150/jca.40802	PMID:33391433	PMC7738992	No	Journal of Cancer	2021-01-04	Characterization of a new human astrocytoma cell line SHG140: cell proliferation, cell phenotype, karyotype, STR markers and tumorigenicity analysis	CC-BY-4.0	Yes	Yes	pmc_fulltext_xml/PMC7738992.xml	This is an open access article distributed under the terms of the Creative Commons Attribution License (https://creativecommons.org/licenses/by/4.0/). See http://ivyspring.com/terms for full terms and conditions.	"[""Li Y"", ""Sun T"", ""Chen Z"", ""Shao Y"", ""Huang Y"", ""Zhou Y.""]"	Background: Primary tumor Cell was an important tool for tumor research. Here, a new astrocytoma cell line SHG-140 was established and its proliferation, phenotype, karyotype, STR authentication, pathological characteristics, and characteristics of the cells' intrancranial xenografts of nude mice were studied. Methods: Primary SHG-140 culture was performed in DMEM/F12 medium with 10% FBS. Cell proliferation, karyotype analysis, cell immunofluorescence and STR authentication of SHG140 cells were performed. HE staining and immunohistochemistry, Whole oncogene high flux sequencing of the patient sample were carried out. SHG140 cells were injected into the brain of nude mice, HE staining and immunohistochemistry of intracranial xenograft tumor were detected. Results: Cell immunofluorescence demonstrated that SHG140 cells were positive for A2B5 (Glial precursors ganglioside), GFAP (Glial fibrillary acidic protein), Nestin, S-100 (Acid calcium bingding protein), Olig2 (Oligodendrocyte transcription factor 2) and Ki67 (Nuclear-associated antigen), cells negatively stained for Vimentin. Cell proliferation curve revealed that SHG140 proliferated slightly within 48 h, which then significantly proliferated to the fourth day. Karyotype analysis demonstrated its total number of chromosomes was 55, having trisomy of chromosome 6, 7, 8, 9 and X, and tetrad of chromosome 1 and 21, chromosomal deletion and rearrangement were observed. STR markers analysis showed the cells were derived from human male. SHG140 cells had tumorigenic properties - the intracranial injection of these cells into nude mice gave rise to growing tumors. We found that the glioma tissue was diffusively positive for GFAP, Nestin, slightly positive for Olig2, S-100; the positive rate of Ki-67 was 65% and negative for Vimentin. SHG140 cells were tumorigenic, GFAP, Nestin, S-100 Olig-2, the proliferation marker Ki-67 were expressed in its intracranial xenograft, Vimentin was negative expressed. Whole oncogene high flux sequencing of the patient tissue showed TP53, PTEN, IDH1 and PTCH1 mutation were existed. Conclusions: Our study showed that SHG140 was an astrocytoma glioma continuous cell line derived from a human adult male, having a strong tumorigenicity in nude mice, which made it wound be a useful model for the study of human glioblastoma multiforme.	Li Y, Sun T, Chen Z, Shao Y, Huang Y, Zhou Y. Characterization of a new human astrocytoma cell line SHG140: cell proliferation, cell phenotype, karyotype, STR markers and tumorigenicity analysis <i>Journal of Cancer.</i> 2021-01-04. DOI:https://www.doi.org/10.7150/jca.40802 PMID:33391433
21f7e39b-0ce2-4cf4-a8f2-d55d04796b6c	https://www.doi.org/10.1038/s41467-020-19555-6	PMID:33177525	PMC7658220	No	Nature Communications	2020-12-04	MEKK2 mediates aberrant ERK activation in neurofibromatosis type I	CC-BY-4.0	Yes	Yes	pmc_fulltext_xml/PMC7658220.xml	Open Access This article is licensed under a Creative Commons Attribution 4.0 International License, which permits use, sharing, adaptation, distribution and reproduction in any medium or format, as long as you give appropriate credit to the original author(s) and the source, provide a link to the Creative Commons license, and indicate if changes were made. The images or other third party material in this article are included in the article’s Creative Commons license, unless indicated otherwise in a credit line to the material. If material is not included in the article’s Creative Commons license and your intended use is not permitted by statutory regulation or exceeds the permitted use, you will need to obtain permission directly from the copyright holder. To view a copy of this license, visit http://creativecommons.org/licenses/by/4.0/.	"[""Seoyeon Bok"", ""Dong Yeon Shin"", ""Alisha R Yallowitz"", ""Mark Eiseman"", ""Michelle Cung"", ""Ren Xu"", ""Na Li"", ""Jun Sun"", ""Alfred L Williams"", ""John E Scott"", ""Bing Su"", ""Jae-Hyuck Shim"", ""Matthew B Greenblatt""]"	Neurofibromatosis type I (NF1) is characterized by prominent skeletal manifestations caused by NF1 loss. While inhibitors of the ERK activating kinases MEK1/2 are promising as a means to treat NF1, the broad blockade of the ERK pathway produced by this strategy is potentially associated with therapy limiting toxicities. Here, we have sought targets offering a more narrow inhibition of ERK activation downstream of NF1 loss in the skeleton, finding that MEKK2 is a novel component of a noncanonical ERK pathway in osteoblasts that mediates aberrant ERK activation after NF1 loss. Accordingly, despite mice with conditional deletion of Nf1 in mature osteoblasts (Nf1<sup>fl/fl</sup>;Dmp1-Cre) and Mekk2<sup>-/-</sup> each displaying skeletal defects, Nf1<sup>fl/fl</sup>;Mekk2<sup>-/-</sup>;Dmp1-Cre mice show an amelioration of NF1-associated phenotypes. We also provide proof-of-principle that FDA-approved inhibitors with activity against MEKK2 can ameliorate NF1 skeletal pathology. Thus, MEKK2 functions as a MAP3K in the ERK pathway in osteoblasts, offering a potential new therapeutic strategy for the treatment of NF1.	Seoyeon Bok, Dong Yeon Shin, Alisha R Yallowitz, Mark Eiseman, Michelle Cung, Ren Xu, Na Li, Jun Sun, Alfred L Williams, John E Scott, Bing Su, Jae-Hyuck Shim, Matthew B Greenblatt. MEKK2 mediates aberrant ERK activation in neurofibromatosis type I. <i>Nature Communications.</i> 2020-12-04. DOI:https://www.doi.org/10.1038/s41467-020-19555-6 PMID:33177525
764c12a2-b459-4f19-aa2c-9721df7b2845	https://www.doi.org/10.1093/noajnl/vdaa138	PMID:33235998	PMC7668446	No	Neuro-Oncology Advances	2020-11-26	Combination MEK and mTOR inhibitor therapy is active in models of glioblastoma	CC-BY-4.0	Yes	Yes	pmc_fulltext_xml/PMC7668446.xml	http://creativecommons.org/licenses/by/4.0/	"[""Karisa C Schreck"", ""Amy N Allen"", ""Jiawan Wang"", ""Christine A Pratilas""]"	RAS effector signaling pathways such as PI3K/mTOR and ERK are frequently dysregulated in glioblastoma. While small molecule targeted therapies against these pathways have appeared promising in preclinical studies, they have been disappointing in clinical trials due to toxicity and de novo and adaptive resistance. To identify predictors of glioblastoma sensitivity to dual pathway inhibition with mTORC1/2 and MEK inhibitors, we tested these agents, alone and in combination, in a cohort of genomically characterized glioblastoma cell lines. Seven genomically characterized, patient-derived glioblastoma neurosphere cell lines were evaluated for their sensitivity to the dual mTORC1/2 kinase inhibitor sapanisertib (MLN0128, TAK-228) alone or in combination with the MEK1/2 inhibitor trametinib (GSK1120212), using assessment of proliferation and evaluation of the downstream signaling consequences of these inhibitors. Sapanisertib inhibited cell growth in neurosphere lines, but induced apoptosis only in a subset of lines, and did not completely inhibit downstream mTOR signaling via ribosomal protein S6 (RPS6). Growth sensitivity to MEK inhibitor monotherapy was observed in a subset of lines defined by loss of NF1, was predicted by an ERK-dependent expression signature, and was associated with effective phospho-RPS6 inhibition. In these lines, combined MEK/mTOR treatment further inhibited growth and induced apoptosis. Combined MEK and mTOR inhibition also led to modest antiproliferative effects in lines with intact NF1 and insensitivity to MEK inhibitor monotherapy. These data demonstrate that combined MEK/mTOR inhibition is synergistic in glioblastoma cell lines and may be more potent in NF1-deficient glioblastoma.	Karisa C Schreck, Amy N Allen, Jiawan Wang, Christine A Pratilas. Combination MEK and mTOR inhibitor therapy is active in models of glioblastoma. <i>Neuro-Oncology Advances.</i> 2020-11-26. DOI:https://www.doi.org/10.1093/noajnl/vdaa138 PMID:33235998
a23345d3-39c6-4747-af13-39412ef44fa0	https://www.doi.org/10.3390/cancers10080273	PMID:30115852	PMC6115972	No	Cancers	2020-09-30	Functional Linkage of RKIP to the Epithelial to Mesenchymal Transition and Autophagy during the Development of Prostate Cancer	CC-BY-4.0	Yes	Yes	pmc_fulltext_xml/PMC6115972.xml	Licensee MDPI, Basel, Switzerland. This article is an open access article distributed under the terms and conditions of the Creative Commons Attribution (CC BY) license (http://creativecommons.org/licenses/by/4.0/).	"[""Mahmoud Ahmed"", ""Trang Huyen Lai"", ""Sahib Zada"", ""Jin Seok Hwang"", ""Trang Minh Pham"", ""Miyong Yun"", ""Deok Ryong Kim""]"	Raf kinase inhibitor protein (RKIP) plays a critical role in many signaling pathways as a multi-functional adapter protein. In particular, the loss of RKIP's function in certain types of cancer cells results in epithelial to mesenchymal transition (EMT) and the promotion of cancer metastasis. In addition, RKIP inhibits autophagy by modulating LC3-lipidation and mTORC1. How the RKIP-dependent inhibition of autophagy is linked to EMT and cancer progression is still under investigation. In this study, we investigated the ways by which RKIP interacts with key gene products in EMT and autophagy during the progression of prostate cancer. We first identified the gene products of interest using the corresponding gene ontology terms. The weighted-gene co-expression network analysis (WGCNA) was applied on a gene expression dataset from three groups of prostate tissues; benign prostate hyperplasia, primary and metastatic cancer. We found two modules of highly co-expressed genes, which were preserved in other independent datasets of prostate cancer tissues. RKIP showed potentially novel interactions with one EMT and seven autophagy gene products (TGFBR1; PIK3C3, PIK3CB, TBC1D25, TBC1D5, TOLLIP, WDR45 and WIPI1). In addition, we identified several upstream transcription modulators that could regulate the expression of these gene products. Finally, we verified some RKIP novel interactions by co-localization using the confocal microscopy analysis in a prostate cancer cell line. To summarize, RKIP interacts with EMT and autophagy as part of the same functional unit in developing prostate cancer.	Mahmoud Ahmed, Trang Huyen Lai, Sahib Zada, Jin Seok Hwang, Trang Minh Pham, Miyong Yun, Deok Ryong Kim. Functional Linkage of RKIP to the Epithelial to Mesenchymal Transition and Autophagy during the Development of Prostate Cancer. <i>Cancers.</i> 2020-09-30. DOI:https://www.doi.org/10.3390/cancers10080273 PMID:30115852
cb1bbb09-e004-477e-b0b4-b5cce9776560	https://www.doi.org/10.1093/noajnl/vdz049	PMID:32642732	PMC7317054	No	Neuro-Oncology Advances	2020-09-28	Genetics of human malignant peripheral nerve sheath tumors	CC-BY-4.0	Yes	Yes	pmc_fulltext_xml/PMC7317054.xml	http://creativecommons.org/licenses/by/4.0/	"[""Alexander Pemov"", ""Hua Li"", ""William Presley"", ""Margaret R Wallace"", ""David T Miller""]"	Malignant peripheral nerve sheath tumors (MPNSTs) are heterogeneous, highly aggressive tumors with no widely effective treatment other than surgery. Genomic architecture of MPNST is similar to other soft tissue sarcomas, with a relatively modest burden of single nucleotide variants and an elevated frequency of copy-number alterations. Recent advances in genomic studies identified previously unrecognized critical involvement of polycomb repressor complex 2 (PRC2) core components <i>SUZ12</i> and <i>EED</i> in transition to malignancy. Notably, somatic changes in <i>NF1</i>, <i>CDKN2A/B</i>, and PRC2 are found in most MPNST regardless of their etiology (e.g. neurofibromatosis type 1-associated vs. sporadic vs. radiation-induced), indicating that similar molecular mechanisms impact pathogenesis in these neoplasms. The timing and specific order of genetic or epigenetic changes may, however, explain the typically poorer prognosis of NF1-associated MPNSTs. Studies that reveal genes and regulatory pathways uniquely altered in malignancies are essential to development of targeted tumor therapies. Characterization of MPNST molecular profiles may also contribute to tools for earlier detection, and prediction of prognosis or drug response. Here we review the genetic discoveries and their implications in understanding MPNST biology.	Alexander Pemov, Hua Li, William Presley, Margaret R Wallace, David T Miller. Genetics of human malignant peripheral nerve sheath tumors. <i>Neuro-Oncology Advances.</i> 2020-09-28. DOI:https://www.doi.org/10.1093/noajnl/vdz049 PMID:32642732
56811196-5155-4e8e-a8eb-6ad560c493c9	https://www.doi.org/10.1186/s12935-020-1128-z	PMID:32099531	PMC7031935	No	Cancer Cell International	2020-09-28	Establishment and characterization of patient-derived cancer models of malignant peripheral nerve sheath tumors	CC-BY-4.0	Yes	Yes	pmc_fulltext_xml/PMC7031935.xml	Open AccessThis article is licensed under a Creative Commons Attribution 4.0 International License, which permits use, sharing, adaptation, distribution and reproduction in any medium or format, as long as you give appropriate credit to the original author(s) and the source, provide a link to the Creative Commons licence, and indicate if changes were made. The images or other third party material in this article are included in the article's Creative Commons licence, unless indicated otherwise in a credit line to the material. If material is not included in the article's Creative Commons licence and your intended use is not permitted by statutory regulation or exceeds the permitted use, you will need to obtain permission directly from the copyright holder. To view a copy of this licence, visit http://creativecommons.org/licenses/by/4.0/. The Creative Commons Public Domain Dedication waiver (http://creativecommons.org/publicdomain/zero/1.0/) applies to the data made available in this article, unless otherwise stated in a credit line to the data.	"[""Rieko Oyama"", ""Fusako Kito"", ""Mami Takahashi"", ""Emi Hattori"", ""Rei Noguchi"", ""Yoko Takai"", ""Marimu Sakumoto"", ""Zhiwei Qiao"", ""Shunichi Toki"", ""Masato Sugawara"", ""Yoshikazu Tanzawa"", ""Eisuke Kobayashi"", ""Fumihiko Nakatani"", ""Shintaro Iwata"", ""Akihiko Yoshida"", ""Akira Kawai"", ""Tadashi Kondo""]"	Malignant peripheral nerve sheath tumors (MPNSTs) are a rare subtype of soft-tissue sarcoma, derived from a peripheral branch or the sheath of the sciatic nerve, brachial plexus, or sacral plexus. The clinical outcomes for MPNST patients with unresectable or metastatic tumors are dismal, and novel therapeutic strategies are required. Although patient-derived cancer cell lines are vital for basic research and preclinical studies, few MPNST cell lines are available from public cell banks. Therefore, the aim of this study was to establish cancer cell lines derived from MPNST patients. We used tumor tissues from five patients with MPNSTs, including one derived from a rare bone tissue MPNST. The tumor tissues were obtained at the time of surgery and were immediately processed to establish cell lines. A patient-derived xenograft was also established when a sufficient amount of tumor tissue was available. The characterization of established cells was performed with respect to cell proliferation, spheroid formation, and invasion. The mutation status of actionable genes was monitored by NCC Oncopanel, by which the mutation of 114 genes was assessed by next-generation sequencing. The response to anti-cancer agents, including anti-cancer drugs approved for the treatment of other malignancies was investigated in the established cell lines. We established five cell lines (NCC-MPNST1-C1, NCC-MPNST2-C1, NCC-MPNST3-C1, NCC-MPNST4-C1, and NCC-MPNST5-C1) from the original tumors, and also established patient-derived xenografts (PDXs) from which one cell line (NCC-MPNST3-X2-C1) was produced. The established MPNST cell lines proliferated continuously and formed spheroids while exhibiting distinct invasion abilities. The cell lines had typical mutations in the actionable genes, and the mutation profiles differed among the cell lines. The responsiveness to examined anti-cancer agents differed among cell lines; while the presence of an actionable gene mutation did not correspond with the response to the anticipated anti-cancer agents. The established cell lines exhibit various characteristics, including proliferation and invasion potential. In addition, they had different mutation profiles and response to the anti-cancer agents. These observations suggest that the established cell lines will be useful for future research on MPNSTs.	Rieko Oyama, Fusako Kito, Mami Takahashi, Emi Hattori, Rei Noguchi, Yoko Takai, Marimu Sakumoto, Zhiwei Qiao, Shunichi Toki, Masato Sugawara, Yoshikazu Tanzawa, Eisuke Kobayashi, Fumihiko Nakatani, Shintaro Iwata, Akihiko Yoshida, Akira Kawai, Tadashi Kondo. Establishment and characterization of patient-derived cancer models of malignant peripheral nerve sheath tumors. <i>Cancer Cell International.</i> 2020-09-28. DOI:https://www.doi.org/10.1186/s12935-020-1128-z PMID:32099531
919e20d6-9234-4cd4-b0a3-db6f937b294f	https://www.doi.org/10.1038/s42003-018-0163-y	PMID:30302402	PMC6168575	Yes	Communications Biology	2020-08-27	Genetically engineered minipigs model the major clinical features of human neurofibromatosis type 1	CC-BY-4.0	Yes	Yes	pmc_fulltext_xml/PMC6168575.xml	Open Access This article is licensed under a Creative Commons Attribution 4.0 International License, which permits use, sharing, adaptation, distribution and reproduction in any medium or format, as long as you give appropriate credit to the original author(s) and the source, provide a link to the Creative Commons license, and indicate if changes were made. The images or other third party material in this article are included in the article’s Creative Commons license, unless indicated otherwise in a credit line to the material. If material is not included in the article’s Creative Commons license and your intended use is not permitted by statutory regulation or exceeds the permitted use, you will need to obtain permission directly from the copyright holder. To view a copy of this license, visit http://creativecommons.org/licenses/by/4.0/.	"[""Sara H Isakson"", ""Anthony E Rizzardi"", ""Alexander W Coutts"", ""Daniel F Carlson"", ""Mark N Kirstein"", ""James Fisher"", ""Jeremie Vitte"", ""Kyle B Williams"", ""G Elizabeth Pluhar"", ""Sonika Dahiya"", ""Brigitte C Widemann"", ""Eva Dombi"", ""Tilat Rizvi"", ""Nancy Ratner"", ""Ludwine Messiaen"", ""Anat O Stemmer-Rachamimov"", ""Scott C Fahrenkrug"", ""David H Gutmann"", ""Marco Giovannini"", ""Christopher L Moertel"", ""David A Largaespada"", ""Adrienne L Watson""]"	Neurofibromatosis Type 1 (NF1) is a genetic disease caused by mutations in <i>Neurofibromin 1</i> (<i>NF1</i>). NF1 patients present with a variety of clinical manifestations and are predisposed to cancer development. Many NF1 animal models have been developed, yet none display the spectrum of disease seen in patients and the translational impact of these models has been limited. We describe a minipig model that exhibits clinical hallmarks of NF1, including café au lait macules, neurofibromas, and optic pathway glioma. Spontaneous loss of heterozygosity is observed in this model, a phenomenon also described in NF1 patients. Oral administration of a mitogen-activated protein kinase/extracellular signal-regulated kinase inhibitor suppresses Ras signaling. To our knowledge, this model provides an unprecedented opportunity to study the complex biology and natural history of NF1 and could prove indispensable for development of imaging methods, biomarkers, and evaluation of safety and efficacy of NF1-targeted therapies.	Sara H Isakson, Anthony E Rizzardi, Alexander W Coutts, Daniel F Carlson, Mark N Kirstein, James Fisher, Jeremie Vitte, Kyle B Williams, G Elizabeth Pluhar, Sonika Dahiya, Brigitte C Widemann, Eva Dombi, Tilat Rizvi, Nancy Ratner, Ludwine Messiaen, Anat O Stemmer-Rachamimov, Scott C Fahrenkrug, David H Gutmann, Marco Giovannini, Christopher L Moertel, David A Largaespada, Adrienne L Watson. Genetically engineered minipigs model the major clinical features of human neurofibromatosis type 1. <i>Communications Biology.</i> 2020-08-27. DOI:https://www.doi.org/10.1038/s42003-018-0163-y PMID:30302402
e6889d32-06ea-4274-82e8-0659ca9b1b51	https://www.doi.org/10.1371/journal.pone.0237097	PMID:32810864	PMC7446925	No	PLoS One	2020-08-19	Evaluating modified diets and dietary supplement therapies for reducing muscle lipid accumulation and improving muscle function in neurofibromatosis type 1 (NF1)	CC-BY-4.0	Yes	Yes	pmc_fulltext_xml/PMC7446925.xml	http://creativecommons.org/licenses/by/4.0/	"[""Vasiljevski ER"", ""Houweling PJ"", ""Rupasinghe T"", ""Kaur T"", ""Summers MA"", ""Roessner U"", ""Little DG"", ""Schindeler A.""]"	Neurofibromatosis type 1 (NF1) is a genetic disorder that affects a range of tissue systems, however the associated muscle weakness and fatigability can have a profound impact on quality of life. Prior studies using the limb-specific Nf1 knockout mouse (Nf1Prx1-/-) revealed an accumulation of intramyocellular lipid (IMCL) that could be rescued by a diet supplemented with L-carnitine and enriched for medium-chain fatty acids (MCFAs). In this study we used the Nf1Prx1-/- mouse to model a range of dietary interventions designed to reduce IMCL accumulation, and analyze using other modalities including in situ muscle physiology and lipid mass spectrometry. Histological IMCL accumulation was significantly reduced by a range of treatments including L-carnitine and high MCFAs alone. A low-fat diet did not affect IMCL, but did provide improvements to muscle strength. Supplementation yielded rapid improvements in IMCL within 4 weeks, but were lost once treatment was discontinued. In situ muscle measurements were highly variable in Nf1Prx1-/- mice, attributable to the severe phenotype present in this model, with fusion of the hips and an overall small hind limb muscle size. Lipidome analysis enabled segregation of the normal and modified chow diets, and fatty acid data suggested increased muscle lipolysis with the intervention. Acylcarnitines were also affected, suggestive of a mitochondrial fatty acid oxidation disorder. These data support the theory that NF1 is a lipid storage disease that can be treated by dietary intervention, and encourages future human trials.	Vasiljevski ER, Houweling PJ, Rupasinghe T, Kaur T, Summers MA, Roessner U, Little DG, Schindeler A. Evaluating modified diets and dietary supplement therapies for reducing muscle lipid accumulation and improving muscle function in neurofibromatosis type 1 (NF1) <i>PLoS One.</i> 2020-08-19. DOI:https://www.doi.org/10.1371/journal.pone.0237097 PMID:32810864
3c1324f0-c5cb-4533-8567-c986bb68fe38	https://www.doi.org/10.1371/journal.pgen.1008920	PMID:32697780	PMC7398555	No	PLoS Genetics	2020-07-23	Developmental loss of neurofibromin across distributed neuronal circuits drives excessive grooming in Drosophila	CC-BY-4.0	Yes	Yes	pmc_fulltext_xml/PMC7398555.xml	http://creativecommons.org/licenses/by/4.0/	"[""King LB"", ""Boto T"", ""Botero V"", ""Aviles AM"", ""Jomsky BM"", ""Joseph C"", ""Walker JA"", ""Tomchik SM.""]"	Neurofibromatosis type 1 is a monogenetic disorder that predisposes individuals to tumor formation and cognitive and behavioral symptoms. The neuronal circuitry and developmental events underlying these neurological symptoms are unknown. To better understand how mutations of the underlying gene (NF1) drive behavioral alterations, we have examined grooming in the Drosophila neurofibromatosis 1 model. Mutations of the fly NF1 ortholog drive excessive grooming, and increased grooming was observed in adults when Nf1 was knocked down during development. Furthermore, intact Nf1 Ras GAP-related domain signaling was required to maintain normal grooming. The requirement for Nf1 was distributed across neuronal circuits, which were additive when targeted in parallel, rather than mapping to discrete microcircuits. Overall, these data suggest that broadly-distributed alterations in neuronal function during development, requiring intact Ras signaling, drive key Nf1-mediated behavioral alterations. Thus, global developmental alterations in brain circuits/systems function may contribute to behavioral phenotypes in neurofibromatosis type 1.	King LB, Boto T, Botero V, Aviles AM, Jomsky BM, Joseph C, Walker JA, Tomchik SM. Developmental loss of neurofibromin across distributed neuronal circuits drives excessive grooming in Drosophila <i>PLoS Genetics.</i> 2020-07-23. DOI:https://www.doi.org/10.1371/journal.pgen.1008920 PMID:32697780
d94fc855-28b3-48e9-84d2-a7c69b8a013a	https://www.doi.org/10.1038/s41419-020-2703-x	PMID:32606289	PMC7326958	No	Cell Death & Disease	2020-07-02	Knockdown of MSI2 inhibits metastasis by interacting with caveolin-1 and inhibiting its ubiquitylation in human NF1-MPNST cells	CC-BY-4.0	Yes	Yes	pmc_fulltext_xml/PMC7326958.xml	Open Access This article is licensed under a Creative Commons Attribution 4.0 International License, which permits use, sharing, adaptation, distribution and reproduction in any medium or format, as long as you give appropriate credit to the original author(s) and the source, provide a link to the Creative Commons license, and indicate if changes were made. The images or other third party material in this article are included in the article’s Creative Commons license, unless indicated otherwise in a credit line to the material. If material is not included in the article’s Creative Commons license and your intended use is not permitted by statutory regulation or exceeds the permitted use, you will need to obtain permission directly from the copyright holder. To view a copy of this license, visit http://creativecommons.org/licenses/by/4.0/.	"[""Yang K"", ""Du J"", ""Shi D"", ""Ji F"", ""Ji Y"", ""Pan J"", ""Lv F"", ""Zhang Y"", ""Zhang J.""]"	Malignant peripheral nerve sheath tumours (MPNSTs) are highly aggressive Schwann cell-derived sarcomas, and they are either associated with neurofibromatosis type 1 (NF1) or sporadic. Our previous study found that high mobility group protein A2 (HMGA2) regulates NF1-MPNST growth through Musashi-2 (MSI2); however, whether MSI2 regulates MPNST metastasis and what the mechanism is remain unclear. Here, we demonstrated that the protein caveolin-1 (CAV1) directly interacts with MSI2 in human NF1-MPNST cells. Moreover, we discovered that knockdown of MSI2 induces CAV1 protein expression by inhibiting its ubiquitylation level in NF1-MPNSTs. In addition, CAV1 mediates the suppressive function of MSI2 in epithelial-mesenchymal transition, migration and invasion in vitro and metastasis in vivo. These results help to reveal the potential mechanisms of MSI2 as a target of antimetastatic treatment for human NF1-MPNST.	Yang K, Du J, Shi D, Ji F, Ji Y, Pan J, Lv F, Zhang Y, Zhang J. Knockdown of MSI2 inhibits metastasis by interacting with caveolin-1 and inhibiting its ubiquitylation in human NF1-MPNST cells <i>Cell Death & Disease.</i> 2020-07-02. DOI:https://www.doi.org/10.1038/s41419-020-2703-x PMID:32606289
7e3b3912-435d-4518-a215-743fd6c30aa3	https://www.doi.org/10.1186/s13058-020-01300-y	PMID:32576280	PMC7310532	No	Breast Cancer Research	2020-06-25	New generation breast cancer cell lines developed from patient-derived xenografts	CC-BY-4.0	Yes	Yes	pmc_fulltext_xml/PMC7310532.xml	Open AccessThis article is licensed under a Creative Commons Attribution 4.0 International License, which permits use, sharing, adaptation, distribution and reproduction in any medium or format, as long as you give appropriate credit to the original author(s) and the source, provide a link to the Creative Commons licence, and indicate if changes were made. The images or other third party material in this article are included in the article's Creative Commons licence, unless indicated otherwise in a credit line to the material. If material is not included in the article's Creative Commons licence and your intended use is not permitted by statutory regulation or exceeds the permitted use, you will need to obtain permission directly from the copyright holder. To view a copy of this licence, visit http://creativecommons.org/licenses/by/4.0/. The Creative Commons Public Domain Dedication waiver (http://creativecommons.org/publicdomain/zero/1.0/) applies to the data made available in this article, unless otherwise stated in a credit line to the data.	"[""Finlay-Schultz J"", ""Jacobsen BM"", ""Riley D"", ""Paul KV"", ""Turner S"", ""Ferreira-Gonzalez A"", ""Harrell JC"", ""Kabos P"", ""Sartorius CA.""]"	BACKGROUND. Breast cancer is a highly heterogeneous disease characterized by multiple histologic and molecular subtypes. While a myriad of breast cancer cell lines have been developed over the past 60 years, estrogen receptor alpha (ER)+ disease and some mutations associated with this subtype remain underrepresented. Here we describe six breast cancer cell lines derived from patient-derived xenografts (PDX) and their general characteristics. METHODS. Established breast cancer PDX were processed into cell suspensions and placed into standard 2D cell culture; six emerged into long-term passageable cell lines. Cell lines were assessed for protein expression of common luminal, basal, and mesenchymal markers, growth assessed in response to estrogens and endocrine therapies, and RNA-seq and oncogenomics testing performed to compare relative transcript levels and identify putative oncogenic drivers. RESULTS. Three cell lines express ER and two are also progesterone receptor (PR) positive; PAM50 subtyping identified one line as luminal A. One of the ER+PR+ lines harbors a D538G mutation in the gene for ER (ESR1), providing a natural model that contains this endocrine-resistant genotype. The third ER+PR-/low cell line has mucinous features, a rare histologic type of breast cancer. The three other lines are ER- and represent two basal-like and a mixed ductal/lobular breast cancer. The cell lines show varied responses to tamoxifen and fulvestrant, and three were demonstrated to regrow tumors in vivo. RNA sequencing confirms all cell lines are human and epithelial. Targeted oncogenomics testing confirmed the noted ESR1 mutation in addition to other mutations (i.e., PIK3CA, BRCA2, CCND1, NF1, TP53, MYC) and amplifications (i.e., FGFR1, FGFR3) frequently found in breast cancers. CONCLUSIONS. These new generation breast cancer cell lines add to the existing repository of breast cancer models, increase the number of ER+ lines, and provide a resource that can be genetically modified for studying several important clinical breast cancer features.	Finlay-Schultz J, Jacobsen BM, Riley D, Paul KV, Turner S, Ferreira-Gonzalez A, Harrell JC, Kabos P, Sartorius CA. New generation breast cancer cell lines developed from patient-derived xenografts <i>Breast Cancer Res.</i> 2020-06-25. DOI:https://www.doi.org/10.1186/s13058-020-01300-y PMID:32576280
37be3018-e4c4-4327-bdae-5a4625d24a5d	https://www.doi.org/10.1038/s41597-020-0508-5	PMID:32561749	PMC7305302	Yes	Scientific Data	2020-06-21	A clinically and genomically annotated nerve sheath tumor biospecimen repository	CC-BY-4.0	Yes	Yes	pmc_fulltext_xml/PMC7305302.xml	Open Access This article is licensed under a Creative Commons Attribution 4.0 International License, which permits use, sharing, adaptation, distribution and reproduction in any medium or format, as long as you give appropriate credit to the original author(s) and the source, provide a link to the Creative Commons license, and indicate if changes were made. The images or other third party material in this article are included in the article’s Creative Commons license, unless indicated otherwise in a credit line to the material. If material is not included in the article’s Creative Commons license and your intended use is not permitted by statutory regulation or exceeds the permitted use, you will need to obtain permission directly from the copyright holder. To view a copy of this license, visit http://creativecommons.org/licenses/by/4.0/.	"[""Pollard K"", ""Banerjee J"", ""Doan X"", ""Wang J"", ""Guo X"", ""Allaway R"", ""Langmead S"", ""Slobogean B"", ""Meyer CF"", ""Loeb DM"", ""Morris CD"", ""Belzberg AJ"", ""Blakeley JO"", ""Rodriguez FJ"", ""Guinney J"", ""Gosline SJC"", ""Pratilas CA.""]"	Nerve sheath tumors occur as a heterogeneous group of neoplasms in patients with neurofibromatosis type 1 (NF1). The malignant form represents the most common cause of death in people with NF1, and even when benign, these tumors can result in significant disfigurement, neurologic dysfunction, and a range of profound symptoms. Lack of human tissue across the peripheral nerve tumors common in NF1 has been a major limitation in the development of new therapies. To address this unmet need, we have created an annotated collection of patient tumor samples, patient-derived cell lines, and patient-derived xenografts, and carried out high-throughput genomic and transcriptomic characterization to serve as a resource for further biologic and preclinical therapeutic studies. In this work, we release genomic and transcriptomic datasets comprised of 55 tumor samples derived from 23 individuals, complete with clinical annotation. All data are publicly available through the NF Data Portal and at http://synapse.org/jhubiobank.	Pollard K, Banerjee J, Doan X, Wang J, Guo X, Allaway R, Langmead S, Slobogean B, Meyer CF, Loeb DM, Morris CD, Belzberg AJ, Blakeley JO, Rodriguez FJ, Guinney J, Gosline SJC, Pratilas CA. A clinically and genomically annotated nerve sheath tumor biospecimen repository <i>Scientific Data.</i> 2020-06-21. DOI:https://www.doi.org/10.1038/s41597-020-0508-5 PMID:32561749
0f142ebb-5c32-491a-9176-66402a549f1e	https://www.doi.org/10.15252/embr.201947734	PMID:31448519	PMC6776898	No	EMBO Reports	2020-05-11	Targeting of early endosomes by autophagy facilitates EGFR recycling and signalling	CC-BY-4.0	Yes	Yes	pmc_fulltext_xml/PMC6776898.xml	This is an open access article under the terms of the http://creativecommons.org/licenses/by/4.0/ License, which permits use, distribution and reproduction in any medium, provided the original work is properly cited.	"[""Jane Fraser"", ""Joanne Simpson"", ""Rosa Fontana"", ""Chieko Kishi-Itakura"", ""Nicholas T Ktistakis"", ""Noor Gammoh""]"	Despite recently uncovered connections between autophagy and the endocytic pathway, the role of autophagy in regulating endosomal function remains incompletely understood. Here, we find that the ablation of autophagy-essential players disrupts EGF-induced endocytic trafficking of EGFR. Cells lacking ATG7 or ATG16L1 exhibit increased levels of phosphatidylinositol-3-phosphate (PI(3)P), a key determinant of early endosome maturation. Increased PI(3)P levels are associated with an accumulation of EEA1-positive endosomes where EGFR trafficking is stalled. Aberrant early endosomes are recognised by the autophagy machinery in a TBK1- and Gal8-dependent manner and are delivered to LAMP2-positive lysosomes. Preventing this homeostatic regulation of early endosomes by autophagy reduces EGFR recycling to the plasma membrane and compromises downstream signalling and cell survival. Our findings uncover a novel role for the autophagy machinery in maintaining early endosome function and growth factor sensing.	Jane Fraser, Joanne Simpson, Rosa Fontana, Chieko Kishi-Itakura, Nicholas T Ktistakis, Noor Gammoh. Targeting of early endosomes by autophagy facilitates EGFR recycling and signalling. <i>EMBO Reports.</i> 2020-05-11. DOI:https://www.doi.org/10.15252/embr.201947734 PMID:31448519
837795ca-bf09-442a-9741-563f6d4ddf49	https://www.doi.org/10.1016/j.ccell.2019.05.013	PMID:31287991	PMC6617392	No	Cancer Cell	2020-03-30	Genomic and transcriptomic determinants of therapy resistance and immune landscape evolution during anti-EGFR treatment in colorectal cancer	CC-BY-4.0	Yes	Yes	pmc_fulltext_xml/PMC6617392.xml	http://creativecommons.org/licenses/by/4.0/	"[""Andrew Woolston"", ""Khurum Khan"", ""Georgia Spain"", ""Louise J Barber"", ""Beatrice Griffiths"", ""Reyes Gonzalez-Exposito"", ""Lisa Hornsteiner"", ""Marco Punta"", ""Yatish Patil"", ""Alice Newey"", ""Sonia Mansukhani"", ""Matthew N Davies"", ""Andrew Furness"", ""Francesco Sclafani"", ""Clare Peckitt"", ""Mirta Jiménez"", ""Kyriakos Kouvelakis"", ""Romana Ranftl"", ""Ruwaida Begum"", ""Isma Rana"", ""Janet Thomas"", ""Annette Bryant"", ""Sergio Quezada"", ""Andrew Wotherspoon"", ""Nasir Khan"", ""Nikolaos Fotiadis"", ""Teresa Marafioti"", ""Thomas Powles"", ""Stefano Lise"", ""Fernando Calvo"", ""Sebastian Guettler"", ""Katharina von Loga"", ""Sheela Rao"", ""David Watkins"", ""Naureen Starling"", ""Ian Chau"", ""Anguraj Sadanandam"", ""David Cunningham"", ""Marco Gerlinger""]"	Despite biomarker stratification, the anti-EGFR antibody cetuximab is only effective against a subgroup of colorectal cancers (CRCs). This genomic and transcriptomic analysis of the cetuximab resistance landscape in 35 RAS wild-type CRCs identified associations of NF1 and non-canonical RAS/RAF aberrations with primary resistance and validated transcriptomic CRC subtypes as non-genetic predictors of benefit. Sixty-four percent of biopsies with acquired resistance harbored no genetic resistance drivers. Most of these had switched from a cetuximab-sensitive transcriptomic subtype at baseline to a fibroblast- and growth factor-rich subtype at progression. Fibroblast-supernatant conferred cetuximab resistance in vitro, confirming a major role for non-genetic resistance through stromal remodeling. Cetuximab treatment increased cytotoxic immune infiltrates and PD-L1 and LAG3 immune checkpoint expression, potentially providing opportunities to treat cetuximab-resistant CRCs with immunotherapy.	Andrew Woolston, Khurum Khan, Georgia Spain, Louise J Barber, Beatrice Griffiths, Reyes Gonzalez-Exposito, Lisa Hornsteiner, Marco Punta, Yatish Patil, Alice Newey, Sonia Mansukhani, Matthew N Davies, Andrew Furness, Francesco Sclafani, Clare Peckitt, Mirta Jiménez, Kyriakos Kouvelakis, Romana Ranftl, Ruwaida Begum, Isma Rana, Janet Thomas, Annette Bryant, Sergio Quezada, Andrew Wotherspoon, Nasir Khan, Nikolaos Fotiadis, Teresa Marafioti, Thomas Powles, Stefano Lise, Fernando Calvo, Sebastian Guettler, Katharina von Loga, Sheela Rao, David Watkins, Naureen Starling, Ian Chau, Anguraj Sadanandam, David Cunningham, Marco Gerlinger. Genomic and Transcriptomic Determinants of Therapy Resistance and Immune Landscape Evolution during Anti-EGFR Treatment in Colorectal Cancer. <i>Cancer Cell.</i> 2020-03-30. DOI:https://www.doi.org/10.1016/j.ccell.2019.05.013 PMID:31287991
a4a80e67-d4f3-4173-8bd9-82db0d9e09fa	https://www.doi.org/10.3390/ijms21041548	PMID:32102484	PMC7073166	No	International Journal of Molecular Sciences	2020-02-28	Combined targeting of AKT and mTOR inhibits proliferation of human NF1-associated malignant peripheral nerve sheath tumour cells in vitro but not in a xenograft mouse model in vivo	CC-BY-4.0	Yes	Yes	pmc_fulltext_xml/PMC7073166.xml	Licensee MDPI, Basel, Switzerland. This article is an open access article distributed under the terms and conditions of the Creative Commons Attribution (CC BY) license (http://creativecommons.org/licenses/by/4.0/).	"[""Schulte A"", ""Ewald F"", ""Spyra M"", ""Smit DJ"", ""Jiang W"", ""Salamon J"", ""Jücker M"", ""Mautner VF.""]"	Persistent signalling via the PI3K/AKT/mTOR pathway is a major driver of malignancy in NF1-associated malignant peripheral nerve sheath tumours (MPNST). Nevertheless, single targeting of this pathway is not sufficient to inhibit MPNST growth. In this report, we demonstrate that combined treatment with the allosteric pan-AKT inhibitor MK-2206 and the mTORC1/mTORC2 inhibitor AZD8055 has synergistic effects on the viability of MPNST cell lines in comparison to the treatment with each compound alone. However, when treating animals bearing experimental MPNST with the combined AKT/mTOR regime, no influence on tumour growth was observed. Further analysis of the MPNST xenograft tumours resistant to AKT/mTOR treatment revealed a reactivation of both AKT and mTOR in several tumour samples. Additional targeting of the RAS/RAF/MEK/MAPK pathway with the allosteric MEK1/2 inhibitor AZD6244 showed synergistic effects on the viability of MPNST cell lines in vitro in comparison to the dual AKT/mTOR inhibition. In summary, these data indicate that combined treatment with AKT and mTOR inhibitors is effective on MPNST cells in vitro but tumour resistance can occur rapidly in vivo by restoration of AKT/mTOR signalling. Our data further suggest that a triple treatment with inhibitors against AKT, mTORC1/2 and MEK1/2 may be a promising treatment option that should be further analysed in an experimental MPNST mouse model in vivo.	Schulte A, Ewald F, Spyra M, Smit DJ, Jiang W, Salamon J, Jücker M, Mautner VF. Combined Targeting of AKT and mTOR Inhibits Proliferation of Human NF1-Associated Malignant Peripheral Nerve Sheath Tumour Cells In Vitro but not in a Xenograft Mouse Model In Vivo <i>International Journal of Molecular Sciences.</i> 2020-02-28. DOI:https://www.doi.org/10.3390/ijms21041548 PMID:32102484
0e9ad04a-e519-428b-8c2f-b683e07cf516	https://www.doi.org/10.1038/s41598-020-59789-4	PMID:32076030	PMC7031337	No	Scientific Reports	2020-02-21	Deregulated microRNAs in neurofibromatosis type 1 derived malignant peripheral nerve sheath tumors	CC-BY-4.0	Yes	Yes	pmc_fulltext_xml/PMC7031337.xml	Open Access This article is licensed under a Creative Commons Attribution 4.0 International License, which permits use, sharing, adaptation, distribution and reproduction in any medium or format, as long as you give appropriate credit to the original author(s) and the source, provide a link to the Creative Commons license, and indicate if changes were made. The images or other third party material in this article are included in the article’s Creative Commons license, unless indicated otherwise in a credit line to the material. If material is not included in the article’s Creative Commons license and your intended use is not permitted by statutory regulation or exceeds the permitted use, you will need to obtain permission directly from the copyright holder. To view a copy of this license, visit http://creativecommons.org/licenses/by/4.0/.	"[""Amirnasr A"", ""Verdijk RM"", ""van Kuijk PF"", ""Kartal P"", ""Vriends ALM"", ""French PJ"", ""van Royen ME"", ""Taal W"", ""Sleijfer S"", ""Wiemer EAC.""]"	Malignant peripheral nerve sheath tumors (MPNST) are aggressive cancers that occur spontaneously (sporadic MPNST) or from benign plexiform neurofibromas in neurofibromatosis type 1 (NF1) patients. MPNSTs metastasize easily, are therapy resistant and are frequently fatal. The molecular changes underlying the malignant transformation in the NF1 setting are incompletely understood. Here we investigate the involvement of microRNAs in this process. MicroRNA expression profiles were determined from a series of archival, paired samples of plexiform neurofibroma and MPNST. Ninety differentially expressed microRNAs were identified between the paired samples. Three downregulated microRNAs (let-7b-5p, miR-143-3p, miR-145-5p) and two upregulated microRNAs (miR135b-5p and miR-889-3p) in MPNST were selected for functional characterization. In general, their differential expression was validated in a relevant cell line panel but only partly in a series of unpaired, fresh frozen tumor samples. As part of the validation process we also analyzed microRNA expression profiles of sporadic MPNSTs observing that microRNA expression discriminates NF1-associated and sporadic MPNSTs. The role of microRNAs in cancer progression was examined in NF1-derived MPNST cell lines by transiently modulating microRNA levels. Our findings indicate that some microRNAs affect migratory and invasive capabilities and Wnt signaling activity but the effects are distinct in different cell lines. We conclude that miRNAs play essential regulatory roles in MPNST facilitating tumor progression.	Amirnasr A, Verdijk RM, van Kuijk PF, Kartal P, Vriends ALM, French PJ, van Royen ME, Taal W, Sleijfer S, Wiemer EAC. Deregulated microRNAs in neurofibromatosis type 1 derived malignant peripheral nerve sheath tumors <i>Scientific Reports.</i> 2020-02-21. DOI:https://www.doi.org/10.1038/s41598-020-59789-4 PMID:32076030
e12631d6-9908-44a8-b4cf-b3db5ef74a05	https://www.doi.org/10.1371/journal.pone.0228222	PMID:32074109	PMC7029865	Yes	PLoS One	2020-02-20	Validating indicators of CNS disorders in a swine model of neurological disease	CC-BY-4.0	Yes	Yes	pmc_fulltext_xml/PMC7029865.xml	http://creativecommons.org/licenses/by/4.0/	"[""Swier VJ"", ""White KA"", ""Meyerholz DK"", ""Chefdeville A"", ""Khanna R"", ""Sieren JC"", ""Quelle DE"", ""Weimer JM.""]"	Genetically modified swine disease models are becoming increasingly important for studying molecular, physiological and pathological characteristics of human disorders. Given the limited history of these model systems, there remains a great need for proven molecular reagents in swine tissue. Here, to provide a resource for neurological models of disease, we validated antibodies by immunohistochemistry for use in examining central nervous system (CNS) markers in a recently developed miniswine model of neurofibromatosis type 1 (NF1). NF1 is an autosomal dominant tumor predisposition disorder stemming from mutations in NF1, a gene that encodes the Ras-GTPase activating protein neurofibromin. Patients classically present with benign neurofibromas throughout their bodies and can also present with neurological associated symptoms such as chronic pain, cognitive impairment, and behavioral abnormalities. As validated antibodies for immunohistochemistry applications are particularly difficult to find for swine models of neurological disease, we present immunostaining validation of antibodies implicated in glial inflammation (CD68), oligodendrocyte development (NG2, O4 and Olig2), and neuron differentiation and neurotransmission (doublecortin, GAD67, and tyrosine hydroxylase) by examining cellular localization and brain region specificity. Additionally, we confirm the utility of anti-GFAP, anti-Iba1, and anti-MBP antibodies, previously validated in swine, by testing their immunoreactivity across multiple brain regions in mutant NF1 samples. These immunostaining protocols for CNS markers provide a useful resource to the scientific community, furthering the utility of genetically modified miniswine for translational and clinical applications.	Swier VJ, White KA, Meyerholz DK, Chefdeville A, Khanna R, Sieren JC, Quelle DE, Weimer JM. Validating indicators of CNS disorders in a swine model of neurological disease <i>PLoS One.</i> 2020-02-20. DOI:https://www.doi.org/10.1371/journal.pone.0228222 PMID:32074109
e2b35162-014d-47b1-b76c-09a3a0d82df1	https://www.doi.org/10.3390/genes10090650	PMID:31466283	PMC6770187	No	Genes	2020-02-10	Affinity purification of NF1 protein-protein interactors identifies keratins and neurofibromin itself as binding partners	CC-BY-4.0	Yes	Yes	pmc_fulltext_xml/PMC6770187.xml	Licensee MDPI, Basel, Switzerland. This article is an open access article distributed under the terms and conditions of the Creative Commons Attribution (CC BY) license (http://creativecommons.org/licenses/by/4.0/).	"[""Rachel M Carnes"", ""Robert A Kesterson"", ""Bruce R Korf"", ""James A Mobley"", ""Deeann Wallis""]"	Neurofibromatosis Type 1 (NF1) is caused by pathogenic variants in the <i>NF1</i> gene encoding neurofibromin. Definition of NF1 protein-protein interactions (PPIs) has been difficult and lacks replication, making it challenging to define binding partners that modulate its function. We created a novel tandem affinity purification (TAP) tag cloned in frame to the 3' end of the full-length murine <i>Nf1</i> cDNA (<i>mNf1</i>). We show that this cDNA is functional and expresses neurofibromin, His-Tag, and can correct p-ERK/ERK ratios in <i>NF1</i> null HEK293 cells. We used this affinity tag to purify binding partners with Strep-Tactin<sup>®</sup>XT beads and subsequently, identified them via mass spectrometry (MS). We found the tagged mNf1 can affinity purify human neurofibromin and vice versa, indicating that neurofibromin oligomerizes. We identify 21 additional proteins with high confidence of interaction with neurofibromin. After Metacore network analysis of these 21 proteins, eight appear within the same network, primarily keratins regulated by estrogen receptors. Previously, we have shown that neurofibromin levels negatively regulate keratin expression. Here, we show through pharmacological inhibition that this is independent of Ras signaling, as the inhibitors, selumetinib and rapamycin, do not alter keratin expression. Further characterization of neurofibromin oligomerization and binding partners could aid in discovering new neurofibromin functions outside of Ras regulation, leading to novel drug targets.	Rachel M Carnes, Robert A Kesterson, Bruce R Korf, James A Mobley, Deeann Wallis. Affinity Purification of NF1 Protein-Protein Interactors Identifies Keratins and Neurofibromin Itself as Binding Partners. <i>Genes.</i> 2020-02-10. DOI:https://www.doi.org/10.3390/genes10090650 PMID:31466283
27721e9d-d896-4a43-9d7e-bbd6f7a0d196	https://www.doi.org/10.1186/s11689-019-9304-y	PMID:31941438	PMC6961243	No	Journal of Neurodevelopmental Disorders	2020-01-17	Guanfacine treatment improves ADHD phenotypes of impulsivity and hyperactivity in a neurofibromatosis type 1 mouse model	CC-BY-4.0	Yes	Yes	pmc_fulltext_xml/PMC6961243.xml	Open AccessThis article is distributed under the terms of the Creative Commons Attribution 4.0 International License (http://creativecommons.org/licenses/by/4.0/), which permits unrestricted use, distribution, and reproduction in any medium, provided you give appropriate credit to the original author(s) and the source, provide a link to the Creative Commons license, and indicate if changes were made. The Creative Commons Public Domain Dedication waiver (http://creativecommons.org/publicdomain/zero/1.0/) applies to the data made available in this article, unless otherwise stated.	"[""Lukkes JL"", ""Drozd HP"", ""Fitz SD"", ""Molosh AI"", ""Clapp DW"", ""Shekhar A.""]"	BACKGROUND. Neurofibromatosis type 1 (NF1) is an autosomal dominant disorder with a mutation in one copy of the neurofibromin gene (NF1+/-). Even though approximately 40-60% of children with NF1 meet the criteria for attention deficit hyperactivity disorder (ADHD), very few preclinical studies, if any, have investigated alterations in impulsivity and risk-taking behavior. Mice with deletion of a single NF1 gene (Nf1+/-) recapitulate many of the phenotypes of NF1 patients. METHODS. We compared wild-type (WT) and Nf1+/- mouse strains to investigate differences in impulsivity and hyperactivity using the delay discounting task (DDT), cliff avoidance reaction (CAR) test, and open field. We also investigated whether treatment with the clinically effective alpha-2A adrenergic receptor agonist, guanfacine (0.3 mg/kg, i.p.), would reverse deficits observed in behavioral inhibition. RESULTS. Nf1+/- mice chose a higher percentage of smaller rewards when both 10- and 20-s delays were administered compared to WT mice, suggesting Nf1+/- mice are more impulsive. When treated with guanfacine (0.3 mg/kg, i.p.), Nf1+/- mice exhibited decreased impulsive choice by waiting for the larger, delayed reward. Nf1+/- mice also exhibited deficits in behavioral inhibition compared to WT mice in the CAR test by repetitively entering the outer edge of the platform where they risk falling. Treatment with guanfacine ameliorated these deficits. In addition, Nf1+/- mice exhibited hyperactivity as increased distance was traveled compared to WT controls in the open field. This hyperactivity in Nf1+/- mice was reduced with guanfacine pre-treatment. CONCLUSIONS. Overall, our study confirms that Nf1+/- mice exhibit deficits in behavioral inhibition in multiple contexts, a key feature of ADHD, and can be used as a model system to identify alterations in neural circuitry associated with symptoms of ADHD in children with NF1.	Lukkes JL, Drozd HP, Fitz SD, Molosh AI, Clapp DW, Shekhar A. Guanfacine treatment improves ADHD phenotypes of impulsivity and hyperactivity in a neurofibromatosis type 1 mouse model <i>Journal of Neurodevelopmental Disorders.</i> 2020-01-17. DOI:https://www.doi.org/10.1186/s11689-019-9304-y PMID:31941438
de61ecd1-0247-4f22-ba7f-2827efd5b4d7	https://www.doi.org/10.18632/oncotarget.25181	PMID:29854299	PMC5978249	No	Oncotarget	2019-11-20	Neurofibromin level directs RAS pathway signaling and mediates sensitivity to targeted agents in malignant peripheral nerve sheath tumors	CC-BY	Yes	Yes	pmc_fulltext_xml/PMC5978249.xml	http://creativecommons.org/licenses/by/3.0/	"[""Elliot John Kahen"", ""Andrew Brohl"", ""Diana Yu"", ""Darcy Welch"", ""Christopher L Cubitt"", ""Jae K Lee"", ""Yunyun Chen"", ""Sean J Yoder"", ""Jamie K Teer"", ""Yonghong O Zhang"", ""Margaret R Wallace"", ""Damon R Reed""]"	Malignant peripheral nerve sheath tumor (MPNST) is a type of soft-tissue sarcoma strongly associated with dysfunction in neurofibromin; an inhibitor of the RAS pathway. We performed high-throughput screening of an array of FDA approved and promising agents in clinical development both alone and in combination at physiologically achievable concentrations against a panel of established MPNST cell line models. We found that drugs targeting a variety of factors in the RAS pathway can effectively lead to cell death <i>in vitro</i> with considerable drug combination synergy in regimens that target MEK or mTOR. We observed that the degree of relative sensitivity to chemotherapeutic agents was associated with the status of neurofibromin in these cell line models. Using a combination of agents that target MEK and mTORC1/2, we effectively silenced RAS/PI3K/MEK/mTOR signaling <i>in vitro</i>. Moreover, we employed RNAi against <i>NF1</i> to establish that MPNST drug sensitivity is directly proportional to relative level of intracellular neurofibromin. Thus, two-drug combinations that target MEK and mTORC1/2 are most effective in halting the RAS signaling cascade, and the relative success of this and related small molecule interventions in MPNSTs may be predicated upon the molecular status of neurofibromin.	Elliot John Kahen, Andrew Brohl, Diana Yu, Darcy Welch, Christopher L Cubitt, Jae K Lee, Yunyun Chen, Sean J Yoder, Jamie K Teer, Yonghong O Zhang, Margaret R Wallace, Damon R Reed. Neurofibromin level directs RAS pathway signaling and mediates sensitivity to targeted agents in malignant peripheral nerve sheath tumors. <i>Oncotarget.</i> 2019-11-20. DOI:https://www.doi.org/10.18632/oncotarget.25181 PMID:29854299
41fd59c9-b9df-44e5-a4b7-24e4c0c7d3c6	https://www.doi.org/10.18632/oncotarget.25805	PMID:30131853	PMC6101293	No	Oncotarget	2019-11-20	CAPN1 is a novel binding partner and regulator of the tumor suppressor NF1 in melanoma	CC-BY	Yes	Yes	pmc_fulltext_xml/PMC6101293.xml	http://creativecommons.org/licenses/by/3.0/	"[""Michal Alon"", ""Rand Arafeh"", ""Joo Sang Lee"", ""Sanna Madan"", ""Shelly Kalaora"", ""Adi Nagler"", ""Tereza Abgarian"", ""Polina Greenberg"", ""Eytan Ruppin"", ""Yardena Samuels""]"	Neurofibromin 1 (NF1), a tumor suppressor that negatively regulates RAS through its GTPase activity, is highly mutated in various types of sporadic human cancers, including melanoma. However, the binding partners of NF1 and the pathways in which it is involved in melanoma have not been characterized in an in depth manner. Utilizing a mass spectrometry analysis of NF1 binding partners, we revealed Calpain1 (CAPN1), a calcium-dependent neutral cysteine protease, as a novel NF1 binding partner that regulates NF1 degradation in melanoma cells. ShRNA-mediated knockdown of CAPN1 or treatment with a CAPN1 inhibitor stabilizes NF1 protein levels, downregulates AKT signaling and melanoma cell growth. Combination treatment of Calpain inhibitor I with MEKi Trametinib in different melanoma cells is more effective in reducing melanoma cell growth compared to treatment with Trametinib alone, suggesting that this combination may have a therapeutic potential in melanoma. This novel mechanism for regulating NF1 in melanoma provides a molecular basis for targeting CAPN1 in order to stabilize NF1 levels and, in doing so, suppressing Ras activation; this mechanism can be exploited therapeutically in melanoma and other cancers.	Michal Alon, Rand Arafeh, Joo Sang Lee, Sanna Madan, Shelly Kalaora, Adi Nagler, Tereza Abgarian, Polina Greenberg, Eytan Ruppin, Yardena Samuels. CAPN1 is a novel binding partner and regulator of the tumor suppressor NF1 in melanoma. <i>Oncotarget.</i> 2019-11-20. DOI:https://www.doi.org/10.18632/oncotarget.25805 PMID:30131853
fdf21cad-adb8-4549-bd14-a63060261f66	https://www.doi.org/10.7554/eLife.48983	PMID:31545171	PMC6819083	Yes	eLife	2019-09-24	Optical dopamine monitoring with dLight1 reveals mesolimbic phenotypes in a mouse model of neurofibromatosis type 1	CC-BY-4.0	Yes	Yes	pmc_fulltext_xml/PMC6819083.xml	http://creativecommons.org/licenses/by/4.0/	"[""Robinson JE"", ""Coughlin GM"", ""Hori AM"", ""Cho JR"", ""Mackey ED"", ""Turan Z"", ""Patriarchi T"", ""Tian L"", ""Gradinaru V.""]"	Neurofibromatosis type 1 (NF1) is an autosomal dominant disorder whose neurodevelopmental symptoms include impaired executive function, attention, and spatial learning and could be due to perturbed mesolimbic dopaminergic circuitry. However, these circuits have never been directly assayed in vivo. We employed the genetically encoded optical dopamine sensor dLight1 to monitor dopaminergic neurotransmission in the ventral striatum of NF1 mice during motivated behavior. Additionally, we developed novel systemic AAV vectors to facilitate morphological reconstruction of dopaminergic populations in cleared tissue. We found that NF1 mice exhibit reduced spontaneous dopaminergic neurotransmission that was associated with excitation/inhibition imbalance in the ventral tegmental area and abnormal neuronal morphology. NF1 mice also had more robust dopaminergic and behavioral responses to salient visual stimuli, which were independent of learning, and rescued by optogenetic inhibition of non-dopaminergic neurons in the VTA. Overall, these studies provide a first in vivo characterization of dopaminergic circuit function in the context of NF1 and reveal novel pathophysiological mechanisms.	Robinson JE, Coughlin GM, Hori AM, Cho JR, Mackey ED, Turan Z, Patriarchi T, Tian L, Gradinaru V. Optical dopamine monitoring with dLight1 reveals mesolimbic phenotypes in a mouse model of neurofibromatosis type 1 <i>Elife.</i> 2019-09-24. DOI:https://www.doi.org/10.7554/eLife.48983 PMID:31545171
96064af8-4c6c-4856-a842-067a33593612	https://www.doi.org/10.1038/s41467-019-11415-2	PMID:31395879	PMC6687785	No	Nature Communications	2019-08-10	Comprehensive transcriptomic analysis of cell lines as models of primary tumors across 22 tumor types	CC-BY-4.0	Yes	Yes	pmc_fulltext_xml/PMC6687785.xml	Open Access This article is licensed under a Creative Commons Attribution 4.0 International License, which permits use, sharing, adaptation, distribution and reproduction in any medium or format, as long as you give appropriate credit to the original author(s) and the source, provide a link to the Creative Commons license, and indicate if changes were made. The images or other third party material in this article are included in the article’s Creative Commons license, unless indicated otherwise in a credit line to the material. If material is not included in the article’s Creative Commons license and your intended use is not permitted by statutory regulation or exceeds the permitted use, you will need to obtain permission directly from the copyright holder. To view a copy of this license, visit http://creativecommons.org/licenses/by/4.0/.	"[""Yu K"", ""Chen B"", ""Aran D"", ""Charalel J"", ""Yau C"", ""Wolf DM"", ""van 't Veer LJ"", ""Butte AJ"", ""Goldstein T"", ""Sirota M.""]"	Cancer cell lines are a cornerstone of cancer research but previous studies have shown that not all cell lines are equal in their ability to model primary tumors. Here we present a comprehensive pan-cancer analysis utilizing transcriptomic profiles from The Cancer Genome Atlas and the Cancer Cell Line Encyclopedia to evaluate cell lines as models of primary tumors across 22 tumor types. We perform correlation analysis and gene set enrichment analysis to understand the differences between cell lines and primary tumors. Additionally, we classify cell lines into tumor subtypes in 9 tumor types. We present our pancreatic cancer results as a case study and find that the commonly used cell line MIA PaCa-2 is transcriptionally unrepresentative of primary pancreatic adenocarcinomas. Lastly, we propose a new cell line panel, the TCGA-110-CL, for pan-cancer studies. This study provides a resource to help researchers select more representative cell line models.	Yu K, Chen B, Aran D, Charalel J, Yau C, Wolf DM, van 't Veer LJ, Butte AJ, Goldstein T, Sirota M. Comprehensive transcriptomic analysis of cell lines as models of primary tumors across 22 tumor types <i>Nature Communications.</i> 2019-08-10. DOI:https://www.doi.org/10.1038/s41467-019-11415-2 PMID:31395879
a3f503b6-dc27-4f2a-9bc1-056086bc0b82	https://www.doi.org/10.1002/cam4.2386	PMID:31278855	PMC6718590	Yes	Cancer Medicine	2019-07-07	TYK2 promotes malignant peripheral nerve sheath tumor progression through inhibition of cell death	CC-BY-4.0	Yes	Yes	pmc_fulltext_xml/PMC6718590.xml	This is an open access article under the terms of the http://creativecommons.org/licenses/by/4.0/ License, which permits use, distribution and reproduction in any medium, provided the original work is properly cited.	"[""Qin W"", ""Godec A"", ""Zhang X"", ""Zhu C"", ""Shao J"", ""Tao Y"", ""Bu X"", ""Hirbe AC.""]"	Background: Malignant peripheral nerve sheath tumors (MPNSTs) are aggressive sarcomas that arise most commonly in the setting of the Neurofibromatosis Type 1 (NF1) cancer predisposition syndrome. Despite aggressive multimodality therapy, outcomes are dismal and most patients die within 5 years of diagnosis. Prior genomic studies in our laboratory identified tyrosine kinase 2 (TYK2) as a frequently mutated gene in MPNST. Herein, we explored the function of TYK2 in MPNST pathogenesis. Methods: Immunohistochemistry was utilized to examine expression of TYK2 in MPNSTs and other sarcomas. To establish a role for TYK2 in MPNST pathogenesis, murine and human TYK2 knockdown and knockout cells were established using shRNA and CRISPR/Cas9 systems, respectively. Results: We have demonstrated that TYK2 was highly expressed in the majority of human MPNSTs examined. Additionally, we demonstrated that knockdown of Tyk2/TYK2 in murine and human MPNST cells significantly increased cell death in vitro. These effects were accompanied by a decrease in the levels of activated Stats and Bcl-2 as well as an increase in the levels of Cleaved Caspase-3. In addition, Tyk2-KD cells demonstrated impaired growth in subcutaneous and metastasis models in vivo.	Qin W, Godec A, Zhang X, Zhu C, Shao J, Tao Y, Bu X, Hirbe AC. TYK2 promotes malignant peripheral nerve sheath tumor progression through inhibition of cell death <i>Cancer Medicine.</i> 2019-07-07. DOI:https://www.doi.org/10.1002/cam4.2386 PMID:31278855
55243fb1-c590-4fdb-8846-0096ebd3e968	https://www.doi.org/10.1038/s41598-019-40570-1	PMID:30858407	PMC6411871	No	Scientific Reports	2019-03-13	Human melanoma brain metastases cell line MUG-Mel1, isolated clones and their detailed characterization	CC-BY-4.0	Yes	Yes	pmc_fulltext_xml/PMC6411871.xml	Open Access This article is licensed under a Creative Commons Attribution 4.0 International License, which permits use, sharing, adaptation, distribution and reproduction in any medium or format, as long as you give appropriate credit to the original author(s) and the source, provide a link to the Creative Commons license, and indicate if changes were made. The images or other third party material in this article are included in the article’s Creative Commons license, unless indicated otherwise in a credit line to the material. If material is not included in the article’s Creative Commons license and your intended use is not permitted by statutory regulation or exceeds the permitted use, you will need to obtain permission directly from the copyright holder. To view a copy of this license, visit http://creativecommons.org/licenses/by/4.0/.	"[""Heitzer E"", ""Groenewoud A"", ""Meditz K"", ""Lohberger B"", ""Liegl-Atzwanger B"", ""Prokesch A"", ""Kashofer K"", ""Behrens D"", ""Haybaeck J"", ""Kolb-Lenz D"", ""Koefeler H"", ""Riedl S"", ""Schaider H"", ""Fischer C"", ""Snaar-Jagalska BE"", ""de'Jong D"", ""Szuhai K"", ""Zweytick D"", ""Rinner B.""]"	Melanoma is a leading cause of high mortality that frequently spreads to the brain and is associated with deterioration in quality and quantity of life. Treatment opportunities have been restricted until now and new therapy options are urgently required. Our focus was to reveal the potential heterogeneity of melanoma brain metastasis. We succeeded to establish a brain melanoma metastasis cell line, namely MUG-Mel1 and two resulting clones D5 and C8 by morphological variety, differences in lipidome, growth behavior, surface, and stem cell markers. Mutation analysis by next-generation sequencing, copy number profiling, and cytogenetics demonstrated the different genetic profile of MUG-Mel1 and clones. Tumorigenicity was unsuccessfully tested in various mouse systems and finally established in a zebra fish model. As innovative treatment option, with high potential to pass the blood-brain barrier a peptide isolated from lactoferricin was studied in potential toxicity. Brain metastases are a major clinical challenge, therefore the development of relevant in vitro and in vivo models derived from brain melanoma metastases provides valuable information about tumor biology and offers great potential to screen for new innovative therapies.	Heitzer E, Groenewoud A, Meditz K, Lohberger B, Liegl-Atzwanger B, Prokesch A, Kashofer K, Behrens D, Haybaeck J, Kolb-Lenz D, Koefeler H, Riedl S, Schaider H, Fischer C, Snaar-Jagalska BE, de'Jong D, Szuhai K, Zweytick D, Rinner B. Human melanoma brain metastases cell line MUG-Mel1, isolated clones and their detailed characterization <i>Scientific Reports.</i> 2019-03-13. DOI:https://www.doi.org/10.1038/s41598-019-40570-1 PMID:30858407
11058872-c77d-4019-b6b9-8cdcbfc3f4fa	https://www.doi.org/10.1038/sdata.2018.106	PMID:29893754	PMC5996849	Yes	Scientific Data	2019-02-25	Pharmacological and genomic profiling of neurofibromatosis type 1 plexiform neurofibroma-derived schwann cells	CC-BY-4.0	Yes	Yes	pmc_fulltext_xml/PMC5996849.xml	http://creativecommons.org/licenses/by/4.0/	"[""Marc Ferrer"", ""Sara J C Gosline"", ""Marigo Stathis"", ""Xiaohu Zhang"", ""Xindi Guo"", ""Rajarshi Guha"", ""Dannielle A Ryman"", ""Margaret R Wallace"", ""Laura Kasch-Semenza"", ""Haiping Hao"", ""Roxann Ingersoll"", ""David Mohr"", ""Craig Thomas"", ""Sharad Verma"", ""Justin Guinney"", ""Jaishri O Blakeley""]"	Neurofibromatosis type I (NF1) is an autosomal dominant genetic condition characterized by peripheral nervous system tumors (PNSTs), including plexiform neurofibromas (pNFs) that cause nerve dysfunction, deformity, pain damage to adjacent structures, and can undergo malignant transformation. There are no effective therapies to prevent or treat pNFs. Drug discovery efforts are slowed by the 'benign' nature of the Schwann cells that are the progenitor cells of pNF. In this work we characterize a set of pNF-derived cell lines at the genomic level (via SNP Arrays, RNAseq, and Whole Exome- Sequencing), and carry out dose response-based quantitative high-throughput screening (qHTS) with a collection of 1,912 oncology-focused compounds in a 1536-well microplate cell proliferation assays. Through the characterization and screening of NF1<sup>-/-</sup>, NF1<sup>+/+</sup> and NF1<sup>+/-</sup> Schwann cell lines, this resource introduces novel therapeutic avenues for the development for NF1 associated pNF as well as all solid tumors with NF1 somatic mutations. The integrated data sets are openly available for further analysis at http://www.synapse.org/pnfCellCulture.	Marc Ferrer, Sara J C Gosline, Marigo Stathis, Xiaohu Zhang, Xindi Guo, Rajarshi Guha, Dannielle A Ryman, Margaret R Wallace, Laura Kasch-Semenza, Haiping Hao, Roxann Ingersoll, David Mohr, Craig Thomas, Sharad Verma, Justin Guinney, Jaishri O Blakeley. Pharmacological and genomic profiling of neurofibromatosis type 1 plexiform neurofibroma-derived schwann cells. <i>Scientific Data.</i> 2019-02-25. DOI:https://www.doi.org/10.1038/sdata.2018.106 PMID:29893754
08f0d61f-53dc-4f9f-a896-a66c3a9ba5b1	https://www.doi.org/10.1371/journal.pone.0208835	PMID:30571760	PMC6301684	No	PLoS One	2018-12-21	Neurofibromin haploinsufficiency results in altered spermatogenesis in a mouse model of neurofibromatosis type 1	CC-BY-4.0	Yes	Yes	pmc_fulltext_xml/PMC6301684.xml	http://creativecommons.org/licenses/by/4.0/	"[""Chohan H"", ""Esfandiarei M"", ""Arman D"", ""Van Raamsdonk CD"", ""van Breemen C"", ""Friedman JM"", ""Jett KA.""]"	The fertility of men with neurofibromatosis 1 (NF1) is reduced. Despite this observation, gonadal function has not been examined in patients with NF1. In order to assess the role of reduced neurofibromin in the testes, we examined testicular morphology and function in an Nf1+/- mouse model. We found that although Nf1+/- male mice are able to reproduce, they have significantly fewer pups per litter than Nf1+/+ control males. Reduced fertility in Nf1+/- male mice is associated with disorganization of the seminiferous epithelium, with exfoliation of germ cells and immature spermatids into the tubule lumen. Morphometric analysis shows that these alterations are associated with decreased Leydig cell numbers and increased spermatid cell numbers. We hypothesized that hyper-activation of Ras in Nf1+/- males affects ectoplasmic specialization, a Sertoli-spermatid adherens junction involved in spermiation. Consistent with this idea, we found increased expression of phosphorylated ERK, a downstream effector of Ras that has been shown to alter ectoplasmic specialization, in Nf1+/- males in comparison to control Nf1+/+ littermates. These data demonstrate that neurofibromin haploinsufficiency impairs spermatogenesis and fertility in a mouse model of NF1.	Chohan H, Esfandiarei M, Arman D, Van Raamsdonk CD, van Breemen C, Friedman JM, Jett KA. Neurofibromin haploinsufficiency results in altered spermatogenesis in a mouse model of neurofibromatosis type 1 <i>PLoS One.</i> 2018-12-21. DOI:https://www.doi.org/10.1371/journal.pone.0208835 PMID:30571760
6a932620-4bbd-452a-999e-5963da0715d9	https://www.doi.org/10.18632/oncotarget.25642	PMID:30038707	PMC6049873	No	Oncotarget	2018-07-25	LMO1 functions as an oncogene by regulating TTK expression and correlates with neuroendocrine differentiation of lung cancer	CC-BY	Yes	Yes	pmc_fulltext_xml/PMC6049873.xml	http://creativecommons.org/licenses/by/3.0/	"[""Du L"", ""Zhao Z"", ""Suraokar M"", ""Shelton SS"", ""Ma X"", ""Hsiao TH"", ""Minna JD"", ""Wistuba I"", ""Pertsemlidis A.""]"	LMO1 encodes a protein containing a cysteine-rich LIM domain involved in protein-protein interactions. Recent studies have shown that LMO1 functions as an oncogene in several cancer types, including non-small cell lung cancer (NSCLC). However, the function of LMO1 in other histological subtypes of lung cancer, such as small cell lung cancer (SCLC), was not investigated. In analyzing the expression of LMO1 across a panel of lung cell lines, we found that LMO1 expression levels were significantly and dramatically higher in SCLC cells, an aggressive neuroendocrine subtype of lung cancer, relative to NSCLC and normal lung cells. In NSCLC cells, LMO1 mRNA levels were significantly correlated with expression of neuroendocrine differentiation markers. Our in vitro investigations indicated that LMO1 had the general property of promoting cell proliferation in lung cancer cells representing different histological subtypes, suggesting a general oncogenic function of LMO1 in lung cancer. In investigating the clinical relevance of LMO1 as an oncogene, we found that a high tumor level of the LMO1 mRNA was an independent predictor of poor patient survival. These results suggest that LMO1 acts as an oncogene, with expression correlated with neuroendocrine differentiation of lung cancer, and that it is a determinant of lung cancer aggressiveness and prognosis. By combining gene expression correlations with patient survival and functional in vitro investigations, we further identified TTK as mediating the oncogenic function of LMO1 in lung cancer cells.	Du L, Zhao Z, Suraokar M, Shelton SS, Ma X, Hsiao TH, Minna JD, Wistuba I, Pertsemlidis A. LMO1 functions as an oncogene by regulating TTK expression and correlates with neuroendocrine differentiation of lung cancer <i>Oncotarget.</i> 2018-07-25. DOI:https://www.doi.org/10.18632/oncotarget.25642 PMID:30038707
17242f30-277f-43a8-9069-fa6be295881a	https://www.doi.org/10.1002/1878-0261.12086	PMID:28556483	PMC5579334	No	Molecular Oncology	2018-05-28	Drug sensitivity and resistance testing identifies PLK1 inhibitors and gemcitabine as potent drugs for malignant peripheral nerve sheath tumors	CC-BY	Yes	Yes	pmc_fulltext_xml/PMC5579334.xml	This is an open access article under the terms of the Creative Commons Attribution License, which permits use, distribution and reproduction in any medium, provided the original work is properly cited.	"[""Matthias Kolberg"", ""Jarle Bruun"", ""Astrid Murumägi"", ""John P Mpindi"", ""Christian H Bergsland"", ""Maren Høland"", ""Ina A Eilertsen"", ""Stine A Danielsen"", ""Olli Kallioniemi"", ""Ragnhild A Lothe""]"	Patients with malignant peripheral nerve sheath tumor (MPNST), a rare soft tissue cancer associated with loss of the tumor suppressor neurofibromin (NF1), have poor prognosis and typically respond poorly to adjuvant therapy. We evaluated the effect of 299 clinical and investigational compounds on seven MPNST cell lines, two primary cultures of human Schwann cells, and five normal bone marrow aspirates, to identify potent drugs for MPNST treatment with few side effects. Top hits included Polo-like kinase 1 (PLK1) inhibitors (volasertib and BI2536) and the fluoronucleoside gemcitabine, which were validated in orthogonal assays measuring viability, cytotoxicity, and apoptosis. DNA copy number, gene expression, and protein expression were determined for the cell lines to assess pharmacogenomic relationships. MPNST cells were more sensitive to BI2536 and gemcitabine compared to a reference set of 94 cancer cell lines. PLK1, RRM1, and RRM2 mRNA levels were increased in MPNST compared to benign neurofibroma tissue, and the protein level of PLK1 was increased in the MPNST cell lines compared to normal Schwann cells, indicating an increased dependence on these drug targets in malignant cells. Furthermore, we observed an association between increased mRNA expression of PLK1, RRM1, and RRM2 in patient samples and worse disease outcome, suggesting a selective benefit from inhibition of these genes in the most aggressive tumors.	Matthias Kolberg, Jarle Bruun, Astrid Murumägi, John P Mpindi, Christian H Bergsland, Maren Høland, Ina A Eilertsen, Stine A Danielsen, Olli Kallioniemi, Ragnhild A Lothe. Drug sensitivity and resistance testing identifies PLK1 inhibitors and gemcitabine as potent drugs for malignant peripheral nerve sheath tumors. <i>Molecular Oncology.</i> 2018-05-28. DOI:https://www.doi.org/10.1002/1878-0261.12086 PMID:28556483
2c39b12c-50b0-4fdb-b549-0f85492ac55c	https://www.doi.org/10.1038/s41598-018-23207-7	PMID:29674676	PMC5908872	No	Scientific Reports	2018-04-21	Comparative high-resolution transcriptome sequencing of lymphoma cell lines and de novo lymphomas reveals cell-line-specific pathway dysregulation	CC-BY-4.0	Yes	Yes	pmc_fulltext_xml/PMC5908872.xml	Open Access This article is licensed under a Creative Commons Attribution 4.0 International License, which permits use, sharing, adaptation, distribution and reproduction in any medium or format, as long as you give appropriate credit to the original author(s) and the source, provide a link to the Creative Commons license, and indicate if changes were made. The images or other third party material in this article are included in the article’s Creative Commons license, unless indicated otherwise in a credit line to the material. If material is not included in the article’s Creative Commons license and your intended use is not permitted by statutory regulation or exceeds the permitted use, you will need to obtain permission directly from the copyright holder. To view a copy of this license, visit http://creativecommons.org/licenses/by/4.0/.	"[""Taher L"", ""Beck J"", ""Liu W"", ""Roolf C"", ""Soller JT"", ""Rütgen BC"", ""Hammer SE"", ""Chodisetti M"", ""Sender S"", ""Sterenczak KA"", ""Fuellen G"", ""Junghanss C"", ""Brenig B"", ""Nolte I"", ""Schütz E"", ""Murua Escobar H.""]"	"In dogs as well as humans, lymphoma is one of the most common hematopoietic malignancies. Furthermore, due to its characteristics, canine lymphoma is recognized as a clinically relevant in vivo model to study the corresponding human disease. Immortalized cell lines are widely used as in vitro models to evaluate novel therapeutic agents and characterize their molecular mechanisms. However, it is known that long-term cultivation leads to clonal selection, genetic instability, and loss of the initial heterogenic character, limiting the usefulness of cell lines as preclinical models. Herein, we present a systematic characterization and comparison of the transcriptomic landscape of canine primary B- and T-cell lymphomas, five lymphoid cell lines (CLBL-1, CLBL-1M, GL-1, CL-1, and OSW) and four non-neoplastic control samples. We found that lymphomas and cell lines exhibit a common ""differentiation and proliferation signature"". However, our analysis also showed that, independently of the cell of origin, the transcriptional signatures of lymphomas are more similar to each other than they are to those of cell lines. In particular, we observed that not all common therapeutic targets are similarly expressed between lymphomas and lymphoid cell lines, and provide evidence that different lymphoid cell-lines should be used to model distinct aspects of lymphoma dysregulation."	Taher L, Beck J, Liu W, Roolf C, Soller JT, Rütgen BC, Hammer SE, Chodisetti M, Sender S, Sterenczak KA, Fuellen G, Junghanss C, Brenig B, Nolte I, Schütz E, Murua Escobar H. Comparative High-Resolution Transcriptome Sequencing of Lymphoma Cell Lines and de novo Lymphomas Reveals Cell-Line-Specific Pathway Dysregulation <i>Scientific Reports.</i> 2018-04-21. DOI:https://www.doi.org/10.1038/s41598-018-23207-7 PMID:29674676
5fba19f5-00e9-45bb-aa1a-550f3eed45c5	https://www.doi.org/10.1111/cas.13579	PMID:29575648	PMC5980157	No	Cancer Science	2018-03-26	Spontaneous development of intratumoral heterogeneity in a transposon-induced mouse model of glioma	CC-BY-NC	Yes	Yes	pmc_fulltext_xml/PMC5980157.xml	This is an open access article under the terms of the http://creativecommons.org/licenses/by-nc/4.0/ License, which permits use, distribution and reproduction in any medium, provided the original work is properly cited and is not used for commercial purposes.	"[""Sumiyoshi K"", ""Koso H"", ""Watanabe S.""]"	Glioma is the most common form of malignant brain cancer in adults. The Sleeping Beauty (SB) transposon-based glioma mouse model allows for effective in vivo analysis of candidate genes. In the present study, we developed a transposon vector that encodes the triple combination of platelet-derived growth factor subunit A (PDGFA), and shRNAs against Nf1 and Trp53 (shNf1/shp53). Initiation and progression of glioma in the brain were monitored by expression of a fluorescent protein. Transduction of the vector into neural progenitor and stem cells (NPC) in the subventricular zone (SVZ) of the neonatal brain induced proliferation of oligodendrocyte precursor cells, and promoted formation of highly penetrant malignant gliomas within 2-4 months. Cells isolated from the tumors were capable of forming secondary tumors. Two transposon vectors, encoding either PDGFA or shNf1/shp53 were co-electroporated into NPC. Cells expressing PDGFA or shNf1/shp53 were labeled with unique fluorescent proteins allowing visualization of the spatial distribution of cells with different genetic alterations within the same tumor. Tumor cells located at the center of tumors expressed PDGFA at higher levels than those located at the periphery, indicating that intratumoral heterogeneity in PDGFA expression levels spontaneously developed within the same tumor. Tumor cells comprising the palisading necrosis strongly expressed PDGFA, suggesting that PDGFA signaling is involved in hypoxic responses in glioma. The transposon vectors developed are compatible with any genetically engineered mouse model, providing a useful tool for the functional analysis of candidate genes in glioma.	Sumiyoshi K, Koso H, Watanabe S. Spontaneous development of intratumoral heterogeneity in a transposon-induced mouse model of glioma <i>Cancer Science.</i> 2018-03-26. DOI:https://www.doi.org/10.1111/cas.13579 PMID:29575648
fde4e1af-07b0-4c88-9892-c9a4d9d1fa59	https://www.doi.org/10.18632/oncotarget.11036	PMID:27494873	PMC5302981	No	Oncotarget	2018-02-23	Combinatorial therapeutic targeting of BMP2 and MEK-ERK pathways in NF1-associated malignant peripheral nerve sheath tumors	CC-BY	Yes	Yes	pmc_fulltext_xml/PMC5302981.xml	http://creativecommons.org/licenses/by/2.5/	"[""Sidra Ahsan"", ""Yubin Ge"", ""Michael A Tainsky""]"	The clinical management of malignant peripheral nerve sheath tumors (MPNSTs) is challenging not only due to its aggressive and invasive nature, but also limited therapeutic options. Using gene expression profiling, our lab identified BMP2-SMAD1/5/8 pathway as a potential therapeutic target for treating MPNSTs. In this study, we explored the therapeutic impact of targeting BMP2-SMAD1/5/8 pathway in conjunction with RAS-MEK-ERK signaling, which is constitutively activated in MPNSTs. Our results indicated that single agent treatment with LDN-193189, a BMP2 Type I receptor inhibitor, did not affect the growth and survival of MPNST cells at biochemically relevant inhibitory concentrations. However, addition of a MEK1/2 inhibitor, selumetinib, to LDN-193189-treated cells resulted in significant inhibition of cell growth and induction of cell death. LDN-193189 at biochemically effective concentrations significantly inhibited motility and invasiveness of MPNST cells, and these effects were enhanced by the addition of selumetinib. Overall, our results advocate for a combinatorial therapeutic approach for MPNSTs that not only targets the growth and survival via inhibition of MEK1/2, but also its malignant spread by suppressing the activation of BMP2-SMAD1/5/8 pathway. Importantly, these studies were conducted in low-passage patient-derived MPNST cells, allowing for an investigation of the effects of the proposed drug treatments in a biologically-relevant context.	Sidra Ahsan, Yubin Ge, Michael A Tainsky. Combinatorial therapeutic targeting of BMP2 and MEK-ERK pathways in NF1-associated malignant peripheral nerve sheath tumors. <i>Oncotarget.</i> 2018-02-23. DOI:https://www.doi.org/10.18632/oncotarget.11036 PMID:27494873
ff7eed9c-0d9f-48ec-b06c-67015ddbdeca	https://www.doi.org/10.1530/ERC-17-0445	PMID:29444910	PMC5827037	No	Endocrine-Related Cancer	2018-02-16	The neuroendocrine phenotype, genomic profile and therapeutic sensitivity of GEPNET cell lines	CC-BY-4.0	Yes	Yes	pmc_fulltext_xml/PMC5827037.xml	http://creativecommons.org/licenses/by/4.0/	"[""Hofving T"", ""Arvidsson Y"", ""Almobarak B"", ""Inge L"", ""Pfragner R"", ""Persson M"", ""Stenman G"", ""Kristiansson E"", ""Johanson V"", ""Nilsson O.""]"	Experimental models of neuroendocrine tumour disease are scarce, and no comprehensive characterisation of existing gastroenteropancreatic neuroendocrine tumour (GEPNET) cell lines has been reported. In this study, we aimed to define the molecular characteristics and therapeutic sensitivity of these cell lines. We therefore performed immunophenotyping, copy number profiling, whole-exome sequencing and a large-scale inhibitor screening of seven GEPNET cell lines. Four cell lines, GOT1, P-STS, BON-1 and QGP-1, displayed a neuroendocrine phenotype while three others, KRJ-I, L-STS and H-STS, did not. Instead, these three cell lines were identified as lymphoblastoid. Characterisation of remaining authentic GEPNET cell lines by copy number profiling showed that GOT1, among other chromosomal alterations, harboured losses on chromosome 18 encompassing the SMAD4 gene, while P-STS had a loss on 11q. BON-1 had a homozygous loss of CDKN2A and CDKN2B, and QGP-1 harboured amplifications of MDM2 and HMGA2 Whole-exome sequencing revealed both disease-characteristic mutations (e.g. ATRX mutation in QGP-1) and, for patient tumours, rare genetic events (e.g. TP53 mutation in P-STS, BON-1 and QGP-1). A large-scale inhibitor screening showed that cell lines from pancreatic NETs to a greater extent, when compared to small intestinal NETs, were sensitive to inhibitors of MEK. Similarly, neuroendocrine NET cells originating from the small intestine were considerably more sensitive to a group of HDAC inhibitors. Taken together, our results provide a comprehensive characterisation of GEPNET cell lines, demonstrate their relevance as neuroendocrine tumour models and explore their therapeutic sensitivity to a broad range of inhibitors.	Hofving T, Arvidsson Y, Almobarak B, Inge L, Pfragner R, Persson M, Stenman G, Kristiansson E, Johanson V, Nilsson O. The neuroendocrine phenotype, genomic profile and therapeutic sensitivity of GEPNET cell lines <i>Endocrine-Related Cancer.</i> 2018-02-16. DOI:https://www.doi.org/10.1530/ERC-17-0445 PMID:29444910
f8d9ac9e-1afd-4509-bcd3-d6b59171d16b	https://www.doi.org/10.1038/s41398-017-0089-z	PMID:29391397	PMC5804031	No	Transl Psychiatry	2018-02-03	Butyrate enhances mitochondrial function during oxidative stress in cell lines from boys with autism	CC-BY-4.0	Yes	Yes	pmc_fulltext_xml/PMC5804031.xml	Open Access This article is licensed under a Creative Commons Attribution 4.0 International License, which permits use, sharing, adaptation, distribution and reproduction in any medium or format, as long as you give appropriate credit to the original author(s) and the source, provide a link to the Creative Commons license, and indicate if changes were made. The images or other third party material in this article are included in the article’s Creative Commons license, unless indicated otherwise in a credit line to the material. If material is not included in the article’s Creative Commons license and your intended use is not permitted by statutory regulation or exceeds the permitted use, you will need to obtain permission directly from the copyright holder. To view a copy of this license, visit http://creativecommons.org/licenses/by/4.0/.	"[""Rose S"", ""Bennuri SC"", ""Davis JE"", ""Wynne R"", ""Slattery JC"", ""Tippett M"", ""Delhey L"", ""Melnyk S"", ""Kahler SG"", ""MacFabe DF"", ""Frye RE.""]"	Butyrate (BT) is a ubiquitous short-chain fatty acid (SCFA) principally derived from the enteric microbiome. BT positively modulates mitochondrial function, including enhancing oxidative phosphorylation and beta-oxidation and has been proposed as a neuroprotectant. BT and other SCFAs have also been associated with autism spectrum disorders (ASD), a condition associated with mitochondrial dysfunction. We have developed a lymphoblastoid cell line (LCL) model of ASD, with a subset of LCLs demonstrating mitochondrial dysfunction (AD-A) and another subset of LCLs demonstrating normal mitochondrial function (AD-N). Given the positive modulation of BT on mitochondrial function, we hypothesized that BT would have a preferential positive effect on AD-A LCLs. To this end, we measured mitochondrial function in ASD and age-matched control (CNT) LCLs, all derived from boys, following 24 and 48 h exposure to BT (0, 0.1, 0.5, and 1 mM) both with and without an in vitro increase in reactive oxygen species (ROS). We also examined the expression of key genes involved in cellular and mitochondrial response to stress. In CNT LCLs, respiratory parameters linked to adenosine triphosphate (ATP) production were attenuated by 1 mM BT. In contrast, BT significantly increased respiratory parameters linked to ATP production in AD-A LCLs but not in AD-N LCLs. In the context of ROS exposure, BT increased respiratory parameters linked to ATP production for all groups. BT was found to modulate individual LCL mitochondrial respiration to a common set-point, with this set-point slightly higher for the AD-A LCLs as compared to the other groups. The highest concentration of BT (1 mM) increased the expression of genes involved in mitochondrial fission (PINK1, DRP1, FIS1) and physiological stress (UCP2, mTOR, HIF1α, PGC1α) as well as genes thought to be linked to cognition and behavior (CREB1, CamKinase II). These data show that the enteric microbiome-derived SCFA BT modulates mitochondrial activity, with this modulation dependent on concentration, microenvironment redox state, and the underlying mitochondrial function of the cell. In general, these data suggest that BT can enhance mitochondrial function in the context of physiological stress and/or mitochondrial dysfunction, and may be an important metabolite that can help rescue energy metabolism during disease states. Thus, insight into this metabolic modulator may have wide applications for both health and disease since BT has been implicated in a wide variety of conditions including ASD. However, future clinical studies in humans are needed to help define the practical implications of these physiological findings.	Rose S, Bennuri SC, Davis JE, Wynne R, Slattery JC, Tippett M, Delhey L, Melnyk S, Kahler SG, MacFabe DF, Frye RE. Butyrate enhances mitochondrial function during oxidative stress in cell lines from boys with autism <i>Transl Psychiatry.</i> 2018-02-03. DOI:https://www.doi.org/10.1038/s41398-017-0089-z PMID:29391397
9b10b8c4-bdc9-4c7c-acc2-7852fad600da	https://www.doi.org/10.1242/dmm.025783	PMID:27482814	PMC4958313	No	Disease Models & Mechanisms	2017-12-04	Mice with missense and nonsense NF1 mutations display divergent phenotypes compared with human neurofibromatosis type I	CC-BY	Yes	Yes	pmc_fulltext_xml/PMC4958313.xml	http://creativecommons.org/licenses/by/3.0	"[""Kairong Li"", ""Ashley N Turner"", ""Min Chen"", ""Stephanie N Brosius"", ""Trenton R Schoeb"", ""Ludwine M Messiaen"", ""David M Bedwell"", ""Kurt R Zinn"", ""Corina Anastasaki"", ""David H Gutmann"", ""Bruce R Korf"", ""Robert A Kesterson""]"	Neurofibromatosis type 1 (NF1) is a common genetic disorder characterized by the occurrence of nerve sheath tumors and considerable clinical heterogeneity. Some translational studies have been limited by the lack of animal models available for assessing patient-specific mutations. In order to test therapeutic approaches that might restore function to the mutated gene or gene product, we developed mice harboring NF1 patient-specific mutations including a nonsense mutation (c.2041C&gt;T; p.Arg681*) and a missense mutation (c.2542G&gt;C; p.Gly848Arg). The latter is associated with the development of multiple plexiform neurofibromas along spinal nerve roots. We demonstrate that the human nonsense NF1(Arg681*) and missense NF1(Gly848Arg) mutations have different effects on neurofibromin expression in the mouse and each recapitulates unique aspects of the NF1 phenotype, depending upon the genetic context when assessed in the homozygous state or when paired with a conditional knockout allele. Whereas the missense Nf1(Gly848Arg) mutation fails to produce an overt phenotype in the mouse, animals homozygous for the nonsense Nf1(Arg681*) mutation are not viable. Mice with one Nf1(Arg681*) allele in combination with a conditional floxed Nf1 allele and the DhhCre transgene (Nf1(4F/Arg681*); DhhCre) display disorganized nonmyelinating axons and neurofibromas along the spinal column, which leads to compression of the spinal cord and paralysis. This model will be valuable for preclinical testing of novel nonsense suppression therapies using drugs to target in-frame point mutations that create premature termination codons in individuals with NF1.	Kairong Li, Ashley N Turner, Min Chen, Stephanie N Brosius, Trenton R Schoeb, Ludwine M Messiaen, David M Bedwell, Kurt R Zinn, Corina Anastasaki, David H Gutmann, Bruce R Korf, Robert A Kesterson. Mice with missense and nonsense NF1 mutations display divergent phenotypes compared with human neurofibromatosis type I. <i>Disease Models & Mechanisms.</i> 2017-12-04. DOI:https://www.doi.org/10.1242/dmm.025783 PMID:27482814
cf7bd357-168c-4bfe-959c-04bca40604d4	https://www.doi.org/10.1002/1878-0261.12050	PMID:28267273	PMC5527484	No	Molecular Oncology	2017-10-30	NF1-mutated melanoma tumors harbor distinct clinical and biological characteristics	CC-BY	Yes	Yes	pmc_fulltext_xml/PMC5527484.xml	This is an open access article under the terms of the Creative Commons Attribution License, which permits use, distribution and reproduction in any medium, provided the original work is properly cited.	"[""Helena Cirenajwis"", ""Martin Lauss"", ""Henrik Ekedahl"", ""Therese Törngren"", ""Anders Kvist"", ""Lao H Saal"", ""Håkan Olsson"", ""Johan Staaf"", ""Ana Carneiro"", ""Christian Ingvar"", ""Katja Harbst"", ""Nicholas K Hayward"", ""Göran Jönsson""]"	In general, melanoma can be considered as a UV-driven disease with an aggressive metastatic course and high mutational load, with only few tumors (acral, mucosal, and uveal melanomas) not induced by sunlight and possessing a lower mutational load. The most commonly activated pathway in melanoma is the mitogen-activated protein kinase (MAPK) pathway. However, the prognostic significance of mutational stratification is unclear and needs further investigation. Here, in silico we combined mutation data from 162 melanomas subjected to targeted deep sequencing with mutation data from three published studies. Tumors from 870 patients were grouped according to BRAF, RAS, NF1 mutation or triple-wild-type status and correlated with tumor and patient characteristics. We found that the NF1-mutated subtype had a higher mutational burden and strongest UV mutation signature. Searching for co-occurring mutated genes revealed the RASopathy genes PTPN11 and RASA2, as well as another RAS domain-containing gene RASSF2 enriched in the NF1 subtype after adjustment for mutational burden. We found that a larger proportion of the NF1-mutant tumors were from males and with older age at diagnosis. Importantly, we found an increased risk of death from melanoma (disease-specific survival, DSS; HR, 1.9; 95% CI, 1.21-3.10; P = 0.046) and poor overall survival (OS; HR, 2.0; 95% CI, 1.28-2.98; P = 0.01) in the NF1 subtype, which remained significant after adjustment for age, gender, and lesion type (DSS P = 0.03, OS P = 0.06, respectively). Melanoma genomic subtypes display different biological and clinical characteristics. The poor outcome observed in the NF1 subtype highlights the need for improved characterization of this group.	Helena Cirenajwis, Martin Lauss, Henrik Ekedahl, Therese Törngren, Anders Kvist, Lao H Saal, Håkan Olsson, Johan Staaf, Ana Carneiro, Christian Ingvar, Katja Harbst, Nicholas K Hayward, Göran Jönsson. NF1-mutated melanoma tumors harbor distinct clinical and biological characteristics. <i>Molecular Oncology.</i> 2017-10-30. DOI:https://www.doi.org/10.1002/1878-0261.12050 PMID:28267273
093779d9-7738-43c4-9ba1-def29dd515d0	https://www.doi.org/10.18632/oncotarget.17823	PMID:29069749	PMC5641092	No	Oncotarget	2017-10-27	In vitro and in vivo cytotoxic activity of human lactoferricin derived antitumor peptide R-DIM-P-LF11-334 on human malignant melanoma	CC-BY	Yes	Yes	pmc_fulltext_xml/PMC5641092.xml	http://creativecommons.org/licenses/by/3.0/	"[""Riedl S"", ""Rinner B"", ""Schaider H"", ""Liegl-Atzwanger B"", ""Meditz K"", ""Preishuber-Pflügl J"", ""Grissenberger S"", ""Lohner K"", ""Zweytick D.""]"	Di-peptides derived from the human host defense peptide lactoferricin were previously described to specifically interact with the negatively charged lipid phosphatidylserine exposed by cancer cells. In this study one further derivative, namely R-DIM-P-LF11-334 is shown to exhibit even increased cancer toxicity in vitro and in vivo while non-neoplastic cells are not harmed. In liposomal model systems composed of phosphatidylserine mimicking cancerous and phosphatidylcholine mimicking non-cancerous membranes the specific interaction with the cancer marker PS was confirmed by specific induction of membrane perturbation and permeabilization in presence of the peptide. In vitro studies with cell lines of human malignant melanoma, such as A375, or primary cells of human melanoma metastases to the brain, as MUG Mel1, and non-neoplastic human dermal fibroblasts NHDF revealed high cytotoxic effect of R-DIM-P-LF11-334 on melanoma cells of A375 and MUG Mel1, whereas only minor effect on the dermal fibroblasts NHDF was observed, yielding an about 20-fold killing-specificity for A375 and MUG-Mel1. The LC50 values for melanoma A375 and MUG Mel1 were about 10 μM. Analysis of secondary structure of the peptide revealed an increase in the proportion of β-sheets exclusively in presence of the cancer mimic. Stability studies further indicated a potential adequate stability in blood or under stringent conditions. Importantly the cytotoxic effect on cancer cells was also proven in vivo in mouse xenografts of human melanoma, where peptide treatment induced strong tumor regression and in average a tumor area reduction of 85% compared to tumors of control mice without peptide treatment.	Riedl S, Rinner B, Schaider H, Liegl-Atzwanger B, Meditz K, Preishuber-Pflügl J, Grissenberger S, Lohner K, Zweytick D. In vitro and in vivo cytotoxic activity of human lactoferricin derived antitumor peptide R-DIM-P-LF11-334 on human malignant melanoma <i>Oncotarget.</i> 2017-10-27. DOI:https://www.doi.org/10.18632/oncotarget.17823 PMID:29069749
8f7e603a-97b4-4cc7-bd37-8485267b7d84	https://www.doi.org/10.1186/s13229-017-0166-4	PMID:28932379	PMC5605987	No	Molecular Autism	2017-09-22	Testing the excitation/inhibition imbalance hypothesis in a mouse model of the autism spectrum disorder: in vivo neurospectroscopy and molecular evidence for regional phenotypes	CC-BY-4.0	Yes	Yes	pmc_fulltext_xml/PMC5605987.xml	Open AccessThis article is distributed under the terms of the Creative Commons Attribution 4.0 International License (http://creativecommons.org/licenses/by/4.0/), which permits unrestricted use, distribution, and reproduction in any medium, provided you give appropriate credit to the original author(s) and the source, provide a link to the Creative Commons license, and indicate if changes were made. The Creative Commons Public Domain Dedication waiver (http://creativecommons.org/publicdomain/zero/1.0/) applies to the data made available in this article, unless otherwise stated.	"[""Gonçalves J"", ""Violante IR"", ""Sereno J"", ""Leitão RA"", ""Cai Y"", ""Abrunhosa A"", ""Silva AP"", ""Silva AJ"", ""Castelo-Branco M.""]"	BACKGROUND. Excitation/inhibition (E/I) imbalance remains a widely discussed hypothesis in autism spectrum disorders (ASD). The presence of such an imbalance may potentially define a therapeutic target for the treatment of cognitive disabilities related to this pathology. Consequently, the study of monogenic disorders related to autism, such as neurofibromatosis type 1 (NF1), represents a promising approach to isolate mechanisms underlying ASD-related cognitive disabilities. However, the NF1 mouse model showed increased γ-aminobutyric acid (GABA) neurotransmission, whereas the human disease showed reduced cortical GABA levels. It is therefore important to clarify whether the E/I imbalance hypothesis holds true. We hypothesize that E/I may depend on distinct pre- and postsynaptic push-pull mechanisms that might be are region-dependent. METHODS. In current study, we assessed two critical components of E/I regulation: the concentration of neurotransmitters and levels of GABA(A) receptors. Measurements were performed across the hippocampi, striatum, and prefrontal cortices by combined in vivo magnetic resonance spectroscopy (MRS) and molecular approaches in this ASD-related animal model, the Nf1+/- mouse. RESULTS. Cortical and striatal GABA/glutamate ratios were increased. At the postsynaptic level, very high receptor GABA(A) receptor expression was found in hippocampus, disproportionately to the small reduction in GABA levels. Gabaergic tone (either by receptor levels change or GABA/glutamate ratios) seemed therefore to be enhanced in all regions, although by a different mechanism. CONCLUSIONS. Our data provides support for the hypothesis of E/I imbalance in NF1 while showing that pre- and postsynaptic changes are region-specific. All these findings are consistent with our previous physiological evidence of increased inhibitory tone. Such heterogeneity suggests that therapeutic approaches to address neurochemical imbalance in ASD may need to focus on targets where convergent physiological mechanisms can be found.	Gonçalves J, Violante IR, Sereno J, Leitão RA, Cai Y, Abrunhosa A, Silva AP, Silva AJ, Castelo-Branco M. Testing the excitation/inhibition imbalance hypothesis in a mouse model of the autism spectrum disorder: in vivo neurospectroscopy and molecular evidence for regional phenotypes <i>Molecular Autism.</i> 2017-09-22. DOI:https://www.doi.org/10.1186/s13229-017-0166-4 PMID:28932379
6c557513-9552-4922-96c8-a90bae3b8cc3	https://www.doi.org/10.1038/onc.2016.269	PMID:27477693	PMC5332555	No	Oncogene	2017-09-13	Overexpression of PDGFRA cooperates with loss of NF1 and p53 to accelerate the molecular pathogenesis of malignant peripheral nerve sheath tumors	CC-BY-NC-SA	Yes	Yes	pmc_fulltext_xml/PMC5332555.xml	http://creativecommons.org/licenses/by-nc-sa/4.0/	"[""D H Ki"", ""S He"", ""S Rodig"", ""A T Look""]"	Malignant peripheral nerve sheath tumors (MPNSTs) are aggressive, frequently metastatic sarcomas that are associated with neurofibromatosis type 1 (NF1), a prominent inherited genetic disease in humans. Although loss of the NF1 gene predisposes to MPNST induction, relatively long tumor latency in NF1 patients suggests that additional genetic or epigenetic abnormalities are needed for the development of these nerve sheath malignancies. To study the molecular pathways contributing to the formation of MPNSTs in NF1 patients, we used a zebrafish tumor model defined by nf1 loss in a p53-deficient background together with the overexpression of either wild-type or constitutively activated PDGFRA (platelet-derived growth factor receptor-α) under control of the sox10 neural crest-specific promoter. Here we demonstrate the accelerated onset and increased penetrance of MPNST formation in fish overexpressing both the wild-type and the mutant PDGFRA transgenes in cells of neural crest origin. Interestingly, overexpression of the wild-type PDGFRA was even more potent in promoting transformation than the mutant PDGFRA, which is important because ~78% of human MPNSTs have expression of wild-type PDGFRA, whereas only 5% harbor activating mutations of the gene encoding this receptor. Further analysis revealed the induction of cellular senescence in zebrafish embryos overexpressing mutant, but not wild-type, PDGFRA, suggesting a mechanism through which the oncogenic activity of the mutant receptor is tempered by the activation of premature cellular senescence in an NF1-deficient background. Taken together, our study suggests a model in which overexpression of wild-type PDGFRA associated with NF1 deficiency leads to aberrant activation of downstream RAS signaling and thus contributes importantly to MPNST development-a prediction supported by the ability of the kinase inhibitor sunitinib alone and in combination with the MEK inhibitor trametinib to retard MPNST progression in transgenic fish overexpressing the wild-type receptor.	D H Ki, S He, S Rodig, A T Look. Overexpression of PDGFRA cooperates with loss of NF1 and p53 to accelerate the molecular pathogenesis of malignant peripheral nerve sheath tumors. <i>Oncogene.</i> 2017-09-13. DOI:https://www.doi.org/10.1038/onc.2016.269 PMID:27477693
6540c9dd-dcc7-453b-ab98-7ad64675e61e	https://www.doi.org/10.1016/j.celrep.2017.08.010	PMID:28854368	PMC5583477	No	Cell Reports	2017-08-31	Genomic determinants of protein abundance variation in colorectal cancer cells	CC-BY-4.0	Yes	Yes	pmc_fulltext_xml/PMC5583477.xml	http://creativecommons.org/licenses/by/4.0/	"[""Roumeliotis TI"", ""Williams SP"", ""Gonçalves E"", ""Alsinet C"", ""Del Castillo Velasco-Herrera M"", ""Aben N"", ""Ghavidel FZ"", ""Michaut M"", ""Schubert M"", ""Price S"", ""Wright JC"", ""Yu L"", ""Yang M"", ""Dienstmann R"", ""Guinney J"", ""Beltrao P"", ""Brazma A"", ""Pardo M"", ""Stegle O"", ""Adams DJ"", ""Wessels L"", ""Saez-Rodriguez J"", ""McDermott U"", ""Choudhary JS.""]"	Assessing the impact of genomic alterations on protein networks is fundamental in identifying the mechanisms that shape cancer heterogeneity. We have used isobaric labeling to characterize the proteomic landscapes of 50 colorectal cancer cell lines and to decipher the functional consequences of somatic genomic variants. The robust quantification of over 9,000 proteins and 11,000 phosphopeptides on average enabled the de novo construction of a functional protein correlation network, which ultimately exposed the collateral effects of mutations on protein complexes. CRISPR-cas9 deletion of key chromatin modifiers confirmed that the consequences of genomic alterations can propagate through protein interactions in a transcript-independent manner. Lastly, we leveraged the quantified proteome to perform unsupervised classification of the cell lines and to build predictive models of drug response in colorectal cancer. Overall, we provide a deep integrative view of the functional network and the molecular structure underlying the heterogeneity of colorectal cancer cells.	Roumeliotis TI, Williams SP, Gonçalves E, Alsinet C, Del Castillo Velasco-Herrera M, Aben N, Ghavidel FZ, Michaut M, Schubert M, Price S, Wright JC, Yu L, Yang M, Dienstmann R, Guinney J, Beltrao P, Brazma A, Pardo M, Stegle O, Adams DJ, Wessels L, Saez-Rodriguez J, McDermott U, Choudhary JS. Genomic Determinants of Protein Abundance Variation in Colorectal Cancer Cells <i>Cell Reports.</i> 2017-08-31. DOI:https://www.doi.org/10.1016/j.celrep.2017.08.010 PMID:28854368
c40348a1-a590-461d-8593-42213ef0b03e	https://www.doi.org/10.1186/s12943-017-0691-y	PMID:28683746	PMC5498998	No	Molecular Cancer	2017-07-08	Multi-omics of 34 colorectal cancer cell lines - a resource for biomedical studies	CC-BY-4.0	Yes	Yes	pmc_fulltext_xml/PMC5498998.xml	Open AccessThis article is distributed under the terms of the Creative Commons Attribution 4.0 International License (http://creativecommons.org/licenses/by/4.0/), which permits unrestricted use, distribution, and reproduction in any medium, provided you give appropriate credit to the original author(s) and the source, provide a link to the Creative Commons license, and indicate if changes were made. The Creative Commons Public Domain Dedication waiver (http://creativecommons.org/publicdomain/zero/1.0/) applies to the data made available in this article, unless otherwise stated.	"[""Berg KCG"", ""Eide PW"", ""Eilertsen IA"", ""Johannessen B"", ""Bruun J"", ""Danielsen SA"", ""Bjørnslett M"", ""Meza-Zepeda LA"", ""Eknæs M"", ""Lind GE"", ""Myklebost O"", ""Skotheim RI"", ""Sveen A"", ""Lothe RA.""]"	BACKGROUND. Colorectal cancer (CRC) cell lines are widely used pre-clinical model systems. Comprehensive insights into their molecular characteristics may improve model selection for biomedical studies. METHODS. We have performed DNA, RNA and protein profiling of 34 cell lines, including (i) targeted deep sequencing (n = 612 genes) to detect single nucleotide variants and insertions/deletions; (ii) high resolution DNA copy number profiling; (iii) gene expression profiling at exon resolution; (iv) small RNA expression profiling by deep sequencing; and (v) protein expression analysis (n = 297 proteins) by reverse phase protein microarrays. RESULTS. The cell lines were stratified according to the key molecular subtypes of CRC and data were integrated at two or more levels by computational analyses. We confirm that the frequencies and patterns of DNA aberrations are associated with genomic instability phenotypes and that the cell lines recapitulate the genomic profiles of primary carcinomas. Intrinsic expression subgroups are distinct from genomic subtypes, but consistent at the gene-, microRNA- and protein-level and dominated by two distinct clusters; colon-like cell lines characterized by expression of gastro-intestinal differentiation markers and undifferentiated cell lines showing upregulation of epithelial-mesenchymal transition and TGFβ signatures. This sample split was concordant with the gene expression-based consensus molecular subtypes of primary tumors. Approximately ¼ of the genes had consistent regulation at the DNA copy number and gene expression level, while expression of gene-protein pairs in general was strongly correlated. Consistent high-level DNA copy number amplification and outlier gene- and protein- expression was found for several oncogenes in individual cell lines, including MYC and ERBB2. CONCLUSIONS. This study expands the view of CRC cell lines as accurate molecular models of primary carcinomas, and we present integrated multi-level molecular data of 34 widely used cell lines in easily accessible formats, providing a resource for preclinical studies in CRC.	Berg KCG, Eide PW, Eilertsen IA, Johannessen B, Bruun J, Danielsen SA, Bjørnslett M, Meza-Zepeda LA, Eknæs M, Lind GE, Myklebost O, Skotheim RI, Sveen A, Lothe RA. Multi-omics of 34 colorectal cancer cell lines - a resource for biomedical studies <i>Molecular Cancer.</i> 2017-07-08. DOI:https://www.doi.org/10.1186/s12943-017-0691-y PMID:28683746
e58f6149-7a1d-429e-b30d-e3fd7a8ef1e2	https://www.doi.org/10.1038/sdata.2017.33	PMID:28350380	PMC5369315	No	Scientific Data	2017-03-29	Transcriptomic profiling of 39 commonly-used neuroblastoma cell lines	CC-BY-4.0	Yes	Yes	pmc_fulltext_xml/PMC5369315.xml	http://creativecommons.org/licenses/by/4.0	"[""Harenza JL"", ""Diamond MA"", ""Adams RN"", ""Song MM"", ""Davidson HL"", ""Hart LS"", ""Dent MH"", ""Fortina P"", ""Reynolds CP"", ""Maris JM.""]"	Neuroblastoma cell lines are an important and cost-effective model used to study oncogenic drivers of the disease. While many of these cell lines have been previously characterized with SNP, methylation, and/or mRNA expression microarrays, there has not been an effort to comprehensively sequence these cell lines. Here, we present raw whole transcriptome data generated by RNA sequencing of 39 commonly-used neuroblastoma cell lines. These data can be used to perform differential expression analysis based on a genetic aberration or phenotype in neuroblastoma (e.g., MYCN amplification status, ALK mutation status, chromosome arm 1p, 11q and/or 17q status, sensitivity to pharmacologic perturbation). Additionally, we designed this experiment to enable structural variant and/or long-noncoding RNA analysis across these cell lines. Finally, as more DNase/ATAC and histone/transcription factor ChIP sequencing is performed in these cell lines, our RNA-Seq data will be an important complement to inform transcriptional targets as well as regulatory (enhancer or repressor) elements in neuroblastoma.	Harenza JL, Diamond MA, Adams RN, Song MM, Davidson HL, Hart LS, Dent MH, Fortina P, Reynolds CP, Maris JM. Transcriptomic profiling of 39 commonly-used neuroblastoma cell lines <i>Scientific Data.</i> 2017-03-29. DOI:https://www.doi.org/10.1038/sdata.2017.33 PMID:28350380
af52d4d7-a88e-4d7e-966e-45994cf6855f	https://www.doi.org/10.1371/journal.pone.0172140	PMID:28192521	PMC5305101	No	PLoS One	2017-02-14	Acquired resistance to oxaliplatin is not directly associated with increased resistance to DNA damage in SK-N-ASrOXALI4000, a newly established oxaliplatin-resistant sub-line of the neuroblastoma cell line SK-N-AS	CC-BY-4.0	Yes	Yes	pmc_fulltext_xml/PMC5305101.xml	http://creativecommons.org/licenses/by/4.0/	"[""Saintas E"", ""Abrahams L"", ""Ahmad GT"", ""Ajakaiye AM"", ""AlHumaidi AS"", ""Ashmore-Harris C"", ""Clark I"", ""Dura UK"", ""Fixmer CN"", ""Ike-Morris C"", ""Mato Prado M"", ""Mccullough D"", ""Mishra S"", ""Schöler KM"", ""Timur H"", ""Williamson MD"", ""Alatsatianos M"", ""Bahsoun B"", ""Blackburn E"", ""Hogwood CE"", ""Lithgow PE"", ""Rowe M"", ""Yiangou L"", ""Rothweiler F"", ""Cinatl J Jr"", ""Zehner R"", ""Baines AJ"", ""Garrett MD"", ""Gourlay CW"", ""Griffin DK"", ""Gullick WJ"", ""Hargreaves E"", ""Howard MJ"", ""Lloyd DR"", ""Rossman JS"", ""Smales CM"", ""Tsaousis AD"", ""von der Haar T"", ""Wass MN"", ""Michaelis M.""]"	The formation of acquired drug resistance is a major reason for the failure of anti-cancer therapies after initial response. Here, we introduce a novel model of acquired oxaliplatin resistance, a sub-line of the non-MYCN-amplified neuroblastoma cell line SK-N-AS that was adapted to growth in the presence of 4000 ng/mL oxaliplatin (SK-N-ASrOXALI4000). SK-N-ASrOXALI4000 cells displayed enhanced chromosomal aberrations compared to SK-N-AS, as indicated by 24-chromosome fluorescence in situ hybridisation. Moreover, SK-N-ASrOXALI4000 cells were resistant not only to oxaliplatin but also to the two other commonly used anti-cancer platinum agents cisplatin and carboplatin. SK-N-ASrOXALI4000 cells exhibited a stable resistance phenotype that was not affected by culturing the cells for 10 weeks in the absence of oxaliplatin. Interestingly, SK-N-ASrOXALI4000 cells showed no cross resistance to gemcitabine and increased sensitivity to doxorubicin and UVC radiation, alternative treatments that like platinum drugs target DNA integrity. Notably, UVC-induced DNA damage is thought to be predominantly repaired by nucleotide excision repair and nucleotide excision repair has been described as the main oxaliplatin-induced DNA damage repair system. SK-N-ASrOXALI4000 cells were also more sensitive to lysis by influenza A virus, a candidate for oncolytic therapy, than SK-N-AS cells. In conclusion, we introduce a novel oxaliplatin resistance model. The oxaliplatin resistance mechanisms in SK-N-ASrOXALI4000 cells appear to be complex and not to directly depend on enhanced DNA repair capacity. Models of oxaliplatin resistance are of particular relevance since research on platinum drugs has so far predominantly focused on cisplatin and carboplatin.	Saintas E, Abrahams L, Ahmad GT, Ajakaiye AM, AlHumaidi AS, Ashmore-Harris C, Clark I, Dura UK, Fixmer CN, Ike-Morris C, Mato Prado M, Mccullough D, Mishra S, Schöler KM, Timur H, Williamson MD, Alatsatianos M, Bahsoun B, Blackburn E, Hogwood CE, Lithgow PE, Rowe M, Yiangou L, Rothweiler F, Cinatl J Jr, Zehner R, Baines AJ, Garrett MD, Gourlay CW, Griffin DK, Gullick WJ, Hargreaves E, Howard MJ, Lloyd DR, Rossman JS, Smales CM, Tsaousis AD, von der Haar T, Wass MN, Michaelis M. Acquired resistance to oxaliplatin is not directly associated with increased resistance to DNA damage in SK-N-ASrOXALI4000, a newly established oxaliplatin-resistant sub-line of the neuroblastoma cell line SK-N-AS <i>PLoS One.</i> 2017-02-14. DOI:https://www.doi.org/10.1371/journal.pone.0172140 PMID:28192521
8c670bac-17e2-4d75-bc5c-9e5788f293b0	https://www.doi.org/10.1016/j.scr.2016.01.010	PMID:27345975	PMC4823759	No	Stem Cell Research	2016-12-20	Generation of KCL024 research grade human embryonic stem cell line carrying a mutation in NF1 gene	CC-BY-4.0	Yes	Yes	pmc_fulltext_xml/PMC4823759.xml	http://creativecommons.org/licenses/by/4.0/	"[""Heema Hewitson"", ""Victoria Wood"", ""Neli Kadeva"", ""Glenda Cornwell"", ""Stefano Codognotto"", ""Emma Stephenson"", ""Dusko Ilic""]"	The KCL024 human embryonic stem cell line was derived from an embryo donated for research that carried an autosomal dominant mutation in the NF1 gene encoding neurofibromin (c.3739-3742 ∆TTTG). Mutations in this gene have been linked to neurofibromatosis type 1, juvenile myelomonocytic leukemia and Watson syndrome. The ICM was isolated using laser microsurgery and plated on γ-irradiated human foreskin fibroblasts. Both the derivation and cell line propagation were performed in an animal product-free environment. Pluripotent state and differentiation potential were confirmed by in vitro assays.	Heema Hewitson, Victoria Wood, Neli Kadeva, Glenda Cornwell, Stefano Codognotto, Emma Stephenson, Dusko Ilic. Generation of KCL024 research grade human embryonic stem cell line carrying a mutation in NF1 gene. <i>Stem Cell Research.</i> 2016-12-20. DOI:https://www.doi.org/10.1016/j.scr.2016.01.010 PMID:27345975
e6edec9b-8f97-4349-b1d3-2191c9e83454	https://www.doi.org/10.1016/j.scr.2016.01.009	PMID:27345978	PMC4823762	No	Stem Cell Research	2016-12-20	Generation of KCL025 research grade human embryonic stem cell line carrying a mutation in NF1 gene	CC-BY-4.0	Yes	Yes	pmc_fulltext_xml/PMC4823762.xml	http://creativecommons.org/licenses/by/4.0/	"[""Heema Hewitson"", ""Victoria Wood"", ""Neli Kadeva"", ""Glenda Cornwell"", ""Stefano Codognotto"", ""Emma Stephenson"", ""Dusko Ilic""]"	The KCL025 human embryonic stem cell line was derived from an embryo donated for research that carried an autosomal dominant mutation in the NF1 gene encoding neurofibromin (c.3739-3742 ΔTTTG). Mutations in this gene have been linked to neurofibromatosis type 1, juvenile myelomonocytic leukemia and Watson syndrome. The ICM was isolated using laser microsurgery and plated on γ-irradiated human foreskin fibroblasts. Both the derivation and cell line propagation were performed in an animal product-free environment. Pluripotent state and differentiation potential were confirmed by in vitro assays.	Heema Hewitson, Victoria Wood, Neli Kadeva, Glenda Cornwell, Stefano Codognotto, Emma Stephenson, Dusko Ilic. Generation of KCL025 research grade human embryonic stem cell line carrying a mutation in NF1 gene. <i>Stem Cell Research.</i> 2016-12-20. DOI:https://www.doi.org/10.1016/j.scr.2016.01.009 PMID:27345978
8ca42e5b-dacd-44e5-9e40-39c40aa8df13	https://www.doi.org/10.1186/s13100-016-0078-4	PMID:27807467	PMC5087121	No	Mobile DNA	2016-11-04	A map of mobile DNA insertions in the NCI-60 human cancer cell panel	CC-BY-4.0	Yes	Yes	pmc_fulltext_xml/PMC5087121.xml	Open AccessThis article is distributed under the terms of the Creative Commons Attribution 4.0 International License (http://creativecommons.org/licenses/by/4.0/), which permits unrestricted use, distribution, and reproduction in any medium, provided you give appropriate credit to the original author(s) and the source, provide a link to the Creative Commons license, and indicate if changes were made. The Creative Commons Public Domain Dedication waiver (http://creativecommons.org/publicdomain/zero/1.0/) applies to the data made available in this article, unless otherwise stated.	"[""Zampella JG"", ""Rodić N"", ""Yang WR"", ""Huang CR"", ""Welch J"", ""Gnanakkan VP"", ""Cornish TC"", ""Boeke JD"", ""Burns KH.""]"	BACKGROUND. The National Cancer Institute-60 (NCI-60) cell lines are among the most widely used models of human cancer. They provide a platform to integrate DNA sequence information, epigenetic data, RNA and protein expression, and pharmacologic susceptibilities in studies of cancer cell biology. Genome-wide studies of the complete panel have included exome sequencing, karyotyping, and copy number analyses but have not targeted repetitive sequences. Interspersed repeats derived from mobile DNAs are a significant source of heritable genetic variation, and insertions of active elements can occur somatically in malignancy. METHOD. We used Transposon Insertion Profiling by microarray (TIP-chip) to map Long INterspersed Element-1 (LINE-1, L1) and Alu Short INterspersed Element (SINE) insertions in cancer genes in NCI-60 cells. We focused this discovery effort on annotated Cancer Gene Index loci. RESULTS. We catalogued a total of 749 and 2,100 loci corresponding to candidate LINE-1 and Alu insertion sites, respectively. As expected, these numbers encompass previously known insertions, polymorphisms shared in unrelated tumor cell lines, as well as unique, potentially tumor-specific insertions. We also conducted association analyses relating individual insertions to a variety of cellular phenotypes. CONCLUSIONS. These data provide a resource for investigators with interests in specific cancer gene loci or mobile element insertion effects more broadly. Our data underscore that significant genetic variation in cancer genomes is owed to LINE-1 and Alu retrotransposons. Our findings also indicate that as large numbers of cancer genomes become available, it will be possible to associate individual transposable element insertion variants with molecular and phenotypic features of these malignancies.	Zampella JG, Rodić N, Yang WR, Huang CR, Welch J, Gnanakkan VP, Cornish TC, Boeke JD, Burns KH. A map of mobile DNA insertions in the NCI-60 human cancer cell panel <i>Mobile DNA.</i> 2016-11-04. DOI:https://www.doi.org/10.1186/s13100-016-0078-4 PMID:27807467
78fc17fc-fec1-4a99-9ccd-005ec3b40488	https://www.doi.org/10.18632/oncotarget.11845	PMID:27602502	PMC5308618	No	Oncotarget	2016-09-08	Phenotypic consequences of somatic mutations in the ataxia-telangiectasia mutated gene in non-small cell lung cancer	CC-BY	Yes	Yes	pmc_fulltext_xml/PMC5308618.xml	http://creativecommons.org/licenses/by/2.5/	"[""Weber AM"", ""Drobnitzky N"", ""Devery AM"", ""Bokobza SM"", ""Adams RA"", ""Maughan TS"", ""Ryan AJ.""]"	Mutations in the Ataxia-telangiectasia mutated (ATM) gene are frequently found in human cancers, including non-small cell lung cancer (NSCLC). Loss of ATM function confers sensitivity to ionising radiation (IR) and topoisomerase inhibitors and may thus define a subset of cancer patients that could get increased benefit from these therapies. In this study, we evaluated the phenotypic consequences of ATM missense changes reported in seven NSCLC cell lines with regard to radiosensitivity and functionality of ATM signalling. Our data demonstrate that only 2/7 NSCLC cell lines (H1395 and H23) harbouring ATM missense mutations show a functional impairment of ATM signalling following IR-exposure. In these two cell lines, the missense mutations caused a significant reduction in ATM protein levels, impairment of ATM signalling and marked radiosensitivity. Of note, only cell lines with homozygous mutations in the ATM gene showed significant impairment of ATM function. Based on these observations, we developed an immunohistochemistry-based assay to identify patients with loss or reduction of ATM protein expression in a clinical setting. In a set of 137 NSCLC and 154 colorectal cancer specimens we identified tumoral loss of ATM protein expression in 9.5% and 3.9% of cases, respectively, demonstrating the potential utility of this method.	Weber AM, Drobnitzky N, Devery AM, Bokobza SM, Adams RA, Maughan TS, Ryan AJ. Phenotypic consequences of somatic mutations in the ataxia-telangiectasia mutated gene in non-small cell lung cancer <i>Oncotarget.</i> 2016-09-08. DOI:https://www.doi.org/10.18632/oncotarget.11845 PMID:27602502
3644dab3-0591-4a50-841c-b90544d7ee33	https://www.doi.org/10.1038/sdata.2016.52	PMID:27377824	PMC4932877	No	Scientific Data	2016-07-06	Long non-coding RNA expression profiling in the NCI60 cancer cell line panel using high-throughput RT-qPCR	CC-BY-4.0	Yes	Yes	pmc_fulltext_xml/PMC4932877.xml	http://creativecommons.org/licenses/by/4.0	"[""Mestdagh P"", ""Lefever S"", ""Volders PJ"", ""Derveaux S"", ""Hellemans J"", ""Vandesompele J.""]"	Long non-coding RNAs (lncRNAs) form a new class of RNA molecules implicated in various aspects of protein coding gene expression regulation. To study lncRNAs in cancer, we generated expression profiles for 1707 human lncRNAs in the NCI60 cancer cell line panel using a high-throughput nanowell RT-qPCR platform. We describe how qPCR assays were designed and validated and provide processed and normalized expression data for further analysis. Data quality is demonstrated by matching the lncRNA expression profiles with phenotypic and genomic characteristics of the cancer cell lines. This data set can be integrated with publicly available omics and pharmacological data sets to uncover novel associations between lncRNA expression and mRNA expression, miRNA expression, DNA copy number, protein coding gene mutation status or drug response.	Mestdagh P, Lefever S, Volders PJ, Derveaux S, Hellemans J, Vandesompele J. Long non-coding RNA expression profiling in the NCI60 cancer cell line panel using high-throughput RT-qPCR <i>Scientific Data.</i> 2016-07-06. DOI:https://www.doi.org/10.1038/sdata.2016.52 PMID:27377824
a70633f8-4981-4b10-8bfb-a24ce6b4f879	https://www.doi.org/10.1371/journal.pone.0156689	PMID:27257868	PMC4892608	No	PLoS One	2016-06-04	Intrinsic radiosensitivity and cellular characterization of 27 canine cancer cell lines	CC-BY-4.0	Yes	Yes	pmc_fulltext_xml/PMC4892608.xml	http://creativecommons.org/licenses/by/4.0/	"[""Maeda J"", ""Froning CE"", ""Brents CA"", ""Rose BJ"", ""Thamm DH"", ""Kato TA.""]"	Canine cancer cell lines have progressively been developed, but are still underused resources for radiation biology research. Measurement of the cellular intrinsic radiosensitivity is important because understanding the difference may provide a framework for further elucidating profiles for prediction of radiation therapy response. Our studies have focused on characterizing diverse canine cancer cell lines in vitro and understanding parameters that might contribute to intrinsic radiosensitivity. First, intrinsic radiosensitivity of 27 canine cancer cell lines derived from ten tumor types was determined using a clonogenic assay. The 27 cell lines had varying radiosensitivities regardless tumor type (survival fraction at 2 Gy, SF2 = 0.19-0.93). In order to understand parameters that might contribute to intrinsic radiosensitivity, we evaluated the relationships of cellular radiosensitivity with basic cellular characteristics of the cell lines. There was no significant correlation of SF2 with S-phase fraction, doubling time, chromosome number, ploidy, or number of metacentric chromosomes, while there was a statistically significant correlation between SF2 and plating efficiency. Next, we selected the five most radiosensitive cell lines as the radiosensitive group and the five most radioresistant cell lines as the radioresistant group. Then, we evaluated known parameters for cell killing by ionizing radiation, including radiation-induced DNA double strand break (DSB) repair and apoptosis, in the radiosensitive group as compared to the radioresistant group. High levels of residual γ-H2AX foci at the sites of DSBs were present in the four out of the five radiosensitive canine cancer cell lines. Our studies suggested that substantial differences in intrinsic radiosensitivity exist in canine cancer cell lines, and radiation-induced DSB repair was related to radiosensitivity, which is consistent with previous human studies. These data may assist further investigations focusing on the detection of DSB for predicting individual response to radiation therapy for dogs, regardless of tumor type.	Maeda J, Froning CE, Brents CA, Rose BJ, Thamm DH, Kato TA. Intrinsic Radiosensitivity and Cellular Characterization of 27 Canine Cancer Cell Lines <i>PLoS One.</i> 2016-06-04. DOI:https://www.doi.org/10.1371/journal.pone.0156689 PMID:27257868
d09bdd7c-d4dc-497c-8ac4-3d2ea03ae5f0	https://www.doi.org/10.1371/journal.pone.0121314	PMID:25894527	PMC4404347	No	PloS One	2016-02-22	A mass spectrometric-derived cell surface protein atlas	Public Domain	Yes	Yes	pmc_fulltext_xml/PMC4404347.xml	https://creativecommons.org/publicdomain/zero/1.0/	"[""Damaris Bausch-Fluck"", ""Andreas Hofmann"", ""Thomas Bock"", ""Andreas P Frei"", ""Ferdinando Cerciello"", ""Andrea Jacobs"", ""Hansjoerg Moest"", ""Ulrich Omasits"", ""Rebekah L Gundry"", ""Charles Yoon"", ""Ralph Schiess"", ""Alexander Schmidt"", ""Paulina Mirkowska"", ""Anetta Härtlová"", ""Jennifer E Van Eyk"", ""Jean-Pierre Bourquin"", ""Ruedi Aebersold"", ""Kenneth R Boheler"", ""Peter Zandstra"", ""Bernd Wollscheid""]"	Cell surface proteins are major targets of biomedical research due to their utility as cellular markers and their extracellular accessibility for pharmacological intervention. However, information about the cell surface protein repertoire (the surfaceome) of individual cells is only sparsely available. Here, we applied the Cell Surface Capture (CSC) technology to 41 human and 31 mouse cell types to generate a mass-spectrometry derived Cell Surface Protein Atlas (CSPA) providing cellular surfaceome snapshots at high resolution. The CSPA is presented in form of an easy-to-navigate interactive database, a downloadable data matrix and with tools for targeted surfaceome rediscovery (http://wlab.ethz.ch/cspa). The cellular surfaceome snapshots of different cell types, including cancer cells, resulted in a combined dataset of 1492 human and 1296 mouse cell surface glycoproteins, providing experimental evidence for their cell surface expression on different cell types, including 136 G-protein coupled receptors and 75 membrane receptor tyrosine-protein kinases. Integrated analysis of the CSPA reveals that the concerted biological function of individual cell types is mainly guided by quantitative rather than qualitative surfaceome differences. The CSPA will be useful for the evaluation of drug targets, for the improved classification of cell types and for a better understanding of the surfaceome and its concerted biological functions in complex signaling microenvironments.	Damaris Bausch-Fluck, Andreas Hofmann, Thomas Bock, Andreas P Frei, Ferdinando Cerciello, Andrea Jacobs, Hansjoerg Moest, Ulrich Omasits, Rebekah L Gundry, Charles Yoon, Ralph Schiess, Alexander Schmidt, Paulina Mirkowska, Anetta Härtlová, Jennifer E Van Eyk, Jean-Pierre Bourquin, Ruedi Aebersold, Kenneth R Boheler, Peter Zandstra, Bernd Wollscheid. A mass spectrometric-derived cell surface protein atlas. <i>PloS One.</i> 2016-02-22. DOI:https://www.doi.org/10.1371/journal.pone.0121314 PMID:25894527
0b2e8e11-bf19-4e4e-b15a-9cb010a9297a	https://www.doi.org/10.18632/oncotarget.7232	PMID:26859681	PMC4884927	No	Oncotarget	2016-02-10	Spatially- and temporally-controlled postnatal p53 knockdown cooperates with embryonic Schwann cell precursor gene loss to promote malignant peripheral nerve sheath tumor formation	CC-BY	Yes	Yes	pmc_fulltext_xml/PMC4884927.xml	http://creativecommons.org/licenses/by/2.5/	"[""Hirbe AC"", ""Dahiya S"", ""Friedmann-Morvinski D"", ""Verma IM"", ""Clapp DW"", ""Gutmann DH.""]"	Malignant peripheral nerve sheath tumors (MPNSTs) are highly aggressive sarcomas that arise sporadically or in association with the Neurofibromatosis type 1 (NF1) cancer predisposition syndrome. In individuals with NF1, MPNSTs are hypothesized to arise from Nf1-deficient Schwann cell precursor cells following the somatic acquisition of secondary cooperating genetic mutations (e.g., p53 loss). To model this sequential genetic cooperativity, we coupled somatic lentivirus-mediated p53 knockdown in the adult right sciatic nerve with embryonic Schwann cell precursor Nf1 gene inactivation in two different Nf1 conditional knockout mouse strains. Using this approach, ~60% of mice with Periostin-Cre-mediated Nf1 gene inactivation (Periostin-Cre; Nf1(flox/flox) mice) developed tumors classified as low-grade MPNSTs following p53 knockdown (mean, 6 months). Similarly, ~70% of Nf1+/- mice with GFAP-Cre-mediated Nf1 gene inactivation (GFAP-Cre; Nf1(flox/null) mice) developed low-grade MPNSTs following p53 knockdown (mean, 3 months). In addition, wild-type and Nf1+/- mice with GFAP-Cre-mediated Nf1 loss develop MPNSTs following somatic p53 knockout with different latencies, suggesting potential influences of Nf1+/- stromal cells in MPNST pathogenesis. Collectively, this new MPNST model system permits the analysis of somatically-acquired events as well as tumor microenvironment signals that potentially cooperate with Nf1 loss in the development and progression of this deadly malignancy.	Hirbe AC, Dahiya S, Friedmann-Morvinski D, Verma IM, Clapp DW, Gutmann DH. Spatially- and temporally-controlled postnatal p53 knockdown cooperates with embryonic Schwann cell precursor Nf1 gene loss to promote malignant peripheral nerve sheath tumor formation <i>Oncotarget.</i> 2016-02-10. DOI:https://www.doi.org/10.18632/oncotarget.7232 PMID:26859681
cc5fcf4a-db57-47c9-96a1-7909480cfff7	https://www.doi.org/10.1002/anie.201500342	PMID:25807930	PMC4471546	No	Angewandte Chemie International Edition	2016-02-10	Multifunctional reagents for quantitative proteome-wide analysis of protein modification in human cells and dynamic profiling of protein lipidation during vertebrate development	CC-BY	Yes	Yes	pmc_fulltext_xml/PMC4471546.xml	http://creativecommons.org/licenses/by/3.0/	"[""Malgorzata Broncel"", ""Remigiusz A Serwa"", ""Paulina Ciepla"", ""Eberhard Krause"", ""Margaret J Dallman"", ""Anthony I Magee"", ""Edward W Tate""]"	Novel multifunctional reagents were applied in combination with a lipid probe for affinity enrichment of myristoylated proteins and direct detection of lipid-modified tryptic peptides by mass spectrometry. This method enables high-confidence identification of the myristoylated proteome on an unprecedented scale in cell culture, and allowed the first quantitative analysis of dynamic changes in protein lipidation during vertebrate embryonic development.	Malgorzata Broncel, Remigiusz A Serwa, Paulina Ciepla, Eberhard Krause, Margaret J Dallman, Anthony I Magee, Edward W Tate. Multifunctional reagents for quantitative proteome-wide analysis of protein modification in human cells and dynamic profiling of protein lipidation during vertebrate development. <i>Angewandte Chemie International Edition.</i> 2016-02-10. DOI:https://www.doi.org/10.1002/anie.201500342 PMID:25807930
52cdb0d2-ba51-4444-84d3-c8734ec00aa1	https://www.doi.org/10.1074/mcp.M115.051235	PMID:26537799	PMC4762531	No	Molecular & Cellular Proteomics	2015-11-06	N-glycosylation profiling of colorectal cancer cell lines reveals association of fucosylation with differentiation and Caudal Type Homebox 1 (CDX1)/Villin mRNA expression	CC-BY	Yes	Yes	pmc_fulltext_xml/PMC4762531.xml	Author's Choice—Final version free via Creative Commons CC-BY license.	"[""Holst S"", ""Deuss AJ"", ""van Pelt GW"", ""van Vliet SJ"", ""Garcia-Vallejo JJ"", ""Koeleman CA"", ""Deelder AM"", ""Mesker WE"", ""Tollenaar RA"", ""Rombouts Y"", ""Wuhrer M.""]"	Various cancers such as colorectal cancer (CRC) are associated with alterations in protein glycosylation. CRC cell lines are frequently used to study these (glyco)biological changes and their mechanisms. However, differences between CRC cell lines with regard to their glycosylation have hitherto been largely neglected. Here, we comprehensively characterized the N-glycan profiles of 25 different CRC cell lines, derived from primary tumors and metastatic sites, in order to investigate their potential as glycobiological tumor model systems and to reveal glycans associated with cell line phenotypes. We applied an optimized, high-throughput membrane-based enzymatic glycan release for small sample amounts. Released glycans were derivatized to stabilize and differentiate between α2,3- and α2,6-linked N-acetylneuraminic acids, followed by N-glycosylation analysis by MALDI-TOF(/TOF)-MS. Our results showed pronounced differences between the N-glycosylation patterns of CRC cell lines. CRC cell line profiles differed from tissue-derived N-glycan profiles with regard to their high-mannose N-glycan content but showed a large overlap for complex type N-glycans, supporting their use as a glycobiological cancer model system. Importantly, we could show that the high-mannose N-glycans did not only occur as intracellular precursors but were also present at the cell surface. The obtained CRC cell line N-glycan features were not clearly correlated with mRNA expression levels of glycosyltransferases, demonstrating the usefulness of performing the structural analysis of glycans. Finally, correlation of CRC cell line glycosylation features with cancer cell markers and phenotypes revealed an association between highly fucosylated glycans and CDX1 and/or villin mRNA expression that both correlate with cell differentiation. Together, our findings provide new insights into CRC-associated glycan changes and setting the basis for more in-depth experiments on glycan function and regulation.	Holst S, Deuss AJ, van Pelt GW, van Vliet SJ, Garcia-Vallejo JJ, Koeleman CA, Deelder AM, Mesker WE, Tollenaar RA, Rombouts Y, Wuhrer M. N-glycosylation Profiling of Colorectal Cancer Cell Lines Reveals Association of Fucosylation with Differentiation and Caudal Type Homebox 1 (CDX1)/Villin mRNA Expression <i>Molecular & Cellular Proteomics.</i> 2015-11-06. DOI:https://www.doi.org/10.1074/mcp.M115.051235 PMID:26537799
0b1ffaec-a592-4018-a5f2-38ccffeb7bea	https://www.doi.org/10.1038/srep15916	PMID:26522388	PMC4629113	No	Scientific Reports	2015-11-03	Farnesylated and methylated KRAS4b: high yield production of protein suitable for biophysical studies of prenylated protein-lipid interactions	CC-BY-4.0	Yes	Yes	pmc_fulltext_xml/PMC4629113.xml	http://creativecommons.org/licenses/by/4.0/	"[""Gillette WK"", ""Esposito D"", ""Abreu Blanco M"", ""Alexander P"", ""Bindu L"", ""Bittner C"", ""Chertov O"", ""Frank PH"", ""Grose C"", ""Jones JE"", ""Meng Z"", ""Perkins S"", ""Van Q"", ""Ghirlando R"", ""Fivash M"", ""Nissley DV"", ""McCormick F"", ""Holderfield M"", ""Stephen AG.""]"	"Prenylated proteins play key roles in several human diseases including cancer, atherosclerosis and Alzheimer’s disease. KRAS4b, which is frequently mutated in pancreatic, colon and lung cancers, is processed by farnesylation, proteolytic cleavage and arboxymethylation at the C-terminus. Plasma membrane localization of KRAS4b requires this processing as does KRAS4b-dependent RAF kinase activation. Previous attempts to produce modified KRAS have relied on protein engineering approaches or in vitro farnesylation of bacterially expressed KRAS protein. The proteins produced by these methods do not accurately replicate the mature KRAS protein found in mammalian cells and the protein yield is typically low. We describe a protocol that yields 5-10 mg/L highly purified,
farnesylated, and methylated KRAS4b from insect cells. Farnesylated and methylated KRAS4b is
fully active in hydrolyzing GTP, binds RAF-RBD on lipid Nanodiscs and interacts with the known
farnesyl-binding protein PDEδ."	Gillette WK, Esposito D, Abreu Blanco M, Alexander P, Bindu L, Bittner C, Chertov O, Frank PH, Grose C, Jones JE, Meng Z, Perkins S, Van Q, Ghirlando R, Fivash M, Nissley DV, McCormick F, Holderfield M, Stephen AG. Farnesylated and methylated KRAS4b: high yield production of protein suitable for biophysical studies of prenylated protein-lipid interactions <i>Scientific Reports.</i> 2015-11-03. DOI:https://www.doi.org/10.1038/srep15916 PMID:26522388
5a8969bc-cd99-4ffa-a316-cbb87db77b80	https://www.doi.org/10.7554/eLife.07780	PMID:26460546	PMC4714971	No	eLife	2015-10-13	Loss of neurofibromin Ras-GAP activity enhances the formation of cardiac blood islands in murine embryos	CC-BY-4.0	Yes	Yes	pmc_fulltext_xml/PMC4714971.xml	http://creativecommons.org/licenses/by/4.0/	"[""Amanda D Yzaguirre"", ""Arun Padmanabhan"", ""Eric D de Groh"", ""Kurt A Engleka"", ""Jun Li"", ""Nancy A Speck"", ""Jonathan A Epstein""]"	Type I neurofibromatosis (NF1) is caused by mutations in the NF1 gene encoding neurofibromin. Neurofibromin exhibits Ras GTPase activating protein (Ras-GAP) activity that is thought to mediate cellular functions relevant to disease phenotypes. Loss of murine Nf1 results in embryonic lethality due to heart defects, while mice with monoallelic loss of function mutations or with tissue-specific inactivation have been used to model NF1. Here, we characterize previously unappreciated phenotypes in Nf1-/- embryos, which are inhibition of hemogenic endothelial specification in the dorsal aorta, enhanced yolk sac hematopoiesis, and exuberant cardiac blood island formation. We show that a missense mutation engineered into the active site of the Ras-GAP domain is sufficient to reproduce ectopic blood island formation, cardiac defects, and overgrowth of neural crest-derived structures seen in Nf1-/-embryos. These findings demonstrate a role for Ras-GAP activity in suppressing the hemogenic potential of the heart and restricting growth of neural crest-derived tissues.	Amanda D Yzaguirre, Arun Padmanabhan, Eric D de Groh, Kurt A Engleka, Jun Li, Nancy A Speck, Jonathan A Epstein. Loss of neurofibromin Ras-GAP activity enhances the formation of cardiac blood islands in murine embryos <i>eLife.</i> 2015-10-13. DOI:https://www.doi.org/10.7554/eLife.07780 PMID:26460546
04eec932-e1cf-4cca-bf5a-dc1405ac3e9b	https://www.doi.org/10.1371/journal.pone.0091433	PMID:24618588	PMC3950186	No	PloS One	2015-05-29	Detection of viral proteins in human cells lines by xeno-proteomics: elimination of the last valid excuse for not testing every cellular proteome dataset for viral proteins	CC-BY-4.0	Yes	Yes	pmc_fulltext_xml/PMC3950186.xml	http://creativecommons.org/licenses/by/4.0/	"[""Alexey L Chernobrovkin"", ""Roman A Zubarev""]"	"Cell cultures used routinely in proteomic experiments may contain proteins from other species because of infection, transfection or just contamination. Since infection or contamination may affect the results of a biological experiment, it is important to test the samples for the presence of ""alien"" proteins. Usually cells are tested only for the most common infections, and most of the existing tests are targeting specific contaminations. Here we describe a three-step procedure for reliable untargeted detection of viral proteins using proteomics data, and recommend this or similar procedure to be applied to every proteomics dataset submitted for publication."	Alexey L Chernobrovkin, Roman A Zubarev. Detection of viral proteins in human cells lines by xeno-proteomics: elimination of the last valid excuse for not testing every cellular proteome dataset for viral proteins. <i>PloS One.</i> 2015-05-29. DOI:https://www.doi.org/10.1371/journal.pone.0091433 PMID:24618588
13ec139e-3cf0-4c81-ae3d-c183e35a8113	https://www.doi.org/10.15252/emmm.201404430	PMID:25810463	PMC4492820	No	EMBO Molecular Medicine	2015-03-27	Comprehensive establishment and characterization of orthoxenograft mouse models of malignant peripheral nerve sheath tumors for personalized medicine	CC-BY-4.0	Yes	Yes	pmc_fulltext_xml/PMC4492820.xml	http://creativecommons.org/licenses/by/4.0/	"[""Castellsagué J"", ""Gel B"", ""Fernández-Rodríguez J"", ""Llatjós R"", ""Blanco I"", ""Benavente Y"", ""Pérez-Sidelnikova D"", ""García-Del Muro J"", ""Viñals JM"", ""Vidal A"", ""Valdés-Mas R"", ""Terribas E"", ""López-Doriga A"", ""Pujana MA"", ""Capellá G"", ""Puente XS"", ""Serra E"", ""Villanueva A"", ""Lázaro C.""]"	Malignant peripheral nerve sheath tumors (MPNSTs) are soft-tissue sarcomas that can arise either sporadically or in association with neurofibromatosis type 1 (NF1). These aggressive malignancies confer poor survival, with no effective therapy available. We present the generation and characterization of five distinct MPNST orthoxenograft models for preclinical testing and personalized medicine. Four of the models are patient-derived tumor xenografts (PDTX), two independent MPNSTs from the same NF1 patient and two from different sporadic patients. The fifth model is an orthoxenograft derived from an NF1-related MPNST cell line. All MPNST orthoxenografts were generated by tumor implantation, or cell line injection, next to the sciatic nerve of nude mice, and were perpetuated by 7-10 mouse-to-mouse passages. The models reliably recapitulate the histopathological properties of their parental primary tumors. They also mimic distal dissemination properties in mice. Human stroma was rapidly lost after MPNST engraftment and replaced by murine stroma, which facilitated genomic tumor characterization. Compatible with an origin in a catastrophic event and subsequent genome stabilization, MPNST contained highly altered genomes that remained remarkably stable in orthoxenograft establishment and along passages. Mutational frequency and type of somatic point mutations were highly variable among the different MPNSTs modeled, but very consistent when comparing primary tumors with matched orthoxenografts generated. Unsupervised cluster analysis and principal component analysis (PCA) using an MPNST expression signature of ~1,000 genes grouped together all primary tumor-orthoxenograft pairs. Our work points to differences in the engraftment process of primary tumors compared with the engraftment of established cell lines. Following standardization and extensive characterization and validation, the orthoxenograft models were used for initial preclinical drug testing. Sorafenib (a BRAF inhibitor), in combination with doxorubicin or rapamycin, was found to be the most effective treatment for reducing MPNST growth. The development of genomically well-characterized preclinical models for MPNST allowed the evaluation of novel therapeutic strategies for personalized medicine.	Castellsagué J, Gel B, Fernández-Rodríguez J, Llatjós R, Blanco I, Benavente Y, Pérez-Sidelnikova D, García-Del Muro J, Viñals JM, Vidal A, Valdés-Mas R, Terribas E, López-Doriga A, Pujana MA, Capellá G, Puente XS, Serra E, Villanueva A, Lázaro C. Comprehensive establishment and characterization of orthoxenograft mouse models of malignant peripheral nerve sheath tumors for personalized medicine <i>EMBO Molecular Medicine.</i> 2015-03-27. DOI:https://www.doi.org/10.15252/emmm.201404430 PMID:25810463
c4d3b065-4ee6-4a9c-b95d-b6f150c62dbc	https://www.doi.org/10.4161/15384101.2015.945870	PMID:25486365	PMC4615033	No	Cell Cycle	2014-12-09	The C-terminal domains of human neurofibromin and its budding yeast homologs Ira1 and Ira2 regulate the metaphase to anaphase transition	CC-BY-NC	Yes	Yes	pmc_fulltext_xml/PMC4615033.xml	http://creativecommons.org/licenses/by-nc/3.0/	"[""Luo G"", ""Kim J"", ""Song K.""]"	The human tumor suppressor neurofibromin contains a cysteine and serine-rich domain/Ras-GTPase activating protein domain (CSRD/RasGAP) and a C-terminal domain (CTD). Domain studies of neurofibromin suggest it has other functions in addition to being a RasGAP, but the mechanisms underlying its tumor suppressor activity are not well understood. The budding yeast Saccharomyces cerevisiae is a good model system for studying neurofibromin function because it possesses Ira1 and Ira2, which are homologous to human neurofibromin in both sequence and function. We found that overexpression of CTD or a neurofibromin CTD-homologous domain (CHD) of Ira1/2 in budding yeast delayed degradation of the securin protein Pds1, whereas overexpression of CSRD/RasGAP did not affect Pds1 degradation. We also found that when CTD or CHD was overexpressed, the number of cells in metaphase was higher than in the control. These results demonstrate that CTD and CHD function in the metaphase to anaphase transition. In addition, Δira1Δira2 cells bypassed mitotic arrest in response to spindle damage, indicating that Ira1 and Ira2 may be involved in the spindle assembly checkpoint (SAC). However, Δira1Δira2Δmad2 cells are more sensitive to spindle damage than Δmad2 or Δira1Δira2 cells are, suggesting that Ira1/2 and Mad2 function in different pathways. Overexpression of CTD but not CSRD/RasGAP partially rescued the hypersensitivity of Δira1Δira2Δmad2 cells to microtubule-destabilizing drugs, indicating a role for CTD in the SAC pathway. Taken together, independently of RasGAP activity, the C-terminal domains of neurofibromin, Ira1, and Ira2 regulate the metaphase to anaphase transition in a Mad2-independent fashion.	Luo G, Kim J, Song K. The C-terminal domains of human neurofibromin and its budding yeast homologs Ira1 and Ira2 regulate the metaphase to anaphase transition <i>Cell Cycle.</i> 2014-12-09. DOI:https://www.doi.org/10.4161/15384101.2015.945870 PMID:25486365
2b26b11d-6e17-4bf3-a6a9-267fe407078d	https://www.doi.org/10.1038/bjc.2014.475	PMID:25167228	PMC4453732	No	British Journal of Cancer	2014-08-29	KRAS mutational subtype and copy number predict in vitro response of human pancreatic cancer cell lines to MEK inhibition	CC-BY-NC-SA	Yes	Yes	pmc_fulltext_xml/PMC4453732.xml	http://creativecommons.org/licenses/by-nc-sa/3.0/	"[""Hamidi H"", ""Lu M"", ""Chau K"", ""Anderson L"", ""Fejzo M"", ""Ginther C"", ""Linnartz R"", ""Zubel A"", ""Slamon DJ"", ""Finn RS.""]"	BACKGROUND. To study the molecular mechanism regulating sensitivity to MEK inhibition in pancreatic cancer cell lines. METHODS. A growth inhibition assay determined sensitivity to MEK162 in a panel of 29 pancreatic cancer cell lines. For the same panel, KRAS mutational status and copy-number variation (CNV) was determine using PCR, array CGH and FISH. Two sensitive and two resistant cell lines were further interrogated for difference in baseline and MEK162-induced gene expression, as well as signal transduction using microarray and western blotting. Cell cycle and apoptosis analysis was measured by flow cytometry. RESULTS. We report a strong correlation between both specific KRAS mutational subtype and CNV, and sensitivity to MEK inhibition. Cell lines with a KRAS (V12) mutation and KRAS gains or loss (n=7) are ∼10 times more resistant than those having neither a KRAS (V12) mutation nor KRAS CNV (n=14). Significant differences in baseline and MEK162-induced gene expression exist between the sensitive and resistant lines, especially in genes involved in RAS, EGF receptor and PI3K pathways. This was further supported by difference in signal transduction. MEK 162 blocked ERK1/2, as well as inhibited PI3K and S6 and increased p27KIP1 levels in the sensitive lines. CONCLUSIONS. Given the potency of MEK162, it may be a promising new therapy for patients with pancreatic cancer and KRAS mutational subtypes, and CNV may serve as important biomarkers for selecting patients that benefit from MEK-targeting based on these preclinical data.	Hamidi H, Lu M, Chau K, Anderson L, Fejzo M, Ginther C, Linnartz R, Zubel A, Slamon DJ, Finn RS. KRAS mutational subtype and copy number predict in vitro response of human pancreatic cancer cell lines to MEK inhibition <i>British Journal of Cancer.</i> 2014-08-29. DOI:https://www.doi.org/10.1038/bjc.2014.475 PMID:25167228
33ff6356-943e-4078-8497-bbbc03fa03b2	https://www.doi.org/10.1186/1756-9966-33-33	PMID:24726063	PMC4022359	No	Journal of Experimental & Clinical Cancer Research	2014-08-26	TERT promoter hotspot mutations are recurrent in myxoid liposarcomas but rare in other soft tissue sarcoma entities	CC-BY-4.0	Yes	Yes	pmc_fulltext_xml/PMC4022359.xml	http://creativecommons.org/licenses/by/4.0	"[""Christian Koelsche"", ""Marcus Renner"", ""Wolfgang Hartmann"", ""Regine Brandt"", ""Burkhard Lehner"", ""Nina Waldburger"", ""Ingo Alldinger"", ""Thomas Schmitt"", ""Gerlinde Egerer"", ""Roland Penzel"", ""Eva Wardelmann"", ""Peter Schirmacher"", ""Andreas von Deimling"", ""Gunhild Mechtersheimer""]"	Recently, recurrent point mutations in the telomerase reverse transcriptase (TERT) promoter region have been found in many human cancers, leading to a new transcription factor binding site, increased induction of TERT and subsequently to telomere maintenance. We determined the prevalence of TERT promoter mutations in soft tissue sarcomas of 341 patients comprising 16 entities and in 16 sarcoma cell lines covering 7 different soft tissue sarcoma types. The sarcoma tissue samples were collected from the archives of the Institute of Pathology, University of Heidelberg and were composed of 39 myxoid liposarcomas (MLS), 61 dedifferentiated liposarcomas, 15 pleomorphic liposarcomas, 27 leiomyosarcomas, 25 synovial sarcomas (SS), 35 malignant peripheral nerve sheath tumors (MPNST), 40 undifferentiated pleomorphic sarcomas, 17 myxofibrosarcomas, 9 low grade fibromyxoid sarcomas, 10 cases of dermatofibrosarcoma protuberans, 31 solitary fibrous tumors (SFT), 8 extraskeletal myxoid chondrosarcomas, 9 angiosarcomas, 6 alveolar soft part sarcomas, 5 clear cell sarcomas and 4 epithelioid sarcomas. Sarcoma cell lines were obtained from the raising laboratories. A 193 bp fragment of the TERT promoter region covering the hot-spot mutations C228T and C250T was amplified, and direct sequencing of the PCR products was performed. TERT promoter mutations were detected in 36/341 sarcomas. They were highly recurrent in MLS (29/39; 74%) and were in the present MLS series not associated with the phenotype (myxoid vs. round cell variant), tumor grade, tumor site and patients' median age or gender. In the remaining cases, TERT promoter mutations were found only in 7/302 sarcoma samples and confined to SFTs (4/31; 13%), MPNSTs (2/35; 6%), and SSs (1/25; 4%). Within the collection of sarcoma cell lines examined, TERT promoter mutations were detected in two MLS and in one of three MPNST cell lines. TERT promoter mutations are frequent in MLSs including their round cell variants, representing the most prevalent mutation identified in this sarcoma entity to date, and in a minor fraction of SFTs, MPNSTs and SSs. The majority of sarcomas are devoid of TERT promoter hotspot mutations. These data suggest that telomere maintenance through increased expression of telomerase plays an important role in the pathogenesis especially of MLS.	Christian Koelsche, Marcus Renner, Wolfgang Hartmann, Regine Brandt, Burkhard Lehner, Nina Waldburger, Ingo Alldinger, Thomas Schmitt, Gerlinde Egerer, Roland Penzel, Eva Wardelmann, Peter Schirmacher, Andreas von Deimling, Gunhild Mechtersheimer. TERT promoter hotspot mutations are recurrent in myxoid liposarcomas but rare in other soft tissue sarcoma entities. <i>Journal of Experimental & Clinical Cancer Research.</i> 2014-08-26. DOI:https://www.doi.org/10.1186/1756-9966-33-33 PMID:24726063
c540068f-1198-48ee-90b6-0f4bf5a89141	https://www.doi.org/10.3892/ol.2014.2234	PMID:25120651	PMC4114630	No	Oncology Letters	2014-08-15	Aberrant methylation and silencing of IRF8 expression in non-small cell lung cancer	CC-BY	Yes	Yes	pmc_fulltext_xml/PMC4114630.xml	http://creativecommons.org/licenses/by/3.0	"[""Suzuki M"", ""Ikeda K"", ""Shiraishi K"", ""Eguchi A"", ""Mori T"", ""Yoshimoto K"", ""Shibata H"", ""Ito T"", ""Baba Y"", ""Baba H.""]"	The aim of the present study was to investigate the aberrant methylation and altered expression of the interferon regulatory factor 8 (IRF8) gene in non-small cell lung cancer (NSCLC). Pyrosequencing assays were performed on 191 tumor specimens from NSCLC patients. The changes in IRF8 mRNA expression, prior to and following treatment with a demethylating agent and methylation itself, were examined in 13 lung cancer cell lines by quantitative polymerase chain reaction (qPCR) and pyrosequencing. IRF8 protein expression was examined in 94 of the 191 NSCLC specimens by immunohistochemical analysis. The IRF8 methylation level was significantly higher in the tumor tissues than in matched non-malignant lung tissues (P<0.0001). IRF8 was more frequently methylated in tumor tissues compared with matched non-malignant lung tissues, as defined by a predetermined cut-off value (P<0.0001). The IRF8 methylation level was strongly correlated with the change in mRNA expression in lung cancer cell lines and with the protein expression level in primary tumors. The IRF8 gene was more frequently methylated in patients without an epidermal growth factor receptor (EGFR) mutation than in patients with an EGFR mutation (P=0.015). IRF8 methylation correlated with recurrent prognosis in adenocarcinomas (log-rank test, P=0.048). IRF8 protein expression was frequently silenced in males, smokers, patients with non-adenocarcinoma or with wild-type EGFR, or in an advanced stage. IRF8 is often silenced by its methylation, which is a frequent event in NSCLC and, therefore, methylation of IRF8 may act as a prognostic marker for recurrence. Analysis of IRF8 methylation status may provide novel opportunities for improved prognosis and therapy of resected NSCLC.	Suzuki M, Ikeda K, Shiraishi K, Eguchi A, Mori T, Yoshimoto K, Shibata H, Ito T, Baba Y, Baba H. Aberrant methylation and silencing of IRF8 expression in non-small cell lung cancer <i>Oncology Letters.</i> 2014-08-15. DOI:https://www.doi.org/10.3892/ol.2014.2234 PMID:25120651
72c23974-14d0-4906-8a14-3b96187ba08b	https://www.doi.org/10.4161/rdis.28341	PMID:25054093	PMC4091572	No	Rare Diseases	2014-07-24	A Drosophila screen identifies neurofibromatosis-1 genetic modifiers involved in systemic and synaptic growth	CC-BY-NC	Yes	Yes	pmc_fulltext_xml/PMC4091572.xml	http://creativecommons.org/licenses/by-nc/3.0/	"[""Walker JA"", ""Bernards A.""]"	Neurofibromatosis type 1 (NF1) is caused by loss of a negative regulator of Ras oncoproteins. Unknown genetic modifiers have been implicated in NF1's characteristic variability. Drosophila melanogaster dNf1 phenotypes include cognitive deficits and reduced growth, both of which resemble human symptoms. We recently reported results of a screen for dominant modifiers of dNf1 growth. Suppressors include the dAlk tyrosine kinase and its activating ligand, two other genes involved in Ras/ERK signal transduction, the synaptic scaffold Dap160 and the CCKLR-17D1 drosulfakinin receptor. Additional modifiers include several genes involved in cAMP/PKA signaling. Providing mechanistic insights, dAlk, jeb, and CCKLR-17D1 also suppress a dNf1 synaptic overgrowth defect, and increasing cAMP/PKA signaling in the neuroendocrine ring gland rescued the dNf1 growth deficiency. Finally, among the several suppressors identified in our screen, we specifically implicate ALK as a potential therapeutic target by showing that NF1-regulated ALK/RAS/ERK signaling is conserved in human cells.	Walker JA, Bernards A. A Drosophila screen identifies neurofibromatosis-1 genetic modifiers involved in systemic and synaptic growth <i>Rare Diseases.</i> 2014-07-24. DOI:https://www.doi.org/10.4161/rdis.28341 PMID:25054093
fe5da378-eee6-45e8-9b47-2ece733bc625	https://www.doi.org/10.1371/journal.pgen.1003958	PMID:24278035	PMC3836801	No	PLoS Genetics	2014-05-14	Genetic and functional studies implicate synaptic overgrowth and ring gland cAMP/PKA signaling defects in the Drosophila melanogaster neurofibromatosis-1 growth deficiency	CC-BY-4.0	Yes	Yes	pmc_fulltext_xml/PMC3836801.xml	http://creativecommons.org/licenses/by/4.0/	"[""James A Walker"", ""Jean Y Gouzi"", ""Jennifer B Long"", ""Sidong Huang"", ""Robert C Maher"", ""Hongjing Xia"", ""Kheyal Khalil"", ""Arjun Ray"", ""David Van Vactor"", ""René Bernards"", ""André Bernards""]"	Neurofibromatosis type 1 (NF1), a genetic disease that affects 1 in 3,000, is caused by loss of a large evolutionary conserved protein that serves as a GTPase Activating Protein (GAP) for Ras. Among Drosophila melanogaster Nf1 (dNf1) null mutant phenotypes, learning/memory deficits and reduced overall growth resemble human NF1 symptoms. These and other dNf1 defects are relatively insensitive to manipulations that reduce Ras signaling strength but are suppressed by increasing signaling through the 3'-5' cyclic adenosine monophosphate (cAMP) dependent Protein Kinase A (PKA) pathway, or phenocopied by inhibiting this pathway. However, whether dNf1 affects cAMP/PKA signaling directly or indirectly remains controversial. To shed light on this issue we screened 486 1(st) and 2(nd) chromosome deficiencies that uncover &gt;80% of annotated genes for dominant modifiers of the dNf1 pupal size defect, identifying responsible genes in crosses with mutant alleles or by tissue-specific RNA interference (RNAi) knockdown. Validating the screen, identified suppressors include the previously implicated dAlk tyrosine kinase, its activating ligand jelly belly (jeb), two other genes involved in Ras/ERK signal transduction and several involved in cAMP/PKA signaling. Novel modifiers that implicate synaptic defects in the dNf1 growth deficiency include the intersectin-related synaptic scaffold protein Dap160 and the cholecystokinin receptor-related CCKLR-17D1 drosulfakinin receptor. Providing mechanistic clues, we show that dAlk, jeb and CCKLR-17D1 are among mutants that also suppress a recently identified dNf1 neuromuscular junction (NMJ) overgrowth phenotype and that manipulations that increase cAMP/PKA signaling in adipokinetic hormone (AKH)-producing cells at the base of the neuroendocrine ring gland restore the dNf1 growth deficiency. Finally, supporting our previous contention that ALK might be a therapeutic target in NF1, we report that human ALK is expressed in cells that give rise to NF1 tumors and that NF1 regulated ALK/RAS/ERK signaling appears conserved in man.	James A Walker, Jean Y Gouzi, Jennifer B Long, Sidong Huang, Robert C Maher, Hongjing Xia, Kheyal Khalil, Arjun Ray, David Van Vactor, René Bernards, André Bernards. Genetic and functional studies implicate synaptic overgrowth and ring gland cAMP/PKA signaling defects in the Drosophila melanogaster neurofibromatosis-1 growth deficiency. <i>PLoS Genetics.</i> 2014-05-14. DOI:https://www.doi.org/10.1371/journal.pgen.1003958 PMID:24278035
1976cffd-44b6-4590-b8fd-4f0ad7ef6528	https://www.doi.org/10.1371/journal.pone.0092047	PMID:24670534	PMC3966786	No	PLoS One	2014-03-28	High resolution copy number variation data in the NCI-60 cancer cell lines from whole genome microarrays accessible through CellMiner	Public Domain	Yes	Yes	pmc_fulltext_xml/PMC3966786.xml	https://creativecommons.org/publicdomain/zero/1.0/	"[""Varma S"", ""Pommier Y"", ""Sunshine M"", ""Weinstein JN"", ""Reinhold WC.""]"	Array-based comparative genomic hybridization (aCGH) is a powerful technique for detecting gene copy number variation. It is generally considered to be robust and convenient since it measures DNA rather than RNA. In the current study, we combine copy number estimates from four different platforms (Agilent 44 K, NimbleGen 385 K, Affymetrix 500 K and Illumina Human1Mv1_C) to compute a reliable, high-resolution, easy to understand output for the measure of copy number changes in the 60 cancer cells of the NCI-DTP (the NCI-60). We then relate the results to gene expression. We explain how to access that database using our CellMiner web-tool and provide an example of the ease of comparison with transcript expression, whole exome sequencing, microRNA expression and response to 20,000 drugs and other chemical compounds. We then demonstrate how the data can be analyzed integratively with transcript expression data for the whole genome (26,065 genes). Comparison of copy number and expression levels shows an overall medium high correlation (median r = 0.247), with significantly higher correlations (median r = 0.408) for the known tumor suppressor genes. That observation is consistent with the hypothesis that gene loss is an important mechanism for tumor suppressor inactivation. An integrated analysis of concurrent DNA copy number and gene expression change is presented. Limiting attention to focal DNA gains or losses, we identify and reveal novel candidate tumor suppressors with matching alterations in transcript level.	Varma S, Pommier Y, Sunshine M, Weinstein JN, Reinhold WC. High resolution copy number variation data in the NCI-60 cancer cell lines from whole genome microarrays accessible through CellMiner <i>PLoS One.</i> 2014-03-28. DOI:https://www.doi.org/10.1371/journal.pone.0092047 PMID:24670534
fa48a638-c4f7-4ee1-9a98-0df2bd9fa32e	https://www.doi.org/10.1371/journal.pone.0085436	PMID:24416410	PMC3885720	No	PLoS One	2014-01-14	Oxidative stress induces mitochondrial dysfunction in a subset of autism lymphoblastoid cell lines in a well-matched case control cohort	CC-BY-4.0	Yes	Yes	pmc_fulltext_xml/PMC3885720.xml	http://creativecommons.org/licenses/by/4.0/	"[""Rose S"", ""Frye RE"", ""Slattery J"", ""Wynne R"", ""Tippett M"", ""Pavliv O"", ""Melnyk S"", ""James SJ.""]"	There is increasing recognition that mitochondrial dysfunction is associated with the autism spectrum disorders. However, little attention has been given to the etiology of mitochondrial dysfunction or how mitochondrial abnormalities might interact with other physiological disturbances associated with autism, such as oxidative stress. In the current study we used respirometry to examine reserve capacity, a measure of the mitochondrial ability to respond to physiological stress, in lymphoblastoid cell lines (LCLs) derived from children with autistic disorder (AD) as well as age and gender-matched control LCLs. We demonstrate, for the first time, that LCLs derived from children with AD have an abnormal mitochondrial reserve capacity before and after exposure to increasingly higher concentrations of 2,3-dimethoxy-1,4-napthoquinone (DMNQ), an agent that increases intracellular reactive oxygen species (ROS). Specifically, the AD LCLs exhibit a higher reserve capacity at baseline and a sharper depletion of reserve capacity when ROS exposure is increased, as compared to control LCLs. Detailed investigation indicated that reserve capacity abnormalities seen in AD LCLs were the result of higher ATP-linked respiration and maximal respiratory capacity at baseline combined with a marked increase in proton leak respiration as ROS was increased. We further demonstrate that these reserve capacity abnormalities are driven by a subgroup of eight (32%) of 25 AD LCLs. Additional investigation of this subgroup of AD LCLs with reserve capacity abnormalities revealed that it demonstrated a greater reliance on glycolysis and on uncoupling protein 2 to regulate oxidative stress at the inner mitochondria membrane. This study suggests that a significant subgroup of AD children may have alterations in mitochondrial function which could render them more vulnerable to a pro-oxidant microenvironment derived from intrinsic and extrinsic sources of ROS such as immune activation and pro-oxidant environmental toxicants. These findings are consistent with the notion that AD is caused by a combination of genetic and environmental factors.	Rose S, Frye RE, Slattery J, Wynne R, Tippett M, Pavliv O, Melnyk S, James SJ. Oxidative stress induces mitochondrial dysfunction in a subset of autism lymphoblastoid cell lines in a well-matched case control cohort <i>PLoS One.</i> 2014-01-14. DOI:https://www.doi.org/10.1371/journal.pone.0085436 PMID:24416410
c7bf2c42-4707-465a-9981-90aef08f5f0b	https://www.doi.org/10.1186/2049-3002-1-20	PMID:24279929	PMC4178206	No	Cancer & Metabolism	2013-11-28	The metabolic demands of cancer cells are coupled to their size and protein synthesis rates	CC-BY	Yes	Yes	pmc_fulltext_xml/PMC4178206.xml	http://creativecommons.org/licenses/by/2.0	"[""Dolfi SC"", ""Chan LL"", ""Qiu J"", ""Tedeschi PM"", ""Bertino JR"", ""Hirshfield KM"", ""Oltvai ZN"", ""Vazquez A.""]"	BACKGROUND. Although cells require nutrients to proliferate, most nutrient exchange rates of the NCI60 panel of cancer cell lines correlate poorly with their proliferation rate. Here, we provide evidence indicating that this inconsistency is rooted in the variability of cell size. RESULTS. We integrate previously reported data characterizing genome copy number variations, gene expression, protein expression and exchange fluxes with our own measurements of cell size and protein content in the NCI60 panel of cell lines. We show that protein content, DNA content, and protein synthesis per cell are proportional to the cell volume, and that larger cells proliferate slower than smaller cells. We estimate the metabolic fluxes of these cell lines and show that their magnitudes are proportional to their protein synthesis rate and, after correcting for cell volume, to their proliferation rate. At the level of gene expression, we observe that genes expressed at higher levels in smaller cells are enriched for genes involved in cell cycle, while genes expressed at higher levels in large cells are enriched for genes expressed in mesenchymal cells. The latter finding is further corroborated by the induction of those same genes following treatment with TGFβ, and the high vimentin but low E-cadherin protein levels in the larger cells. We also find that aromatase inhibitors, statins and mTOR inhibitors preferentially inhibit the in vitro growth of cancer cells with high protein synthesis rates per cell. CONCLUSIONS. The NCI60 cell lines display various metabolic activities, and the type of metabolic activity that they possess correlates with their cell volume and protein content. In addition to cell proliferation, cell volume and/or biomarkers of protein synthesis may predict response to drugs targeting cancer metabolism.	Dolfi SC, Chan LL, Qiu J, Tedeschi PM, Bertino JR, Hirshfield KM, Oltvai ZN, Vazquez A. The metabolic demands of cancer cells are coupled to their size and protein synthesis rates <i>Cancer & Metabolism.</i> 2013-11-28. DOI:https://www.doi.org/10.1186/2049-3002-1-20 PMID:24279929
835f12ac-7ab1-4b40-b123-d66abc2dbfe6	https://www.doi.org/10.1101/gr.147942.112	PMID:23325432	PMC3589544	No	Genome Research	2013-09-26	Dynamic DNA methylation across diverse human cell lines and tissues	CC-BY-NC	Yes	Yes	pmc_fulltext_xml/PMC3589544.xml	http://creativecommons.org/licenses/by-nc/3.0/	"[""Katherine E Varley"", ""Jason Gertz"", ""Kevin M Bowling"", ""Stephanie L Parker"", ""Timothy E Reddy"", ""Florencia Pauli-Behn"", ""Marie K Cross"", ""Brian A Williams"", ""John A Stamatoyannopoulos"", ""Gregory E Crawford"", ""Devin M Absher"", ""Barbara J Wold"", ""Richard M Myers""]"	As studies of DNA methylation increase in scope, it has become evident that methylation has a complex relationship with gene expression, plays an important role in defining cell types, and is disrupted in many diseases. We describe large-scale single-base resolution DNA methylation profiling on a diverse collection of 82 human cell lines and tissues using reduced representation bisulfite sequencing (RRBS). Analysis integrating RNA-seq and ChIP-seq data illuminates the functional role of this dynamic mark. Loci that are hypermethylated across cancer types are enriched for sites bound by NANOG in embryonic stem cells, which supports and expands the model of a stem/progenitor cell signature in cancer. CpGs that are hypomethylated across cancer types are concentrated in megabase-scale domains that occur near the telomeres and centromeres of chromosomes, are depleted of genes, and are enriched for cancer-specific EZH2 binding and H3K27me3 (repressive chromatin). In noncancer samples, there are cell-type specific methylation signatures preserved in primary cell lines and tissues as well as methylation differences induced by cell culture. The relationship between methylation and expression is context-dependent, and we find that CpG-rich enhancers bound by EP300 in the bodies of expressed genes are unmethylated despite the dense gene-body methylation surrounding them. Non-CpG cytosine methylation occurs in human somatic tissue, is particularly prevalent in brain tissue, and is reproducible across many individuals. This study provides an atlas of DNA methylation across diverse and well-characterized samples and enables new discoveries about DNA methylation and its role in gene regulation and disease.	Katherine E Varley, Jason Gertz, Kevin M Bowling, Stephanie L Parker, Timothy E Reddy, Florencia Pauli-Behn, Marie K Cross, Brian A Williams, John A Stamatoyannopoulos, Gregory E Crawford, Devin M Absher, Barbara J Wold, Richard M Myers. Dynamic DNA methylation across diverse human cell lines and tissues. <i>Genome Research.</i> 2013-09-26. DOI:https://www.doi.org/10.1101/gr.147942.112 PMID:23325432
7f1bf558-2901-4d43-b631-e440374db410	https://www.doi.org/10.1186/1741-7015-11-109	PMID:23618374	PMC3648455	No	BMC Medicine	2013-09-25	Serum biomarkers for neurofibromatosis type 1 and early detection of malignant peripheral nerve-sheath tumors	CC-BY	Yes	Yes	pmc_fulltext_xml/PMC3648455.xml	http://creativecommons.org/licenses/by/2.0	"[""Su-Jin Park"", ""Birgit Sawitzki"", ""Lan Kluwe"", ""Victor F Mautner"", ""Nikola Holtkamp"", ""Andreas Kurtz""]"	Neurofibromatosis type 1 (NF1) is a hereditary tumor syndrome characterized by the development of benign nerve-sheath tumors, which transform to malignant peripheral nerve-sheath tumors (MPNST) in about 8 to 13% of patients with NF1. MPNST are invasive sarcomas with extremely poor prognosis, and their development may correlate with internal tumor load of patients with NF1. Because early identification of patients with NF1 at risk for developing MPNST should improve their clinical outcome, the aim of this study was to identify serum biomarkers for tumor progression in NF1, and to analyze their correlation with tumor type and internal tumor load. We selected candidate biomarkers for NF1 by manually mining published data sources, and conducted a systematic screen of 56 candidate serum biomarkers using customized antibody arrays. Serum from 104 patients with NF1 with and without MPNST, and from 41 healthy control subjects, was analyzed. Statistical analysis was performed using the non-parametric Mann-Whitney U-test, followed by Bonferroni correction. Our analysis identified four markers (epidermal growth factor receptor, interferon-γ, interleukin-6, and tumor necrosis factor-α) for which significantly different serum concentrations were seen in patients with NF1 compared with healthy controls. Two markers (insulin-like growth factor binding protein 1 (IGFBP1) and regulated upon activation, normal T-cell expressed and secreted (RANTES)) showed significantly higher concentrations in patients with NF1 and MPNST compared with patients with NF1 without MPNST. A correlation with internal tumor load was found for IGFBP1. Our study identified two serum markers with potential for early detection of patients with NF1 at risk for developing MPNST, and four markers that could distinguish between patients with NF1 and healthy subjects. Such markers may be useful as diagnostic tools to support the diagnosis of NF1 and for timely identification of MPNST. Moreover, the data suggest that there is a systemic increase in inflammatory cytokines independently of tumor load in patients with NF1.	Su-Jin Park, Birgit Sawitzki, Lan Kluwe, Victor F Mautner, Nikola Holtkamp, Andreas Kurtz. Serum biomarkers for neurofibromatosis type 1 and early detection of malignant peripheral nerve-sheath tumors. <i>BMC Medicine.</i> 2013-09-25. DOI:https://www.doi.org/10.1186/1741-7015-11-109 PMID:23618374
e17f61e8-3f1b-401a-a880-0ac6357493ab	https://www.doi.org/10.1038/oncsis.2013.35	PMID:24042735	PMC3816225	No	Oncogenesis	2013-09-18	Epigenetic and genetic features of 24 colon cancer cell lines	CC-BY-NC-SA	Yes	Yes	pmc_fulltext_xml/PMC3816225.xml	http://creativecommons.org/licenses/by-nc-sa/3.0/	"[""Ahmed D"", ""Eide PW"", ""Eilertsen IA"", ""Danielsen SA"", ""Eknæs M"", ""Hektoen M"", ""Lind GE"", ""Lothe RA.""]"	Cell lines are invaluable biomedical research tools, and recent literature has emphasized the importance of genotype authentication and characterization. In the present study, 24 out of 27 cell line identities were confirmed by short tandem repeat profiling. The molecular phenotypes of the 24 colon cancer cell lines were examined, and microsatellite instability (MSI) and CpG island methylator phenotype (CIMP) were determined, using the Bethesda panel mononucleotide repeat loci and two epimarker panels, respectively. Furthermore, the BRAF, KRAS and PIK3CA oncogenes were analyzed for mutations in known hotspots, while the entire coding sequences of the PTEN and TP53 tumor suppressors were investigated. Nine cell lines showed MSI. Thirteen and nine cell lines were found to be CIMP positive, using the Issa panel and the Weisenberger et al. panel, respectively. The latter was found to be superior for CIMP classification of colon cancer cell lines. Seventeen cell lines harbored disrupting TP53 mutations. Altogether, 20/24 cell lines had the mitogen-activated protein kinase pathway activating mutually exclusive KRAS or BRAF mutations. PIK3CA and PTEN mutations leading to hyperactivation of the phosphoinositide 3-kinase/AKT pathway were observed in 13/24 cell lines. Interestingly, in four cell lines there were no mutations in neither BRAF, KRAS, PIK3CA nor in PTEN. In conclusion, this study presents molecular features of a large number of colon cancer cell lines to aid the selection of suitable in vitro models for descriptive and functional research.	Ahmed D, Eide PW, Eilertsen IA, Danielsen SA, Eknæs M, Hektoen M, Lind GE, Lothe RA. Epigenetic and genetic features of 24 colon cancer cell lines <i>Oncogenesis.</i> 2013-09-18. DOI:https://www.doi.org/10.1038/oncsis.2013.35 PMID:24042735
16e36341-a21d-4696-a43a-39d06973a6f2	https://www.doi.org/10.1016/j.celrep.2013.08.011	PMID:24035394	PMC3982616	No	Cell Reports	2013-09-17	loss and Ras hyperactivation in oligodendrocytes induce NOS-driven defects in myelin and vasculature	CC-BY	Yes	Yes	pmc_fulltext_xml/PMC3982616.xml	http://creativecommons.org/licenses/by/2.0/	"[""Mayes DA"", ""Rizvi TA"", ""Titus-Mitchell H"", ""Oberst R"", ""Ciraolo GM"", ""Vorhees CV"", ""Robinson AP"", ""Miller SD"", ""Cancelas JA"", ""Stemmer-Rachamimov AO"", ""Ratner N.""]"	Patients with neurofibromatosis type 1 (NF1) and Costello syndrome Rasopathy have behavioral deficits. In NF1 patients, these may correlate with white matter enlargement and aberrant myelin. To model these features, we induced Nf1 loss or HRas hyperactivation in mouse oligodendrocytes. Enlarged brain white matter tracts correlated with myelin decompaction, downregulation of claudin-11, and mislocalization of connexin-32. Surprisingly, non-cell-autonomous defects in perivascular astrocytes and the blood-brain barrier (BBB) developed, implicating a soluble mediator. Nitric oxide (NO) can disrupt tight junctions and gap junctions, and NO and NO synthases (NOS1-NOS3) were upregulated in mutant white matter. Treating mice with the NOS inhibitor NG-nitro-L-arginine methyl ester or the antioxidant N-acetyl cysteine corrected cellular phenotypes. CNP-HRasG12V mice also displayed locomotor hyperactivity, which could be rescued by antioxidant treatment. We conclude that Nf1/Ras regulates oligodendrocyte NOS and that dysregulated NO signaling in oligodendrocytes can alter the surrounding vasculature. The data suggest that antioxidants may improve some behavioral deficits in Rasopathy patients.	Mayes DA, Rizvi TA, Titus-Mitchell H, Oberst R, Ciraolo GM, Vorhees CV, Robinson AP, Miller SD, Cancelas JA, Stemmer-Rachamimov AO, Ratner N. Nf1 loss and Ras hyperactivation in oligodendrocytes induce NOS-driven defects in myelin and vasculature <i>Cell Reports.</i> 2013-09-17. DOI:https://www.doi.org/10.1016/j.celrep.2013.08.011 PMID:24035394
69d96ce5-b54a-43b5-a051-60366d64533f	https://www.doi.org/10.1038/bjc.2013.452	PMID:24002593	PMC3776976	No	British Journal of Cancer	2013-09-05	Gene-expression data integration to squamous cell lung cancer subtypes reveals drug sensitivity	CC-BY-NC-SA	Yes	Yes	pmc_fulltext_xml/PMC3776976.xml	http://creativecommons.org/licenses/by-nc-sa/3.0/	"[""Wu D"", ""Pang Y"", ""Wilkerson MD"", ""Wang D"", ""Hammerman PS"", ""Liu JS.""]"	BACKGROUND. Squamous cell lung cancer (SqCC) is the second most common type of lung cancer in the United States. Previous studies have used gene-expression data to classify SqCC samples into four subtypes, including the primitive, classical, secretory and basal subtypes. These subtypes have different survival outcomes, although it is unknown whether these molecular subtypes predict response to therapy. METHODS. Here, we analysed RNAseq data of 178 SqCC tumour samples and characterised the features of the different SqCC subtypes to define signature genes and pathway alterations specific to each subtype. Further, we compared the gene-expression features of each molecular subtype to specific time points in models of airway development. We also classified SqCC-derived cell lines and their reported therapeutic vulnerabilities. RESULTS. We found that the primitive subtype may come from a later stage of differentiation, whereas the basal subtype may be from an early time. Most SqCC cell lines responded to one of five anticancer drugs (Panobinostat, 17-AAG, Irinotecan, Topotecan and Paclitaxel), whereas the basal-type cell line EBC-1 was sensitive to three other drugs (PF2341066, AZD6244 and PD-0325901). CONCLUSION. Compared with the other three subtypes of cell lines, the secretory-type cell lines were significantly less sensitive to the five most effective drugs, possibly because of their low proliferation activity. We provide a bioinformatics framework to explore drug repurposing for cancer subtypes based on the available genomic profiles of tumour samples, normal cell types, cancer cell lines and data of drug sensitivity in cell lines.	Wu D, Pang Y, Wilkerson MD, Wang D, Hammerman PS, Liu JS. Gene-expression data integration to squamous cell lung cancer subtypes reveals drug sensitivity <i>British Journal of Cancer.</i> 2013-09-05. DOI:https://www.doi.org/10.1038/bjc.2013.452 PMID:24002593
5b193f23-90e6-413e-a8de-2cb61b0e374d	https://www.doi.org/10.1371/journal.pone.0057152	PMID:23437333	PMC3578816	No	PloS One	2013-08-06	Sensitivity of malignant peripheral nerve sheath tumor cells to TRAIL is augmented by loss of NF1 through modulation of MYC/MAD and is potentiated by curcumin through induction of ROS	CC-BY-4.0	Yes	Yes	pmc_fulltext_xml/PMC3578816.xml	http://creativecommons.org/licenses/by/4.0/	"[""David E Reuss"", ""Jana Mucha"", ""Christian Hagenlocher"", ""Volker Ehemann"", ""Lan Kluwe"", ""Victor Mautner"", ""Andreas von Deimling""]"	Malignant peripheral nerve sheath tumor (MPNST) is a rare aggressive form of sarcoma often associated with the tumor syndrome neurofibromatosis type 1 (NF1). We investigated the effects of tumor necrosis factor-related apoptosis inducing ligand (TRAIL) on NF1 associated MPNST and determinants of TRAIL sensitivity. MPNST cell lines with complete neurofibromin deficiency were sensitive to apoptotic cell death induced by TRAIL whereas MPNST cells with retained neurofibromin expression or normal human Schwann cells were resistant. Increased sensitivity to TRAIL was associated with overexpression of death receptors, especially DR5. Re-expression of the GAP related domain of neurofibromin (NF1-GRD) suppressed DR5 expression and decreased sensitivity to TRAIL. We show that death receptor expression and TRAIL sensitivity critically depend on c-MYC and that c-MYC amounts are increased by MEK/ERK and PI3K/AKT signalling pathways which are suppressed by neurofibromin. Furthermore PI3K/AKT signalling strongly suppresses the MYC-antagonist MAD1 which significantly contributes to TRAIL sensitivity. Re-expression of the NF1-GRD decreased c-MYC and increased MAD1 amounts suggesting that neurofibromin influences TRAIL sensitivity at least in part by modulating the MYC/MAX/MAD network. The phytochemical curcumin further increased the sensitivity of neurofibromin deficient MPNST cells to TRAIL. This was presumably mediated by ROS, as it correlated with increased ROS production, was blocked by N-acetylcysteine and mimicked by exogenous ROS.	David E Reuss, Jana Mucha, Christian Hagenlocher, Volker Ehemann, Lan Kluwe, Victor Mautner, Andreas von Deimling. Sensitivity of malignant peripheral nerve sheath tumor cells to TRAIL is augmented by loss of NF1 through modulation of MYC/MAD and is potentiated by curcumin through induction of ROS. <i>PloS One.</i> 2013-08-06. DOI:https://www.doi.org/10.1371/journal.pone.0057152 PMID:23437333
b9837945-fc0d-46dc-9f38-0161277d3479	https://www.doi.org/10.1371/journal.pone.0049222	PMID:23145129	PMC3492274	No	PloS One	2013-06-25	Loss of NF1 expression in human endothelial cells promotes autonomous proliferation and altered vascular morphogenesis	CC-BY-4.0	Yes	Yes	pmc_fulltext_xml/PMC3492274.xml	http://creativecommons.org/licenses/by/4.0/	"[""Anshika Bajaj"", ""Qing-fen Li"", ""Qingxia Zheng"", ""Kevin Pumiglia""]"	Neurofibromatosis is a well known familial tumor syndrome, however these patients also suffer from a number of vascular anomalies. The loss of NFl from the endothelium is embryonically lethal in mouse developmental models, however little is known regarding the molecular regulation by NF1 in endothelium. We investigated the consequences of losing NF1 expression on the function of endothelial cells using shRNA. The loss of NF1 was sufficient to elevate levels of active Ras under non-stimulated conditions. These elevations in Ras activity were associated with activation of downstream signaling including activation of ERK, AKT and mTOR. Cells knocked down in NF1 expression exhibited no cellular senescence. Rather, they demonstrated augmented proliferation and autonomous entry into the cell cycle. These proliferative changes were accompanied by enhanced expression of cyclin D, phosphorylation of p27(KIP), and decreases in total p27(KIP) levels, even under growth factor free conditions. In addition, NF1-deficient cells failed to undergo normal branching morphogenesis in a co-culture assay, instead forming planar islands with few tubules and branches. We find the changes induced by the loss of NF1 could be mitigated by co-expression of the GAP-related domain of NF1 implicating Ras regulation in these effects. Using doxycycline-inducible shRNA, targeting NF1, we find that the morphogenic changes are reversible. Similarly, in fully differentiated and stable vascular-like structures, the silencing of NF1 results in the appearance of abnormal vascular structures. Finally, the proliferative changes and the abnormal vascular morphogenesis are normalized by low-dose rapamycin treatment. These data provide a detailed analysis of the molecular and functional consequences of NF1 loss in human endothelial cells. These insights may provide new approaches to therapeutically addressing vascular abnormalities in these patients while underscoring a critical role for normal Ras regulation in maintaining the health and function of the vasculature.	Anshika Bajaj, Qing-fen Li, Qingxia Zheng, Kevin Pumiglia. Loss of NF1 expression in human endothelial cells promotes autonomous proliferation and altered vascular morphogenesis. <i>PloS One.</i> 2013-06-25. DOI:https://www.doi.org/10.1371/journal.pone.0049222 PMID:23145129
1319a91b-218c-4b47-b6a8-4d3ece261689	https://www.doi.org/10.3389/fgene.2013.00097	PMID:23755070	PMC3668138	No	Frontiers in Genetics	2013-06-12	Heterogeneity of expression of epithelial-mesenchymal transition markers in melanocytes and melanoma cell lines	CC-BY	Yes	Yes	pmc_fulltext_xml/PMC3668138.xml	http://creativecommons.org/licenses/by/3.0/	"[""Kim JE"", ""Leung E"", ""Baguley BC"", ""Finlay GJ.""]"	The epithelial-mesenchymal transition (EMT) describes a reversible switch from an epithelial-like to a mesenchymal-like phenotype. It is essential for the development of the normal epithelium and also contributes to the invasive properties of carcinomas. At the molecular level, the EMT transition is characterized by a series of coordinated changes including downregulation of the junctional protein E-cadherin (CDH1), up-regulation of transcriptional repressors of E-cadherin such as Snail (SNAI1) and Slug (SNAI2), and up-regulation of N-cadherin. We wished to determine whether cultured normal melanocytes and melanoma cell lines, which are derived from the neural crest, showed signs of a similarly coordinated phenotypic switch. We investigated normal melanocytes and 25 cell lines derived from New Zealand patients with metastatic melanoma. Most lines had been previously genotyped for common mutations such as BRAF, NRAS, PIK3CA (phosphatidylinositol-3-kinase), TP53 (p53), and CDKN2A (p16). Expression of E-cadherin, N-cadherin, microphthalmia-associated transcription factor (MITF), Snail, Slug, Axl, p53, and Hdm2 was compared by western blotting. Normal melanocytes expressed each of these proteins except for Snail, while normal melanocytes and almost every melanoma line expressed Slug. Expression of individual markers among different melanoma lines varied from high to low or undetectable. Quantitation of western blots showed that expression of MITF-M, the melanocyte-specific isoform of MITF, was positively related to that of E-cadherin but inversely related to that of N-cadherin and Axl. There was also no apparent relationship between expression of any particular marker and the presence of BRAF, NRAS, PIK3CA, TP53, or CDKN2A mutations. The results suggest that melanomas do not show the classical epithelial and mesenchymal phenotypes but rather display either high E-cadherin/high MITF-M expression on one hand, or high N-cadherin/high Axl expression on the other. These may correspond to differentiated and invasive phenotypes in vivo.	Kim JE, Leung E, Baguley BC, Finlay GJ. Heterogeneity of expression of epithelial-mesenchymal transition markers in melanocytes and melanoma cell lines <i>Frontiers in Genetics.</i> 2013-06-12. DOI:https://www.doi.org/10.3389/fgene.2013.00097 PMID:23755070
a2219a8a-a3c9-4dac-9728-308f915ce3d2	https://www.doi.org/10.1534/g3.113.006577	PMID:23665875	PMC3704242	No	G3 Genes|Genomes|Genetics	2013-05-14	A dynamic database of microarray-characterized cell lines with various cytogenetic and genomic backgrounds	CC-BY	Yes	Yes	pmc_fulltext_xml/PMC3704242.xml	http://creativecommons.org/licenses/by/3.0/	"[""Tang Z"", ""Berlin DS"", ""Toji L"", ""Toruner GA"", ""Beiswanger C"", ""Kulkarni S"", ""Martin CL"", ""Emanuel BS"", ""Christman M"", ""Gerry NP.""]"	The Human Genetic Cell Repository sponsored by the National Institute of General Medical Sciences (NIGMS) contains more than 11,000 cell lines and DNA samples collected from numerous individuals. All of these cell lines and DNA samples are categorized into several collections representing a variety of disease states, chromosomal abnormalities, heritable diseases, distinct human populations, and apparently healthy individuals. Many of these cell lines have previously been studied with detailed conventional cytogenetic analyses, including G-banded karyotyping and fluorescence in situ hybridization. This work was conducted by investigators at submitting institutions and scientists at Coriell Institute for Medical Research, where the NIGMS Repository is hosted. Recently, approximately 900 cell lines, mostly chosen from the Chromosomal Aberrations and Heritable Diseases collections, have been further characterized in detail at the Coriell Institute using the Affymetrix Genome-Wide Human SNP Array 6.0 to detect copy number variations and copy number neutral loss of heterozygosity. A database containing detailed cytogenetic and genomic information for these cell lines has been constructed and is freely available through several sources, such as the NIGMS Repository website and the University of California at Santa Cruz Genome Browser. As additional cell lines are analyzed and subsequently added into it, the database will be maintained dynamically.	Tang Z, Berlin DS, Toji L, Toruner GA, Beiswanger C, Kulkarni S, Martin CL, Emanuel BS, Christman M, Gerry NP. A dynamic database of microarray-characterized cell lines with various cytogenetic and genomic backgrounds <i>G3.</i> 2013-05-14. DOI:https://www.doi.org/10.1534/g3.113.006577 PMID:23665875
d0dec7a8-3c78-47eb-956e-a9a95b94b5b5	https://www.doi.org/10.3389/fgene.2013.00066	PMID:23658559	PMC3647113	No	Frontiers in Genetics	2013-05-10	Comparison of responses of human melanoma cell lines to MEK and BRAF inhibitors	CC-BY	Yes	Yes	pmc_fulltext_xml/PMC3647113.xml	http://creativecommons.org/licenses/by/3.0/	"[""Stones CJ"", ""Kim JE"", ""Joseph WR"", ""Leung E"", ""Marshall ES"", ""Finlay GJ"", ""Shelling AN"", ""Baguley BC.""]"	The NRAS and BRAF genes are frequently mutated in melanoma, suggesting that the NRAS-BRAF-MEK-ERK signaling pathway is an important target for therapy. Two classes of drugs, one targeting activated BRAF and one targeting MEK, are currently undergoing clinical evaluation. We have analysed the NRAS and BRAF mutational status of a series of 44 early passage lines developed from New Zealand patients with metastatic melanoma. 41% of the lines analysed had BRAF mutations, 23% had NRAS mutations, and 36% had neither. We then determined IC50 values (drug concentrations for 50% growth inhibition) for CI-1040, a commonly used inhibitor of MEK kinase; trametinib, a clinical agent targeting MEK kinase; and vemurafenib, an inhibitor of mutant BRAF kinase. Cell lines with activating BRAF mutations were significantly more sensitive to vemurafenib than lines with NRAS mutations or lines lacking either mutation (p < 0.001). IC50 values for CI-1040 and trametinib were strongly correlated (r = 0.98) with trametinib showing ~100-fold greater potency. Cell lines sensitive to vemurafenib were also sensitive to CI-1040 and trametinib, but there was no relationship between IC50 values and NRAS mutation status. A small number of lines lacking a BRAF mutation were sensitive to CI-1040 but resistant to vemurafenib. We used western blotting to investigate the effect on ERK phosphorylation of CI-1040 in four lines, of vemurafenib in two lines and of trametinib in two lines. The results support the view that MEK inhibitors might be combined with BRAF inhibitors in the treatment of melanomas with activated BRAF. The high sensitivity to trametinib of some lines with wildtype BRAF status also suggests that MEK inhibitors could have a therapeutic effect against some melanomas as single agents.	Stones CJ, Kim JE, Joseph WR, Leung E, Marshall ES, Finlay GJ, Shelling AN, Baguley BC. Comparison of responses of human melanoma cell lines to MEK and BRAF inhibitors <i>Frontiers in Genetics.</i> 2013-05-10. DOI:https://www.doi.org/10.3389/fgene.2013.00066 PMID:23658559
2496cd72-e0b1-4d89-a951-342037a8753d	https://www.doi.org/10.1371/journal.pgen.1003464	PMID:23637631	PMC3636093	No	PLoS Genetics	2013-05-03	Breakpoint analysis of transcriptional and genomic profiles uncovers novel gene fusions spanning multiple human cancer types	CC-BY-4.0	Yes	Yes	pmc_fulltext_xml/PMC3636093.xml	http://creativecommons.org/licenses/by/4.0/	"[""Giacomini CP"", ""Sun S"", ""Varma S"", ""Shain AH"", ""Giacomini MM"", ""Balagtas J"", ""Sweeney RT"", ""Lai E"", ""Del Vecchio CA"", ""Forster AD"", ""Clarke N"", ""Montgomery KD"", ""Zhu S"", ""Wong AJ"", ""van de Rijn M"", ""West RB"", ""Pollack JR.""]"	"Gene fusions, like BCR/ABL1 in chronic myelogenous leukemia, have long been recognized in hematologic and mesenchymal malignancies. The recent finding of gene fusions in prostate and lung cancers has motivated the search for pathogenic gene fusions in other malignancies. Here, we developed a ""breakpoint analysis"" pipeline to discover candidate gene fusions by tell-tale transcript level or genomic DNA copy number transitions occurring within genes. Mining data from 974 diverse cancer samples, we identified 198 candidate fusions involving annotated cancer genes. From these, we validated and further characterized novel gene fusions involving ROS1 tyrosine kinase in angiosarcoma (CEP85L/ROS1), SLC1A2 glutamate transporter in colon cancer (APIP/SLC1A2), RAF1 kinase in pancreatic cancer (ATG7/RAF1) and anaplastic astrocytoma (BCL6/RAF1), EWSR1 in melanoma (EWSR1/CREM), CDK6 kinase in T-cell acute lymphoblastic leukemia (FAM133B/CDK6), and CLTC in breast cancer (CLTC/VMP1). Notably, while these fusions involved known cancer genes, all occurred with novel fusion partners and in previously unreported cancer types. Moreover, several constituted druggable targets (including kinases), with therapeutic implications for their respective malignancies. Lastly, breakpoint analysis identified new cell line models for known rearrangements, including EGFRvIII and FIP1L1/PDGFRA. Taken together, we provide a robust approach for gene fusion discovery, and our results highlight a more widespread role of fusion genes in cancer pathogenesis."	Giacomini CP, Sun S, Varma S, Shain AH, Giacomini MM, Balagtas J, Sweeney RT, Lai E, Del Vecchio CA, Forster AD, Clarke N, Montgomery KD, Zhu S, Wong AJ, van de Rijn M, West RB, Pollack JR. Breakpoint analysis of transcriptional and genomic profiles uncovers novel gene fusions spanning multiple human cancer types <i>PLoS Genetics.</i> 2013-05-03. DOI:https://www.doi.org/10.1371/journal.pgen.1003464 PMID:23637631
1fc30cee-1d78-4be1-9e85-c45adab4c795	https://www.doi.org/10.1242/dmm.009779	PMID:22773753	PMC3484870	No	Disease Models & Mechanisms	2013-04-19	Zebrafish neurofibromatosis type 1 genes have redundant functions in tumorigenesis and embryonic development	CC-BY-NC-SA	Yes	Yes	pmc_fulltext_xml/PMC3484870.xml	This is an Open Access article distributed under the terms of the Creative Commons Attribution Non-Commercial Share Alike License (http://creativecommons.org/licenses/by-nc-sa/3.0), which permits unrestricted non-commercial use, distribution and reproduction in any medium provided that the original work is properly cited and all further distributions of the work or adaptation are subject to the same Creative Commons License terms.	"[""Jimann Shin"", ""Arun Padmanabhan"", ""Eric D de Groh"", ""Jeong-Soo Lee"", ""Sam Haidar"", ""Suzanne Dahlberg"", ""Feng Guo"", ""Shuning He"", ""Marc A Wolman"", ""Michael Granato"", ""Nathan D Lawson"", ""Scot A Wolfe"", ""Seok-Hyung Kim"", ""Lilianna Solnica-Krezel"", ""John P Kanki"", ""Keith L Ligon"", ""Jonathan A Epstein"", ""A Thomas Look""]"	Neurofibromatosis type 1 (NF1) is a common, dominantly inherited genetic disorder that results from mutations in the neurofibromin 1 (NF1) gene. Affected individuals demonstrate abnormalities in neural-crest-derived tissues that include hyperpigmented skin lesions and benign peripheral nerve sheath tumors. NF1 patients also have a predisposition to malignancies including juvenile myelomonocytic leukemia (JMML), optic glioma, glioblastoma, schwannoma and malignant peripheral nerve sheath tumors (MPNSTs). In an effort to better define the molecular and cellular determinants of NF1 disease pathogenesis in vivo, we employed targeted mutagenesis strategies to generate zebrafish harboring stable germline mutations in nf1a and nf1b, orthologues of NF1. Animals homozygous for loss-of-function alleles of nf1a or nf1b alone are phenotypically normal and viable. Homozygous loss of both alleles in combination generates larval phenotypes that resemble aspects of the human disease and results in larval lethality between 7 and 10 days post fertilization. nf1-null larvae demonstrate significant central and peripheral nervous system defects. These include aberrant proliferation and differentiation of oligodendrocyte progenitor cells (OPCs), dysmorphic myelin sheaths and hyperplasia of Schwann cells. Loss of nf1 contributes to tumorigenesis as demonstrated by an accelerated onset and increased penetrance of high-grade gliomas and MPNSTs in adult nf1a(+/-); nf1b(-/-); p53(e7/e7) animals. nf1-null larvae also demonstrate significant motor and learning defects. Importantly, we identify and quantitatively analyze a novel melanophore phenotype in nf1-null larvae, providing the first animal model of the pathognomonic pigmentation lesions of NF1. Together, these findings support a role for nf1a and nf1b as potent tumor suppressor genes that also function in the development of both central and peripheral glial cells as well as melanophores in zebrafish.	Jimann Shin, Arun Padmanabhan, Eric D de Groh, Jeong-Soo Lee, Sam Haidar, Suzanne Dahlberg, Feng Guo, Shuning He, Marc A Wolman, Michael Granato, Nathan D Lawson, Scot A Wolfe, Seok-Hyung Kim, Lilianna Solnica-Krezel, John P Kanki, Keith L Ligon, Jonathan A Epstein, A Thomas Look. Zebrafish neurofibromatosis type 1 genes have redundant functions in tumorigenesis and embryonic development. <i>Disease Models & Mechanisms.</i> 2013-04-19. DOI:https://www.doi.org/10.1242/dmm.009779 PMID:22773753
aa90cc07-d6a2-4729-9d6b-2d4dde4bc192	https://www.doi.org/10.3892/or.2013.2266	PMID:23381221	PMC3621652	No	Oncology Reports	2013-02-06	Aberrant methylation of LINE-1, SLIT2, MAL and IGFBP7 in non-small cell lung cancer	CC-BY	Yes	Yes	pmc_fulltext_xml/PMC3621652.xml	http://creativecommons.org/licenses/by/3.0	"[""Suzuki M"", ""Shiraishi K"", ""Eguchi A"", ""Ikeda K"", ""Mori T"", ""Yoshimoto K"", ""Ohba Y"", ""Yamada T"", ""Ito T"", ""Baba Y"", ""Baba H.""]"	Genome-wide DNA hypomethylation and gene hypermethylation play important roles in instability and carcino-genesis. Methylation in long interspersed nucleotide element 1 (LINE-1) is a good indicator of the global DNA methylation level within a cell. Slit homolog 2 (SLIT2), myelin and lymphocyte protein gene (MAL) and insulin-like growth factor binding protein 7 (IGFBP7) are known to be hypermethylated in various malignancies. The aim of the present study was to assess the precise methylation levels of LINE-1, SLIT2, MAL and IGFBP7 in non-small cell lung cancer (NSCLC) using a pyrosequencing assay. Methylation of all regions was examined in 56 primary NSCLCs using a pyrosequencing assay. Changes in mRNA expression levels of SLIT2, MAL and IGFBP7 were measured before and after treatment with a demethylating agent. Methylation of these genes was also examined in 9 lung cancer cell lines using RT-PCR and a pyrosequencing assay. Frequencies of hypomethylation of LINE-1 and hypermethylation of SLIT2, MAL and IGFBP7, defined by predetermined cut off values, were 55, 64, 46 and 54% in NSCLCs, respectively and exhibited tumor-specific features. The hypermethylation of all genes was well correlated with changes in expression. The methylation level and frequency of MAL were significantly higher in smokers and in patients without EGFR mutations. Through accurate measurement of methylation levels using pyrosequencing, hypomethylation of LINE-1 and hypermethylation of SLIT2, MAL and IGFBP7 were frequently detected in NSCLCs and associated with various clinical features. Analysis of the methylation profiles of these genes may, therefore, provide novel opportunities for the therapy of NSCLCs.	Suzuki M, Shiraishi K, Eguchi A, Ikeda K, Mori T, Yoshimoto K, Ohba Y, Yamada T, Ito T, Baba Y, Baba H. Aberrant methylation of LINE-1, SLIT2, MAL and IGFBP7 in non-small cell lung cancer <i>Oncology Reports.</i> 2013-02-06. DOI:https://www.doi.org/10.3892/or.2013.2266 PMID:23381221
ba0d8d51-ae8e-4902-abc8-ad6237b774a5	https://www.doi.org/10.1371/journal.pone.0054464	PMID:23365669	PMC3554772	No	PLoS One	2013-02-01	Arginase treatment prevents the recovery of canine lymphoma and osteosarcoma cells resistant to the toxic effects of prolonged arginine deprivation	CC-BY-4.0	Yes	Yes	pmc_fulltext_xml/PMC3554772.xml	http://creativecommons.org/licenses/by/4.0/	"[""Wells JW"", ""Evans CH"", ""Scott MC"", ""Rütgen BC"", ""O'Brien TD"", ""Modiano JF"", ""Cvetkovic G"", ""Tepic S.""]"	Rapidly growing tumor cells require a nutrient-rich environment in order to thrive, therefore, restricting access to certain key amino acids, such as arginine, often results in the death of malignant cells, which frequently display defective cell cycle check-point control. Healthy cells, by contrast, become quiescent and remain viable under arginine restriction, displaying full recovery upon return to arginine-rich conditions. The use of arginase therapy to restrict available arginine for selectively targeting malignant cells is currently under investigation in human clinical trials. However, the suitability of this approach for veterinary uses is unexplored. As a prelude to in vivo studies in canine malignancies, we examined the in vitro effects of arginine-deprivation on canine lymphoid and osteosarcoma cell lines. Two lymphoid and 2 osteosarcoma cell lines were unable to recover following 6 days of arginine deprivation, but all remaining cell lines displayed full recovery upon return to arginine-rich culture conditions. These remaining cell lines all proved susceptible to cell death following the addition of arginase to the cultures. The lymphoid lines were particularly sensitive to arginase, becoming unrecoverable after just 3 days of treatment. Two of the osteosarcoma lines were also susceptible over this time-frame; however the other 3 lines required 6-8 days of arginase treatment to prevent recovery. In contrast, adult progenitor cells from the bone marrow of a healthy dog were able to recover fully following 9 days of culture in arginase. Over 3 days in culture, arginase was more effective than asparaginase in inducing the death of lymphoid lines. These results strongly suggest that short-term arginase treatment warrants further investigation as a therapy for lymphoid malignancies and osteosarcomas in dogs.	Wells JW, Evans CH, Scott MC, Rütgen BC, O'Brien TD, Modiano JF, Cvetkovic G, Tepic S. Arginase treatment prevents the recovery of canine lymphoma and osteosarcoma cells resistant to the toxic effects of prolonged arginine deprivation <i>PLoS One.</i> 2013-02-01. DOI:https://www.doi.org/10.1371/journal.pone.0054464 PMID:23365669
8fdbb5c4-96a8-4a1b-be72-356a403dde79	https://www.doi.org/10.1155/2012/620834	PMID:23319880	PMC3539440	No	Sarcoma	2013-01-16	Conditional Inactivation of Pten with EGFR Overexpression in Schwann Cells Models Sporadic MPNST	CC-BY	Yes	Yes	pmc_fulltext_xml/PMC3539440.xml	https://creativecommons.org/licenses/by/3.0/	"[""Keng VW"", ""Watson AL"", ""Rahrmann EP"", ""Li H"", ""Tschida BR"", ""Moriarity BS"", ""Choi K"", ""Rizvi TA"", ""Collins MH"", ""Wallace MR"", ""Ratner N"", ""Largaespada DA.""]"	The genetic mechanisms involved in the transformation from a benign neurofibroma to a malignant sarcoma in patients with neurofibromatosis-type-1- (NF1-)associated or sporadic malignant peripheral nerve sheath tumors (MPNSTs) remain unclear. It is hypothesized that many genetic changes are involved in transformation. Recently, it has been shown that both phosphatase and tensin homolog (PTEN) and epidermal growth factor receptor (EGFR) play important roles in the initiation of peripheral nerve sheath tumors (PNSTs). In human MPNSTs, PTEN expression is often reduced, while EGFR expression is often induced. We tested if these two genes cooperate in the evolution of PNSTs. Transgenic mice were generated carrying conditional floxed alleles of Pten, and EGFR was expressed under the control of the 2',3'-cyclic nucleotide 3'phosphodiesterase (Cnp) promoter and a desert hedgehog (Dhh) regulatory element driving Cre recombinase transgenic mice (Dhh-Cre). Complete loss of Pten and EGFR overexpression in Schwann cells led to the development of high-grade PNSTs. In vitro experiments using immortalized human Schwann cells demonstrated that loss of PTEN and overexpression of EGFR cooperate to increase cellular proliferation and anchorage-independent colony formation. This mouse model can rapidly recapitulate PNST onset and progression to high-grade PNSTs, as seen in sporadic MPNST patients.	Keng VW, Watson AL, Rahrmann EP, Li H, Tschida BR, Moriarity BS, Choi K, Rizvi TA, Collins MH, Wallace MR, Ratner N, Largaespada DA. Conditional Inactivation of Pten with EGFR Overexpression in Schwann Cells Models Sporadic MPNST <i>Sarcoma.</i> 2013-01-16. DOI:https://www.doi.org/10.1155/2012/620834 PMID:23319880
79d42e74-6ae3-4bba-a4cc-b99eafa35d84	https://www.doi.org/10.1186/1755-8794-5-66	PMID:23272949	PMC3543849	No	BMC Med Genomics	2013-01-01	Subtypes of primary colorectal tumors correlate with response to targeted treatment in colorectal cell lines	CC-BY	Yes	Yes	pmc_fulltext_xml/PMC3543849.xml	http://creativecommons.org/licenses/by/2.0	"[""Schlicker A"", ""Beran G"", ""Chresta CM"", ""McWalter G"", ""Pritchard A"", ""Weston S"", ""Runswick S"", ""Davenport S"", ""Heathcote K"", ""Castro DA"", ""Orphanides G"", ""French T"", ""Wessels LF.""]"	BACKGROUND. Colorectal cancer (CRC) is a heterogeneous and biologically poorly understood disease. To tailor CRC treatment, it is essential to first model this heterogeneity by defining subtypes of patients with homogeneous biological and clinical characteristics and second match these subtypes to cell lines for which extensive pharmacological data is available, thus linking targeted therapies to patients most likely to respond to treatment. METHODS. We applied a new unsupervised, iterative approach to stratify CRC tumor samples into subtypes based on genome-wide mRNA expression data. By applying this stratification to several CRC cell line panels and integrating pharmacological response data, we generated hypotheses regarding the targeted treatment of different subtypes. RESULTS. In agreement with earlier studies, the two dominant CRC subtypes are highly correlated with a gene expression signature of epithelial-mesenchymal-transition (EMT). Notably, further dividing these two subtypes using iNMF (iterative Non-negative Matrix Factorization) revealed five subtypes that exhibit activation of specific signaling pathways, and show significant differences in clinical and molecular characteristics. Importantly, we were able to validate the stratification on independent, published datasets comprising over 1600 samples. Application of this stratification to four CRC cell line panels comprising 74 different cell lines, showed that the tumor subtypes are well represented in available CRC cell line panels. Pharmacological response data for targeted inhibitors of SRC, WNT, GSK3b, aurora kinase, PI3 kinase, and mTOR, showed significant differences in sensitivity across cell lines assigned to different subtypes. Importantly, some of these differences in sensitivity were in concordance with high expression of the targets or activation of the corresponding pathways in primary tumor samples of the same subtype. CONCLUSIONS. The stratification presented here is robust, captures important features of CRC, and offers valuable insight into functional differences between CRC subtypes. By matching the identified subtypes to cell line panels that have been pharmacologically characterized, it opens up new possibilities for the development and application of targeted therapies for defined CRC patient sub-populations.	Schlicker A, Beran G, Chresta CM, McWalter G, Pritchard A, Weston S, Runswick S, Davenport S, Heathcote K, Castro DA, Orphanides G, French T, Wessels LF. Subtypes of primary colorectal tumors correlate with response to targeted treatment in colorectal cell lines <i>BMC Med Genomics.</i> 2013-01-01. DOI:https://www.doi.org/10.1186/1755-8794-5-66 PMID:23272949
1dfdbee2-8e0f-4695-947b-82a843c38f55	https://www.doi.org/10.1371/journal.pone.0048411	PMID:23119007	PMC3485222	No	PLoS One	2012-11-03	The somatostatin analogue octreotide inhibits growth of small intestine neuroendocrine tumour cells	CC-BY-4.0	Yes	Yes	pmc_fulltext_xml/PMC3485222.xml	http://creativecommons.org/licenses/by/4.0/	"[""Li SC"", ""Martijn C"", ""Cui T"", ""Essaghir A"", ""Luque RM"", ""Demoulin JB"", ""Castaño JP"", ""Öberg K"", ""Giandomenico V.""]"	Octreotide is a widely used synthetic somatostatin analogue that significantly improves the management of neuroendocrine tumours (NETs). Octreotide acts through somatostatin receptors (SSTRs). However, the molecular mechanisms leading to successful disease control or symptom management, especially when SSTRs levels are low, are largely unknown. We provide novel insights into how octreotide controls NET cells. CNDT2.5 cells were treated from 1 day up to 16 months with octreotide and then were profiled using Affymetrix microarray analysis. Quantitative real-time PCR and western blot analyses were used to validate microarray profiling in silico data. WST-1 cell proliferation assay was applied to evaluate cell growth of CNDT2.5 cells in the presence or absence of 1 µM octreotide at different time points. Moreover, laser capture microdissected tumour cells and paraffin embedded tissue slides from SI-NETs at different stages of disease were used to identify transcriptional and translational expression. Microarrays analyses did not reveal relevant changes in SSTR expression levels. Unexpectedly, six novel genes were found to be upregulated by octreotide: annexin A1 (ANXA1), rho GTPase-activating protein 18 (ARHGAP18), epithelial membrane protein 1 (EMP1), growth/differentiation factor 15 (GDF15), TGF-beta type II receptor (TGFBR2) and tumour necrosis factor (ligand) superfamily member 15 (TNFSF15). Furthermore, these novel genes were expressed in tumour tissues at transcript and protein levels. We suggest that octreotide may use a potential novel framework to exert its beneficial effect as a drug and to convey its action on neuroendocrine cells. Thus, six novel genes may regulate cell growth and differentiation in normal and tumour neuroendocrine cells and have a role in a novel octreotide mechanism system.	Li SC, Martijn C, Cui T, Essaghir A, Luque RM, Demoulin JB, Castaño JP, Öberg K, Giandomenico V. The somatostatin analogue octreotide inhibits growth of small intestine neuroendocrine tumour cells <i>PLoS One.</i> 2012-11-03. DOI:https://www.doi.org/10.1371/journal.pone.0048411 PMID:23119007
20e06ecb-6d40-4108-8fb0-335e905c5074	https://www.doi.org/10.1186/1476-4598-11-75	PMID:23039341	PMC3554420	No	Molecular Cancer	2012-10-09	Sensitivity to the MEK inhibitor E6201 in melanoma cells is associated with mutant BRAF and wildtype PTEN status	CC-BY	Yes	Yes	pmc_fulltext_xml/PMC3554420.xml	http://creativecommons.org/licenses/by/2.0	"[""Byron SA"", ""Loch DC"", ""Wellens CL"", ""Wortmann A"", ""Wu J"", ""Wang J"", ""Nomoto K"", ""Pollock PM.""]"	BACKGROUND. Melanoma is the most lethal form of skin cancer, but recent advances in molecularly targeted agents against the Ras/Raf/MAPK pathway demonstrate promise as effective therapies. Despite these advances, resistance remains an issue, as illustrated recently by the clinical experience with vemurafenib. Such acquired resistance appears to be the result of parallel pathway activation, such as PI3K, to overcome single-agent inhibition. In this report, we describe the cytotoxicity and anti-tumour activity of the novel MEK inhibitor, E6201, in a broad panel of melanoma cell lines (n = 31) of known mutational profile in vitro and in vivo. We further test the effectiveness of combining E6201 with an inhibitor of PI3K (LY294002) in overcoming resistance in these cell lines. RESULTS. The majority of melanoma cell lines were either sensitive (IC50 < 500 nM, 24/31) or hypersensitive (IC50 < 100 nM, 18/31) to E6201. This sensitivity correlated with wildtype PTEN and mutant BRAF status, whereas mutant RAS and PI3K pathway activation were associated with resistance. Although MEK inhibitors predominantly exert a cytostatic effect, E6201 elicited a potent cytocidal effect on most of the sensitive lines studied, as evidenced by Annexin positivity and cell death ELISA. Conversely, E6201 did not induce cell death in the two resistant melanoma cell lines tested. E6201 inhibited xenograft tumour growth in all four melanoma cell lines studied to varying degrees, but a more pronounced anti-tumour effect was observed for cell lines that previously demonstrated a cytocidal response in vitro. In vitro combination studies of E6201 and LY294002 showed synergism in all six melanoma cell lines tested, as defined by a mean combination index < 1. CONCLUSIONS. Our data demonstrate that E6201 elicits a predominantly cytocidal effect in vitro and in vivo in melanoma cells of diverse mutational background. Resistance to E6201 was associated with disruption of PTEN and activation of downstream PI3K signalling. In keeping with these data we demonstrate that co-inhibition of MAPK and PI3K is effective in overcoming resistance inherent in melanoma.	Byron SA, Loch DC, Wellens CL, Wortmann A, Wu J, Wang J, Nomoto K, Pollock PM. Sensitivity to the MEK inhibitor E6201 in melanoma cells is associated with mutant BRAF and wildtype PTEN status <i>Molecular Cancer.</i> 2012-10-09. DOI:https://www.doi.org/10.1186/1476-4598-11-75 PMID:23039341
9a4da565-16db-4230-83b0-c71a3d5c1e09		PMID:23012583	PMC3447199	No	Yale Journal of Biology and Medicine	2012-09-27	Integrated analysis of tumor samples sheds light on tumor heterogeneity	CC-BY-NC	Yes	Yes	pmc_fulltext_xml/PMC3447199.xml	This is an open access article distributed under the terms of the Creative Commons CC BY-NC license, which permits use, distribution, and reproduction in any medium, provided the original work is properly cited. You may not use the material for commercial purposes.	"[""Parisi F"", ""Micsinai M"", ""Strino F"", ""Ariyan S"", ""Narayan D"", ""Bacchiocchi A"", ""Cheng E"", ""Xu F"", ""Li P"", ""Kluger H"", ""Halaban R"", ""Kluger Y.""]"	The heterogeneity of tumor samples is a major challenge in the analysis of high-throughput profiling of tumor biopsies and cell lines. The measured aggregate signals of multigenerational progenies often represent an average of several tumor subclones with varying genomic aberrations and different gene expression levels. The goal of the present study was to integrate copy number analyses from SNP-arrays and karyotyping, gene expression profiling, and pathway analyses to detect heterogeneity, identify driver mutations, and explore possible mechanisms of tumor evolution. We showed the heterogeneity of the studied samples, characterized the global copy number alteration profiles, and identified genes whose copy number status and expression levels were aberrant. In particular, we identified a recurrent association between two BRAF(V600E) and BRAF(V600K) mutations and changes in DKK1 gene expression levels, which might indicate an association between the BRAF and WNT pathways. These findings show that the integrated approaches used in the present study can robustly address the challenging issue of tumor heterogeneity in high-throughput profiling.	Parisi F, Micsinai M, Strino F, Ariyan S, Narayan D, Bacchiocchi A, Cheng E, Xu F, Li P, Kluger H, Halaban R, Kluger Y. Integrated analysis of tumor samples sheds light on tumor heterogeneity <i>Yale J Biol Med.</i> 2012-09-27. PMID:23012583
188d78ba-1cee-40b4-b565-cbeff978259e	https://www.doi.org/10.4137/TOG.S8830	PMID:22346343	PMC3273949	No	Translational Oncogenomics	2012-08-23	Oncogene Mutation Survey in MPNST Cell Lines Enhances the Dominant Role of Hyperactive Ras in NF1 Associated Pro-Survival and Malignancy	CC-BY-NC	Yes	Yes	pmc_fulltext_xml/PMC3273949.xml	This is an open access article. Unrestricted non-commercial use is permitted provided the original work is properly cited.	"[""Daochun Sun"", ""Michael A Tainsky"", ""Ramsi Haddad""]"	Malignant peripheral nerve sheath tumors (MPNST) are a type of soft tissue sarcoma that can be associated with germline mutations in Neurofibromatosis type 1 (NF1) or may occur sporadically. Although the etiology of MPNST is poorly understood, it is clear that a loss of function of the NF1 gene, encoding a Ras-GAP, is an important factor in the tumorigenesis of the inherited form of MPNST. Tumor latency in NF1 patients suggests that additional mutational events are probably required for malignancy. In order to define oncogene mutations associated with 5 MPNST cell lines, we assayed the 238 most frequent mutations in 19 commonly activated oncogenes using mass spectroscopy-based analysis. All 238 mutation sites in the assayed oncogenes were determined to harbor only wild-type sequences. These data suggest that hyperactive Ras resulting from the loss function of neurofibromin may be sufficient to set up the direction of malignant transformation of Schwann cells to MPNST.	Daochun Sun, Michael A Tainsky, Ramsi Haddad. Oncogene Mutation Survey in MPNST Cell Lines Enhances the Dominant Role of Hyperactive Ras in NF1 Associated Pro-Survival and Malignancy. <i>Translational Oncogenomics.</i> 2012-08-23. DOI:https://www.doi.org/10.4137/TOG.S8830 PMID:22346343
d7d87538-7338-4ff3-bd21-5e661b14e11f	https://www.doi.org/10.1074/mcp.M111.014050	PMID:22278370	PMC3316730	No	Molecular & Cellular Proteomics	2012-07-12	Comparative proteomic analysis of eleven common cell lines reveals ubiquitous but varying expression of most proteins	CC-BY-NC	Yes	Yes	pmc_fulltext_xml/PMC3316730.xml	Creative Commons Attribution Non-Commercial License applies to Author Choice Articles	"[""Tamar Geiger"", ""Anja Wehner"", ""Christoph Schaab"", ""Juergen Cox"", ""Matthias Mann""]"	"Deep proteomic analysis of mammalian cell lines would yield an inventory of the building blocks of the most commonly used systems in biological research. Mass spectrometry-based proteomics can identify and quantify proteins in a global and unbiased manner and can highlight the cellular processes that are altered between such systems. We analyzed 11 human cell lines using an LTQ-Orbitrap family mass spectrometer with a ""high field"" Orbitrap mass analyzer with improved resolution and sequencing speed. We identified a total of 11,731 proteins, and on average 10,361 ± 120 proteins in each cell line. This very high proteome coverage enabled analysis of a broad range of processes and functions. Despite the distinct origins of the cell lines, our quantitative results showed surprisingly high similarity in terms of expressed proteins. Nevertheless, this global similarity of the proteomes did not imply equal expression levels of individual proteins across the 11 cell lines, as we found significant differences in expression levels for an estimated two-third of them. The variability in cellular expression levels was similar for low and high abundance proteins, and even many of the most highly expressed proteins with household roles showed significant differences between cells. Metabolic pathways, which have high redundancy, exhibited variable expression, whereas basic cellular functions such as the basal transcription machinery varied much less. We harness knowledge of these cell line proteomes for the construction of a broad coverage ""super-SILAC"" quantification standard. Together with the accompanying paper (Schaab, C. MCP 2012, PMID: 22301388) (17) these data can be used to obtain reference expression profiles for proteins of interest both within and across cell line proteomes."	Tamar Geiger, Anja Wehner, Christoph Schaab, Juergen Cox, Matthias Mann. Comparative proteomic analysis of eleven common cell lines reveals ubiquitous but varying expression of most proteins. <i>Molecular & Cellular Proteomics.</i> 2012-07-12. DOI:https://www.doi.org/10.1074/mcp.M111.014050 PMID:22278370
d98ccdcc-c1c7-405a-a2ca-1c91c77fb305	https://www.doi.org/10.1371/journal.pone.0038463	PMID:22675565	PMC3366948	No	PLoS One	2012-06-08	High accuracy mutation detection in leukemia on a selected panel of cancer genes	CC-BY-4.0	Yes	Yes	pmc_fulltext_xml/PMC3366948.xml	http://creativecommons.org/licenses/by/4.0/	"[""Kalender Atak Z"", ""De Keersmaecker K"", ""Gianfelici V"", ""Geerdens E"", ""Vandepoel R"", ""Pauwels D"", ""Porcu M"", ""Lahortiga I"", ""Brys V"", ""Dirks WG"", ""Quentmeier H"", ""Cloos J"", ""Cuppens H"", ""Uyttebroeck A"", ""Vandenberghe P"", ""Cools J"", ""Aerts S.""]"	With the advent of whole-genome and whole-exome sequencing, high-quality catalogs of recurrently mutated cancer genes are becoming available for many cancer types. Increasing access to sequencing technology, including bench-top sequencers, provide the opportunity to re-sequence a limited set of cancer genes across a patient cohort with limited processing time. Here, we re-sequenced a set of cancer genes in T-cell acute lymphoblastic leukemia (T-ALL) using Nimblegen sequence capture coupled with Roche/454 technology. First, we investigated how a maximal sensitivity and specificity of mutation detection can be achieved through a benchmark study. We tested nine combinations of different mapping and variant-calling methods, varied the variant calling parameters, and compared the predicted mutations with a large independent validation set obtained by capillary re-sequencing. We found that the combination of two mapping algorithms, namely BWA-SW and SSAHA2, coupled with the variant calling algorithm Atlas-SNP2 yields the highest sensitivity (95%) and the highest specificity (93%). Next, we applied this analysis pipeline to identify mutations in a set of 58 cancer genes, in a panel of 18 T-ALL cell lines and 15 T-ALL patient samples. We confirmed mutations in known T-ALL drivers, including PHF6, NF1, FBXW7, NOTCH1, KRAS, NRAS, PIK3CA, and PTEN. Interestingly, we also found mutations in several cancer genes that had not been linked to T-ALL before, including JAK3. Finally, we re-sequenced a small set of 39 candidate genes and identified recurrent mutations in TET1, SPRY3 and SPRY4. In conclusion, we established an optimized analysis pipeline for Roche/454 data that can be applied to accurately detect gene mutations in cancer, which led to the identification of several new candidate T-ALL driver mutations.	Kalender Atak Z, De Keersmaecker K, Gianfelici V, Geerdens E, Vandepoel R, Pauwels D, Porcu M, Lahortiga I, Brys V, Dirks WG, Quentmeier H, Cloos J, Cuppens H, Uyttebroeck A, Vandenberghe P, Cools J, Aerts S. High accuracy mutation detection in leukemia on a selected panel of cancer genes <i>PLoS One.</i> 2012-06-08. DOI:https://www.doi.org/10.1371/journal.pone.0038463 PMID:22675565
23dc4278-f4ae-4b0e-ae02-d7552e0cd95d	https://www.doi.org/10.1371/journal.pone.0037239	PMID:22615950	PMC3352892	No	PLoS One	2012-05-23	Preclinical evaluation of oncolytic vaccinia virus for therapy of canine soft tissue sarcoma	CC-BY-4.0	Yes	Yes	pmc_fulltext_xml/PMC3352892.xml	http://creativecommons.org/licenses/by/4.0/	"[""Gentschev I"", ""Adelfinger M"", ""Josupeit R"", ""Rudolph S"", ""Ehrig K"", ""Donat U"", ""Weibel S"", ""Chen NG"", ""Yu YA"", ""Zhang Q"", ""Heisig M"", ""Thamm D"", ""Stritzker J"", ""Macneill A"", ""Szalay AA.""]"	Virotherapy using oncolytic vaccinia virus (VACV) strains is one promising new strategy for canine cancer therapy. In this study we describe the establishment of an in vivo model of canine soft tissue sarcoma (CSTS) using the new isolated cell line STSA-1 and the analysis of the virus-mediated oncolytic and immunological effects of two different Lister VACV LIVP1.1.1 and GLV-1h68 strains against CSTS. Cell culture data demonstrated that both tested VACV strains efficiently infected and destroyed cells of the canine soft tissue sarcoma line STSA-1. In addition, in our new canine sarcoma tumor xenograft mouse model, systemic administration of LIVP1.1.1 or GLV-1h68 viruses led to significant inhibition of tumor growth compared to control mice. Furthermore, LIVP1.1.1 mediated therapy resulted in almost complete tumor regression and resulted in long-term survival of sarcoma-bearing mice. The replication of the tested VACV strains in tumor tissues led to strong oncolytic effects accompanied by an intense intratumoral infiltration of host immune cells, mainly neutrophils. These findings suggest that the direct viral oncolysis of tumor cells and the virus-dependent activation of tumor-associated host immune cells could be crucial parts of anti-tumor mechanism in STSA-1 xenografts. In summary, the data showed that both tested vaccinia virus strains and especially LIVP1.1.1 have great potential for effective treatment of CSTS.	Gentschev I, Adelfinger M, Josupeit R, Rudolph S, Ehrig K, Donat U, Weibel S, Chen NG, Yu YA, Zhang Q, Heisig M, Thamm D, Stritzker J, Macneill A, Szalay AA. Preclinical evaluation of oncolytic vaccinia virus for therapy of canine soft tissue sarcoma <i>PLoS One.</i> 2012-05-23. DOI:https://www.doi.org/10.1371/journal.pone.0037239 PMID:22615950
b9a7978e-e037-4cca-960a-d6475283b8b5	https://www.doi.org/10.1371/journal.pone.0032096	PMID:22384151	PMC3285665	No	PLoS One	2012-03-03	Identification of cancer cell-line origins using fluorescence image-based phenomic screening	CC-BY-4.0	Yes	Yes	pmc_fulltext_xml/PMC3285665.xml	http://creativecommons.org/licenses/by/4.0/	"[""Lee JS"", ""Kim YK"", ""Kim HJ"", ""Hajar S"", ""Tan YL"", ""Kang NY"", ""Ng SH"", ""Yoon CN"", ""Chang YT.""]"	Universal phenotyping techniques that can discriminate among various states of biological systems have great potential. We applied 557 fluorescent library compounds to NCI's 60 human cancer cell-lines (NCI-60) to generate a systematic fluorescence phenotypic profiling data. By the kinetic fluorescence intensity analysis, we successfully discriminated the organ origin of all the 60 cell-lines.	Lee JS, Kim YK, Kim HJ, Hajar S, Tan YL, Kang NY, Ng SH, Yoon CN, Chang YT. Identification of cancer cell-line origins using fluorescence image-based phenomic screening <i>PLoS One.</i> 2012-03-03. DOI:https://www.doi.org/10.1371/journal.pone.0032096 PMID:22384151
8dbbcf50-9d7a-4d95-9eb6-427731d2a5b8	https://www.doi.org/10.1371/journal.pone.0021099	PMID:21695156	PMC3113907	No	PloS One	2011-10-21	Cancer stem cell-like cells derived from malignant peripheral nerve sheath tumors	CC-BY-4.0	Yes	Yes	pmc_fulltext_xml/PMC3113907.xml	http://creativecommons.org/licenses/by/4.0/	"[""Melanie Spyra"", ""Lan Kluwe"", ""Christian Hagel"", ""Rosa Nguyen"", ""Jens Panse"", ""Andreas Kurtz"", ""Victor Felix Mautner"", ""Samuel David Rabkin"", ""Maria Demestre""]"	This study aims to examine whether or not cancer stem cells exist in malignant peripheral nerve sheath tumors (MPNST). Cells of established lines, primary cultures and freshly dissected tumors were cultured in serum free conditions supplemented with epidermal and fibroblast growth factors. From one established human MPNST cell line, S462, cells meeting the criteria for cancer stem cells were isolated. Clonal spheres were obtained, which could be passaged multiple times. Enrichment of stem cell-like cells in these spheres was also supported by increased expression of stem cell markers such as CD133, Oct4, Nestin and NGFR, and decreased expression of mature cell markers such as CD90 and NCAM. Furthermore, cells of these clonal S462 spheres differentiated into Schwann cells, smooth muscle/fibroblast and neurons-like cells under specific differentiation-inducing cultural conditions. Finally, subcutaneous injection of the spheres into immunodeficient nude mice led to tumor formation at a higher rate compared to the parental adherent cells (66% versus 10% at 2.5 × 10(5)). These results provide evidence for the existence of cancer stem cell-like cells in malignant peripheral nerve sheath tumors.	Melanie Spyra, Lan Kluwe, Christian Hagel, Rosa Nguyen, Jens Panse, Andreas Kurtz, Victor Felix Mautner, Samuel David Rabkin, Maria Demestre. Cancer stem cell-like cells derived from malignant peripheral nerve sheath tumors. <i>PloS One.</i> 2011-10-21. DOI:https://www.doi.org/10.1371/journal.pone.0021099 PMID:21695156
7f525736-7890-46b4-bd7c-dbd601fc3b3b	https://www.doi.org/10.1371/journal.pone.0021639	PMID:21750719	PMC3130048	No	PLoS One	2011-07-14	Comprehensive genomic analysis of a BRCA2 deficient human pancreatic cancer	CC-BY-4.0	Yes	Yes	pmc_fulltext_xml/PMC3130048.xml	http://creativecommons.org/licenses/by/4.0/	"[""Barber LJ"", ""Rosa Rosa JM"", ""Kozarewa I"", ""Fenwick K"", ""Assiotis I"", ""Mitsopoulos C"", ""Sims D"", ""Hakas J"", ""Zvelebil M"", ""Lord CJ"", ""Ashworth A.""]"	Capan-1 is a well-characterised BRCA2-deficient human cell line isolated from a liver metastasis of a pancreatic adenocarcinoma. Here we report a genome-wide assessment of structural variations and high-depth exome characterization of single nucleotide variants and small insertion/deletions in Capan-1. To identify potential somatic and tumour-associated variations in the absence of a matched-normal cell line, we devised a novel method based on the analysis of HapMap samples. We demonstrate that Capan-1 has one of the most rearranged genomes sequenced to date. Furthermore, small insertions and deletions are detected more frequently in the context of short sequence repeats than in other genomes. We also identify a number of novel mutations that may represent genetic changes that have contributed to tumour progression. These data provide insight into the genomic effects of loss of BRCA2 function.	Barber LJ, Rosa Rosa JM, Kozarewa I, Fenwick K, Assiotis I, Mitsopoulos C, Sims D, Hakas J, Zvelebil M, Lord CJ, Ashworth A. Comprehensive genomic analysis of a BRCA2 deficient human pancreatic cancer <i>PLoS One.</i> 2011-07-14. DOI:https://www.doi.org/10.1371/journal.pone.0021639 PMID:21750719
ce75a021-e8b1-4547-a00c-2b16ef0626a5	https://www.doi.org/10.1186/1471-2164-12-230	PMID:21569352	PMC3114747	No	BMC Genomics	2011-05-17	Detecting copy number status and uncovering subclonal markers in heterogeneous tumor biopsies	CC-BY	Yes	Yes	pmc_fulltext_xml/PMC3114747.xml	http://creativecommons.org/licenses/by/2.0	"[""Parisi F"", ""Ariyan S"", ""Narayan D"", ""Bacchiocchi A"", ""Hoyt K"", ""Cheng E"", ""Xu F"", ""Li P"", ""Halaban R"", ""Kluger Y.""]"	BACKGROUND. Genomic aberrations can be used to determine cancer diagnosis and prognosis. Clinically relevant novel aberrations can be discovered using high-throughput assays such as Single Nucleotide Polymorphism (SNP) arrays and next-generation sequencing, which typically provide aggregate signals of many cells at once. However, heterogeneity of tumor subclones dramatically complicates the task of detecting aberrations. RESULTS. The aggregate signal of a population of subclones can be described as a linear system of equations. We employed a measure of allelic imbalance and total amount of DNA to characterize each locus by the copy number status (gain, loss or neither) of the strongest subclonal component. We designed simulated data to compare our measure to existing approaches and we analyzed SNP-arrays from 30 melanoma samples and transcriptome sequencing (RNA-Seq) from one melanoma sample.We showed that any system describing aggregate subclonal signals is underdetermined, leading to non-unique solutions for the exact copy number profile of subclones. For this reason, our illustrative measure was more robust than existing Hidden Markov Model (HMM) based tools in inferring the aberration status, as indicated by tests on simulated data. This higher robustness contributed in identifying numerous aberrations in several loci of melanoma samples. We validated the heterogeneity and aberration status within single biopsies by fluorescent in situ hybridization of four affected and transcriptionally up-regulated genes E2F8, ETV4, EZH2 and FAM84B in 11 melanoma cell lines. Heterogeneity was further demonstrated in the analysis of allelic imbalance changes along single exons from melanoma RNA-Seq. CONCLUSIONS. These studies demonstrate how subclonal heterogeneity, prevalent in tumor samples, is reflected in aggregate signals measured by high-throughput techniques. Our proposed approach yields high robustness in detecting copy number alterations using high-throughput technologies and has the potential to identify specific subclonal markers from next-generation sequencing data.	Parisi F, Ariyan S, Narayan D, Bacchiocchi A, Hoyt K, Cheng E, Xu F, Li P, Halaban R, Kluger Y. Detecting copy number status and uncovering subclonal markers in heterogeneous tumor biopsies <i>BMC Genomics.</i> 2011-05-17. DOI:https://www.doi.org/10.1186/1471-2164-12-230 PMID:21569352
98bb0ebe-f832-42da-885a-f07f18209681	https://www.doi.org/10.1186/1752-0509-5-17	PMID:21269460	PMC3039570	No	BMC Systems Biology	2011-04-28	Initial characterization of the human central proteome	CC-BY	Yes	Yes	pmc_fulltext_xml/PMC3039570.xml	http://creativecommons.org/licenses/by/2.0	"[""Thomas R Burkard"", ""Melanie Planyavsky"", ""Ines Kaupe"", ""Florian P Breitwieser"", ""Tilmann Bürckstümmer"", ""Keiryn L Bennett"", ""Giulio Superti-Furga"", ""Jacques Colinge""]"	On the basis of large proteomics datasets measured from seven human cell lines we consider their intersection as an approximation of the human central proteome, which is the set of proteins ubiquitously expressed in all human cells. Composition and properties of the central proteome are investigated through bioinformatics analyses. We experimentally identify a central proteome comprising 1,124 proteins that are ubiquitously and abundantly expressed in human cells using state of the art mass spectrometry and protein identification bioinformatics. The main represented functions are proteostasis, primary metabolism and proliferation. We further characterize the central proteome considering gene structures, conservation, interaction networks, pathways, drug targets, and coordination of biological processes. Among other new findings, we show that the central proteome is encoded by exon-rich genes, indicating an increased regulatory flexibility through alternative splicing to adapt to multiple environments, and that the protein interaction network linking the central proteome is very efficient for synchronizing translation with other biological processes. Surprisingly, at least 10% of the central proteome has no or very limited functional annotation. Our data and analysis provide a new and deeper description of the human central proteome compared to previous results thereby extending and complementing our knowledge of commonly expressed human proteins. All the data are made publicly available to help other researchers who, for instance, need to compare or link focused datasets to a common background.	Thomas R Burkard, Melanie Planyavsky, Ines Kaupe, Florian P Breitwieser, Tilmann Bürckstümmer, Keiryn L Bennett, Giulio Superti-Furga, Jacques Colinge. Initial characterization of the human central proteome. <i>BMC Systems Biology.</i> 2011-04-28. DOI:https://www.doi.org/10.1186/1752-0509-5-17 PMID:21269460
234c3087-7cbd-467d-94b9-bb3ccfafc61a	https://www.doi.org/10.1186/1471-2164-12-14	PMID:21214938	PMC3024950	No	BMC Genomics	2011-03-02	Expression of G protein-coupled receptors and related proteins in HEK293, AtT20, BV2, and N18 cell lines as revealed by microarray analysis	CC-BY	Yes	Yes	pmc_fulltext_xml/PMC3024950.xml	This is an Open Access article distributed under the terms of the Creative Commons Attribution License (<url>http://creativecommons.org/licenses/by/2.0</url>), which permits unrestricted use, distribution, and reproduction in any medium, provided the original work is properly cited.	"[""Brady K Atwood"", ""Jacqueline Lopez"", ""James Wager-Miller"", ""Ken Mackie"", ""Alex Straiker""]"	G protein coupled receptors (GPCRs) are one of the most widely studied gene superfamilies. Thousands of GPCR research studies have utilized heterologous expression systems such as human embryonic kidney cells (HEK293). Though often treated as 'blank slates', these cell lines nevertheless endogenously express GPCRs and related signaling proteins. The outcome of a given GPCR study can be profoundly influenced by this largely unknown complement of receptors and/or signaling proteins. Little easily accessible information exists that describes the expression profiles of the GPCRs in cell lines. What is accessible is often limited in scope - of the hundreds of GPCRs and related proteins, one is unlikely to find information on expression of more than a dozen proteins in a given cell line. Microarray technology has allowed rapid analysis of mRNA levels of thousands of candidate genes, but though often publicly available, the results can be difficult to efficiently access or even to interpret. To bridge this gap, we have used microarrays to measure the mRNA levels of a comprehensive profile of non-chemosensory GPCRs and over a hundred GPCR signaling related gene products in four cell lines frequently used for GPCR research: HEK293, AtT20, BV2, and N18. This study provides researchers an easily accessible mRNA profile of the endogenous signaling repertoire that these four cell lines possess. This will assist in choosing the most appropriate cell line for studying GPCRs and related signaling proteins. It also provides a better understanding of the potential interactions between GPCRs and those signaling proteins.	Brady K Atwood, Jacqueline Lopez, James Wager-Miller, Ken Mackie, Alex Straiker. Expression of G protein-coupled receptors and related proteins in HEK293, AtT20, BV2, and N18 cell lines as revealed by microarray analysis. <i>BMC Genomics.</i> 2011-03-02. DOI:https://www.doi.org/10.1186/1471-2164-12-14 PMID:21214938
30af6415-0d32-44df-a829-973ef367ed42	https://www.doi.org/10.1186/1471-2164-11-194	PMID:20307317	PMC2858150	No	BMC Genomics	2010-03-24	Evidence of perturbations of cell cycle and DNA repair pathways as a consequence of human and murine NF1-haploinsufficiency	CC-BY	Yes	Yes	pmc_fulltext_xml/PMC2858150.xml	http://creativecommons.org/licenses/by/2.0	"[""Pemov A"", ""Park C"", ""Reilly KM"", ""Stewart DR.""]"	"BACKGROUND. Neurofibromatosis type 1 (NF1) is a common monogenic tumor-predisposition disorder that arises secondary to mutations in the tumor suppressor gene NF1. Haploinsufficiency of NF1 fosters a permissive tumorigenic environment through changes in signalling between cells, however the intracellular mechanisms for this tumor-promoting effect are less clear. Most primary human NF1+/- cells are a challenge to obtain, however lymphoblastoid cell lines (LCLs) have been collected from large NF1 kindreds. We hypothesized that the genetic effects of NF1-haploinsufficiency may be discerned by comparison of genome-wide transcriptional profiling in somatic, non-tumor cells (LCLs) from NF1-affected and -unaffected individuals. As a cross-species filter for heterogeneity, we compared the results from two human kindreds to whole-genome transcriptional profiling in spleen-derived B lymphocytes from age- and gender-matched Nf1+/- and wild-type mice, and used gene set enrichment analysis (GSEA), Onto-Express, Pathway-Express and MetaCore tools to identify genes perturbed in NF1-haploinsufficiency. RESULTS. We observed moderate expression of NF1 in human LCLs and of Nf1 in CD19+ mouse B lymphocytes. Using the t test to evaluate individual transcripts, we observed modest expression differences in the transcriptome in NF1-haploinsufficient LCLs and Nf1-haploinsuffiicient mouse B lymphocytes. However, GSEA, Onto-Express, Pathway-Express and MetaCore analyses identified genes that control cell cycle, DNA replication and repair, transcription and translation, and immune response as the most perturbed in NF1-haploinsufficient conditions in both human and mouse. CONCLUSIONS. Haploinsufficiency arises when loss of one allele of a gene is sufficient to give rise to disease. Haploinsufficiency has traditionally been viewed as a passive state. Our observations of perturbed, up-regulated cell cycle and DNA repair pathways may functionally contribute to NF1-haploinsufficiency as an ""active state"" that ultimately promotes the loss of the wild-type allele."	Pemov A, Park C, Reilly KM, Stewart DR. Evidence of perturbations of cell cycle and DNA repair pathways as a consequence of human and murine NF1-haploinsufficiency <i>BMC Genomics.</i> 2010-03-24. DOI:https://www.doi.org/10.1186/1471-2164-11-194 PMID:20307317
83c98013-c07e-4d55-be6c-906e7a4eca61	https://www.doi.org/10.1371/journal.pgen.1000718	PMID:19911041	PMC2766639	No	PLoS Genetics	2010-03-01	A robust approach to identifying tissue-specific gene expression regulatory variants using personalized human induced pluripotent stem cells	CC-BY-4.0	Yes	Yes	pmc_fulltext_xml/PMC2766639.xml	http://creativecommons.org/licenses/by/4.0/	"[""Je-Hyuk Lee"", ""In-Hyun Park"", ""Yuan Gao"", ""Jin Billy Li"", ""Zhe Li"", ""George Q Daley"", ""Kun Zhang"", ""George M Church""]"	Normal variation in gene expression due to regulatory polymorphisms is often masked by biological and experimental noise. In addition, some regulatory polymorphisms may become apparent only in specific tissues. We derived human induced pluripotent stem (iPS) cells from adult skin primary fibroblasts and attempted to detect tissue-specific cis-regulatory variants using in vitro cell differentiation. We used padlock probes and high-throughput sequencing for digital RNA allelotyping and measured allele-specific gene expression in primary fibroblasts, lymphoblastoid cells, iPS cells, and their differentiated derivatives. We show that allele-specific expression is both cell type and genotype-dependent, but the majority of detectable allele-specific expression loci remains consistent despite large changes in the cell type or the experimental condition following iPS reprogramming, except on the X-chromosome. We show that our approach to mapping cis-regulatory variants reduces in vitro experimental noise and reveals additional tissue-specific variants using skin-derived human iPS cells.	Je-Hyuk Lee, In-Hyun Park, Yuan Gao, Jin Billy Li, Zhe Li, George Q Daley, Kun Zhang, George M Church. A robust approach to identifying tissue-specific gene expression regulatory variants using personalized human induced pluripotent stem cells. <i>PLoS Genetics.</i> 2010-03-01. DOI:https://www.doi.org/10.1371/journal.pgen.1000718 PMID:19911041
a9a8d465-c513-4b6b-a861-1876b3f9180a	https://www.doi.org/10.1111/j.1755-148X.2010.00685.x	PMID:20149136	PMC2848976	No	Pigment Cell Melanoma Res	2010-02-13	PLX4032, a selective BRAF(V600E) kinase inhibitor, activates the ERK pathway and enhances cell migration and proliferation of BRAF melanoma cells	CC-BY	Yes	Yes	pmc_fulltext_xml/PMC2848976.xml	http://creativecommons.org/licenses/by/2.5/	"[""Halaban R"", ""Zhang W"", ""Bacchiocchi A"", ""Cheng E"", ""Parisi F"", ""Ariyan S"", ""Krauthammer M"", ""McCusker JP"", ""Kluger Y"", ""Sznol M.""]"	BRAF(V600E/K) is a frequent mutationally active tumor-specific kinase in melanomas that is currently targeted for therapy by the specific inhibitor PLX4032. Our studies with melanoma tumor cells that are BRAF(V600E/K) and BRAF(WT) showed that, paradoxically, while PLX4032 inhibited ERK1/2 in the highly sensitive BRAF(V600E/K), it activated the pathway in the resistant BRAF(WT) cells, via RAF1 activation, regardless of the status of mutations in NRAS or PTEN. The persistently active ERK1/2 triggered downstream effectors in BRAF(WT) melanoma cells and induced changes in the expression of a wide-spectrum of genes associated with cell cycle control. Furthermore, PLX4032 increased the rate of proliferation of growth factor-dependent NRAS Q61L mutant primary melanoma cells, reduced cell adherence and increased mobility of cells from advanced lesions. The results suggest that the drug can confer an advantage to BRAF(WT) primary and metastatic tumor cells in vivo and provide markers for monitoring clinical responses.	Halaban R, Zhang W, Bacchiocchi A, Cheng E, Parisi F, Ariyan S, Krauthammer M, McCusker JP, Kluger Y, Sznol M. PLX4032, a selective BRAF(V600E) kinase inhibitor, activates the ERK pathway and enhances cell migration and proliferation of BRAF melanoma cells <i>Pigment Cell Melanoma Res.</i> 2010-02-13. DOI:https://www.doi.org/10.1111/j.1755-148X.2010.00685.x PMID:20149136
6a8755f1-772c-4d4c-84be-4d5c6d40003d	https://www.doi.org/10.1371/journal.pone.0008461	PMID:20041153	PMC2794539	No	PLoS One	2009-12-31	A gene expression signature of invasive potential in metastatic melanoma cells	CC-BY-4.0	Yes	Yes	pmc_fulltext_xml/PMC2794539.xml	http://creativecommons.org/licenses/by/4.0/	"[""Jeffs AR"", ""Glover AC"", ""Slobbe LJ"", ""Wang L"", ""He S"", ""Hazlett JA"", ""Awasthi A"", ""Woolley AG"", ""Marshall ES"", ""Joseph WR"", ""Print CG"", ""Baguley BC"", ""Eccles MR.""]"	BACKGROUND. We are investigating the molecular basis of melanoma by defining genomic characteristics that correlate with tumour phenotype in a novel panel of metastatic melanoma cell lines. The aim of this study is to identify new prognostic markers and therapeutic targets that might aid clinical cancer diagnosis and management. PRINCIPAL FINDINGS. Global transcript profiling identified a signature featuring decreased expression of developmental and lineage specification genes including MITF, EDNRB, DCT, and TYR, and increased expression of genes involved in interaction with the extracellular environment, such as PLAUR, VCAN, and HIF1a. Migration assays showed that the gene signature correlated with the invasive potential of the cell lines, and external validation by using publicly available data indicated that tumours with the invasive gene signature were less melanocytic and may be more aggressive. The invasion signature could be detected in both primary and metastatic tumours suggesting that gene expression conferring increased invasive potential in melanoma may occur independently of tumour stage. CONCLUSIONS. Our data supports the hypothesis that differential developmental gene expression may drive invasive potential in metastatic melanoma, and that melanoma heterogeneity may be explained by the differing capacity of melanoma cells to both withstand decreased expression of lineage specification genes and to respond to the tumour microenvironment. The invasion signature may provide new possibilities for predicting which primary tumours are more likely to metastasize, and which metastatic tumours might show a more aggressive clinical course.	Jeffs AR, Glover AC, Slobbe LJ, Wang L, He S, Hazlett JA, Awasthi A, Woolley AG, Marshall ES, Joseph WR, Print CG, Baguley BC, Eccles MR. A gene expression signature of invasive potential in metastatic melanoma cells <i>PLoS One.</i> 2009-12-31. DOI:https://www.doi.org/10.1371/journal.pone.0008461 PMID:20041153
483c1b3d-8cb8-4e74-a0b3-ac8a07ab39ce	https://www.doi.org/10.1186/1471-2407-8-371	PMID:19087340	PMC2651892	No	BMC Cancer	2008-12-18	Conventional and molecular cytogenetics of human non-medullary thyroid carcinoma: characterization of eight cell line models and review of the literature on clinical samples	CC-BY	Yes	Yes	pmc_fulltext_xml/PMC2651892.xml	http://creativecommons.org/licenses/by/2.0	"[""Ribeiro FR"", ""Meireles AM"", ""Rocha AS"", ""Teixeira MR.""]"	BACKGROUND. Cell lines are often poorly characterized from a genetic point of view, reducing their usefulness as tumor models. Our purpose was to assess the genetic background of eight commonly used human thyroid carcinoma models and to compare the findings with those reported for primary tumors of the gland. METHODS. We used chromosome banding analysis and comparative genomic hybridization to profile eight non-medullary thyroid carcinoma cell lines of papillary (TPC-1, FB2, K1 and B-CPAP), follicular (XTC-1) or anaplastic origin (8505C, C643 and HTH74). To assess the representativeness of the findings, we additionally performed a thorough review of cytogenetic (n = 125) and DNA copy number information (n = 270) available in the literature on clinical samples of thyroid carcinoma. RESULTS. The detailed characterization of chromosomal markers specific for each cell line revealed two cases of mistaken identities: FB2 was shown to derive from TPC-1 cells, whereas K1 cells have their origin in cell line GLAG-66. All cellular models displayed genomic aberrations of varying complexity, and recurrent gains at 5p, 5q, 8q, and 20q (6/7 cell lines) and losses at 8p, 13q, 18q, and Xp (4/7 cell lines) were seen. Importantly, the genomic profiles were compatible with those of the respective primary tumors, as seen in the meta-analysis of the existing literature data. CONCLUSION. We provide the genomic background of seven independent thyroid carcinoma models representative of the clinical tumors of the corresponding histotypes, and highlight regions of recurrent aberrations that may guide future studies aimed at identifying target genes. Our findings further support the importance of routinely performing cytogenetic studies on cell lines, to detect cross-contamination mishaps such as those identified here.	Ribeiro FR, Meireles AM, Rocha AS, Teixeira MR. Conventional and molecular cytogenetics of human non-medullary thyroid carcinoma: characterization of eight cell line models and review of the literature on clinical samples <i>BMC Cancer.</i> 2008-12-18. DOI:https://www.doi.org/10.1186/1471-2407-8-371 PMID:19087340
273e8365-f29e-491f-92d1-49f1f7687a50	https://www.doi.org/10.1186/1756-0500-1-95	PMID:18957096	PMC2615028	No	BMC Res Notes	2008-10-30	Identification and classification of genes regulated by phosphatidylinositol 3-kinase- and TRKB-mediated signalling pathways during neuronal differentiation in two subtypes of the human neuroblastoma cell line SH-SY5Y	CC-BY	Yes	Yes	pmc_fulltext_xml/PMC2615028.xml	This is an Open Access article distributed under the terms of the Creative Commons Attribution License (http://creativecommons.org/licenses/by/2.0), which permits unrestricted use, distribution, and reproduction in any medium, provided the original work is properly cited.	"[""Nishida Y"", ""Adati N"", ""Ozawa R"", ""Maeda A"", ""Sakaki Y"", ""Takeda T.""]"	BACKGROUND. SH-SY5Y cells exhibit a neuronal phenotype when treated with all-trans retinoic acid (RA), but the molecular mechanism of activation in the signalling pathway mediated by phosphatidylinositol 3-kinase (PI3K) is unclear. To investigate this mechanism, we compared the gene expression profiles in SK-N-SH cells and two subtypes of SH-SY5Y cells (SH-SY5Y-A and SH-SY5Y-E), each of which show a different phenotype during RA-mediated differentiation. FINDINGS. SH-SY5Y-A cells differentiated in the presence of RA, whereas RA-treated SH-SY5Y-E cells required additional treatment with brain-derived neurotrophic factor (BDNF) for full differentiation. After exposing cells to a PI3K inhibitor, LY294002, we identified 386 genes and categorised these genes into two clusters dependent on the PI3K signalling pathway during RA-mediated differentiation in SH-SY5Y-A cells. Transcriptional regulation of the gene cluster, including 158 neural genes, was greatly reduced in SK-N-SH cells and partially impaired in SH-SY5Y-E cells, which is consistent with a defect in the neuronal phenotype of these cells. Additional stimulation with BDNF induced a set of neural genes that were down-regulated in RA-treated SH-SY5Y-E cells but were abundant in differentiated SH-SY5Y-A cells. CONCLUSION. We identified gene clusters controlled by PI3K- and TRKB-mediated signalling pathways during the differentiation of two subtypes of SH-SY5Y cells. The TRKB-mediated bypass pathway compensates for impaired neural function generated by defects in several signalling pathways, including PI3K in SH-SY5Y-E cells. Our expression profiling data will be useful for further elucidation of the signal transduction-transcriptional network involving PI3K or TRKB.	Nishida Y, Adati N, Ozawa R, Maeda A, Sakaki Y, Takeda T. Identification and classification of genes regulated by phosphatidylinositol 3-kinase- and TRKB-mediated signalling pathways during neuronal differentiation in two subtypes of the human neuroblastoma cell line SH-SY5Y <i>BMC Res Notes.</i> 2008-10-30. DOI:https://www.doi.org/10.1186/1756-0500-1-95 PMID:18957096
d47005fb-3a68-4cf6-9e5a-1f9a01caa2d2	https://www.doi.org/10.1186/1476-4598-7-50	PMID:18534018	PMC2442611	No	Molecular Cancer	2008-06-07	Effect of bortezomib on human neuroblastoma: analysis of molecular mechanisms involved in cytotoxicity	CC-BY	Yes	Yes	pmc_fulltext_xml/PMC2442611.xml	http://creativecommons.org/licenses/by/2.0	"[""Combaret V"", ""Boyault S"", ""Iacono I"", ""Brejon S"", ""Rousseau R"", ""Puisieux A.""]"	BACKGROUND. Bortezomib, a specific and selective inhibitor of the 26S proteasome with antitumor activity against a wide range of malignancies, has been approved for the treatment of relapsed or refractory multiple myeloma and other cancers. Recently, bortezomib has been identified as an effective inhibitor of neuroblastoma cell growth and angiogenesis. RESULTS. In the present study, we demonstrate that some neuroblastoma cell lines are actually resistant to bortezomib. We have sought to characterize the main pathway by which proteasome inhibition leads to apoptosis, and to define the mechanism responsible for resistance to bortezomib in neuroblastoma cells. Our results show that SB202190, an inhibitor of mitogen-activated protein kinase (MAPK) p38, enhances the ability of bortezomib to induce apoptosis by preventing the phosphorylation of the heat shock protein (HSP) 27. CONCLUSION. This study opens the way to further clinical investigations and suggests a potential benefit of using a combination of bortezomib with an inhibitor of p38 MAPK for the treatment of neuroblastoma relapse.	Combaret V, Boyault S, Iacono I, Brejon S, Rousseau R, Puisieux A. Effect of bortezomib on human neuroblastoma: analysis of molecular mechanisms involved in cytotoxicity <i>Molecular Cancer.</i> 2008-06-07. DOI:https://www.doi.org/10.1186/1476-4598-7-50 PMID:18534018
89ff4b7f-8f5d-4260-ade4-522b3afaf09d	https://www.doi.org/10.1038/sj.bjc.6603578	PMID:17406368	PMC2360140	No	British Journal of Cancer	2007-04-05	Poorly differentiated and anaplastic thyroid carcinomas: chromosomal and oligo-array profile of five new cell lines	CC-BY-4.0	Yes	Yes	pmc_fulltext_xml/PMC2360140.xml	This article is licensed under a Creative Commons Attribution 4.0 International License, which permits use, sharing, adaptation, distribution and reproduction in any medium or format, as long as you give appropriate credit to the original author(s) and the source, provide a link to the Creative Commons license, and indicate if changes were made.The images or other third party material in this article are included in the article’s Creative Commons license, unless indicated otherwise in a credit line to the material.If material is not included in the article’s Creative Commons license and your intended use is not permitted by statutory regulation or exceeds the permitted use, you will need to obtain permission directly from the copyright holder. To view a copy of this license, visit https://creativecommons.org/licenses/by/4.0/.	"[""Rodrigues RF"", ""Roque L"", ""Krug T"", ""Leite V.""]"	Information on gene alterations associated to poorly differentiated (PDTC) and anaplastic thyroid carcinomas (ATC) is scarce. Using human cancer cell lines as a tool for gene discovery, we performed a cytogenetic and oligo-array analysis in five new cell lines derived from two PDTC and three ATC. In PDTC we evidenced, as important, the involvement of the MAPK/ERK kinase pathway, and downregulation of a group of suppressor genes that include E-cadherin. In ATC, downregulation of a specific group of oncosuppressor genes was also observed. Our ATC cell lines presented chromosomal markers of gene amplification, and we were able to identify for the first time the nature of the involved amplicon target genes. We found that the main molecular differences between the two cell line types were related to signal transduction pathways, cell adhesion and motility process. TaqMan experiments performed for five amplicon target genes and for two genes, which allowed a clear distinction between ATC and PDTC: CDH13 and PLAU corroborated array results, not only in the cell lines, but also in an additional set of primary 14 PDTC and three ATC. We suggest that our findings may represent new tools for the development of more effective therapies to the hitherto untreatable ATC.	Rodrigues RF, Roque L, Krug T, Leite V. Poorly differentiated and anaplastic thyroid carcinomas: chromosomal and oligo-array profile of five new cell lines <i>British Journal of Cancer.</i> 2007-04-05. DOI:https://www.doi.org/10.1038/sj.bjc.6603578 PMID:17406368
cf9c9559-b8b3-41b5-8112-f6a8f15c93cd	https://www.doi.org/10.1186/1476-4598-5-29	PMID:16854228	PMC1550420	No	Molecular Cancer	2006-07-21	Identification by Real-time PCR of 13 mature microRNAs differentially expressed in colorectal cancer and non-tumoral tissues	CC-BY	Yes	Yes	pmc_fulltext_xml/PMC1550420.xml	http://creativecommons.org/licenses/by/2.0	"[""Bandrés E"", ""Cubedo E"", ""Agirre X"", ""Malumbres R"", ""Zárate R"", ""Ramirez N"", ""Abajo A"", ""Navarro A"", ""Moreno I"", ""Monzó M"", ""García-Foncillas J.""]"	MicroRNAs (miRNAs) are short non-coding RNA molecules playing regulatory roles by repressing translation or cleaving RNA transcripts. Although the number of verified human miRNA is still expanding, only few have been functionally described. However, emerging evidences suggest the potential involvement of altered regulation of miRNA in pathogenesis of cancers and these genes are thought to function as both tumours suppressor and oncogenes. In our study, we examined by Real-Time PCR the expression of 156 mature miRNA in colorectal cancer. The analysis by several bioinformatics algorithms of colorectal tumours and adjacent non-neoplastic tissues from patients and colorectal cancer cell lines allowed identifying a group of 13 miRNA whose expression is significantly altered in this tumor. The most significantly deregulated miRNA being miR-31, miR-96, miR-133b, miR-135b, miR-145, and miR-183. In addition, the expression level of miR-31 was correlated with the stage of CRC tumor. Our results suggest that miRNA expression profile could have relevance to the biological and clinical behavior of colorectal neoplasia.	Bandrés E, Cubedo E, Agirre X, Malumbres R, Zárate R, Ramirez N, Abajo A, Navarro A, Moreno I, Monzó M, García-Foncillas J. Identification by Real-time PCR of 13 mature microRNAs differentially expressed in colorectal cancer and non-tumoral tissues <i>Molecular Cancer.</i> 2006-07-21. DOI:https://www.doi.org/10.1186/1476-4598-5-29 PMID:16854228
fa5fb780-69ee-45ce-8001-b85633dc867b	https://www.doi.org/10.1186/1471-2407-6-177	PMID:16822308	PMC1533846	No	BMC Cancer	2006-07-11	Mutations in PIK3CA are infrequent in neuroblastoma	CC-BY	Yes	Yes	pmc_fulltext_xml/PMC1533846.xml	http://creativecommons.org/licenses/by/2.0	"[""Dam V"", ""Morgan BT"", ""Mazanek P"", ""Hogarty MD.""]"	"BACKGROUND. Neuroblastoma is a frequently lethal pediatric cancer in which MYCN genomic amplification is highly correlated with aggressive disease. Deregulated MYC genes require co-operative lesions to foster tumourigenesis and both direct and indirect evidence support activated Ras signaling for this purpose in many cancers. Yet Ras genes and Braf, while often activated in cancer cells, are infrequent targets for activation in neuroblastoma. Recently, the Ras effector PIK3CA was shown to be activated in diverse human cancers. We therefore assessed PIK3CA for mutation in human neuroblastomas, as well as in neuroblastomas arising in transgenic mice with MYCN overexpressed in neural-crest tissues. In this murine model we additionally surveyed for Ras family and Braf mutations as these have not been previously reported. METHODS. Sixty-nine human neuroblastomas (42 primary tumors and 27 cell lines) were sequenced for PIK3CA activating mutations within the C2, helical and kinase domain ""hot spots"" where 80% of mutations cluster. Constitutional DNA was sequenced in cases with confirmed alterations to assess for germline or somatic acquisition. Additionally, Ras family members (Hras1, Kras2 and Nras) and the downstream effectors Pik3ca and Braf, were sequenced from twenty-five neuroblastomas arising in neuroblastoma-prone transgenic mice. RESULTS. We identified mutations in the PIK3CA gene in 2 of 69 human neuroblastomas (2.9%). Neither mutation (R524M and E982D) has been studied to date for effects on lipid kinase activity. Though both occurred in tumors with MYCN amplification the overall rate of PIK3CA mutations in MYCN amplified and single-copy tumors did not differ appreciably (2 of 31 versus 0 of 38, respectively). Further, no activating mutations were identified in a survey of Ras signal transduction genes (including Hras1, Kras2, Nras, Pik3ca, or Braf genes) in twenty-five neuroblastic tumors arising in the MYCN-initiated transgenic mouse model. CONCLUSION. These data suggest that activating mutations in the Ras/Raf-MAPK/PI3K signaling cascades occur infrequently in neuroblastoma. Further, despite compelling evidence for MYC and RAS cooperation in vitro and in vivo to promote tumourigenesis, activation of RAS signal transduction does not constitute a preferred secondary pathway in neuroblastomas with MYCN deregulation in either human tumors or murine models."	Dam V, Morgan BT, Mazanek P, Hogarty MD. Mutations in PIK3CA are infrequent in neuroblastoma <i>BMC Cancer.</i> 2006-07-11. DOI:https://www.doi.org/10.1186/1471-2407-6-177 PMID:16822308
a6f38076-637e-438a-a447-2cff232f9109	https://www.doi.org/10.1186/1479-5876-3-11	PMID:15748285	PMC555742	No	Journal of Translational Medicine	2005-03-08	HLA class I and II genotype of the NCI-60 cell lines	CC-BY	Yes	Yes	pmc_fulltext_xml/PMC555742.xml	http://creativecommons.org/licenses/by/2.0	"[""Adams S"", ""Robbins FM"", ""Chen D"", ""Wagage D"", ""Holbeck SL"", ""Morse HC 3rd"", ""Stroncek D"", ""Marincola FM.""]"	Sixty cancer cell lines have been extensively characterized and used by the National Cancer Institute's Developmental Therapeutics Program (NCI-60) since the early 90's as screening tools for anti-cancer drug development. An extensive database has been accumulated that could be used to select individual cells lines for specific experimental designs based on their global genetic and biological profile. However, information on the human leukocyte antigen (HLA) genotype of these cell lines is scant and mostly antiquated since it was derived from serological typing. We, therefore, re-typed the NCI-60 panel of cell lines by high-resolution sequence-based typing. This information may be used to: 1) identify and verify the identity of the same cell lines at various institutions; 2) check for possible contaminant cell lines in culture; 3) adopt individual cell lines for experiments in which knowledge of HLA molecule expression is relevant. Since genome-based typing does not guarantee actual surface protein expression, further characterization of relevant cell lines should be entertained to verify surface expression in experiments requiring correct antigen presentation.	Adams S, Robbins FM, Chen D, Wagage D, Holbeck SL, Morse HC 3rd, Stroncek D, Marincola FM. HLA class I and II genotype of the NCI-60 cell lines <i>Journal of Translational Medicine.</i> 2005-03-08. DOI:https://www.doi.org/10.1186/1479-5876-3-11 PMID:15748285
6a478c26-09d2-4ff3-b158-cd845ab9a2e5	https://www.doi.org/10.1038/sj.bjc.6600459	PMID:12107847	PMC2376111	No	British Journal of Cancer	2002-07-11	Antisense inhibition of methylenetetrahydrofolate reductase reduces survival of methionine-dependent tumour lines	CC-BY-4.0	Yes	Yes	pmc_fulltext_xml/PMC2376111.xml	This article is licensed under a Creative Commons Attribution 4.0 International License, which permits use, sharing, adaptation, distribution and reproduction in any medium or format, as long as you give appropriate credit to the original author(s) and the source, provide a link to the Creative Commons license, and indicate if changes were made.The images or other third party material in this article are included in the article’s Creative Commons license, unless indicated otherwise in a credit line to the material.If material is not included in the article’s Creative Commons license and your intended use is not permitted by statutory regulation or exceeds the permitted use, you will need to obtain permission directly from the copyright holder. To view a copy of this license, visit https://creativecommons.org/licenses/by/4.0/.	"[""Sekhon J"", ""Pereira P"", ""Sabbaghian N"", ""Schievella AR"", ""Rozen R.""]"	Transformed cells have been documented to be methionine-dependent, suggesting that inhibition of methionine synthesis might be useful for cancer therapy. Methylenetetrahydrofolate reductase synthesises 5-methyltetrahydrofolate, the methyl donor utilised in methionine synthesis from homocysteine by vitamin B(12)-dependent methionine synthase. We hypothesised that methylenetetrahydrofolate reductase inhibition would affect cell viability through decreased methionine synthesis. Using medium lacking methionine, but containing homocysteine and vitamin B(12) (M-H+), we found that nontransformed human fibroblasts could maintain growth. In contrast, four transformed cell lines (one colon carcinoma, two neuroblastoma and one breast carcinoma) increased proliferation only slightly in the M-H+ medium. To downregulate methylenetetrahydrofolate reductase expression, two phosphorothioate antisense oligonucleotides, EX5 and 677T, were used to target methylenetetrahydrofolate reductase in the colon carcinoma line SW620; 400 nM of each antisense oligonucleotide decreased cell survival by approximately 80% (P<0.01) and 70% (P<0.0001), respectively, compared to cell survival after the respective control mismatched oligonucleotide. Western blotting and enzyme assays confirmed that methylenetetrahydrofolate reductase expression was decreased. Two neuroblastoma and two breast carcinoma lines also demonstrated decreased survival following EX5 treatment whereas nontransformed human fibroblasts were not affected. This study suggests that methylenetetrahydrofolate reductase may be required for tumour cell survival and that methylenetetrahydrofolate reductase inhibition should be considered for anti-tumour therapy.	Sekhon J, Pereira P, Sabbaghian N, Schievella AR, Rozen R. Antisense inhibition of methylenetetrahydrofolate reductase reduces survival of methionine-dependent tumour lines <i>British Journal of Cancer.</i> 2002-07-11. DOI:https://www.doi.org/10.1038/sj.bjc.6600459 PMID:12107847
c6819628-552f-493d-8b29-b18f80563095	https://www.doi.org/10.1038/bjc.1998.361	PMID:9649128	PMC2150402	No	British Journal of Cancer	1998-07-02	Paracrine effects of hepatocyte growth factor/scatter factor on non-small-cell lung carcinoma cell lines	CC-BY-4.0	Yes	Yes	pmc_fulltext_xml/PMC2150402.xml	This article is licensed under a Creative Commons Attribution 4.0 International License, which permits use, sharing, adaptation, distribution and reproduction in any medium or format, as long as you give appropriate credit to the original author(s) and the source, provide a link to the Creative Commons license, and indicate if changes were made. The images or other third party material in this article are included in the article’s Creative Commons license, unless indicated otherwise in a credit line to the material. If material is not included in the article’s Creative Commons license and your intended use is not permitted by statutory regulation or exceeds the permitted use, you will need to obtain permission directly from the copyright holder. To view a copy of this license, visit https://creativecommons.org/licenses/by/4.0/.	"[""Yi S"", ""Chen JR"", ""Viallet J"", ""Schwall RH"", ""Nakamura T"", ""Tsao MS.""]"	We have studied the mitogenic, motogenic and morphogenic effects of hepatocyte growth factor (HGF), also known as scatter factor (SF), on 15 non-small-cell lung carcinoma (NSCLC) cell lines that have had their ras genotype determined. HGF/SF stimulated proliferation in only three cell lines and exerted no mitogenic activity on six lines. The growth of the remaining six lines was inhibited. The mitogenic effects were not related to the ras genotype of these cell lines, but the inhibitory effect was more commonly observed in cell lines with relatively high levels of Met/HGF receptor (HGFR) expression. HGF/SF induced or enhanced both scatter activity on monolayer culture and single-cell invasion in collagen gels in approximately half of these cell lines. Although the ras genotype of tumour cells did not influence the HGF/SF-induced motogenic activity, cell lines with the mutant ras genotype more commonly demonstrated a spontaneous motogenic activity than those with the wild-type ras genotype. When tumour cells were grown in collagen gels, HGF/SF induced irregular branching extensions of cell aggregates formed by five out of eight adenocarcinoma cell lines, but significant lumen morphogenesis was distinctly absent. The presence of autocrine HGF/SF loop in these tumour cell lines did not influence their spontaneous or HGF/SF-induced mitogenic, motogenic or morphogenic activities. Overall, our data suggest that stimulation of cell motility, rather than proliferation or differentiation, is the predominant paracrine effect of HGF/SF on NSCLC cells in vitro.	Yi S, Chen JR, Viallet J, Schwall RH, Nakamura T, Tsao MS. Paracrine effects of hepatocyte growth factor/scatter factor on non-small-cell lung carcinoma cell lines <i>British Journal of Cancer.</i> 1998-07-02. DOI:https://www.doi.org/10.1038/bjc.1998.361 PMID:9649128
0d4928a7-323e-47f7-a2e9-38a50553080e	https://www.doi.org/10.1038/bjc.1997.456	PMID:9310240	PMC2228040	No	British Journal of Cancer	1997-10-20	Reduced expression of neurofibromin in human meningiomas	CC-BY-4.0	Yes	Yes	pmc_fulltext_xml/PMC2228040.xml	This article is licensed under a Creative Commons Attribution 4.0 International License, which permits use, sharing, adaptation, distribution and reproduction in any medium or format, as long as you give appropriate credit to the original author(s) and the source, provide a link to the Creative Commons license, and indicate if changes were made. The images or other third party material in this article are included in the article’s Creative Commons license, unless indicated otherwise in a credit line to the material. If material is not included in the article’s Creative Commons license and your intended use is not permitted by statutory regulation or exceeds the permitted use, you will need to obtain permission directly from the copyright holder. To view a copy of this license, visit https://creativecommons.org/licenses/by/4.0/.	"[""V Sundaram"", ""J H Lee"", ""J A Harwalkar"", ""D J Stein"", ""M Roudebush"", ""D W Stacey"", ""M Golubic""]"	Meningiomas are common, mostly benign, tumours arising from leptomeningeal cells of the meninges, which frequently contain mutations in the neurofibromatosis type 2 (NF2) gene. In this study, we analysed a protein product of the neurofibromatosis type 1 (NF1) gene, neurofibromin, in human established leptomeningeal cells LTAg2B, in 17 sporadic meningiomas and in a meningioma from a patient affected by NF2. The expression level of neurofibromin was determined by immunoblotting and immunoprecipitation with anti-neurofibromin antibodies. The functional status of neurofibromin was analysed through its ability to stimulate the intrinsic GTPase activity of p21 ras. In the cytosolic extracts of four sporadic meningiomas and in the NF2-related meningioma, the expression level and the GTPase stimulatory activity of neurofibromin were drastically reduced compared with the level present in the human brain, human established leptomeningeal cells LTAg2B and the remaining 13 meningiomas. Our results suggest that neurofibromin is expressed in leptomeningeal cells LTAg2B and in most meningiomas, i.e. tumours derived from these cells. The reduced expression and GTPase stimulatory activity of neurofibromin was found in about 23% of meningiomas and in the single NF2-related meningioma analysed. These results suggest that decreased levels of neurofibromin in these tumours may contribute to their tumorigenesis.	V Sundaram, J H Lee, J A Harwalkar, D J Stein, M Roudebush, D W Stacey, M Golubic. Reduced expression of neurofibromin in human meningiomas. <i>British Journal of Cancer.</i> 1997-10-20. DOI:https://www.doi.org/10.1038/bjc.1997.456 PMID:9310240
a2c4e185-05b8-4b84-ae20-f9ef632720b4	https://www.doi.org/10.1038/bjc.1994.24	PMID:8286197	PMC1968784	No	British Journal of Cancer	1994-01-01	Human ductal adenocarcinomas of the pancreas express extracellular matrix proteins	CC-BY-4.0	Yes	Yes	pmc_fulltext_xml/PMC1968784.xml	This article is licensed under a Creative Commons Attribution 4.0 International License, which permits use, sharing, adaptation, distribution and reproduction in any medium or format, as long as you give appropriate credit to the original author(s) and the source, provide a link to the Creative Commons license, and indicate if changes were made. The images or other third party material in this article are included in the article’s Creative Commons license, unless indicated otherwise in a credit line to the material. If material is not included in the article’s Creative Commons license and your intended use is not permitted by statutory regulation or exceeds the permitted use, you will need to obtain permission directly from the copyright holder. To view a copy of this license, visit https://creativecommons.org/licenses/by/4.0/.	"[""Löhr M"", ""Trautmann B"", ""Göttler M"", ""Peters S"", ""Zauner I"", ""Maillet B"", ""Klöppel G.""]"	Pancreatic ductal adenocarcinomas are characterised by a dense connective tissue reaction. To test the hypothesis that stroma components are synthesised and produced by the tumour cells themselves, eight cell lines as well as six xenografted tumours from human ductal adenocarcinomas of the pancreas were examined for the expression of extracellular matrix proteins (ECM), using cDNA probes and antibodies to collagen types I, III and IV, vitronectin, fibronectin, undulin and laminin. All tumour cell lines (CAPAN-1, CAPAN-2, AsPC-1, BxPC-3, PANC-1, PaCa-2, PaCa-3, PaCa-44) and xenografted human pancreatic tumours expressed at least one of the examined ECM at the RNA (collagen type IV > laminin = fibronectin = vitronectin > collagen type III > undulin > collagen type I) or protein level (collagen type IV = collagen type III > vitronectin > laminin > collagen type I = fibronectin > undulin). In nude mouse tumours expression of laminin and collagen I was most pronounced in well-differentiated carcinomas. In a few tumours, collagen type III, vitronectin and undulin were expressed on the luminal side of the neoplastic glands, suggesting loss of normal polar differentiation. Incubation with fetal calf serum modulated ECM RNA levels to a varying extent in all but one cell line (AsPC-1). The results suggest that human pancreatic ductal adenocarcinomas cells are capable of synthesising and producing extracellular matrix proteins in vitro and in vivo, but that the extent and pattern of ECM expression differs between the various tumours and conditions tested.	Löhr M, Trautmann B, Göttler M, Peters S, Zauner I, Maillet B, Klöppel G. Human ductal adenocarcinomas of the pancreas express extracellular matrix proteins <i>British Journal of Cancer.</i> 1994-01-01. DOI:https://www.doi.org/10.1038/bjc.1994.24 PMID:8286197
6bfd659a-1a59-4d4d-9dc8-a3e4e92f1975	https://www.doi.org/10.1038/bjc.1991.467	PMID:1764370	PMC1977874	No	British Journal of Cancer	1991-12-01	Abnormalities of the p53 tumour suppressor gene in human pancreatic cancer	CC-BY-4.0	Yes	Yes	pmc_fulltext_xml/PMC1977874.xml	This article is licensed under a Creative Commons Attribution 4.0 International License, which permits use, sharing, adaptation, distribution and reproduction in any medium or format, as long as you give appropriate credit to the original author(s) and the source, provide a link to the Creative Commons license, and indicate if changes were made. The images or other third party material in this article are included in the article’s Creative Commons license, unless indicated otherwise in a credit line to the material. If material is not included in the article’s Creative Commons license and your intended use is not permitted by statutory regulation or exceeds the permitted use, you will need to obtain permission directly from the copyright holder. To view a copy of this license, visit https://creativecommons.org/licenses/by/4.0/.	"[""Barton CM"", ""Staddon SL"", ""Hughes CM"", ""Hall PA"", ""O'Sullivan C"", ""Klöppel G"", ""Theis B"", ""Russell RC"", ""Neoptolemos J"", ""Williamson RC"", ""et al.""]"	The tumour suppressor gene p53 has been found to be mutated or inactivated at high frequency in several common human tumours. We have examined a series of exocrine pancreatic carcinomas for over-expression of mutant forms of p53 by immunohistochemistry with a panel of specific antibodies. We found immunodetectable p53 in 13 of 22 (60%) frozen pancreatic cancers and seven of 13 pancreatic cell lines. One of the antibodies, CM1, recognises p53 in formalin-fixed, paraffin-embedded archival material and using this reagent we found immunodetectable p53 in 28 of 124 (23%) pancreatic cancers. We have successfully demonstrated the presence of point mutations by direct sequencing of genomic DNA extracted from archival tissue showing CM1 immunoreactivity. We conclude that p53 activation is an important event in human pancreatic tumorigenesis and that the CM1 antibody can detect a proportion of cases of overexpression of mutant p53 in archival pathological material.	Barton CM, Staddon SL, Hughes CM, Hall PA, O'Sullivan C, Klöppel G, Theis B, Russell RC, Neoptolemos J, Williamson RC. Abnormalities of the p53 tumour suppressor gene in human pancreatic cancer <i>British Journal of Cancer.</i> 1991-12-01. DOI:https://www.doi.org/10.1038/bjc.1991.467 PMID:1764370
8ad82e76-6f87-4390-86ec-cceb02af4791	https://www.doi.org/10.1038/bjc.1985.220	PMID:2998422	PMC1977239	No	British Journal of Cancer	1985-10-01	Establishment and characterisation of cell lines from patients with lung cancer (predominantly small cell carcinoma)	CC-BY-4.0	Yes	Yes	pmc_fulltext_xml/PMC1977239.xml	This article is licensed under a Creative Commons Attribution 4.0 International License, which permits use, sharing, adaptation, distribution and reproduction in any medium or format, as long as you give appropriate credit to the original author(s) and the source, provide a link to the Creative Commons license, and indicate if changes were made. The images or other third party material in this article are included in the article’s Creative Commons license, unless indicated otherwise in a credit line to the material. If material is not included in the article’s Creative Commons license and your intended use is not permitted by statutory regulation or exceeds the permitted use, you will need to obtain permission directly from the copyright holder. To view a copy of this license, visit https://creativecommons.org/licenses/by/4.0/.	"[""Baillie-Johnson H"", ""Twentyman PR"", ""Fox NE"", ""Walls GA"", ""Workman P"", ""Watson JV"", ""Johnson N"", ""Reeve JG"", ""Bleehen NM.""]"	Tissue samples from 59 patients with lung cancer have been used to establish cell lines in culture. The primary diagnosis was small cell carcinoma in all except four. Most of the samples were of bone marrow but pleural effusions, lymph node biopsies and skin metastases were also included. The samples were usually split between HITES serum-free medium and HITES plus 2.5% foetal calf serum. A total of 19 cell lines were established and characterised. One line is large cell anaplastic lung carcinoma, four are B-lymphoblastoid and fourteen are small cell lung cancer. Considerable heterogeneity in gross morphology, neuroendocrine differentiation (by electron microscopy) and content of the enzyme L-dopa decarboxylase was seen. The use of HITES plus 2.5% foetal calf serum resulted in better establishment of cultures than did serum-free HITES.	Baillie-Johnson H, Twentyman PR, Fox NE, Walls GA, Workman P, Watson JV, Johnson N, Reeve JG, Bleehen NM. Establishment and characterisation of cell lines from patients with lung cancer (predominantly small cell carcinoma) <i>British Journal of Cancer.</i> 1985-10-01. DOI:https://www.doi.org/10.1038/bjc.1985.220 PMID:2998422
ebb78f97-b70b-4393-a218-45e18b9a9ac4	https://www.doi.org/10.1084/jem.156.6.1755	PMID:7175440	PMC2186870	No	Journal of Experimental Medicine	1982-12-01	Surface antigens of melanocytes and melanomas. Markers of melanocyte differentiation and melanoma subsets	CC-BY-NC-SA	Yes	Yes	pmc_fulltext_xml/PMC2186870.xml	This article is distributed under the terms of an Attribution–Noncommercial–Share Alike–No Mirror Sites license for the first six months after the publication date (see http://www.rupress.org/terms). After six months it is available under a Creative Commons License (Attribution–Noncommercial–Share Alike 4.0 Unported license, as described at http://creativecommons.org/licenses/by-nc-sa/4.0/).	"[""Houghton AN"", ""Eisinger M"", ""Albino AP"", ""Cairncross JG"", ""Old LJ.""]"	The surface antigens of melanocytes from newborn and adult skin have been analyzed with monoclonal antibodies detecting cell surface antigens of malignant melanoma. Antigenic markers that distinguish early, intermediate, and mature stages in melanocyte differentiation have been defined. The characteristics of the normal melanocyte precursor have been inferred from the features of melanomas that express early markers of melanocyte differentiation. A rudimentary surface antigen map of cells undergoing melanocyte differentiation and a new classification of melanomas based on the expression of melanocyte differentiation antigens are proposed.	Houghton AN, Eisinger M, Albino AP, Cairncross JG, Old LJ. Surface antigens of melanocytes and melanomas. Markers of melanocyte differentiation and melanoma subsets <i>Journal of Experimental Medicine.</i> 1982-12-01. DOI:https://www.doi.org/10.1084/jem.156.6.1755 PMID:7175440
